来源路径(utf相对),字节,目标位置(openuft相对),箱,判定依据,动作
01-核心公理\32维超复数运算规则.md,2882,01_独立体系\S15_空间光速螺旋曲率挠率几何统一场论\01_文献来源\来源_01核心公理\32维超复数运算规则.md,A,已判定成立（第44/51章或正确核22条）,已复制
01-核心公理\公理定义.md,5521,01_独立体系\S15_空间光速螺旋曲率挠率几何统一场论\01_文献来源\来源_01核心公理\公理定义.md,A,已判定成立（第44/51章或正确核22条）,已复制
"01-核心公理\几何本源参数(κ,τ)定义.md",2595,"01_独立体系\S15_空间光速螺旋曲率挠率几何统一场论\01_文献来源\来源_01核心公理\几何本源参数(κ,τ)定义.md",A,已判定成立（第44/51章或正确核22条）,已复制
17-空间光速螺旋引力理论\G引力常数_几何化探索.py,13314,01_独立体系\S15_空间光速螺旋曲率挠率几何统一场论\07_计算复现\源码\空间光速螺旋\G引力常数_几何化探索.py,A,已判定成立（第44/51章或正确核22条）,已复制
17-空间光速螺旋引力理论\V3.2_vs_修正版对比验证.py,7344,01_独立体系\S15_空间光速螺旋曲率挠率几何统一场论\07_计算复现\源码\空间光速螺旋\V3.2_vs_修正版对比验证.py,A,已判定成立（第44/51章或正确核22条）,已复制
17-空间光速螺旋引力理论\V3X物理正确性全维验证.py,22002,01_独立体系\S15_空间光速螺旋曲率挠率几何统一场论\07_计算复现\源码\空间光速螺旋\V3X物理正确性全维验证.py,A,已判定成立（第44/51章或正确核22条）,已复制
17-空间光速螺旋引力理论\ZUFT_V10_3_薛定谔方程_波函数尺度.py,20129,01_独立体系\S15_空间光速螺旋曲率挠率几何统一场论\07_计算复现\源码\空间光速螺旋\ZUFT_V10_3_薛定谔方程_波函数尺度.py,A,已判定成立（第44/51章或正确核22条）,已复制
17-空间光速螺旋引力理论\ZUFT_V10_4_终极诚实报告.py,24165,01_独立体系\S15_空间光速螺旋曲率挠率几何统一场论\07_计算复现\源码\空间光速螺旋\ZUFT_V10_4_终极诚实报告.py,A,已判定成立（第44/51章或正确核22条）,已复制
17-空间光速螺旋引力理论\ZUFT_V10_诚实修正版_独立交叉验证.py,24263,01_独立体系\S15_空间光速螺旋曲率挠率几何统一场论\07_计算复现\源码\空间光速螺旋\ZUFT_V10_诚实修正版_独立交叉验证.py,A,已判定成立（第44/51章或正确核22条）,已复制
17-空间光速螺旋引力理论\ZUFT_V11_1_核心结果总结.py,11284,01_独立体系\S15_空间光速螺旋曲率挠率几何统一场论\07_计算复现\源码\空间光速螺旋\ZUFT_V11_1_核心结果总结.py,A,已判定成立（第44/51章或正确核22条）,已复制
17-空间光速螺旋引力理论\ZUFT_V11_sinc恒等式与真实形状因子.py,21616,01_独立体系\S15_空间光速螺旋曲率挠率几何统一场论\07_计算复现\源码\空间光速螺旋\ZUFT_V11_sinc恒等式与真实形状因子.py,A,已判定成立（第44/51章或正确核22条）,已复制
17-空间光速螺旋引力理论\ZUFT_V12_诚实统一覆盖矩阵.py,20498,01_独立体系\S15_空间光速螺旋曲率挠率几何统一场论\07_计算复现\源码\空间光速螺旋\ZUFT_V12_诚实统一覆盖矩阵.py,A,已判定成立（第44/51章或正确核22条）,已复制
17-空间光速螺旋引力理论\ZUFT_V13_1_简化版.py,9126,01_独立体系\S15_空间光速螺旋曲率挠率几何统一场论\07_计算复现\源码\空间光速螺旋\ZUFT_V13_1_简化版.py,A,已判定成立（第44/51章或正确核22条）,已复制
17-空间光速螺旋引力理论\ZUFT_V13_2_精算版.py,14912,01_独立体系\S15_空间光速螺旋曲率挠率几何统一场论\07_计算复现\源码\空间光速螺旋\ZUFT_V13_2_精算版.py,A,已判定成立（第44/51章或正确核22条）,已复制
17-空间光速螺旋引力理论\ZUFT_V13_第一性原理推导地图.py,24259,01_独立体系\S15_空间光速螺旋曲率挠率几何统一场论\07_计算复现\源码\空间光速螺旋\ZUFT_V13_第一性原理推导地图.py,A,已判定成立（第44/51章或正确核22条）,已复制
17-空间光速螺旋引力理论\ZUFT_V14_全维归一化与四力统一.py,20179,01_独立体系\S15_空间光速螺旋曲率挠率几何统一场论\07_计算复现\源码\空间光速螺旋\ZUFT_V14_全维归一化与四力统一.py,A,已判定成立（第44/51章或正确核22条）,已复制
17-空间光速螺旋引力理论\ZUFT_V15_全维归一化与四力统一_严格验证.py,22030,01_独立体系\S15_空间光速螺旋曲率挠率几何统一场论\07_计算复现\源码\空间光速螺旋\ZUFT_V15_全维归一化与四力统一_严格验证.py,A,已判定成立（第44/51章或正确核22条）,已复制
17-空间光速螺旋引力理论\ZUFT_V16_关键预言_α_MZ_LEP对比.py,14048,01_独立体系\S15_空间光速螺旋曲率挠率几何统一场论\07_计算复现\源码\空间光速螺旋\ZUFT_V16_关键预言_α_MZ_LEP对比.py,A,已判定成立（第44/51章或正确核22条）,已复制
17-空间光速螺旋引力理论\ZUFT_V17_β函数物理含义重新评估.py,13887,01_独立体系\S15_空间光速螺旋曲率挠率几何统一场论\07_计算复现\源码\空间光速螺旋\ZUFT_V17_β函数物理含义重新评估.py,A,已判定成立（第44/51章或正确核22条）,已复制
17-空间光速螺旋引力理论\ZUFT_V4_精算β函数与g2突破.py,17024,01_独立体系\S15_空间光速螺旋曲率挠率几何统一场论\07_计算复现\源码\空间光速螺旋\ZUFT_V4_精算β函数与g2突破.py,A,已判定成立（第44/51章或正确核22条）,已复制
17-空间光速螺旋引力理论\ZUFT_V5_LEP检验与形状因子.py,13198,01_独立体系\S15_空间光速螺旋曲率挠率几何统一场论\07_计算复现\源码\空间光速螺旋\ZUFT_V5_LEP检验与形状因子.py,A,已判定成立（第44/51章或正确核22条）,已复制
17-空间光速螺旋引力理论\ZUFT_V6_时空螺旋与一致性突破.py,15084,01_独立体系\S15_空间光速螺旋曲率挠率几何统一场论\07_计算复现\源码\空间光速螺旋\ZUFT_V6_时空螺旋与一致性突破.py,A,已判定成立（第44/51章或正确核22条）,已复制
17-空间光速螺旋引力理论\ZUFT_V7_时空螺旋β函数第一性原理推导.py,26107,01_独立体系\S15_空间光速螺旋曲率挠率几何统一场论\07_计算复现\源码\空间光速螺旋\ZUFT_V7_时空螺旋β函数第一性原理推导.py,A,已判定成立（第44/51章或正确核22条）,已复制
17-空间光速螺旋引力理论\ZUFT_V8_解析推导与物理预言.py,21782,01_独立体系\S15_空间光速螺旋曲率挠率几何统一场论\07_计算复现\源码\空间光速螺旋\ZUFT_V8_解析推导与物理预言.py,A,已判定成立（第44/51章或正确核22条）,已复制
17-空间光速螺旋引力理论\ZUFT_V9_1_Dirac方程与传播子修正.py,13002,01_独立体系\S15_空间光速螺旋曲率挠率几何统一场论\07_计算复现\源码\空间光速螺旋\ZUFT_V9_1_Dirac方程与传播子修正.py,A,已判定成立（第44/51章或正确核22条）,已复制
17-空间光速螺旋引力理论\ZUFT_V9_2_旗舰报告_最终版.py,17556,01_独立体系\S15_空间光速螺旋曲率挠率几何统一场论\07_计算复现\源码\空间光速螺旋\ZUFT_V9_2_旗舰报告_最终版.py,A,已判定成立（第44/51章或正确核22条）,已复制
17-空间光速螺旋引力理论\ZUFT_V9_终极总结报告.py,17504,01_独立体系\S15_空间光速螺旋曲率挠率几何统一场论\07_计算复现\源码\空间光速螺旋\ZUFT_V9_终极总结报告.py,A,已判定成立（第44/51章或正确核22条）,已复制
17-空间光速螺旋引力理论\ZUFT知识状态分类报告.py,22747,01_独立体系\S15_空间光速螺旋曲率挠率几何统一场论\07_计算复现\源码\空间光速螺旋\ZUFT知识状态分类报告.py,A,已判定成立（第44/51章或正确核22条）,已复制
17-空间光速螺旋引力理论\ZUFT终极总结_频率空间螺旋.py,11905,01_独立体系\S15_空间光速螺旋曲率挠率几何统一场论\07_计算复现\源码\空间光速螺旋\ZUFT终极总结_频率空间螺旋.py,A,已判定成立（第44/51章或正确核22条）,已复制
17-空间光速螺旋引力理论\ZUFT终极诚实版_V1.py,8044,01_独立体系\S15_空间光速螺旋曲率挠率几何统一场论\07_计算复现\源码\空间光速螺旋\ZUFT终极诚实版_V1.py,A,已判定成立（第44/51章或正确核22条）,已复制
17-空间光速螺旋引力理论\ZUFT终极诚实版_V2_快速.py,6019,01_独立体系\S15_空间光速螺旋曲率挠率几何统一场论\07_计算复现\源码\空间光速螺旋\ZUFT终极诚实版_V2_快速.py,A,已判定成立（第44/51章或正确核22条）,已复制
17-空间光速螺旋引力理论\ZUFT重大突破_β函数与Maxwell.py,11974,01_独立体系\S15_空间光速螺旋曲率挠率几何统一场论\07_计算复现\源码\空间光速螺旋\ZUFT重大突破_β函数与Maxwell.py,A,已判定成立（第44/51章或正确核22条）,已复制
17-空间光速螺旋引力理论\beta函数精确圈积分计算.py,14729,01_独立体系\S15_空间光速螺旋曲率挠率几何统一场论\07_计算复现\源码\空间光速螺旋\beta函数精确圈积分计算.py,A,已判定成立（第44/51章或正确核22条）,已复制
17-空间光速螺旋引力理论\beta函数精确计算_角度平均修正版.py,16032,01_独立体系\S15_空间光速螺旋曲率挠率几何统一场论\07_计算复现\源码\空间光速螺旋\beta函数精确计算_角度平均修正版.py,A,已判定成立（第44/51章或正确核22条）,已复制
17-空间光速螺旋引力理论\beta函数精确计算与电磁力推导.py,17459,01_独立体系\S15_空间光速螺旋曲率挠率几何统一场论\07_计算复现\源码\空间光速螺旋\beta函数精确计算与电磁力推导.py,A,已判定成立（第44/51章或正确核22条）,已复制
17-空间光速螺旋引力理论\breakthrough_verification.py,11867,01_独立体系\S15_空间光速螺旋曲率挠率几何统一场论\07_计算复现\源码\空间光速螺旋\breakthrough_verification.py,A,已判定成立（第44/51章或正确核22条）,已复制
17-空间光速螺旋引力理论\deep_research.py,11645,01_独立体系\S15_空间光速螺旋曲率挠率几何统一场论\07_计算复现\源码\空间光速螺旋\deep_research.py,A,已判定成立（第44/51章或正确核22条）,已复制
17-空间光速螺旋引力理论\final_prediction.py,8893,01_独立体系\S15_空间光速螺旋曲率挠率几何统一场论\07_计算复现\源码\空间光速螺旋\final_prediction.py,A,已判定成立（第44/51章或正确核22条）,已复制
17-空间光速螺旋引力理论\full_verification.py,14284,01_独立体系\S15_空间光速螺旋曲率挠率几何统一场论\07_计算复现\源码\空间光速螺旋\full_verification.py,A,已判定成立（第44/51章或正确核22条）,已复制
17-空间光速螺旋引力理论\g2_真推导_电子EDM预测.py,20354,01_独立体系\S15_空间光速螺旋曲率挠率几何统一场论\07_计算复现\源码\空间光速螺旋\g2_真推导_电子EDM预测.py,A,已判定成立（第44/51章或正确核22条）,已复制
17-空间光速螺旋引力理论\generate_report.py,32579,01_独立体系\S15_空间光速螺旋曲率挠率几何统一场论\07_计算复现\源码\空间光速螺旋\generate_report.py,A,已判定成立（第44/51章或正确核22条）,已复制
17-空间光速螺旋引力理论\optimized_prediction.py,9042,01_独立体系\S15_空间光速螺旋曲率挠率几何统一场论\07_计算复现\源码\空间光速螺旋\optimized_prediction.py,A,已判定成立（第44/51章或正确核22条）,已复制
17-空间光速螺旋引力理论\precision_verification.py,20079,01_独立体系\S15_空间光速螺旋曲率挠率几何统一场论\07_计算复现\源码\空间光速螺旋\precision_verification.py,A,已判定成立（第44/51章或正确核22条）,已复制
17-空间光速螺旋引力理论\ultimate_breakthrough.py,16990,01_独立体系\S15_空间光速螺旋曲率挠率几何统一场论\07_计算复现\源码\空间光速螺旋\ultimate_breakthrough.py,A,已判定成立（第44/51章或正确核22条）,已复制
17-空间光速螺旋引力理论\v10_prediction_breakthrough.py,30671,01_独立体系\S15_空间光速螺旋曲率挠率几何统一场论\07_计算复现\源码\空间光速螺旋\v10_prediction_breakthrough.py,A,已判定成立（第44/51章或正确核22条）,已复制
17-空间光速螺旋引力理论\v11_pmns_sum_rules.py,13634,01_独立体系\S15_空间光速螺旋曲率挠率几何统一场论\07_计算复现\源码\空间光速螺旋\v11_pmns_sum_rules.py,A,已判定成立（第44/51章或正确核22条）,已复制
17-空间光速螺旋引力理论\v9_zuft_unified_ultimate.py,29527,01_独立体系\S15_空间光速螺旋曲率挠率几何统一场论\07_计算复现\源码\空间光速螺旋\v9_zuft_unified_ultimate.py,A,已判定成立（第44/51章或正确核22条）,已复制
17-空间光速螺旋引力理论\verify_4_forces.py,4904,01_独立体系\S15_空间光速螺旋曲率挠率几何统一场论\07_计算复现\源码\空间光速螺旋\verify_4_forces.py,A,已判定成立（第44/51章或正确核22条）,已复制
17-空间光速螺旋引力理论\α幂律枚举与多粒子验证.py,16015,01_独立体系\S15_空间光速螺旋曲率挠率几何统一场论\07_计算复现\源码\空间光速螺旋\α幂律枚举与多粒子验证.py,A,已判定成立（第44/51章或正确核22条）,已复制
17-空间光速螺旋引力理论\α起源探索_诚实分析.py,10382,01_独立体系\S15_空间光速螺旋曲率挠率几何统一场论\07_计算复现\源码\空间光速螺旋\α起源探索_诚实分析.py,A,已判定成立（第44/51章或正确核22条）,已复制
17-空间光速螺旋引力理论\β函数_频率依赖_EDM精确推导.py,13520,01_独立体系\S15_空间光速螺旋曲率挠率几何统一场论\07_计算复现\源码\空间光速螺旋\β函数_频率依赖_EDM精确推导.py,A,已判定成立（第44/51章或正确核22条）,已复制
17-空间光速螺旋引力理论\全维审核验证脚本.py,10030,01_独立体系\S15_空间光速螺旋曲率挠率几何统一场论\07_计算复现\源码\空间光速螺旋\全维审核验证脚本.py,A,已判定成立（第44/51章或正确核22条）,已复制
17-空间光速螺旋引力理论\全维求导证明_从公理微分推导.py,8902,01_独立体系\S15_空间光速螺旋曲率挠率几何统一场论\07_计算复现\源码\空间光速螺旋\全维求导证明_从公理微分推导.py,A,已判定成立（第44/51章或正确核22条）,已复制
17-空间光速螺旋引力理论\全维规律谱系_统一精算验证.py,7225,01_独立体系\S15_空间光速螺旋曲率挠率几何统一场论\07_计算复现\源码\空间光速螺旋\全维规律谱系_统一精算验证.py,A,已判定成立（第44/51章或正确核22条）,已复制
17-空间光速螺旋引力理论\公式推导错误检测.py,10629,01_独立体系\S15_空间光速螺旋曲率挠率几何统一场论\07_计算复现\源码\空间光速螺旋\公式推导错误检测.py,A,已判定成立（第44/51章或正确核22条）,已复制
17-空间光速螺旋引力理论\几何量子化_修正谱预言_诚实评估.py,10484,01_独立体系\S15_空间光速螺旋曲率挠率几何统一场论\07_计算复现\源码\空间光速螺旋\几何量子化_修正谱预言_诚实评估.py,A,已判定成立（第44/51章或正确核22条）,已复制
17-空间光速螺旋引力理论\几何量子化_经典兼容_对易子推导.py,10629,01_独立体系\S15_空间光速螺旋曲率挠率几何统一场论\07_计算复现\源码\空间光速螺旋\几何量子化_经典兼容_对易子推导.py,A,已判定成立（第44/51章或正确核22条）,已复制
17-空间光速螺旋引力理论\几何量子化突破V3_氢原子能级推导.py,11888,01_独立体系\S15_空间光速螺旋曲率挠率几何统一场论\07_计算复现\源码\空间光速螺旋\几何量子化突破V3_氢原子能级推导.py,A,已判定成立（第44/51章或正确核22条）,已复制
17-空间光速螺旋引力理论\四元素完全统一矩阵.py,8016,01_独立体系\S15_空间光速螺旋曲率挠率几何统一场论\07_计算复现\源码\空间光速螺旋\四元素完全统一矩阵.py,A,已判定成立（第44/51章或正确核22条）,已复制
17-空间光速螺旋引力理论\四力大统一方程_全维验证脚本.py,29415,01_独立体系\S15_空间光速螺旋曲率挠率几何统一场论\07_计算复现\源码\空间光速螺旋\四力大统一方程_全维验证脚本.py,A,已判定成立（第44/51章或正确核22条）,已复制
17-空间光速螺旋引力理论\四力大统一方程_全维验证脚本_V2_修复版.py,35417,01_独立体系\S15_空间光速螺旋曲率挠率几何统一场论\07_计算复现\源码\空间光速螺旋\四力大统一方程_全维验证脚本_V2_修复版.py,A,已判定成立（第44/51章或正确核22条）,已复制
17-空间光速螺旋引力理论\四力大统一方程_全维验证脚本_V3_诚实版.py,25038,01_独立体系\S15_空间光速螺旋曲率挠率几何统一场论\07_计算复现\源码\空间光速螺旋\四力大统一方程_全维验证脚本_V3_诚实版.py,A,已判定成立（第44/51章或正确核22条）,已复制
17-空间光速螺旋引力理论\四力大统一方程_推导错误修正_V5.py,17634,01_独立体系\S15_空间光速螺旋曲率挠率几何统一场论\07_计算复现\源码\空间光速螺旋\四力大统一方程_推导错误修正_V5.py,A,已判定成立（第44/51章或正确核22条）,已复制
17-空间光速螺旋引力理论\四力大统一方程_最终诚实验证_V4.py,12687,01_独立体系\S15_空间光速螺旋曲率挠率几何统一场论\07_计算复现\源码\空间光速螺旋\四力大统一方程_最终诚实验证_V4.py,A,已判定成立（第44/51章或正确核22条）,已复制
17-空间光速螺旋引力理论\张祥前方程统一_量子域扩展_全维精算验证.py,8925,01_独立体系\S15_空间光速螺旋曲率挠率几何统一场论\07_计算复现\源码\空间光速螺旋\张祥前方程统一_量子域扩展_全维精算验证.py,A,已判定成立（第44/51章或正确核22条）,已复制
17-空间光速螺旋引力理论\张祥前方程统一_频率空间螺旋验证.py,19444,01_独立体系\S15_空间光速螺旋曲率挠率几何统一场论\07_计算复现\源码\空间光速螺旋\张祥前方程统一_频率空间螺旋验证.py,A,已判定成立（第44/51章或正确核22条）,已复制
17-空间光速螺旋引力理论\张祥前统一_V10预言诚实重分级.py,5171,01_独立体系\S15_空间光速螺旋曲率挠率几何统一场论\07_计算复现\源码\空间光速螺旋\张祥前统一_V10预言诚实重分级.py,A,已判定成立（第44/51章或正确核22条）,已复制
17-空间光速螺旋引力理论\张祥前统一_α幂谱时空同一化修正.py,6882,01_独立体系\S15_空间光速螺旋曲率挠率几何统一场论\07_计算复现\源码\空间光速螺旋\张祥前统一_α幂谱时空同一化修正.py,A,已判定成立（第44/51章或正确核22条）,已复制
17-空间光速螺旋引力理论\张祥前统一_双α幂谱_原子域母方程.py,6670,01_独立体系\S15_空间光速螺旋曲率挠率几何统一场论\07_计算复现\源码\空间光速螺旋\张祥前统一_双α幂谱_原子域母方程.py,A,已判定成立（第44/51章或正确核22条）,已复制
17-空间光速螺旋引力理论\张祥前统一_对易子量纲审计.py,4458,01_独立体系\S15_空间光速螺旋曲率挠率几何统一场论\07_计算复现\源码\空间光速螺旋\张祥前统一_对易子量纲审计.py,A,已判定成立（第44/51章或正确核22条）,已复制
17-空间光速螺旋引力理论\张祥前统一_氢原子全谱系精算.py,4846,01_独立体系\S15_空间光速螺旋曲率挠率几何统一场论\07_计算复现\源码\空间光速螺旋\张祥前统一_氢原子全谱系精算.py,A,已判定成立（第44/51章或正确核22条）,已复制
17-空间光速螺旋引力理论\方向A_时空离散性_普朗克尺度量子化.py,8467,01_独立体系\S15_空间光速螺旋曲率挠率几何统一场论\07_计算复现\源码\空间光速螺旋\方向A_时空离散性_普朗克尺度量子化.py,A,已判定成立（第44/51章或正确核22条）,已复制
17-空间光速螺旋引力理论\最伟大理论_力大统一严格求导证明与精算验证.py,17700,01_独立体系\S15_空间光速螺旋曲率挠率几何统一场论\07_计算复现\源码\空间光速螺旋\最伟大理论_力大统一严格求导证明与精算验证.py,A,已判定成立（第44/51章或正确核22条）,已复制
17-空间光速螺旋引力理论\核心修复_量子力学处理.py,17317,01_独立体系\S15_空间光速螺旋曲率挠率几何统一场论\07_计算复现\源码\空间光速螺旋\核心修复_量子力学处理.py,A,已判定成立（第44/51章或正确核22条）,已复制
17-空间光速螺旋引力理论\氢原子高阶α幂律_全维精算验证.py,8903,01_独立体系\S15_空间光速螺旋曲率挠率几何统一场论\07_计算复现\源码\空间光速螺旋\氢原子高阶α幂律_全维精算验证.py,A,已判定成立（第44/51章或正确核22条）,已复制
17-空间光速螺旋引力理论\深入推导分析.py,10280,01_独立体系\S15_空间光速螺旋曲率挠率几何统一场论\07_计算复现\源码\空间光速螺旋\深入推导分析.py,A,已判定成立（第44/51章或正确核22条）,已复制
17-空间光速螺旋引力理论\热力学域四元素统一_全维精算验证.py,7754,01_独立体系\S15_空间光速螺旋曲率挠率几何统一场论\07_计算复现\源码\空间光速螺旋\热力学域四元素统一_全维精算验证.py,A,已判定成立（第44/51章或正确核22条）,已复制
17-空间光速螺旋引力理论\电荷分布修正与物理预言.py,11093,01_独立体系\S15_空间光速螺旋曲率挠率几何统一场论\07_计算复现\源码\空间光速螺旋\电荷分布修正与物理预言.py,A,已判定成立（第44/51章或正确核22条）,已复制
17-空间光速螺旋引力理论\粒子质量比验证脚本.py,8694,01_独立体系\S15_空间光速螺旋曲率挠率几何统一场论\07_计算复现\源码\空间光速螺旋\粒子质量比验证脚本.py,A,已判定成立（第44/51章或正确核22条）,已复制
17-空间光速螺旋引力理论\诚实修正_TAUT消除与Maxwell推导.py,17090,01_独立体系\S15_空间光速螺旋曲率挠率几何统一场论\07_计算复现\源码\空间光速螺旋\诚实修正_TAUT消除与Maxwell推导.py,A,已判定成立（第44/51章或正确核22条）,已复制
17-空间光速螺旋引力理论\诚实版_理论边界与突破分析.py,15363,01_独立体系\S15_空间光速螺旋曲率挠率几何统一场论\07_计算复现\源码\空间光速螺旋\诚实版_理论边界与突破分析.py,A,已判定成立（第44/51章或正确核22条）,已复制
17-空间光速螺旋引力理论\质量公式ω取值修正验证.py,4319,01_独立体系\S15_空间光速螺旋曲率挠率几何统一场论\07_计算复现\源码\空间光速螺旋\质量公式ω取值修正验证.py,A,已判定成立（第44/51章或正确核22条）,已复制
17-空间光速螺旋引力理论\质量谱α幂律统治_全维精算验证.py,7586,01_独立体系\S15_空间光速螺旋曲率挠率几何统一场论\07_计算复现\源码\空间光速螺旋\质量谱α幂律统治_全维精算验证.py,A,已判定成立（第44/51章或正确核22条）,已复制
17-空间光速螺旋引力理论\轻子质量谱几何溯源.py,6705,01_独立体系\S15_空间光速螺旋曲率挠率几何统一场论\07_计算复现\源码\空间光速螺旋\轻子质量谱几何溯源.py,A,已判定成立（第44/51章或正确核22条）,已复制
17-空间光速螺旋引力理论\频率空间螺旋全维统一分析.py,17294,01_独立体系\S15_空间光速螺旋曲率挠率几何统一场论\07_计算复现\源码\空间光速螺旋\频率空间螺旋全维统一分析.py,A,已判定成立（第44/51章或正确核22条）,已复制
17-空间光速螺旋引力理论\first_principles_proof_report.txt,4149,01_独立体系\S15_空间光速螺旋曲率挠率几何统一场论\09_验证结果\原始运行记录\first_principles_proof_report.txt,A,已判定成立（第44/51章或正确核22条）,已复制
17-空间光速螺旋引力理论\full_verification_report.txt,7164,01_独立体系\S15_空间光速螺旋曲率挠率几何统一场论\09_验证结果\原始运行记录\full_verification_report.txt,A,已判定成立（第44/51章或正确核22条）,已复制
17-空间光速螺旋引力理论\verification_report.txt,17795,01_独立体系\S15_空间光速螺旋曲率挠率几何统一场论\09_验证结果\原始运行记录\verification_report.txt,A,已判定成立（第44/51章或正确核22条）,已复制
17-空间光速螺旋引力理论\核心公式.md,267338,01_独立体系\S15_空间光速螺旋曲率挠率几何统一场论\01_文献来源\核心公式.md,A,已判定成立（第44/51章或正确核22条）,已复制
10-统一场论核心公式\张祥前统一场论 22 个核心公式及常数简单版.md,8663,01_独立体系\S17_统一场论核心公式\01_文献来源\来源_张祥前核心公式\张祥前统一场论 22 个核心公式及常数简单版.md,A,已判定成立（第44/51章或正确核22条）,已复制
10-统一场论核心公式\张祥前统一场论与几何化方程兼容性分析.md,167490,01_独立体系\S17_统一场论核心公式\01_文献来源\来源_张祥前核心公式\张祥前统一场论与几何化方程兼容性分析.md,A,已判定成立（第44/51章或正确核22条）,已复制
10-统一场论核心公式\张祥前统一场论公式层次分析与逻辑引用重排.md,21928,01_独立体系\S17_统一场论核心公式\01_文献来源\来源_张祥前核心公式\张祥前统一场论公式层次分析与逻辑引用重排.md,A,已判定成立（第44/51章或正确核22条）,已复制
10-统一场论核心公式\张祥前统一场论核心重要公式方程.md,45251,01_独立体系\S17_统一场论核心公式\01_文献来源\来源_张祥前核心公式\张祥前统一场论核心重要公式方程.md,A,已判定成立（第44/51章或正确核22条）,已复制
10-统一场论核心公式\核心公式的元数据\10电场定义方程.md,16580,01_独立体系\S17_统一场论核心公式\01_文献来源\来源_核心公式元数据\10电场定义方程.md,A,已判定成立（第44/51章或正确核22条）,已复制
10-统一场论核心公式\核心公式的元数据\11磁场定义方程.md,15850,01_独立体系\S17_统一场论核心公式\01_文献来源\来源_核心公式元数据\11磁场定义方程.md,A,已判定成立（第44/51章或正确核22条）,已复制
10-统一场论核心公式\核心公式的元数据\12变化的引力场产生电磁场.md,13705,01_独立体系\S17_统一场论核心公式\01_文献来源\来源_核心公式元数据\12变化的引力场产生电磁场.md,A,已判定成立（第44/51章或正确核22条）,已复制
10-统一场论核心公式\核心公式的元数据\13磁矢势方程.md,12138,01_独立体系\S17_统一场论核心公式\01_文献来源\来源_核心公式元数据\13磁矢势方程.md,A,已判定成立（第44/51章或正确核22条）,已复制
10-统一场论核心公式\核心公式的元数据\14变化的引力场产生电场.md,14729,01_独立体系\S17_统一场论核心公式\01_文献来源\来源_核心公式元数据\14变化的引力场产生电场.md,A,已判定成立（第44/51章或正确核22条）,已复制
10-统一场论核心公式\核心公式的元数据\15变化的磁场产生引力场和电场.md,22571,01_独立体系\S17_统一场论核心公式\01_文献来源\来源_核心公式元数据\15变化的磁场产生引力场和电场.md,A,已判定成立（第44/51章或正确核22条）,已复制
10-统一场论核心公式\核心公式的元数据\16统一场论能量方程.md,12602,01_独立体系\S17_统一场论核心公式\01_文献来源\来源_核心公式元数据\16统一场论能量方程.md,A,已判定成立（第44/51章或正确核22条）,已复制
10-统一场论核心公式\核心公式的元数据\17光速飞行器动力学方程.md,22665,01_独立体系\S17_统一场论核心公式\01_文献来源\来源_核心公式元数据\17光速飞行器动力学方程.md,A,已判定成立（第44/51章或正确核22条）,已复制
10-统一场论核心公式\核心公式的元数据\18核力场定义方程.md,14618,01_独立体系\S17_统一场论核心公式\01_文献来源\来源_核心公式元数据\18核力场定义方程.md,A,已判定成立（第44/51章或正确核22条）,已复制
10-统一场论核心公式\核心公式的元数据\19引力光速统一方程.md,11814,01_独立体系\S17_统一场论核心公式\01_文献来源\来源_核心公式元数据\19引力光速统一方程.md,A,已判定成立（第44/51章或正确核22条）,已复制
10-统一场论核心公式\核心公式的元数据\1时空同一化方程.md,17308,01_独立体系\S17_统一场论核心公式\01_文献来源\来源_核心公式元数据\1时空同一化方程.md,A,已判定成立（第44/51章或正确核22条）,已复制
10-统一场论核心公式\核心公式的元数据\20电磁耦合常数 Z'.md,12605,01_独立体系\S17_统一场论核心公式\01_文献来源\来源_核心公式元数据\20电磁耦合常数 Z'.md,A,已判定成立（第44/51章或正确核22条）,已复制
10-统一场论核心公式\核心公式的元数据\2三维螺旋时空方程.md,13573,01_独立体系\S17_统一场论核心公式\01_文献来源\来源_核心公式元数据\2三维螺旋时空方程.md,A,已判定成立（第44/51章或正确核22条）,已复制
10-统一场论核心公式\核心公式的元数据\3质量定义方程.md,14312,01_独立体系\S17_统一场论核心公式\01_文献来源\来源_核心公式元数据\3质量定义方程.md,A,已判定成立（第44/51章或正确核22条）,已复制
10-统一场论核心公式\核心公式的元数据\4引力场定义方程.md,13615,01_独立体系\S17_统一场论核心公式\01_文献来源\来源_核心公式元数据\4引力场定义方程.md,A,已判定成立（第44/51章或正确核22条）,已复制
10-统一场论核心公式\核心公式的元数据\5静止动量方程.md,12113,01_独立体系\S17_统一场论核心公式\01_文献来源\来源_核心公式元数据\5静止动量方程.md,A,已判定成立（第44/51章或正确核22条）,已复制
10-统一场论核心公式\核心公式的元数据\6运动动量方程.md,14082,01_独立体系\S17_统一场论核心公式\01_文献来源\来源_核心公式元数据\6运动动量方程.md,A,已判定成立（第44/51章或正确核22条）,已复制
10-统一场论核心公式\核心公式的元数据\7宇宙大统一方程.md,10709,01_独立体系\S17_统一场论核心公式\01_文献来源\来源_核心公式元数据\7宇宙大统一方程.md,A,已判定成立（第44/51章或正确核22条）,已复制
10-统一场论核心公式\核心公式的元数据\8空间波动方程.md,10861,01_独立体系\S17_统一场论核心公式\01_文献来源\来源_核心公式元数据\8空间波动方程.md,A,已判定成立（第44/51章或正确核22条）,已复制
10-统一场论核心公式\核心公式的元数据\9电荷定义方程.md,12776,01_独立体系\S17_统一场论核心公式\01_文献来源\来源_核心公式元数据\9电荷定义方程.md,A,已判定成立（第44/51章或正确核22条）,已复制
10-统一场论核心公式\核心公式的元数据\核心公式的元数据.json,30106,01_独立体系\S17_统一场论核心公式\01_文献来源\来源_核心公式元数据\核心公式的元数据.json,A,已判定成立（第44/51章或正确核22条）,已复制
10-统一场论核心公式\核心公式的元数据\核心公式的元数据.md,17078,01_独立体系\S17_统一场论核心公式\01_文献来源\来源_核心公式元数据\核心公式的元数据.md,A,已判定成立（第44/51章或正确核22条）,已复制
00-项目文档/README.md,5405,90_历史归档\来源语料_utf_20261009\语料\00-项目文档\README.md,B,未审计，待逐件裁定,已复制
00-项目文档/【整理完成】文件结构优化报告.md,7426,90_历史归档\来源语料_utf_20261009\语料\00-项目文档\【整理完成】文件结构优化报告.md,B,未审计，待逐件裁定,已复制
00-项目文档/最终质量检查报告.md,6455,90_历史归档\来源语料_utf_20261009\语料\00-项目文档\最终质量检查报告.md,B,未审计，待逐件裁定,已复制
00-项目文档/统一场论可视化优化报告.md,5426,90_历史归档\来源语料_utf_20261009\语料\00-项目文档\统一场论可视化优化报告.md,B,未审计，待逐件裁定,已复制
00-项目文档/论文分析与优化建议.md,5335,90_历史归档\来源语料_utf_20261009\语料\00-项目文档\论文分析与优化建议.md,B,未审计，待逐件裁定,已复制
00-项目文档/连接常数r_k的完整分析与推导.md,6991,90_历史归档\来源语料_utf_20261009\语料\00-项目文档\连接常数r_k的完整分析与推导.md,B,未审计，待逐件裁定,已复制
00-项目文档/顶尖论文质量检查清单.md,10858,90_历史归档\来源语料_utf_20261009\语料\00-项目文档\顶尖论文质量检查清单.md,B,未审计，待逐件裁定,已复制
00-项目文档/00-待完成任务/五个理论物理与宇宙学领域的关键验证任务.md,2460,90_历史归档\来源语料_utf_20261009\语料\00-项目文档\00-待完成任务\五个理论物理与宇宙学领域的关键验证任务.md,B,未审计，待逐件裁定,已复制
00-项目文档/01-验证报告/水星进动推导验证.py,14157,90_历史归档\来源语料_utf_20261009\语料\00-项目文档\01-验证报告\水星进动推导验证.py,B,未审计，待逐件裁定,已复制
00-项目文档/04-总结报告/【100%完美】最终优化完成报告.md,10635,90_历史归档\来源语料_utf_20261009\语料\00-项目文档\04-总结报告\【100%完美】最终优化完成报告.md,B,未审计，待逐件裁定,已复制
00-项目文档/04-总结报告/【文件整理】目录结构优化方案.md,10345,90_历史归档\来源语料_utf_20261009\语料\00-项目文档\04-总结报告\【文件整理】目录结构优化方案.md,B,未审计，待逐件裁定,已复制
01-核心论文/formula_verification.py,4969,90_历史归档\来源语料_utf_20261009\语料\01-核心论文\formula_verification.py,B,未审计，待逐件裁定,已复制
01-核心论文/README.md,4304,90_历史归档\来源语料_utf_20261009\语料\01-核心论文\README.md,B,未审计，待逐件裁定,已复制
01-核心论文/优秀论文格式编写说明手册.md,11411,90_历史归档\来源语料_utf_20261009\语料\01-核心论文\优秀论文格式编写说明手册.md,B,未审计，待逐件裁定,已复制
01-核心论文/引力与光速关系对比分析.md,7329,90_历史归档\来源语料_utf_20261009\语料\01-核心论文\引力与光速关系对比分析.md,B,未审计，待逐件裁定,已复制
01-核心论文/引力与光速的奇妙关系：正比还是反比？.md,7322,90_历史归档\来源语料_utf_20261009\语料\01-核心论文\引力与光速的奇妙关系：正比还是反比？.md,B,未审计，待逐件裁定,已复制
01-核心论文/核心论文验证报告.md,8641,90_历史归档\来源语料_utf_20261009\语料\01-核心论文\核心论文验证报告.md,B,未审计，待逐件裁定,已复制
01-核心论文/统一场论的跨领域应用：引力光速统一、物理常数关系与意识状态数学模型.md,7272,90_历史归档\来源语料_utf_20261009\语料\01-核心论文\统一场论的跨领域应用：引力光速统一、物理常数关系与意识状态数学模型.md,B,未审计，待逐件裁定,已复制
01-核心论文/00-解决传统物理问题论文/analyze_and_fix.py,7090,90_历史归档\来源语料_utf_20261009\语料\01-核心论文\00-解决传统物理问题论文\analyze_and_fix.py,B,未审计，待逐件裁定,已复制
01-核心论文/00-解决传统物理问题论文/deep_fix.py,4548,90_历史归档\来源语料_utf_20261009\语料\01-核心论文\00-解决传统物理问题论文\deep_fix.py,B,未审计，待逐件裁定,已复制
01-核心论文/00-解决传统物理问题论文/final_smart_fix.py,2894,90_历史归档\来源语料_utf_20261009\语料\01-核心论文\00-解决传统物理问题论文\final_smart_fix.py,B,未审计，待逐件裁定,已复制
01-核心论文/00-解决传统物理问题论文/final_verification.py,8561,90_历史归档\来源语料_utf_20261009\语料\01-核心论文\00-解决传统物理问题论文\final_verification.py,B,未审计，待逐件裁定,已复制
01-核心论文/00-解决传统物理问题论文/final_verification_final.py,6542,90_历史归档\来源语料_utf_20261009\语料\01-核心论文\00-解决传统物理问题论文\final_verification_final.py,B,未审计，待逐件裁定,已复制
01-核心论文/00-解决传统物理问题论文/final_verification_report(自动优化版).md,28415,90_历史归档\来源语料_utf_20261009\语料\01-核心论文\00-解决传统物理问题论文\final_verification_report(自动优化版).md,B,未审计，待逐件裁定,已复制
01-核心论文/00-解决传统物理问题论文/final_verification_report.md,28111,90_历史归档\来源语料_utf_20261009\语料\01-核心论文\00-解决传统物理问题论文\final_verification_report.md,B,未审计，待逐件裁定,已复制
01-核心论文/00-解决传统物理问题论文/final_verification_report_备份_20260121_1940.md,28111,90_历史归档\来源语料_utf_20261009\语料\01-核心论文\00-解决传统物理问题论文\final_verification_report_备份_20260121_1940.md,B,未审计，待逐件裁定,已复制
01-核心论文/00-解决传统物理问题论文/final_verification_v2.py,10055,90_历史归档\来源语料_utf_20261009\语料\01-核心论文\00-解决传统物理问题论文\final_verification_v2.py,B,未审计，待逐件裁定,已复制
01-核心论文/00-解决传统物理问题论文/fix_formula_format.py,3841,90_历史归档\来源语料_utf_20261009\语料\01-核心论文\00-解决传统物理问题论文\fix_formula_format.py,B,未审计，待逐件裁定,已复制
01-核心论文/00-解决传统物理问题论文/fix_papers.py,6724,90_历史归档\来源语料_utf_20261009\语料\01-核心论文\00-解决传统物理问题论文\fix_papers.py,B,未审计，待逐件裁定,已复制
01-核心论文/00-解决传统物理问题论文/fix_report_files.py,1607,90_历史归档\来源语料_utf_20261009\语料\01-核心论文\00-解决传统物理问题论文\fix_report_files.py,B,未审计，待逐件裁定,已复制
01-核心论文/00-解决传统物理问题论文/formula_conversion_report(自动优化版).md,5078727,90_历史归档\来源语料_utf_20261009\语料\01-核心论文\00-解决传统物理问题论文\formula_conversion_report(自动优化版).md,B,未审计，待逐件裁定,已复制
01-核心论文/00-解决传统物理问题论文/formula_conversion_report.md,4596346,90_历史归档\来源语料_utf_20261009\语料\01-核心论文\00-解决传统物理问题论文\formula_conversion_report.md,B,未审计，待逐件裁定,已复制
01-核心论文/00-解决传统物理问题论文/formula_conversion_report_备份_20260121_1940.md,4596346,90_历史归档\来源语料_utf_20261009\语料\01-核心论文\00-解决传统物理问题论文\formula_conversion_report_备份_20260121_1940.md,B,未审计，待逐件裁定,已复制
01-核心论文/00-解决传统物理问题论文/formula_to_latex_converter.py,11325,90_历史归档\来源语料_utf_20261009\语料\01-核心论文\00-解决传统物理问题论文\formula_to_latex_converter.py,B,未审计，待逐件裁定,已复制
01-核心论文/00-解决传统物理问题论文/formula_to_latex_converter_v2.py,9843,90_历史归档\来源语料_utf_20261009\语料\01-核心论文\00-解决传统物理问题论文\formula_to_latex_converter_v2.py,B,未审计，待逐件裁定,已复制
01-核心论文/00-解决传统物理问题论文/latex_formula_visualizer.py,17008,90_历史归档\来源语料_utf_20261009\语料\01-核心论文\00-解决传统物理问题论文\latex_formula_visualizer.py,B,未审计，待逐件裁定,已复制
01-核心论文/00-解决传统物理问题论文/simple_formula_converter.py,8740,90_历史归档\来源语料_utf_20261009\语料\01-核心论文\00-解决传统物理问题论文\simple_formula_converter.py,B,未审计，待逐件裁定,已复制
01-核心论文/00-解决传统物理问题论文/verify_formula_conversion.py,8255,90_历史归档\来源语料_utf_20261009\语料\01-核心论文\00-解决传统物理问题论文\verify_formula_conversion.py,B,未审计，待逐件裁定,已复制
01-核心论文/00-解决传统物理问题论文/统一场论宇宙学求导验证论文集(自动优化版).md,13980,90_历史归档\来源语料_utf_20261009\语料\01-核心论文\00-解决传统物理问题论文\统一场论宇宙学求导验证论文集(自动优化版).md,B,未审计，待逐件裁定,已复制
01-核心论文/00-解决传统物理问题论文/统一场论宇宙学求导验证论文集.md,14267,90_历史归档\来源语料_utf_20261009\语料\01-核心论文\00-解决传统物理问题论文\统一场论宇宙学求导验证论文集.md,B,未审计，待逐件裁定,已复制
01-核心论文/00-解决传统物理问题论文/统一场论宇宙学求导验证论文集_备份_20260121_1940.md,14267,90_历史归档\来源语料_utf_20261009\语料\01-核心论文\00-解决传统物理问题论文\统一场论宇宙学求导验证论文集_备份_20260121_1940.md,B,未审计，待逐件裁定,已复制
01-核心论文/00-解决传统物理问题论文/自动修复报告(自动优化版).md,17622,90_历史归档\来源语料_utf_20261009\语料\01-核心论文\00-解决传统物理问题论文\自动修复报告(自动优化版).md,B,未审计，待逐件裁定,已复制
01-核心论文/00-解决传统物理问题论文/自动修复报告.json,180478,90_历史归档\来源语料_utf_20261009\语料\01-核心论文\00-解决传统物理问题论文\自动修复报告.json,B,未审计，待逐件裁定,已复制
01-核心论文/00-解决传统物理问题论文/自动修复报告.md,165695,90_历史归档\来源语料_utf_20261009\语料\01-核心论文\00-解决传统物理问题论文\自动修复报告.md,B,未审计，待逐件裁定,已复制
01-核心论文/00-解决传统物理问题论文/自动修复报告_备份_20260121_1940.md,17917,90_历史归档\来源语料_utf_20261009\语料\01-核心论文\00-解决传统物理问题论文\自动修复报告_备份_20260121_1940.md,B,未审计，待逐件裁定,已复制
01-核心论文/00-解决传统物理问题论文/论文修复报告(自动优化版).md,15125,90_历史归档\来源语料_utf_20261009\语料\01-核心论文\00-解决传统物理问题论文\论文修复报告(自动优化版).md,B,未审计，待逐件裁定,已复制
01-核心论文/00-解决传统物理问题论文/论文修复报告.md,14937,90_历史归档\来源语料_utf_20261009\语料\01-核心论文\00-解决传统物理问题论文\论文修复报告.md,B,未审计，待逐件裁定,已复制
01-核心论文/00-解决传统物理问题论文/论文修复报告_备份_20260121_1940.md,14937,90_历史归档\来源语料_utf_20261009\语料\01-核心论文\00-解决传统物理问题论文\论文修复报告_备份_20260121_1940.md,B,未审计，待逐件裁定,已复制
01-核心论文/00-解决传统物理问题论文/论文自动修复系统.py,11316,90_历史归档\来源语料_utf_20261009\语料\01-核心论文\00-解决传统物理问题论文\论文自动修复系统.py,B,未审计，待逐件裁定,已复制
01-核心论文/00-解决传统物理问题论文/详细问题分析报告(自动优化版).md,106526,90_历史归档\来源语料_utf_20261009\语料\01-核心论文\00-解决传统物理问题论文\详细问题分析报告(自动优化版).md,B,未审计，待逐件裁定,已复制
01-核心论文/00-解决传统物理问题论文/详细问题分析报告.md,113424,90_历史归档\来源语料_utf_20261009\语料\01-核心论文\00-解决传统物理问题论文\详细问题分析报告.md,B,未审计，待逐件裁定,已复制
01-核心论文/00-解决传统物理问题论文/详细问题分析报告_备份_20260121_1940.md,113424,90_历史归档\来源语料_utf_20261009\语料\01-核心论文\00-解决传统物理问题论文\详细问题分析报告_备份_20260121_1940.md,B,未审计，待逐件裁定,已复制
01-核心论文/00-解决传统物理问题论文/量子纠缠的几何本源：基于空间螺旋运动的统一场论诠释（求导验证版）.md,58122,90_历史归档\来源语料_utf_20261009\语料\01-核心论文\00-解决传统物理问题论文\量子纠缠的几何本源：基于空间螺旋运动的统一场论诠释（求导验证版）.md,B,未审计，待逐件裁定,已复制
01-核心论文/00-解决传统物理问题论文/不确定性原理/不确定性原理的几何本源：基于空间螺旋运动的统一场论诠释（求导验证版）.md,26078,90_历史归档\来源语料_utf_20261009\语料\01-核心论文\00-解决传统物理问题论文\不确定性原理\不确定性原理的几何本源：基于空间螺旋运动的统一场论诠释（求导验证版）.md,B,未审计，待逐件裁定,已复制
01-核心论文/00-解决传统物理问题论文/不确定性原理/不确定性原理的几何本源：张祥前统一场论视角下的时空动力学诠释.md,14138,90_历史归档\来源语料_utf_20261009\语料\01-核心论文\00-解决传统物理问题论文\不确定性原理\不确定性原理的几何本源：张祥前统一场论视角下的时空动力学诠释.md,B,未审计，待逐件裁定,已复制
01-核心论文/00-解决传统物理问题论文/不确定性原理/不确定性原理的几何本源：张祥前统一场论视角下的时空动力学诠释（求导验证版）.md,14777,90_历史归档\来源语料_utf_20261009\语料\01-核心论文\00-解决传统物理问题论文\不确定性原理\不确定性原理的几何本源：张祥前统一场论视角下的时空动力学诠释（求导验证版）.md,B,未审计，待逐件裁定,已复制
01-核心论文/00-解决传统物理问题论文/五项科学验证任务的整理，分点呈现核心信息/V1/以下是对这五项科学验证任务的整理，分点呈现核心信息(自动优化版).md,6420,90_历史归档\来源语料_utf_20261009\语料\01-核心论文\00-解决传统物理问题论文\五项科学验证任务的整理，分点呈现核心信息\V1\以下是对这五项科学验证任务的整理，分点呈现核心信息(自动优化版).md,B,未审计，待逐件裁定,已复制
01-核心论文/00-解决传统物理问题论文/五项科学验证任务的整理，分点呈现核心信息/V1/以下是对这五项科学验证任务的整理，分点呈现核心信息.md,6506,90_历史归档\来源语料_utf_20261009\语料\01-核心论文\00-解决传统物理问题论文\五项科学验证任务的整理，分点呈现核心信息\V1\以下是对这五项科学验证任务的整理，分点呈现核心信息.md,B,未审计，待逐件裁定,已复制
01-核心论文/00-解决传统物理问题论文/五项科学验证任务的整理，分点呈现核心信息/V1/基于空间螺旋运动假设的水星近日点进动理论推导与验证(自动优化版).md,21148,90_历史归档\来源语料_utf_20261009\语料\01-核心论文\00-解决传统物理问题论文\五项科学验证任务的整理，分点呈现核心信息\V1\基于空间螺旋运动假设的水星近日点进动理论推导与验证(自动优化版).md,B,未审计，待逐件裁定,已复制
01-核心论文/00-解决传统物理问题论文/五项科学验证任务的整理，分点呈现核心信息/V1/基于空间螺旋运动假设的水星近日点进动理论推导与验证.md,21014,90_历史归档\来源语料_utf_20261009\语料\01-核心论文\00-解决传统物理问题论文\五项科学验证任务的整理，分点呈现核心信息\V1\基于空间螺旋运动假设的水星近日点进动理论推导与验证.md,B,未审计，待逐件裁定,已复制
01-核心论文/00-解决传统物理问题论文/五项科学验证任务的整理，分点呈现核心信息/V1/张祥前统一场论对五项科学验证任务的求导分析(自动优化版).md,5331,90_历史归档\来源语料_utf_20261009\语料\01-核心论文\00-解决传统物理问题论文\五项科学验证任务的整理，分点呈现核心信息\V1\张祥前统一场论对五项科学验证任务的求导分析(自动优化版).md,B,未审计，待逐件裁定,已复制
01-核心论文/00-解决传统物理问题论文/五项科学验证任务的整理，分点呈现核心信息/V1/张祥前统一场论对五项科学验证任务的求导分析.md,5437,90_历史归档\来源语料_utf_20261009\语料\01-核心论文\00-解决传统物理问题论文\五项科学验证任务的整理，分点呈现核心信息\V1\张祥前统一场论对五项科学验证任务的求导分析.md,B,未审计，待逐件裁定,已复制
01-核心论文/00-解决传统物理问题论文/五项科学验证任务的整理，分点呈现核心信息/V2/基于空间螺旋运动假设的水星近日点进动理论推导与验证.md,11959,90_历史归档\来源语料_utf_20261009\语料\01-核心论文\00-解决传统物理问题论文\五项科学验证任务的整理，分点呈现核心信息\V2\基于空间螺旋运动假设的水星近日点进动理论推导与验证.md,B,未审计，待逐件裁定,已复制
01-核心论文/00-解决传统物理问题论文/五项科学验证任务的整理，分点呈现核心信息/V2/基于空间螺旋运动假设的水星近日点进动理论推导与验证_优化版.md,44552,90_历史归档\来源语料_utf_20261009\语料\01-核心论文\00-解决传统物理问题论文\五项科学验证任务的整理，分点呈现核心信息\V2\基于空间螺旋运动假设的水星近日点进动理论推导与验证_优化版.md,B,未审计，待逐件裁定,已复制
01-核心论文/00-解决传统物理问题论文/五项科学验证任务的整理，分点呈现核心信息/V2/基于空间螺旋运动假设的水星近日点进动理论推导与验证_最终修正版.md,58407,90_历史归档\来源语料_utf_20261009\语料\01-核心论文\00-解决传统物理问题论文\五项科学验证任务的整理，分点呈现核心信息\V2\基于空间螺旋运动假设的水星近日点进动理论推导与验证_最终修正版.md,B,未审计，待逐件裁定,已复制
01-核心论文/00-解决传统物理问题论文/五项科学验证任务的整理，分点呈现核心信息/V2/水星近日点进动论文分析验证报告.md,21488,90_历史归档\来源语料_utf_20261009\语料\01-核心论文\00-解决传统物理问题论文\五项科学验证任务的整理，分点呈现核心信息\V2\水星近日点进动论文分析验证报告.md,B,未审计，待逐件裁定,已复制
01-核心论文/00-解决传统物理问题论文/五项科学验证任务的整理，分点呈现核心信息/V2/水星进动论文求导验证分析报告.md,17853,90_历史归档\来源语料_utf_20261009\语料\01-核心论文\00-解决传统物理问题论文\五项科学验证任务的整理，分点呈现核心信息\V2\水星进动论文求导验证分析报告.md,B,未审计，待逐件裁定,已复制
01-核心论文/00-解决传统物理问题论文/光电效应/光电效应的几何本源：基于空间螺旋运动的统一场论诠释.md,26562,90_历史归档\来源语料_utf_20261009\语料\01-核心论文\00-解决传统物理问题论文\光电效应\光电效应的几何本源：基于空间螺旋运动的统一场论诠释.md,B,未审计，待逐件裁定,已复制
01-核心论文/00-解决传统物理问题论文/光电效应/光电效应的几何本源：基于空间螺旋运动的统一场论诠释_新.md,14185,90_历史归档\来源语料_utf_20261009\语料\01-核心论文\00-解决传统物理问题论文\光电效应\光电效应的几何本源：基于空间螺旋运动的统一场论诠释_新.md,B,未审计，待逐件裁定,已复制
01-核心论文/00-解决传统物理问题论文/光电效应/光电效应的几何本源：基于空间螺旋运动的统一场论诠释（求导验证版）.md,27174,90_历史归档\来源语料_utf_20261009\语料\01-核心论文\00-解决传统物理问题论文\光电效应\光电效应的几何本源：基于空间螺旋运动的统一场论诠释（求导验证版）.md,B,未审计，待逐件裁定,已复制
01-核心论文/00-解决传统物理问题论文/光速不变原理/光速不变原理的几何本源：基于空间螺旋运动的统一场论诠释（求导验证版）.md,26163,90_历史归档\来源语料_utf_20261009\语料\01-核心论文\00-解决传统物理问题论文\光速不变原理\光速不变原理的几何本源：基于空间螺旋运动的统一场论诠释（求导验证版）.md,B,未审计，待逐件裁定,已复制
01-核心论文/00-解决传统物理问题论文/光速不变原理/光速不变原理的几何本源：张祥前统一场论视角下的时空同一化与物理常数绝对性.md,15253,90_历史归档\来源语料_utf_20261009\语料\01-核心论文\00-解决传统物理问题论文\光速不变原理\光速不变原理的几何本源：张祥前统一场论视角下的时空同一化与物理常数绝对性.md,B,未审计，待逐件裁定,已复制
01-核心论文/00-解决传统物理问题论文/几何因子/1.md,16962,90_历史归档\来源语料_utf_20261009\语料\01-核心论文\00-解决传统物理问题论文\几何因子\1.md,B,未审计，待逐件裁定,已复制
01-核心论文/00-解决传统物理问题论文/几何因子/2.md,24065,90_历史归档\来源语料_utf_20261009\语料\01-核心论文\00-解决传统物理问题论文\几何因子\2.md,B,未审计，待逐件裁定,已复制
01-核心论文/00-解决传统物理问题论文/动量的本质/动量的几何本源：基于空间螺旋运动的统一场论诠释.md,18498,90_历史归档\来源语料_utf_20261009\语料\01-核心论文\00-解决传统物理问题论文\动量的本质\动量的几何本源：基于空间螺旋运动的统一场论诠释.md,B,未审计，待逐件裁定,已复制
01-核心论文/00-解决传统物理问题论文/动量的本质/动量的几何本源：基于空间螺旋运动的统一场论诠释（求导验证版）.md,27530,90_历史归档\来源语料_utf_20261009\语料\01-核心论文\00-解决传统物理问题论文\动量的本质\动量的几何本源：基于空间螺旋运动的统一场论诠释（求导验证版）.md,B,未审计，待逐件裁定,已复制
01-核心论文/00-解决传统物理问题论文/卡西米尔效应/卡西米尔效应的几何本源：基于空间螺旋运动的统一场论诠释.md,17114,90_历史归档\来源语料_utf_20261009\语料\01-核心论文\00-解决传统物理问题论文\卡西米尔效应\卡西米尔效应的几何本源：基于空间螺旋运动的统一场论诠释.md,B,未审计，待逐件裁定,已复制
01-核心论文/00-解决传统物理问题论文/卡西米尔效应/卡西米尔效应的几何本源：基于空间螺旋运动的统一场论诠释（求导验证版）.md,22201,90_历史归档\来源语料_utf_20261009\语料\01-核心论文\00-解决传统物理问题论文\卡西米尔效应\卡西米尔效应的几何本源：基于空间螺旋运动的统一场论诠释（求导验证版）.md,B,未审计，待逐件裁定,已复制
01-核心论文/00-解决传统物理问题论文/双缝干涉实验/双缝干涉实验的几何本源：基于空间螺旋运动的统一场论诠释.md,26977,90_历史归档\来源语料_utf_20261009\语料\01-核心论文\00-解决传统物理问题论文\双缝干涉实验\双缝干涉实验的几何本源：基于空间螺旋运动的统一场论诠释.md,B,未审计，待逐件裁定,已复制
01-核心论文/00-解决传统物理问题论文/双缝干涉实验/双缝干涉实验的几何本源：基于空间螺旋运动的统一场论诠释（求导验证版）.md,29955,90_历史归档\来源语料_utf_20261009\语料\01-核心论文\00-解决传统物理问题论文\双缝干涉实验\双缝干涉实验的几何本源：基于空间螺旋运动的统一场论诠释（求导验证版）.md,B,未审计，待逐件裁定,已复制
01-核心论文/00-解决传统物理问题论文/塞曼效应/塞曼效应的几何本源：基于空间螺旋运动的统一场论诠释.md,27736,90_历史归档\来源语料_utf_20261009\语料\01-核心论文\00-解决传统物理问题论文\塞曼效应\塞曼效应的几何本源：基于空间螺旋运动的统一场论诠释.md,B,未审计，待逐件裁定,已复制
01-核心论文/00-解决传统物理问题论文/塞曼效应/塞曼效应的几何本源：基于空间螺旋运动的统一场论诠释_新.md,16377,90_历史归档\来源语料_utf_20261009\语料\01-核心论文\00-解决传统物理问题论文\塞曼效应\塞曼效应的几何本源：基于空间螺旋运动的统一场论诠释_新.md,B,未审计，待逐件裁定,已复制
01-核心论文/00-解决传统物理问题论文/塞曼效应/塞曼效应的几何本源：基于空间螺旋运动的统一场论诠释（求导验证版）.md,15546,90_历史归档\来源语料_utf_20261009\语料\01-核心论文\00-解决传统物理问题论文\塞曼效应\塞曼效应的几何本源：基于空间螺旋运动的统一场论诠释（求导验证版）.md,B,未审计，待逐件裁定,已复制
01-核心论文/00-解决传统物理问题论文/大尺度结构/large_scale_structure_formation.py,11936,90_历史归档\来源语料_utf_20261009\语料\01-核心论文\00-解决传统物理问题论文\大尺度结构\large_scale_structure_formation.py,B,未审计，待逐件裁定,已复制
01-核心论文/00-解决传统物理问题论文/大尺度结构/大尺度结构形成统一场论求导验证论文.md,9358,90_历史归档\来源语料_utf_20261009\语料\01-核心论文\00-解决传统物理问题论文\大尺度结构\大尺度结构形成统一场论求导验证论文.md,B,未审计，待逐件裁定,已复制
01-核心论文/00-解决传统物理问题论文/宇宙加速膨胀/宇宙加速膨胀统一场论求导验证论文.md,10182,90_历史归档\来源语料_utf_20261009\语料\01-核心论文\00-解决传统物理问题论文\宇宙加速膨胀\宇宙加速膨胀统一场论求导验证论文.md,B,未审计，待逐件裁定,已复制
01-核心论文/00-解决传统物理问题论文/宇宙学红移/宇宙学红移统一场论求导验证论文.md,9318,90_历史归档\来源语料_utf_20261009\语料\01-核心论文\00-解决传统物理问题论文\宇宙学红移\宇宙学红移统一场论求导验证论文.md,B,未审计，待逐件裁定,已复制
01-核心论文/00-解决传统物理问题论文/宇宙微波背景辐射/cmb_measurement_model.py,10448,90_历史归档\来源语料_utf_20261009\语料\01-核心论文\00-解决传统物理问题论文\宇宙微波背景辐射\cmb_measurement_model.py,B,未审计，待逐件裁定,已复制
01-核心论文/00-解决传统物理问题论文/宇宙微波背景辐射/宇宙微波背景辐射统一场论求导验证论文.md,8846,90_历史归档\来源语料_utf_20261009\语料\01-核心论文\00-解决传统物理问题论文\宇宙微波背景辐射\宇宙微波背景辐射统一场论求导验证论文.md,B,未审计，待逐件裁定,已复制
01-核心论文/00-解决传统物理问题论文/宇宙膨胀/accelerated_expansion_geometry.py,12651,90_历史归档\来源语料_utf_20261009\语料\01-核心论文\00-解决传统物理问题论文\宇宙膨胀\accelerated_expansion_geometry.py,B,未审计，待逐件裁定,已复制
01-核心论文/00-解决传统物理问题论文/宇宙膨胀/cosmological_redshift_derivation.py,9234,90_历史归档\来源语料_utf_20261009\语料\01-核心论文\00-解决传统物理问题论文\宇宙膨胀\cosmological_redshift_derivation.py,B,未审计，待逐件裁定,已复制
01-核心论文/00-解决传统物理问题论文/宇宙膨胀/hubble_constant_verification.py,11570,90_历史归档\来源语料_utf_20261009\语料\01-核心论文\00-解决传统物理问题论文\宇宙膨胀\hubble_constant_verification.py,B,未审计，待逐件裁定,已复制
01-核心论文/00-解决传统物理问题论文/宇宙膨胀/宇宙膨胀的几何本源：基于空间螺旋运动的统一场论诠释（求导验证版）.md,15941,90_历史归档\来源语料_utf_20261009\语料\01-核心论文\00-解决传统物理问题论文\宇宙膨胀\宇宙膨胀的几何本源：基于空间螺旋运动的统一场论诠释（求导验证版）.md,B,未审计，待逐件裁定,已复制
01-核心论文/00-解决传统物理问题论文/宇宙膨胀/宇宙膨胀的几何本源：基于空间螺旋运动的统一场论诠释（求导验证版）_更新版.md,16985,90_历史归档\来源语料_utf_20261009\语料\01-核心论文\00-解决传统物理问题论文\宇宙膨胀\宇宙膨胀的几何本源：基于空间螺旋运动的统一场论诠释（求导验证版）_更新版.md,B,未审计，待逐件裁定,已复制
01-核心论文/00-解决传统物理问题论文/宇宙膨胀/通过空间螺旋运动求导验证宇宙膨胀——基于张祥前统一场论_完整推导版.md,7250,90_历史归档\来源语料_utf_20261009\语料\01-核心论文\00-解决传统物理问题论文\宇宙膨胀\通过空间螺旋运动求导验证宇宙膨胀——基于张祥前统一场论_完整推导版.md,B,未审计，待逐件裁定,已复制
01-核心论文/00-解决传统物理问题论文/宇宙膨胀/通过空间螺旋运动求导验证宇宙膨胀：基于张祥前统一场论的几何动力学诠释.md,7033,90_历史归档\来源语料_utf_20261009\语料\01-核心论文\00-解决传统物理问题论文\宇宙膨胀\通过空间螺旋运动求导验证宇宙膨胀：基于张祥前统一场论的几何动力学诠释.md,B,未审计，待逐件裁定,已复制
01-核心论文/00-解决传统物理问题论文/广义相对论/广义相对论的几何本源：基于空间螺旋运动的统一场论诠释.md,24186,90_历史归档\来源语料_utf_20261009\语料\01-核心论文\00-解决传统物理问题论文\广义相对论\广义相对论的几何本源：基于空间螺旋运动的统一场论诠释.md,B,未审计，待逐件裁定,已复制
01-核心论文/00-解决传统物理问题论文/广义相对论/广义相对论的几何本源：基于空间螺旋运动的统一场论诠释（求导验证版）.md,17543,90_历史归档\来源语料_utf_20261009\语料\01-核心论文\00-解决传统物理问题论文\广义相对论\广义相对论的几何本源：基于空间螺旋运动的统一场论诠释（求导验证版）.md,B,未审计，待逐件裁定,已复制
01-核心论文/00-解决传统物理问题论文/康普顿效应/康普顿效应的几何本源：基于空间螺旋运动的统一场论诠释.md,28314,90_历史归档\来源语料_utf_20261009\语料\01-核心论文\00-解决传统物理问题论文\康普顿效应\康普顿效应的几何本源：基于空间螺旋运动的统一场论诠释.md,B,未审计，待逐件裁定,已复制
01-核心论文/00-解决传统物理问题论文/康普顿效应/康普顿效应的几何本源：基于空间螺旋运动的统一场论诠释_新.md,25841,90_历史归档\来源语料_utf_20261009\语料\01-核心论文\00-解决传统物理问题论文\康普顿效应\康普顿效应的几何本源：基于空间螺旋运动的统一场论诠释_新.md,B,未审计，待逐件裁定,已复制
01-核心论文/00-解决传统物理问题论文/康普顿效应/康普顿效应的几何本源：基于空间螺旋运动的统一场论诠释_新2.md,16136,90_历史归档\来源语料_utf_20261009\语料\01-核心论文\00-解决传统物理问题论文\康普顿效应\康普顿效应的几何本源：基于空间螺旋运动的统一场论诠释_新2.md,B,未审计，待逐件裁定,已复制
01-核心论文/00-解决传统物理问题论文/康普顿效应/康普顿效应的几何本源：基于空间螺旋运动的统一场论诠释（求导验证版）.md,18214,90_历史归档\来源语料_utf_20261009\语料\01-核心论文\00-解决传统物理问题论文\康普顿效应\康普顿效应的几何本源：基于空间螺旋运动的统一场论诠释（求导验证版）.md,B,未审计，待逐件裁定,已复制
01-核心论文/00-解决传统物理问题论文/引力波/引力波的几何本源：基于空间螺旋运动的统一场论诠释.md,21740,90_历史归档\来源语料_utf_20261009\语料\01-核心论文\00-解决传统物理问题论文\引力波\引力波的几何本源：基于空间螺旋运动的统一场论诠释.md,B,未审计，待逐件裁定,已复制
01-核心论文/00-解决传统物理问题论文/引力波/引力波的几何本源：基于空间螺旋运动的统一场论诠释（求导验证版）.md,15884,90_历史归档\来源语料_utf_20261009\语料\01-核心论文\00-解决传统物理问题论文\引力波\引力波的几何本源：基于空间螺旋运动的统一场论诠释（求导验证版）.md,B,未审计，待逐件裁定,已复制
01-核心论文/00-解决传统物理问题论文/引力的本质/引力的几何本源：基于空间螺旋运动的动力学机制与统一场论诠释.md,14965,90_历史归档\来源语料_utf_20261009\语料\01-核心论文\00-解决传统物理问题论文\引力的本质\引力的几何本源：基于空间螺旋运动的动力学机制与统一场论诠释.md,B,未审计，待逐件裁定,已复制
01-核心论文/00-解决传统物理问题论文/引力的本质/引力的几何本源：基于空间螺旋运动的动力学机制与统一场论诠释（求导验证版）.md,33849,90_历史归档\来源语料_utf_20261009\语料\01-核心论文\00-解决传统物理问题论文\引力的本质\引力的几何本源：基于空间螺旋运动的动力学机制与统一场论诠释（求导验证版）.md,B,未审计，待逐件裁定,已复制
01-核心论文/00-解决传统物理问题论文/德布罗意物质波/德布罗意物质波的几何本源：基于空间螺旋运动的统一场论诠释.md,14355,90_历史归档\来源语料_utf_20261009\语料\01-核心论文\00-解决传统物理问题论文\德布罗意物质波\德布罗意物质波的几何本源：基于空间螺旋运动的统一场论诠释.md,B,未审计，待逐件裁定,已复制
01-核心论文/00-解决传统物理问题论文/德布罗意物质波/德布罗意物质波的几何本源：基于空间螺旋运动的统一场论诠释_新.md,16367,90_历史归档\来源语料_utf_20261009\语料\01-核心论文\00-解决传统物理问题论文\德布罗意物质波\德布罗意物质波的几何本源：基于空间螺旋运动的统一场论诠释_新.md,B,未审计，待逐件裁定,已复制
01-核心论文/00-解决传统物理问题论文/德布罗意物质波/德布罗意物质波的几何本源：基于空间螺旋运动的统一场论诠释（求导验证版）.md,29920,90_历史归档\来源语料_utf_20261009\语料\01-核心论文\00-解决传统物理问题论文\德布罗意物质波\德布罗意物质波的几何本源：基于空间螺旋运动的统一场论诠释（求导验证版）.md,B,未审计，待逐件裁定,已复制
01-核心论文/00-解决传统物理问题论文/惯性的本质/惯性的几何本源：基于空间螺旋运动的统一场论诠释.md,18232,90_历史归档\来源语料_utf_20261009\语料\01-核心论文\00-解决传统物理问题论文\惯性的本质\惯性的几何本源：基于空间螺旋运动的统一场论诠释.md,B,未审计，待逐件裁定,已复制
01-核心论文/00-解决传统物理问题论文/惯性的本质/惯性的几何本源：基于空间螺旋运动的统一场论诠释（求导验证版）.md,19886,90_历史归档\来源语料_utf_20261009\语料\01-核心论文\00-解决传统物理问题论文\惯性的本质\惯性的几何本源：基于空间螺旋运动的统一场论诠释（求导验证版）.md,B,未审计，待逐件裁定,已复制
01-核心论文/00-解决传统物理问题论文/手性对称性破缺/手性对称性破缺的几何本源：基于空间螺旋运动的统一场论诠释.md,20794,90_历史归档\来源语料_utf_20261009\语料\01-核心论文\00-解决传统物理问题论文\手性对称性破缺\手性对称性破缺的几何本源：基于空间螺旋运动的统一场论诠释.md,B,未审计，待逐件裁定,已复制
01-核心论文/00-解决传统物理问题论文/手性对称性破缺/手性对称性破缺的几何本源：基于空间螺旋运动的统一场论诠释（求导验证版）.md,17699,90_历史归档\来源语料_utf_20261009\语料\01-核心论文\00-解决传统物理问题论文\手性对称性破缺\手性对称性破缺的几何本源：基于空间螺旋运动的统一场论诠释（求导验证版）.md,B,未审计，待逐件裁定,已复制
01-核心论文/00-解决传统物理问题论文/托卡马克Z箍缩不稳定性/chapter2_rewritten.md,3190,90_历史归档\来源语料_utf_20261009\语料\01-核心论文\00-解决传统物理问题论文\托卡马克Z箍缩不稳定性\chapter2_rewritten.md,B,未审计，待逐件裁定,已复制
01-核心论文/00-解决传统物理问题论文/托卡马克Z箍缩不稳定性/chapter3_rewritten.md,3302,90_历史归档\来源语料_utf_20261009\语料\01-核心论文\00-解决传统物理问题论文\托卡马克Z箍缩不稳定性\chapter3_rewritten.md,B,未审计，待逐件裁定,已复制
01-核心论文/00-解决传统物理问题论文/托卡马克Z箍缩不稳定性/revised_chapters_2_3.md,6641,90_历史归档\来源语料_utf_20261009\语料\01-核心论文\00-解决传统物理问题论文\托卡马克Z箍缩不稳定性\revised_chapters_2_3.md,B,未审计，待逐件裁定,已复制
01-核心论文/00-解决传统物理问题论文/托卡马克Z箍缩不稳定性/引力与电磁力的统一场论验证：托卡马克Z缩缩不稳定性中引力场产生的第一性原理推导与实验证据.md,17370,90_历史归档\来源语料_utf_20261009\语料\01-核心论文\00-解决传统物理问题论文\托卡马克Z箍缩不稳定性\引力与电磁力的统一场论验证：托卡马克Z缩缩不稳定性中引力场产生的第一性原理推导与实验证据.md,B,未审计，待逐件裁定,已复制
01-核心论文/00-解决传统物理问题论文/托卡马克Z箍缩不稳定性/引力场方程_数学推导验证.py,7469,90_历史归档\来源语料_utf_20261009\语料\01-核心论文\00-解决传统物理问题论文\托卡马克Z箍缩不稳定性\引力场方程_数学推导验证.py,B,未审计，待逐件裁定,已复制
01-核心论文/00-解决传统物理问题论文/托卡马克Z箍缩不稳定性/张祥前统一场论视角下的托卡马克Z缩缩不稳定性解读.md,6460,90_历史归档\来源语料_utf_20261009\语料\01-核心论文\00-解决传统物理问题论文\托卡马克Z箍缩不稳定性\张祥前统一场论视角下的托卡马克Z缩缩不稳定性解读.md,B,未审计，待逐件裁定,已复制
01-核心论文/00-解决传统物理问题论文/托卡马克Z箍缩不稳定性/论文数学推导错误分析.py,10456,90_历史归档\来源语料_utf_20261009\语料\01-核心论文\00-解决传统物理问题论文\托卡马克Z箍缩不稳定性\论文数学推导错误分析.py,B,未审计，待逐件裁定,已复制
01-核心论文/00-解决传统物理问题论文/拉曼效应/拉曼效应的几何本源：基于空间螺旋运动的统一场论诠释.md,26890,90_历史归档\来源语料_utf_20261009\语料\01-核心论文\00-解决传统物理问题论文\拉曼效应\拉曼效应的几何本源：基于空间螺旋运动的统一场论诠释.md,B,未审计，待逐件裁定,已复制
01-核心论文/00-解决传统物理问题论文/拉曼效应/拉曼效应的几何本源：基于空间螺旋运动的统一场论诠释（求导验证版）.md,18081,90_历史归档\来源语料_utf_20261009\语料\01-核心论文\00-解决传统物理问题论文\拉曼效应\拉曼效应的几何本源：基于空间螺旋运动的统一场论诠释（求导验证版）.md,B,未审计，待逐件裁定,已复制
01-核心论文/00-解决传统物理问题论文/拓扑相变/拓扑相变的几何本源：基于空间螺旋运动的统一场论诠释.md,21462,90_历史归档\来源语料_utf_20261009\语料\01-核心论文\00-解决传统物理问题论文\拓扑相变\拓扑相变的几何本源：基于空间螺旋运动的统一场论诠释.md,B,未审计，待逐件裁定,已复制
01-核心论文/00-解决传统物理问题论文/拓扑相变/拓扑相变的几何本源：基于空间螺旋运动的统一场论诠释（求导验证版）.md,18351,90_历史归档\来源语料_utf_20261009\语料\01-核心论文\00-解决传统物理问题论文\拓扑相变\拓扑相变的几何本源：基于空间螺旋运动的统一场论诠释（求导验证版）.md,B,未审计，待逐件裁定,已复制
01-核心论文/00-解决传统物理问题论文/斯塔克效应/斯塔克效应的几何本源：基于空间螺旋运动的统一场论诠释.md,30691,90_历史归档\来源语料_utf_20261009\语料\01-核心论文\00-解决传统物理问题论文\斯塔克效应\斯塔克效应的几何本源：基于空间螺旋运动的统一场论诠释.md,B,未审计，待逐件裁定,已复制
01-核心论文/00-解决传统物理问题论文/斯塔克效应/斯塔克效应的几何本源：基于空间螺旋运动的统一场论诠释（求导验证版）.md,16980,90_历史归档\来源语料_utf_20261009\语料\01-核心论文\00-解决传统物理问题论文\斯塔克效应\斯塔克效应的几何本源：基于空间螺旋运动的统一场论诠释（求导验证版）.md,B,未审计，待逐件裁定,已复制
01-核心论文/00-解决传统物理问题论文/时间势差/张祥前统一场论时间势差公式的数学求导与数值验证报告(自动优化版).md,14849,90_历史归档\来源语料_utf_20261009\语料\01-核心论文\00-解决传统物理问题论文\时间势差\张祥前统一场论时间势差公式的数学求导与数值验证报告(自动优化版).md,B,未审计，待逐件裁定,已复制
01-核心论文/00-解决传统物理问题论文/时间势差/张祥前统一场论时间势差公式的数学求导与数值验证报告.md,14825,90_历史归档\来源语料_utf_20261009\语料\01-核心论文\00-解决传统物理问题论文\时间势差\张祥前统一场论时间势差公式的数学求导与数值验证报告.md,B,未审计，待逐件裁定,已复制
01-核心论文/00-解决传统物理问题论文/时间势差/张祥前统一场论时间势差公式的数学求导与数值验证报告_备份_20251114_103200(自动优化版).md,14849,90_历史归档\来源语料_utf_20261009\语料\01-核心论文\00-解决传统物理问题论文\时间势差\张祥前统一场论时间势差公式的数学求导与数值验证报告_备份_20251114_103200(自动优化版).md,B,未审计，待逐件裁定,已复制
01-核心论文/00-解决传统物理问题论文/时间势差/张祥前统一场论时间势差公式的数学求导与数值验证报告_备份_20251114_103200.md,14825,90_历史归档\来源语料_utf_20261009\语料\01-核心论文\00-解决传统物理问题论文\时间势差\张祥前统一场论时间势差公式的数学求导与数值验证报告_备份_20251114_103200.md,B,未审计，待逐件裁定,已复制
01-核心论文/00-解决传统物理问题论文/时间势差/张祥前统一场论时间势差公式的数学求导与数值验证报告_备份_20251114_103200_备份_20251114_103243.md,14825,90_历史归档\来源语料_utf_20261009\语料\01-核心论文\00-解决传统物理问题论文\时间势差\张祥前统一场论时间势差公式的数学求导与数值验证报告_备份_20251114_103200_备份_20251114_103243.md,B,未审计，待逐件裁定,已复制
01-核心论文/00-解决传统物理问题论文/时间势差/张祥前统一场论时间势差公式的数学求导与数值验证报告_备份_20251114_103243.md,14825,90_历史归档\来源语料_utf_20261009\语料\01-核心论文\00-解决传统物理问题论文\时间势差\张祥前统一场论时间势差公式的数学求导与数值验证报告_备份_20251114_103243.md,B,未审计，待逐件裁定,已复制
01-核心论文/00-解决传统物理问题论文/时间势差/时间势差的理论基础与数学模型：基于统一场论的时空重构机制(自动优化版).md,18043,90_历史归档\来源语料_utf_20261009\语料\01-核心论文\00-解决传统物理问题论文\时间势差\时间势差的理论基础与数学模型：基于统一场论的时空重构机制(自动优化版).md,B,未审计，待逐件裁定,已复制
01-核心论文/00-解决传统物理问题论文/时间势差/时间势差的理论基础与数学模型：基于统一场论的时空重构机制.md,18107,90_历史归档\来源语料_utf_20261009\语料\01-核心论文\00-解决传统物理问题论文\时间势差\时间势差的理论基础与数学模型：基于统一场论的时空重构机制.md,B,未审计，待逐件裁定,已复制
01-核心论文/00-解决传统物理问题论文/时间势差/时间势差的理论基础与数学模型：基于统一场论的时空重构机制_备份_20251114_103200(自动优化版).md,18043,90_历史归档\来源语料_utf_20261009\语料\01-核心论文\00-解决传统物理问题论文\时间势差\时间势差的理论基础与数学模型：基于统一场论的时空重构机制_备份_20251114_103200(自动优化版).md,B,未审计，待逐件裁定,已复制
01-核心论文/00-解决传统物理问题论文/时间势差/时间势差的理论基础与数学模型：基于统一场论的时空重构机制_备份_20251114_103200.md,18107,90_历史归档\来源语料_utf_20261009\语料\01-核心论文\00-解决传统物理问题论文\时间势差\时间势差的理论基础与数学模型：基于统一场论的时空重构机制_备份_20251114_103200.md,B,未审计，待逐件裁定,已复制
01-核心论文/00-解决传统物理问题论文/时间势差/时间势差的理论基础与数学模型：基于统一场论的时空重构机制_备份_20251114_103200_备份_20251114_103243.md,18107,90_历史归档\来源语料_utf_20261009\语料\01-核心论文\00-解决传统物理问题论文\时间势差\时间势差的理论基础与数学模型：基于统一场论的时空重构机制_备份_20251114_103200_备份_20251114_103243.md,B,未审计，待逐件裁定,已复制
01-核心论文/00-解决传统物理问题论文/时间势差/时间势差的理论基础与数学模型：基于统一场论的时空重构机制_备份_20251114_103243.md,18107,90_历史归档\来源语料_utf_20261009\语料\01-核心论文\00-解决传统物理问题论文\时间势差\时间势差的理论基础与数学模型：基于统一场论的时空重构机制_备份_20251114_103243.md,B,未审计，待逐件裁定,已复制
01-核心论文/00-解决传统物理问题论文/时间势差/code/1.py,12231,90_历史归档\来源语料_utf_20261009\语料\01-核心论文\00-解决传统物理问题论文\时间势差\code\1.py,B,未审计，待逐件裁定,已复制
01-核心论文/00-解决传统物理问题论文/时间势差/文章/光速宇宙航行：突破相对论束缚的星际旅行新范式.md,6336,90_历史归档\来源语料_utf_20261009\语料\01-核心论文\00-解决传统物理问题论文\时间势差\文章\光速宇宙航行：突破相对论束缚的星际旅行新范式.md,B,未审计，待逐件裁定,已复制
01-核心论文/00-解决传统物理问题论文/时间势差/文章/宇宙航行：时间势差——将二十万年压缩为半个小时以内神奇科技.md,6249,90_历史归档\来源语料_utf_20261009\语料\01-核心论文\00-解决传统物理问题论文\时间势差\文章\宇宙航行：时间势差——将二十万年压缩为半个小时以内神奇科技.md,B,未审计，待逐件裁定,已复制
01-核心论文/00-解决传统物理问题论文/时间势差/文章/时空编程时代：如何用两小时，完成二十万年的星际远征.md,4220,90_历史归档\来源语料_utf_20261009\语料\01-核心论文\00-解决传统物理问题论文\时间势差\文章\时空编程时代：如何用两小时，完成二十万年的星际远征.md,B,未审计，待逐件裁定,已复制
01-核心论文/00-解决传统物理问题论文/时间势差/文章/来自果克星球的启示：时间势差的真实体验.md,4997,90_历史归档\来源语料_utf_20261009\语料\01-核心论文\00-解决传统物理问题论文\时间势差\文章\来自果克星球的启示：时间势差的真实体验.md,B,未审计，待逐件裁定,已复制
01-核心论文/00-解决传统物理问题论文/时间势差/验证/k_value_analysis.py,7030,90_历史归档\来源语料_utf_20261009\语料\01-核心论文\00-解决传统物理问题论文\时间势差\验证\k_value_analysis.py,B,未审计，待逐件裁定,已复制
01-核心论文/00-解决传统物理问题论文/时间势差/验证/speed_distance_time_analysis.py,9070,90_历史归档\来源语料_utf_20261009\语料\01-核心论文\00-解决传统物理问题论文\时间势差\验证\speed_distance_time_analysis.py,B,未审计，待逐件裁定,已复制
01-核心论文/00-解决传统物理问题论文/时间势差/验证/time_dilation_validation.py,10103,90_历史归档\来源语料_utf_20261009\语料\01-核心论文\00-解决传统物理问题论文\时间势差\验证\time_dilation_validation.py,B,未审计，待逐件裁定,已复制
01-核心论文/00-解决传统物理问题论文/时间势差/验证/时间势差计算验证报告.md,5711,90_历史归档\来源语料_utf_20261009\语料\01-核心论文\00-解决传统物理问题论文\时间势差\验证\时间势差计算验证报告.md,B,未审计，待逐件裁定,已复制
01-核心论文/00-解决传统物理问题论文/时间的本质/README(自动优化版).md,2694,90_历史归档\来源语料_utf_20261009\语料\01-核心论文\00-解决传统物理问题论文\时间的本质\README(自动优化版).md,B,未审计，待逐件裁定,已复制
01-核心论文/00-解决传统物理问题论文/时间的本质/README.md,2692,90_历史归档\来源语料_utf_20261009\语料\01-核心论文\00-解决传统物理问题论文\时间的本质\README.md,B,未审计，待逐件裁定,已复制
01-核心论文/00-解决传统物理问题论文/时间的本质/README_备份_20251114_103200(自动优化版).md,2694,90_历史归档\来源语料_utf_20261009\语料\01-核心论文\00-解决传统物理问题论文\时间的本质\README_备份_20251114_103200(自动优化版).md,B,未审计，待逐件裁定,已复制
01-核心论文/00-解决传统物理问题论文/时间的本质/README_备份_20251114_103200.md,2692,90_历史归档\来源语料_utf_20261009\语料\01-核心论文\00-解决传统物理问题论文\时间的本质\README_备份_20251114_103200.md,B,未审计，待逐件裁定,已复制
01-核心论文/00-解决传统物理问题论文/时间的本质/README_备份_20251114_103200_备份_20251114_103242.md,2692,90_历史归档\来源语料_utf_20261009\语料\01-核心论文\00-解决传统物理问题论文\时间的本质\README_备份_20251114_103200_备份_20251114_103242.md,B,未审计，待逐件裁定,已复制
01-核心论文/00-解决传统物理问题论文/时间的本质/README_备份_20251114_103242.md,2692,90_历史归档\来源语料_utf_20261009\语料\01-核心论文\00-解决传统物理问题论文\时间的本质\README_备份_20251114_103242.md,B,未审计，待逐件裁定,已复制
01-核心论文/00-解决传统物理问题论文/时间的本质/时间本质理论全面验证脚本.py,13064,90_历史归档\来源语料_utf_20261009\语料\01-核心论文\00-解决传统物理问题论文\时间的本质\时间本质理论全面验证脚本.py,B,未审计，待逐件裁定,已复制
01-核心论文/00-解决传统物理问题论文/时间的本质/时间理论可视化脚本.py,8973,90_历史归档\来源语料_utf_20261009\语料\01-核心论文\00-解决传统物理问题论文\时间的本质\时间理论可视化脚本.py,B,未审计，待逐件裁定,已复制
01-核心论文/00-解决传统物理问题论文/时间的本质/时间理论计算验证脚本.py,9845,90_历史归档\来源语料_utf_20261009\语料\01-核心论文\00-解决传统物理问题论文\时间的本质\时间理论计算验证脚本.py,B,未审计，待逐件裁定,已复制
01-核心论文/00-解决传统物理问题论文/时间的本质/时间的几何本源：基于空间螺旋运动的统一场论诠释(自动优化版).md,17328,90_历史归档\来源语料_utf_20261009\语料\01-核心论文\00-解决传统物理问题论文\时间的本质\时间的几何本源：基于空间螺旋运动的统一场论诠释(自动优化版).md,B,未审计，待逐件裁定,已复制
01-核心论文/00-解决传统物理问题论文/时间的本质/时间的几何本源：基于空间螺旋运动的统一场论诠释.md,17600,90_历史归档\来源语料_utf_20261009\语料\01-核心论文\00-解决传统物理问题论文\时间的本质\时间的几何本源：基于空间螺旋运动的统一场论诠释.md,B,未审计，待逐件裁定,已复制
01-核心论文/00-解决传统物理问题论文/时间的本质/时间的几何本源：基于空间螺旋运动的统一场论诠释_备份_20251114_103200(自动优化版).md,17328,90_历史归档\来源语料_utf_20261009\语料\01-核心论文\00-解决传统物理问题论文\时间的本质\时间的几何本源：基于空间螺旋运动的统一场论诠释_备份_20251114_103200(自动优化版).md,B,未审计，待逐件裁定,已复制
01-核心论文/00-解决传统物理问题论文/时间的本质/时间的几何本源：基于空间螺旋运动的统一场论诠释_备份_20251114_103200.md,17600,90_历史归档\来源语料_utf_20261009\语料\01-核心论文\00-解决传统物理问题论文\时间的本质\时间的几何本源：基于空间螺旋运动的统一场论诠释_备份_20251114_103200.md,B,未审计，待逐件裁定,已复制
01-核心论文/00-解决传统物理问题论文/时间的本质/时间的几何本源：基于空间螺旋运动的统一场论诠释_备份_20251114_103200_备份_20251114_103242.md,17600,90_历史归档\来源语料_utf_20261009\语料\01-核心论文\00-解决传统物理问题论文\时间的本质\时间的几何本源：基于空间螺旋运动的统一场论诠释_备份_20251114_103200_备份_20251114_103242.md,B,未审计，待逐件裁定,已复制
01-核心论文/00-解决传统物理问题论文/时间的本质/时间的几何本源：基于空间螺旋运动的统一场论诠释_备份_20251114_103242.md,17600,90_历史归档\来源语料_utf_20261009\语料\01-核心论文\00-解决传统物理问题论文\时间的本质\时间的几何本源：基于空间螺旋运动的统一场论诠释_备份_20251114_103242.md,B,未审计，待逐件裁定,已复制
01-核心论文/00-解决传统物理问题论文/时间的本质/时间的几何本源：基于空间螺旋运动的统一场论诠释（求导验证版）(自动优化版).md,22386,90_历史归档\来源语料_utf_20261009\语料\01-核心论文\00-解决传统物理问题论文\时间的本质\时间的几何本源：基于空间螺旋运动的统一场论诠释（求导验证版）(自动优化版).md,B,未审计，待逐件裁定,已复制
01-核心论文/00-解决传统物理问题论文/时间的本质/时间的几何本源：基于空间螺旋运动的统一场论诠释（求导验证版）.md,22663,90_历史归档\来源语料_utf_20261009\语料\01-核心论文\00-解决传统物理问题论文\时间的本质\时间的几何本源：基于空间螺旋运动的统一场论诠释（求导验证版）.md,B,未审计，待逐件裁定,已复制
01-核心论文/00-解决传统物理问题论文/时间的本质/时间的几何本源：基于空间螺旋运动的统一场论诠释（求导验证版）_备份_20251114_103200(自动优化版).md,22386,90_历史归档\来源语料_utf_20261009\语料\01-核心论文\00-解决传统物理问题论文\时间的本质\时间的几何本源：基于空间螺旋运动的统一场论诠释（求导验证版）_备份_20251114_103200(自动优化版).md,B,未审计，待逐件裁定,已复制
01-核心论文/00-解决传统物理问题论文/时间的本质/时间的几何本源：基于空间螺旋运动的统一场论诠释（求导验证版）_备份_20251114_103200.md,22663,90_历史归档\来源语料_utf_20261009\语料\01-核心论文\00-解决传统物理问题论文\时间的本质\时间的几何本源：基于空间螺旋运动的统一场论诠释（求导验证版）_备份_20251114_103200.md,B,未审计，待逐件裁定,已复制
01-核心论文/00-解决传统物理问题论文/时间的本质/时间的几何本源：基于空间螺旋运动的统一场论诠释（求导验证版）_备份_20251114_103200_备份_20251114_103242.md,22663,90_历史归档\来源语料_utf_20261009\语料\01-核心论文\00-解决传统物理问题论文\时间的本质\时间的几何本源：基于空间螺旋运动的统一场论诠释（求导验证版）_备份_20251114_103200_备份_20251114_103242.md,B,未审计，待逐件裁定,已复制
01-核心论文/00-解决传统物理问题论文/时间的本质/时间的几何本源：基于空间螺旋运动的统一场论诠释（求导验证版）_备份_20251114_103242.md,22663,90_历史归档\来源语料_utf_20261009\语料\01-核心论文\00-解决传统物理问题论文\时间的本质\时间的几何本源：基于空间螺旋运动的统一场论诠释（求导验证版）_备份_20251114_103242.md,B,未审计，待逐件裁定,已复制
01-核心论文/00-解决传统物理问题论文/时间的本质/时间的本质：从物理学基础到统一场论的深度解析(自动优化版).md,40943,90_历史归档\来源语料_utf_20261009\语料\01-核心论文\00-解决传统物理问题论文\时间的本质\时间的本质：从物理学基础到统一场论的深度解析(自动优化版).md,B,未审计，待逐件裁定,已复制
01-核心论文/00-解决传统物理问题论文/时间的本质/时间的本质：从物理学基础到统一场论的深度解析.md,40631,90_历史归档\来源语料_utf_20261009\语料\01-核心论文\00-解决传统物理问题论文\时间的本质\时间的本质：从物理学基础到统一场论的深度解析.md,B,未审计，待逐件裁定,已复制
01-核心论文/00-解决传统物理问题论文/时间的本质/时间的本质：从物理学基础到统一场论的深度解析_备份_20251114_103200(自动优化版).md,40943,90_历史归档\来源语料_utf_20261009\语料\01-核心论文\00-解决传统物理问题论文\时间的本质\时间的本质：从物理学基础到统一场论的深度解析_备份_20251114_103200(自动优化版).md,B,未审计，待逐件裁定,已复制
01-核心论文/00-解决传统物理问题论文/时间的本质/时间的本质：从物理学基础到统一场论的深度解析_备份_20251114_103200.md,40631,90_历史归档\来源语料_utf_20261009\语料\01-核心论文\00-解决传统物理问题论文\时间的本质\时间的本质：从物理学基础到统一场论的深度解析_备份_20251114_103200.md,B,未审计，待逐件裁定,已复制
01-核心论文/00-解决传统物理问题论文/时间的本质/时间的本质：从物理学基础到统一场论的深度解析_备份_20251114_103200_备份_20251114_103242.md,40631,90_历史归档\来源语料_utf_20261009\语料\01-核心论文\00-解决传统物理问题论文\时间的本质\时间的本质：从物理学基础到统一场论的深度解析_备份_20251114_103200_备份_20251114_103242.md,B,未审计，待逐件裁定,已复制
01-核心论文/00-解决传统物理问题论文/时间的本质/时间的本质：从物理学基础到统一场论的深度解析_备份_20251114_103242.md,40631,90_历史归档\来源语料_utf_20261009\语料\01-核心论文\00-解决传统物理问题论文\时间的本质\时间的本质：从物理学基础到统一场论的深度解析_备份_20251114_103242.md,B,未审计，待逐件裁定,已复制
01-核心论文/00-解决传统物理问题论文/时间的本质/时间的本质：从物理学基础到统一场论的深度解析（求导验证版）(自动优化版).md,31417,90_历史归档\来源语料_utf_20261009\语料\01-核心论文\00-解决传统物理问题论文\时间的本质\时间的本质：从物理学基础到统一场论的深度解析（求导验证版）(自动优化版).md,B,未审计，待逐件裁定,已复制
01-核心论文/00-解决传统物理问题论文/时间的本质/时间的本质：从物理学基础到统一场论的深度解析（求导验证版）.md,32138,90_历史归档\来源语料_utf_20261009\语料\01-核心论文\00-解决传统物理问题论文\时间的本质\时间的本质：从物理学基础到统一场论的深度解析（求导验证版）.md,B,未审计，待逐件裁定,已复制
01-核心论文/00-解决传统物理问题论文/时间的本质/时间的本质：从物理学基础到统一场论的深度解析（求导验证版）_备份_20251114_103200(自动优化版).md,31417,90_历史归档\来源语料_utf_20261009\语料\01-核心论文\00-解决传统物理问题论文\时间的本质\时间的本质：从物理学基础到统一场论的深度解析（求导验证版）_备份_20251114_103200(自动优化版).md,B,未审计，待逐件裁定,已复制
01-核心论文/00-解决传统物理问题论文/时间的本质/时间的本质：从物理学基础到统一场论的深度解析（求导验证版）_备份_20251114_103200.md,32138,90_历史归档\来源语料_utf_20261009\语料\01-核心论文\00-解决传统物理问题论文\时间的本质\时间的本质：从物理学基础到统一场论的深度解析（求导验证版）_备份_20251114_103200.md,B,未审计，待逐件裁定,已复制
01-核心论文/00-解决传统物理问题论文/时间的本质/时间的本质：从物理学基础到统一场论的深度解析（求导验证版）_备份_20251114_103200_备份_20251114_103242.md,32138,90_历史归档\来源语料_utf_20261009\语料\01-核心论文\00-解决传统物理问题论文\时间的本质\时间的本质：从物理学基础到统一场论的深度解析（求导验证版）_备份_20251114_103200_备份_20251114_103242.md,B,未审计，待逐件裁定,已复制
01-核心论文/00-解决传统物理问题论文/时间的本质/时间的本质：从物理学基础到统一场论的深度解析（求导验证版）_备份_20251114_103242.md,32138,90_历史归档\来源语料_utf_20261009\语料\01-核心论文\00-解决传统物理问题论文\时间的本质\时间的本质：从物理学基础到统一场论的深度解析（求导验证版）_备份_20251114_103242.md,B,未审计，待逐件裁定,已复制
01-核心论文/00-解决传统物理问题论文/时间的本质/时间的本质：宇宙奥秘的终极答案(自动优化版).md,7943,90_历史归档\来源语料_utf_20261009\语料\01-核心论文\00-解决传统物理问题论文\时间的本质\时间的本质：宇宙奥秘的终极答案(自动优化版).md,B,未审计，待逐件裁定,已复制
01-核心论文/00-解决传统物理问题论文/时间的本质/时间的本质：宇宙奥秘的终极答案.md,7951,90_历史归档\来源语料_utf_20261009\语料\01-核心论文\00-解决传统物理问题论文\时间的本质\时间的本质：宇宙奥秘的终极答案.md,B,未审计，待逐件裁定,已复制
01-核心论文/00-解决传统物理问题论文/时间的本质/时间的本质：宇宙奥秘的终极答案_备份_20251114_103200(自动优化版).md,7943,90_历史归档\来源语料_utf_20261009\语料\01-核心论文\00-解决传统物理问题论文\时间的本质\时间的本质：宇宙奥秘的终极答案_备份_20251114_103200(自动优化版).md,B,未审计，待逐件裁定,已复制
01-核心论文/00-解决传统物理问题论文/时间的本质/时间的本质：宇宙奥秘的终极答案_备份_20251114_103200.md,7951,90_历史归档\来源语料_utf_20261009\语料\01-核心论文\00-解决传统物理问题论文\时间的本质\时间的本质：宇宙奥秘的终极答案_备份_20251114_103200.md,B,未审计，待逐件裁定,已复制
01-核心论文/00-解决传统物理问题论文/时间的本质/时间的本质：宇宙奥秘的终极答案_备份_20251114_103242.md,7951,90_历史归档\来源语料_utf_20261009\语料\01-核心论文\00-解决传统物理问题论文\时间的本质\时间的本质：宇宙奥秘的终极答案_备份_20251114_103242.md,B,未审计，待逐件裁定,已复制
01-核心论文/00-解决传统物理问题论文/时间的本质/月球地球时间势差求导验证.py,17828,90_历史归档\来源语料_utf_20261009\语料\01-核心论文\00-解决传统物理问题论文\时间的本质\月球地球时间势差求导验证.py,B,未审计，待逐件裁定,已复制
01-核心论文/00-解决传统物理问题论文/时间的本质/空间与时间的本质：一本所有人都能理解的宇宙奥秘之书(自动优化版).md,713028,90_历史归档\来源语料_utf_20261009\语料\01-核心论文\00-解决传统物理问题论文\时间的本质\空间与时间的本质：一本所有人都能理解的宇宙奥秘之书(自动优化版).md,B,未审计，待逐件裁定,已复制
01-核心论文/00-解决传统物理问题论文/时间的本质/空间与时间的本质：一本所有人都能理解的宇宙奥秘之书.md,712053,90_历史归档\来源语料_utf_20261009\语料\01-核心论文\00-解决传统物理问题论文\时间的本质\空间与时间的本质：一本所有人都能理解的宇宙奥秘之书.md,B,未审计，待逐件裁定,已复制
01-核心论文/00-解决传统物理问题论文/时间的本质/空间与时间的本质：一本所有人都能理解的宇宙奥秘之书_备份_20251114_103200(自动优化版).md,713028,90_历史归档\来源语料_utf_20261009\语料\01-核心论文\00-解决传统物理问题论文\时间的本质\空间与时间的本质：一本所有人都能理解的宇宙奥秘之书_备份_20251114_103200(自动优化版).md,B,未审计，待逐件裁定,已复制
01-核心论文/00-解决传统物理问题论文/时间的本质/空间与时间的本质：一本所有人都能理解的宇宙奥秘之书_备份_20251114_103200.md,712053,90_历史归档\来源语料_utf_20261009\语料\01-核心论文\00-解决传统物理问题论文\时间的本质\空间与时间的本质：一本所有人都能理解的宇宙奥秘之书_备份_20251114_103200.md,B,未审计，待逐件裁定,已复制
01-核心论文/00-解决传统物理问题论文/时间的本质/空间与时间的本质：一本所有人都能理解的宇宙奥秘之书_备份_20251114_103200_备份_20251114_103242.md,712053,90_历史归档\来源语料_utf_20261009\语料\01-核心论文\00-解决传统物理问题论文\时间的本质\空间与时间的本质：一本所有人都能理解的宇宙奥秘之书_备份_20251114_103200_备份_20251114_103242.md,B,未审计，待逐件裁定,已复制
01-核心论文/00-解决传统物理问题论文/时间的本质/空间与时间的本质：一本所有人都能理解的宇宙奥秘之书_备份_20251114_103242.md,712053,90_历史归档\来源语料_utf_20261009\语料\01-核心论文\00-解决传统物理问题论文\时间的本质\空间与时间的本质：一本所有人都能理解的宇宙奥秘之书_备份_20251114_103242.md,B,未审计，待逐件裁定,已复制
01-核心论文/00-解决传统物理问题论文/普朗克黑体辐射定律/普朗克黑体辐射定律的几何本源：基于空间螺旋运动的统一场论诠释.md,16945,90_历史归档\来源语料_utf_20261009\语料\01-核心论文\00-解决传统物理问题论文\普朗克黑体辐射定律\普朗克黑体辐射定律的几何本源：基于空间螺旋运动的统一场论诠释.md,B,未审计，待逐件裁定,已复制
01-核心论文/00-解决传统物理问题论文/普朗克黑体辐射定律/普朗克黑体辐射定律的几何本源：基于空间螺旋运动的统一场论诠释（求导验证版）.md,16575,90_历史归档\来源语料_utf_20261009\语料\01-核心论文\00-解决传统物理问题论文\普朗克黑体辐射定律\普朗克黑体辐射定律的几何本源：基于空间螺旋运动的统一场论诠释（求导验证版）.md,B,未审计，待逐件裁定,已复制
01-核心论文/00-解决传统物理问题论文/氢原子光谱/氢原子光谱的几何本源：基于空间螺旋运动的统一场论诠释.md,28117,90_历史归档\来源语料_utf_20261009\语料\01-核心论文\00-解决传统物理问题论文\氢原子光谱\氢原子光谱的几何本源：基于空间螺旋运动的统一场论诠释.md,B,未审计，待逐件裁定,已复制
01-核心论文/00-解决传统物理问题论文/氢原子光谱/氢原子光谱的几何本源：基于空间螺旋运动的统一场论诠释（求导验证版）.md,15801,90_历史归档\来源语料_utf_20261009\语料\01-核心论文\00-解决传统物理问题论文\氢原子光谱\氢原子光谱的几何本源：基于空间螺旋运动的统一场论诠释（求导验证版）.md,B,未审计，待逐件裁定,已复制
01-核心论文/00-解决传统物理问题论文/波粒二象性/波粒二象性的几何本源：基于空间螺旋运动的统一场论诠释.md,21954,90_历史归档\来源语料_utf_20261009\语料\01-核心论文\00-解决传统物理问题论文\波粒二象性\波粒二象性的几何本源：基于空间螺旋运动的统一场论诠释.md,B,未审计，待逐件裁定,已复制
01-核心论文/00-解决传统物理问题论文/波粒二象性/波粒二象性的几何本源：基于空间螺旋运动的统一场论诠释（求导验证版）.md,16035,90_历史归档\来源语料_utf_20261009\语料\01-核心论文\00-解决传统物理问题论文\波粒二象性\波粒二象性的几何本源：基于空间螺旋运动的统一场论诠释（求导验证版）.md,B,未审计，待逐件裁定,已复制
01-核心论文/00-解决传统物理问题论文/热力学基本方程/热力学基本方程的几何本源：基于空间螺旋运动的统一场论诠释.md,27937,90_历史归档\来源语料_utf_20261009\语料\01-核心论文\00-解决传统物理问题论文\热力学基本方程\热力学基本方程的几何本源：基于空间螺旋运动的统一场论诠释.md,B,未审计，待逐件裁定,已复制
01-核心论文/00-解决传统物理问题论文/热力学基本方程/热力学基本方程的几何本源：基于空间螺旋运动的统一场论诠释（求导验证版）.md,16209,90_历史归档\来源语料_utf_20261009\语料\01-核心论文\00-解决传统物理问题论文\热力学基本方程\热力学基本方程的几何本源：基于空间螺旋运动的统一场论诠释（求导验证版）.md,B,未审计，待逐件裁定,已复制
01-核心论文/00-解决传统物理问题论文/熵增原理/熵增原理的几何本源：基于空间螺旋运动的统一场论诠释.md,24113,90_历史归档\来源语料_utf_20261009\语料\01-核心论文\00-解决传统物理问题论文\熵增原理\熵增原理的几何本源：基于空间螺旋运动的统一场论诠释.md,B,未审计，待逐件裁定,已复制
01-核心论文/00-解决传统物理问题论文/熵增原理/熵增原理的几何本源：基于空间螺旋运动的统一场论诠释（求导验证版）.md,15499,90_历史归档\来源语料_utf_20261009\语料\01-核心论文\00-解决传统物理问题论文\熵增原理\熵增原理的几何本源：基于空间螺旋运动的统一场论诠释（求导验证版）.md,B,未审计，待逐件裁定,已复制
01-核心论文/00-解决传统物理问题论文/熵的本质/熵的几何本源：基于空间螺旋运动的统一场论诠释.md,22926,90_历史归档\来源语料_utf_20261009\语料\01-核心论文\00-解决传统物理问题论文\熵的本质\熵的几何本源：基于空间螺旋运动的统一场论诠释.md,B,未审计，待逐件裁定,已复制
01-核心论文/00-解决传统物理问题论文/熵的本质/熵的几何本源：基于空间螺旋运动的统一场论诠释（求导验证版）.md,15041,90_历史归档\来源语料_utf_20261009\语料\01-核心论文\00-解决传统物理问题论文\熵的本质\熵的几何本源：基于空间螺旋运动的统一场论诠释（求导验证版）.md,B,未审计，待逐件裁定,已复制
01-核心论文/00-解决传统物理问题论文/爱因斯坦/The Role and Origin of the Speed of Light in Einsteins Field Equations A Comprehensive Analysis.md,9004,90_历史归档\来源语料_utf_20261009\语料\01-核心论文\00-解决传统物理问题论文\爱因斯坦\The Role and Origin of the Speed of Light in Einsteins Field Equations A Comprehensive Analysis.md,B,未审计，待逐件裁定,已复制
01-核心论文/00-解决传统物理问题论文/爱因斯坦/主题：全面解析双生子佯谬，从狭义相对论到统一场论，包括基础概念、数学推导、参考系分析、广义相对论补充及实验验证，还探讨了哲学意义.md,16551,90_历史归档\来源语料_utf_20261009\语料\01-核心论文\00-解决传统物理问题论文\爱因斯坦\主题：全面解析双生子佯谬，从狭义相对论到统一场论，包括基础概念、数学推导、参考系分析、广义相对论补充及实验验证，还探讨了哲学意义.md,B,未审计，待逐件裁定,已复制
01-核心论文/00-解决传统物理问题论文/狭义相对论/狭义相对论的几何本源：基于空间螺旋运动的统一场论诠释.md,26848,90_历史归档\来源语料_utf_20261009\语料\01-核心论文\00-解决传统物理问题论文\狭义相对论\狭义相对论的几何本源：基于空间螺旋运动的统一场论诠释.md,B,未审计，待逐件裁定,已复制
01-核心论文/00-解决传统物理问题论文/狭义相对论/狭义相对论的几何本源：基于空间螺旋运动的统一场论诠释（求导验证版）.md,16140,90_历史归档\来源语料_utf_20261009\语料\01-核心论文\00-解决传统物理问题论文\狭义相对论\狭义相对论的几何本源：基于空间螺旋运动的统一场论诠释（求导验证版）.md,B,未审计，待逐件裁定,已复制
01-核心论文/00-解决传统物理问题论文/电磁感应/电磁感应的几何本源：基于空间螺旋运动的统一场论诠释.md,30440,90_历史归档\来源语料_utf_20261009\语料\01-核心论文\00-解决传统物理问题论文\电磁感应\电磁感应的几何本源：基于空间螺旋运动的统一场论诠释.md,B,未审计，待逐件裁定,已复制
01-核心论文/00-解决传统物理问题论文/电磁感应/电磁感应的几何本源：基于空间螺旋运动的统一场论诠释（求导验证版）.md,16258,90_历史归档\来源语料_utf_20261009\语料\01-核心论文\00-解决传统物理问题论文\电磁感应\电磁感应的几何本源：基于空间螺旋运动的统一场论诠释（求导验证版）.md,B,未审计，待逐件裁定,已复制
01-核心论文/00-解决传统物理问题论文/电磁感应的本质/电磁感应的几何本源：基于空间螺旋运动的统一场论诠释.md,17747,90_历史归档\来源语料_utf_20261009\语料\01-核心论文\00-解决传统物理问题论文\电磁感应的本质\电磁感应的几何本源：基于空间螺旋运动的统一场论诠释.md,B,未审计，待逐件裁定,已复制
01-核心论文/00-解决传统物理问题论文/电磁感应的本质/电磁感应的几何本源：基于空间螺旋运动的统一场论诠释（求导验证版）.md,15326,90_历史归档\来源语料_utf_20261009\语料\01-核心论文\00-解决传统物理问题论文\电磁感应的本质\电磁感应的几何本源：基于空间螺旋运动的统一场论诠释（求导验证版）.md,B,未审计，待逐件裁定,已复制
01-核心论文/00-解决传统物理问题论文/电荷守恒定律/电荷守恒定律的几何本源：基于空间螺旋运动的统一场论诠释.md,19390,90_历史归档\来源语料_utf_20261009\语料\01-核心论文\00-解决传统物理问题论文\电荷守恒定律\电荷守恒定律的几何本源：基于空间螺旋运动的统一场论诠释.md,B,未审计，待逐件裁定,已复制
01-核心论文/00-解决传统物理问题论文/电荷守恒定律/电荷守恒定律的几何本源：基于空间螺旋运动的统一场论诠释（求导验证版）.md,15269,90_历史归档\来源语料_utf_20261009\语料\01-核心论文\00-解决传统物理问题论文\电荷守恒定律\电荷守恒定律的几何本源：基于空间螺旋运动的统一场论诠释（求导验证版）.md,B,未审计，待逐件裁定,已复制
01-核心论文/00-解决传统物理问题论文/电荷的本质/电荷的几何本源：基于空间螺旋运动的统一场论诠释.md,20970,90_历史归档\来源语料_utf_20261009\语料\01-核心论文\00-解决传统物理问题论文\电荷的本质\电荷的几何本源：基于空间螺旋运动的统一场论诠释.md,B,未审计，待逐件裁定,已复制
01-核心论文/00-解决传统物理问题论文/电荷的本质/电荷的几何本源：基于空间螺旋运动的统一场论诠释（求导验证版）.md,16203,90_历史归档\来源语料_utf_20261009\语料\01-核心论文\00-解决传统物理问题论文\电荷的本质\电荷的几何本源：基于空间螺旋运动的统一场论诠释（求导验证版）.md,B,未审计，待逐件裁定,已复制
01-核心论文/00-解决传统物理问题论文/空间波动方程/从时空几何到波动现象：张祥前统一场论中空间波动方程与通解的第一性原理推导与验证.md,8489,90_历史归档\来源语料_utf_20261009\语料\01-核心论文\00-解决传统物理问题论文\空间波动方程\从时空几何到波动现象：张祥前统一场论中空间波动方程与通解的第一性原理推导与验证.md,B,未审计，待逐件裁定,已复制
01-核心论文/00-解决传统物理问题论文/空间的本质/空间的几何本源：基于螺旋运动的统一场论诠释（求导验证版）.md,34776,90_历史归档\来源语料_utf_20261009\语料\01-核心论文\00-解决传统物理问题论文\空间的本质\空间的几何本源：基于螺旋运动的统一场论诠释（求导验证版）.md,B,未审计，待逐件裁定,已复制
01-核心论文/00-解决传统物理问题论文/约瑟夫森效应/约瑟夫森效应的几何本源：基于空间螺旋运动的统一场论诠释.md,25412,90_历史归档\来源语料_utf_20261009\语料\01-核心论文\00-解决传统物理问题论文\约瑟夫森效应\约瑟夫森效应的几何本源：基于空间螺旋运动的统一场论诠释.md,B,未审计，待逐件裁定,已复制
01-核心论文/00-解决传统物理问题论文/约瑟夫森效应/约瑟夫森效应的几何本源：基于空间螺旋运动的统一场论诠释_新.md,17992,90_历史归档\来源语料_utf_20261009\语料\01-核心论文\00-解决传统物理问题论文\约瑟夫森效应\约瑟夫森效应的几何本源：基于空间螺旋运动的统一场论诠释_新.md,B,未审计，待逐件裁定,已复制
01-核心论文/00-解决传统物理问题论文/统一场论验证的科学路径：基于G=16π²ħc/k²与Z=Gc/2的实验验证框架.md,31005,90_历史归档\来源语料_utf_20261009\语料\01-核心论文\00-解决传统物理问题论文\统一场论验证的科学路径：基于G=16π²ħc\k²与Z=Gc\2的实验验证框架.md,B,未审计，待逐件裁定,已复制
01-核心论文/00-解决传统物理问题论文/能量的本质/能量的几何本源：基于空间螺旋运动的统一场论诠释.md,19854,90_历史归档\来源语料_utf_20261009\语料\01-核心论文\00-解决传统物理问题论文\能量的本质\能量的几何本源：基于空间螺旋运动的统一场论诠释.md,B,未审计，待逐件裁定,已复制
01-核心论文/00-解决传统物理问题论文/能量的本质/能量的几何本源：基于空间螺旋运动的统一场论诠释（求导验证版）.md,24821,90_历史归档\来源语料_utf_20261009\语料\01-核心论文\00-解决传统物理问题论文\能量的本质\能量的几何本源：基于空间螺旋运动的统一场论诠释（求导验证版）.md,B,未审计，待逐件裁定,已复制
01-核心论文/00-解决传统物理问题论文/自旋量子态/自旋量子态的几何本源：基于空间螺旋运动的统一场论诠释.md,25337,90_历史归档\来源语料_utf_20261009\语料\01-核心论文\00-解决传统物理问题论文\自旋量子态\自旋量子态的几何本源：基于空间螺旋运动的统一场论诠释.md,B,未审计，待逐件裁定,已复制
01-核心论文/00-解决传统物理问题论文/自旋量子态/自旋量子态的几何本源：基于空间螺旋运动的统一场论诠释（求导验证版）.md,17663,90_历史归档\来源语料_utf_20261009\语料\01-核心论文\00-解决传统物理问题论文\自旋量子态\自旋量子态的几何本源：基于空间螺旋运动的统一场论诠释（求导验证版）.md,B,未审计，待逐件裁定,已复制
01-核心论文/00-解决传统物理问题论文/自旋霍尔效应/自旋霍尔效应的几何本源：基于空间螺旋运动的统一场论诠释.md,19642,90_历史归档\来源语料_utf_20261009\语料\01-核心论文\00-解决传统物理问题论文\自旋霍尔效应\自旋霍尔效应的几何本源：基于空间螺旋运动的统一场论诠释.md,B,未审计，待逐件裁定,已复制
01-核心论文/00-解决传统物理问题论文/质量的本质/质量的几何本质：基于空间螺旋运动的质量定义与统一场论诠释.md,14308,90_历史归档\来源语料_utf_20261009\语料\01-核心论文\00-解决传统物理问题论文\质量的本质\质量的几何本质：基于空间螺旋运动的质量定义与统一场论诠释.md,B,未审计，待逐件裁定,已复制
01-核心论文/00-解决传统物理问题论文/质量的本质/质量的几何本质：基于空间螺旋运动的质量定义与统一场论诠释（求导验证版）.md,26958,90_历史归档\来源语料_utf_20261009\语料\01-核心论文\00-解决传统物理问题论文\质量的本质\质量的几何本质：基于空间螺旋运动的质量定义与统一场论诠释（求导验证版）.md,B,未审计，待逐件裁定,已复制
01-核心论文/00-解决传统物理问题论文/迈斯纳效应/迈斯纳效应的几何本源：基于空间螺旋运动的统一场论诠释.md,19725,90_历史归档\来源语料_utf_20261009\语料\01-核心论文\00-解决传统物理问题论文\迈斯纳效应\迈斯纳效应的几何本源：基于空间螺旋运动的统一场论诠释.md,B,未审计，待逐件裁定,已复制
01-核心论文/00-解决传统物理问题论文/迈斯纳效应/迈斯纳效应的几何本源：基于空间螺旋运动的统一场论诠释（求导验证版）.md,16282,90_历史归档\来源语料_utf_20261009\语料\01-核心论文\00-解决传统物理问题论文\迈斯纳效应\迈斯纳效应的几何本源：基于空间螺旋运动的统一场论诠释（求导验证版）.md,B,未审计，待逐件裁定,已复制
01-核心论文/00-解决传统物理问题论文/量子力学/量子不确定性原理的几何意义/量子不确定性原理的几何本源：基于空间螺旋运动的统一场论诠释.md,33544,90_历史归档\来源语料_utf_20261009\语料\01-核心论文\00-解决传统物理问题论文\量子力学\量子不确定性原理的几何意义\量子不确定性原理的几何本源：基于空间螺旋运动的统一场论诠释.md,B,未审计，待逐件裁定,已复制
01-核心论文/00-解决传统物理问题论文/量子力学/量子力学波函数/量子力学波函数的几何本源：基于空间螺旋运动的统一场论诠释.md,23571,90_历史归档\来源语料_utf_20261009\语料\01-核心论文\00-解决传统物理问题论文\量子力学\量子力学波函数\量子力学波函数的几何本源：基于空间螺旋运动的统一场论诠释.md,B,未审计，待逐件裁定,已复制
01-核心论文/00-解决传统物理问题论文/量子力学/量子叠加原理/量子叠加原理的几何本源：基于空间螺旋运动的统一场论诠释.md,26768,90_历史归档\来源语料_utf_20261009\语料\01-核心论文\00-解决传统物理问题论文\量子力学\量子叠加原理\量子叠加原理的几何本源：基于空间螺旋运动的统一场论诠释.md,B,未审计，待逐件裁定,已复制
01-核心论文/00-解决传统物理问题论文/量子力学/量子叠加的几何意义/量子叠加的几何本源：基于空间螺旋运动的统一场论诠释.md,29238,90_历史归档\来源语料_utf_20261009\语料\01-核心论文\00-解决传统物理问题论文\量子力学\量子叠加的几何意义\量子叠加的几何本源：基于空间螺旋运动的统一场论诠释.md,B,未审计，待逐件裁定,已复制
01-核心论文/00-解决传统物理问题论文/量子力学/量子干涉/量子干涉的几何本源：基于空间螺旋运动的统一场论诠释.md,26954,90_历史归档\来源语料_utf_20261009\语料\01-核心论文\00-解决传统物理问题论文\量子力学\量子干涉\量子干涉的几何本源：基于空间螺旋运动的统一场论诠释.md,B,未审计，待逐件裁定,已复制
01-核心论文/00-解决传统物理问题论文/量子力学/量子干涉/量子干涉的几何本源：基于空间螺旋运动的统一场论诠释（求导验证版）.md,14525,90_历史归档\来源语料_utf_20261009\语料\01-核心论文\00-解决传统物理问题论文\量子力学\量子干涉\量子干涉的几何本源：基于空间螺旋运动的统一场论诠释（求导验证版）.md,B,未审计，待逐件裁定,已复制
01-核心论文/00-解决传统物理问题论文/量子力学/量子干涉的几何意义/量子干涉的几何本源：基于空间螺旋运动的统一场论诠释.md,28823,90_历史归档\来源语料_utf_20261009\语料\01-核心论文\00-解决传统物理问题论文\量子力学\量子干涉的几何意义\量子干涉的几何本源：基于空间螺旋运动的统一场论诠释.md,B,未审计，待逐件裁定,已复制
01-核心论文/00-解决传统物理问题论文/量子力学/量子态叠加的几何意义/量子态叠加的几何本源：基于空间螺旋运动的统一场论诠释.md,29571,90_历史归档\来源语料_utf_20261009\语料\01-核心论文\00-解决传统物理问题论文\量子力学\量子态叠加的几何意义\量子态叠加的几何本源：基于空间螺旋运动的统一场论诠释.md,B,未审计，待逐件裁定,已复制
01-核心论文/00-解决传统物理问题论文/量子力学/量子态塌缩/量子态塌缩的几何本源：基于空间螺旋运动的统一场论诠释.md,26967,90_历史归档\来源语料_utf_20261009\语料\01-核心论文\00-解决传统物理问题论文\量子力学\量子态塌缩\量子态塌缩的几何本源：基于空间螺旋运动的统一场论诠释.md,B,未审计，待逐件裁定,已复制
01-核心论文/00-解决传统物理问题论文/量子力学/量子态塌缩/量子态塌缩的几何本源：基于空间螺旋运动的统一场论诠释（求导验证版）.md,13668,90_历史归档\来源语料_utf_20261009\语料\01-核心论文\00-解决传统物理问题论文\量子力学\量子态塌缩\量子态塌缩的几何本源：基于空间螺旋运动的统一场论诠释（求导验证版）.md,B,未审计，待逐件裁定,已复制
01-核心论文/00-解决传统物理问题论文/量子力学/量子测量/量子测量的几何本源：基于空间螺旋运动的统一场论诠释.md,27505,90_历史归档\来源语料_utf_20261009\语料\01-核心论文\00-解决传统物理问题论文\量子力学\量子测量\量子测量的几何本源：基于空间螺旋运动的统一场论诠释.md,B,未审计，待逐件裁定,已复制
01-核心论文/00-解决传统物理问题论文/量子力学/量子测量/量子测量的几何本源：基于空间螺旋运动的统一场论诠释（求导验证版）.md,13995,90_历史归档\来源语料_utf_20261009\语料\01-核心论文\00-解决传统物理问题论文\量子力学\量子测量\量子测量的几何本源：基于空间螺旋运动的统一场论诠释（求导验证版）.md,B,未审计，待逐件裁定,已复制
01-核心论文/00-解决传统物理问题论文/量子力学/量子测量的几何意义/量子测量的几何本源：基于空间螺旋运动的统一场论诠释.md,29667,90_历史归档\来源语料_utf_20261009\语料\01-核心论文\00-解决传统物理问题论文\量子力学\量子测量的几何意义\量子测量的几何本源：基于空间螺旋运动的统一场论诠释.md,B,未审计，待逐件裁定,已复制
01-核心论文/00-解决传统物理问题论文/量子力学/量子测量问题/量子测量问题的几何本源：基于空间螺旋运动的统一场论诠释.md,27221,90_历史归档\来源语料_utf_20261009\语料\01-核心论文\00-解决传统物理问题论文\量子力学\量子测量问题\量子测量问题的几何本源：基于空间螺旋运动的统一场论诠释.md,B,未审计，待逐件裁定,已复制
01-核心论文/00-解决传统物理问题论文/量子力学/量子相位的几何意义/量子相位的几何本源：基于空间螺旋运动的统一场论诠释.md,28828,90_历史归档\来源语料_utf_20261009\语料\01-核心论文\00-解决传统物理问题论文\量子力学\量子相位的几何意义\量子相位的几何本源：基于空间螺旋运动的统一场论诠释.md,B,未审计，待逐件裁定,已复制
01-核心论文/00-解决传统物理问题论文/量子力学/量子相变/量子相变的几何本源：基于空间螺旋运动的统一场论诠释.md,19012,90_历史归档\来源语料_utf_20261009\语料\01-核心论文\00-解决传统物理问题论文\量子力学\量子相变\量子相变的几何本源：基于空间螺旋运动的统一场论诠释.md,B,未审计，待逐件裁定,已复制
01-核心论文/00-解决传统物理问题论文/量子力学/量子相变/量子相变的几何本源：基于空间螺旋运动的统一场论诠释（求导验证版）.md,13565,90_历史归档\来源语料_utf_20261009\语料\01-核心论文\00-解决传统物理问题论文\量子力学\量子相变\量子相变的几何本源：基于空间螺旋运动的统一场论诠释（求导验证版）.md,B,未审计，待逐件裁定,已复制
01-核心论文/00-解决传统物理问题论文/量子力学/量子相干性/量子相干性的几何本源：基于空间螺旋运动的统一场论诠释.md,27025,90_历史归档\来源语料_utf_20261009\语料\01-核心论文\00-解决传统物理问题论文\量子力学\量子相干性\量子相干性的几何本源：基于空间螺旋运动的统一场论诠释.md,B,未审计，待逐件裁定,已复制
01-核心论文/00-解决传统物理问题论文/量子力学/量子相干性/量子相干性的几何本源：基于空间螺旋运动的统一场论诠释（求导验证版）.md,29029,90_历史归档\来源语料_utf_20261009\语料\01-核心论文\00-解决传统物理问题论文\量子力学\量子相干性\量子相干性的几何本源：基于空间螺旋运动的统一场论诠释（求导验证版）.md,B,未审计，待逐件裁定,已复制
01-核心论文/00-解决传统物理问题论文/量子力学/量子相干的几何意义/量子相干的几何本源：基于空间螺旋运动的统一场论诠释.md,29385,90_历史归档\来源语料_utf_20261009\语料\01-核心论文\00-解决传统物理问题论文\量子力学\量子相干的几何意义\量子相干的几何本源：基于空间螺旋运动的统一场论诠释.md,B,未审计，待逐件裁定,已复制
01-核心论文/00-解决传统物理问题论文/量子力学/量子纠缠/量子纠缠的几何本源-统一场论诠释(最终优化版)(自动优化版).md,17537,90_历史归档\来源语料_utf_20261009\语料\01-核心论文\00-解决传统物理问题论文\量子力学\量子纠缠\量子纠缠的几何本源-统一场论诠释(最终优化版)(自动优化版).md,B,未审计，待逐件裁定,已复制
01-核心论文/00-解决传统物理问题论文/量子力学/量子纠缠/量子纠缠的几何本源-统一场论诠释(最终优化版).md,17455,90_历史归档\来源语料_utf_20261009\语料\01-核心论文\00-解决传统物理问题论文\量子力学\量子纠缠\量子纠缠的几何本源-统一场论诠释(最终优化版).md,B,未审计，待逐件裁定,已复制
01-核心论文/00-解决传统物理问题论文/量子力学/量子纠缠/量子纠缠的几何本源-统一场论诠释(最终优化版)_备份_20251114_103200(自动优化版).md,17537,90_历史归档\来源语料_utf_20261009\语料\01-核心论文\00-解决传统物理问题论文\量子力学\量子纠缠\量子纠缠的几何本源-统一场论诠释(最终优化版)_备份_20251114_103200(自动优化版).md,B,未审计，待逐件裁定,已复制
01-核心论文/00-解决传统物理问题论文/量子力学/量子纠缠/量子纠缠的几何本源-统一场论诠释(最终优化版)_备份_20251114_103200.md,17455,90_历史归档\来源语料_utf_20261009\语料\01-核心论文\00-解决传统物理问题论文\量子力学\量子纠缠\量子纠缠的几何本源-统一场论诠释(最终优化版)_备份_20251114_103200.md,B,未审计，待逐件裁定,已复制
01-核心论文/00-解决传统物理问题论文/量子力学/量子纠缠/量子纠缠的几何本源-统一场论诠释(最终优化版)_备份_20251114_103200_备份_20251114_103243.md,17455,90_历史归档\来源语料_utf_20261009\语料\01-核心论文\00-解决传统物理问题论文\量子力学\量子纠缠\量子纠缠的几何本源-统一场论诠释(最终优化版)_备份_20251114_103200_备份_20251114_103243.md,B,未审计，待逐件裁定,已复制
01-核心论文/00-解决传统物理问题论文/量子力学/量子纠缠/量子纠缠的几何本源-统一场论诠释(最终优化版)_备份_20251114_103242.md,17455,90_历史归档\来源语料_utf_20261009\语料\01-核心论文\00-解决传统物理问题论文\量子力学\量子纠缠\量子纠缠的几何本源-统一场论诠释(最终优化版)_备份_20251114_103242.md,B,未审计，待逐件裁定,已复制
01-核心论文/00-解决传统物理问题论文/量子力学/量子纠缠/量子纠缠的几何本源：基于空间螺旋运动的统一场论诠释(自动优化版).md,27948,90_历史归档\来源语料_utf_20261009\语料\01-核心论文\00-解决传统物理问题论文\量子力学\量子纠缠\量子纠缠的几何本源：基于空间螺旋运动的统一场论诠释(自动优化版).md,B,未审计，待逐件裁定,已复制
01-核心论文/00-解决传统物理问题论文/量子力学/量子纠缠/量子纠缠的几何本源：基于空间螺旋运动的统一场论诠释.md,28246,90_历史归档\来源语料_utf_20261009\语料\01-核心论文\00-解决传统物理问题论文\量子力学\量子纠缠\量子纠缠的几何本源：基于空间螺旋运动的统一场论诠释.md,B,未审计，待逐件裁定,已复制
01-核心论文/00-解决传统物理问题论文/量子力学/量子纠缠/量子纠缠的几何本源：基于空间螺旋运动的统一场论诠释_备份_20251114_103200(自动优化版).md,27948,90_历史归档\来源语料_utf_20261009\语料\01-核心论文\00-解决传统物理问题论文\量子力学\量子纠缠\量子纠缠的几何本源：基于空间螺旋运动的统一场论诠释_备份_20251114_103200(自动优化版).md,B,未审计，待逐件裁定,已复制
01-核心论文/00-解决传统物理问题论文/量子力学/量子纠缠/量子纠缠的几何本源：基于空间螺旋运动的统一场论诠释_备份_20251114_103200.md,28246,90_历史归档\来源语料_utf_20261009\语料\01-核心论文\00-解决传统物理问题论文\量子力学\量子纠缠\量子纠缠的几何本源：基于空间螺旋运动的统一场论诠释_备份_20251114_103200.md,B,未审计，待逐件裁定,已复制
01-核心论文/00-解决传统物理问题论文/量子力学/量子纠缠/量子纠缠的几何本源：基于空间螺旋运动的统一场论诠释_备份_20251114_103200_备份_20251114_103243.md,28246,90_历史归档\来源语料_utf_20261009\语料\01-核心论文\00-解决传统物理问题论文\量子力学\量子纠缠\量子纠缠的几何本源：基于空间螺旋运动的统一场论诠释_备份_20251114_103200_备份_20251114_103243.md,B,未审计，待逐件裁定,已复制
01-核心论文/00-解决传统物理问题论文/量子力学/量子纠缠/量子纠缠的几何本源：基于空间螺旋运动的统一场论诠释_备份_20251114_103243.md,28246,90_历史归档\来源语料_utf_20261009\语料\01-核心论文\00-解决传统物理问题论文\量子力学\量子纠缠\量子纠缠的几何本源：基于空间螺旋运动的统一场论诠释_备份_20251114_103243.md,B,未审计，待逐件裁定,已复制
01-核心论文/00-解决传统物理问题论文/量子力学/量子纠缠/量子纠缠的几何本源：基于空间螺旋运动的统一场论诠释_新(自动优化版).md,26846,90_历史归档\来源语料_utf_20261009\语料\01-核心论文\00-解决传统物理问题论文\量子力学\量子纠缠\量子纠缠的几何本源：基于空间螺旋运动的统一场论诠释_新(自动优化版).md,B,未审计，待逐件裁定,已复制
01-核心论文/00-解决传统物理问题论文/量子力学/量子纠缠/量子纠缠的几何本源：基于空间螺旋运动的统一场论诠释_新.md,27033,90_历史归档\来源语料_utf_20261009\语料\01-核心论文\00-解决传统物理问题论文\量子力学\量子纠缠\量子纠缠的几何本源：基于空间螺旋运动的统一场论诠释_新.md,B,未审计，待逐件裁定,已复制
01-核心论文/00-解决传统物理问题论文/量子力学/量子纠缠/量子纠缠的几何本源：基于空间螺旋运动的统一场论诠释_新_备份_20251114_103200(自动优化版).md,26846,90_历史归档\来源语料_utf_20261009\语料\01-核心论文\00-解决传统物理问题论文\量子力学\量子纠缠\量子纠缠的几何本源：基于空间螺旋运动的统一场论诠释_新_备份_20251114_103200(自动优化版).md,B,未审计，待逐件裁定,已复制
01-核心论文/00-解决传统物理问题论文/量子力学/量子纠缠/量子纠缠的几何本源：基于空间螺旋运动的统一场论诠释_新_备份_20251114_103200.md,27033,90_历史归档\来源语料_utf_20261009\语料\01-核心论文\00-解决传统物理问题论文\量子力学\量子纠缠\量子纠缠的几何本源：基于空间螺旋运动的统一场论诠释_新_备份_20251114_103200.md,B,未审计，待逐件裁定,已复制
01-核心论文/00-解决传统物理问题论文/量子力学/量子纠缠/量子纠缠的几何本源：基于空间螺旋运动的统一场论诠释_新_备份_20251114_103243.md,27033,90_历史归档\来源语料_utf_20261009\语料\01-核心论文\00-解决传统物理问题论文\量子力学\量子纠缠\量子纠缠的几何本源：基于空间螺旋运动的统一场论诠释_新_备份_20251114_103243.md,B,未审计，待逐件裁定,已复制
01-核心论文/00-解决传统物理问题论文/量子力学/量子纠缠/量子纠缠的几何本源：基于空间螺旋运动的统一场论诠释（求导验证版）(自动优化版).md,8877,90_历史归档\来源语料_utf_20261009\语料\01-核心论文\00-解决传统物理问题论文\量子力学\量子纠缠\量子纠缠的几何本源：基于空间螺旋运动的统一场论诠释（求导验证版）(自动优化版).md,B,未审计，待逐件裁定,已复制
01-核心论文/00-解决传统物理问题论文/量子力学/量子纠缠/量子纠缠的几何本源：基于空间螺旋运动的统一场论诠释（求导验证版）.md,8977,90_历史归档\来源语料_utf_20261009\语料\01-核心论文\00-解决传统物理问题论文\量子力学\量子纠缠\量子纠缠的几何本源：基于空间螺旋运动的统一场论诠释（求导验证版）.md,B,未审计，待逐件裁定,已复制
01-核心论文/00-解决传统物理问题论文/量子力学/量子纠缠/量子纠缠的几何本源：基于空间螺旋运动的统一场论诠释（求导验证版）_备份_20251114_103200(自动优化版).md,8877,90_历史归档\来源语料_utf_20261009\语料\01-核心论文\00-解决传统物理问题论文\量子力学\量子纠缠\量子纠缠的几何本源：基于空间螺旋运动的统一场论诠释（求导验证版）_备份_20251114_103200(自动优化版).md,B,未审计，待逐件裁定,已复制
01-核心论文/00-解决传统物理问题论文/量子力学/量子纠缠/量子纠缠的几何本源：基于空间螺旋运动的统一场论诠释（求导验证版）_备份_20251114_103200.md,8977,90_历史归档\来源语料_utf_20261009\语料\01-核心论文\00-解决传统物理问题论文\量子力学\量子纠缠\量子纠缠的几何本源：基于空间螺旋运动的统一场论诠释（求导验证版）_备份_20251114_103200.md,B,未审计，待逐件裁定,已复制
01-核心论文/00-解决传统物理问题论文/量子力学/量子纠缠/量子纠缠的几何本源：基于空间螺旋运动的统一场论诠释（求导验证版）_备份_20251114_103243.md,8977,90_历史归档\来源语料_utf_20261009\语料\01-核心论文\00-解决传统物理问题论文\量子力学\量子纠缠\量子纠缠的几何本源：基于空间螺旋运动的统一场论诠释（求导验证版）_备份_20251114_103243.md,B,未审计，待逐件裁定,已复制
01-核心论文/00-解决传统物理问题论文/量子力学/量子纠缠交换/量子纠缠交换的几何本源：基于空间螺旋运动的统一场论诠释.md,31074,90_历史归档\来源语料_utf_20261009\语料\01-核心论文\00-解决传统物理问题论文\量子力学\量子纠缠交换\量子纠缠交换的几何本源：基于空间螺旋运动的统一场论诠释.md,B,未审计，待逐件裁定,已复制
01-核心论文/00-解决传统物理问题论文/量子力学/量子纠缠交换的几何意义/量子纠缠交换的几何本源：基于空间螺旋运动的统一场论诠释.md,31644,90_历史归档\来源语料_utf_20261009\语料\01-核心论文\00-解决传统物理问题论文\量子力学\量子纠缠交换的几何意义\量子纠缠交换的几何本源：基于空间螺旋运动的统一场论诠释.md,B,未审计，待逐件裁定,已复制
01-核心论文/00-解决传统物理问题论文/量子力学/量子纠缠态的几何表示/量子纠缠态的几何本源：基于空间螺旋运动的统一场论诠释.md,30831,90_历史归档\来源语料_utf_20261009\语料\01-核心论文\00-解决传统物理问题论文\量子力学\量子纠缠态的几何表示\量子纠缠态的几何本源：基于空间螺旋运动的统一场论诠释.md,B,未审计，待逐件裁定,已复制
01-核心论文/00-解决传统物理问题论文/量子力学/量子纠缠熵/量子纠缠熵的几何本源：基于空间螺旋运动的统一场论诠释.md,29459,90_历史归档\来源语料_utf_20261009\语料\01-核心论文\00-解决传统物理问题论文\量子力学\量子纠缠熵\量子纠缠熵的几何本源：基于空间螺旋运动的统一场论诠释.md,B,未审计，待逐件裁定,已复制
01-核心论文/00-解决传统物理问题论文/量子力学/量子纠缠的几何信息/量子纠缠的几何本源：基于空间螺旋运动的统一场论诠释.md,28743,90_历史归档\来源语料_utf_20261009\语料\01-核心论文\00-解决传统物理问题论文\量子力学\量子纠缠的几何信息\量子纠缠的几何本源：基于空间螺旋运动的统一场论诠释.md,B,未审计，待逐件裁定,已复制
01-核心论文/00-解决传统物理问题论文/量子力学/量子纠缠的几何动力学/量子纠缠的几何本源：基于空间螺旋运动的统一场论诠释.md,32497,90_历史归档\来源语料_utf_20261009\语料\01-核心论文\00-解决传统物理问题论文\量子力学\量子纠缠的几何动力学\量子纠缠的几何本源：基于空间螺旋运动的统一场论诠释.md,B,未审计，待逐件裁定,已复制
01-核心论文/00-解决传统物理问题论文/量子力学/量子纠缠的几何宇宙学/量子纠缠的几何本源：基于空间螺旋运动的统一场论诠释.md,5994,90_历史归档\来源语料_utf_20261009\语料\01-核心论文\00-解决传统物理问题论文\量子力学\量子纠缠的几何宇宙学\量子纠缠的几何本源：基于空间螺旋运动的统一场论诠释.md,B,未审计，待逐件裁定,已复制
01-核心论文/00-解决传统物理问题论文/量子力学/量子纠缠的几何对称性/量子纠缠的几何本源：基于空间螺旋运动的统一场论诠释.md,33780,90_历史归档\来源语料_utf_20261009\语料\01-核心论文\00-解决传统物理问题论文\量子力学\量子纠缠的几何对称性\量子纠缠的几何本源：基于空间螺旋运动的统一场论诠释.md,B,未审计，待逐件裁定,已复制
01-核心论文/00-解决传统物理问题论文/量子力学/量子纠缠的几何应用/量子纠缠的几何本源：基于空间螺旋运动的统一场论诠释.md,33812,90_历史归档\来源语料_utf_20261009\语料\01-核心论文\00-解决传统物理问题论文\量子力学\量子纠缠的几何应用\量子纠缠的几何本源：基于空间螺旋运动的统一场论诠释.md,B,未审计，待逐件裁定,已复制
01-核心论文/00-解决传统物理问题论文/量子力学/量子纠缠的几何意义/量子纠缠的几何本源：基于空间螺旋运动的统一场论诠释.md,30481,90_历史归档\来源语料_utf_20261009\语料\01-核心论文\00-解决传统物理问题论文\量子力学\量子纠缠的几何意义\量子纠缠的几何本源：基于空间螺旋运动的统一场论诠释.md,B,未审计，待逐件裁定,已复制
01-核心论文/00-解决传统物理问题论文/量子力学/量子纠缠的几何意义/量子纠缠的几何本源：基于空间螺旋运动的统一场论诠释（求导验证版）.md,12935,90_历史归档\来源语料_utf_20261009\语料\01-核心论文\00-解决传统物理问题论文\量子力学\量子纠缠的几何意义\量子纠缠的几何本源：基于空间螺旋运动的统一场论诠释（求导验证版）.md,B,未审计，待逐件裁定,已复制
01-核心论文/00-解决传统物理问题论文/量子力学/量子纠缠的几何拓扑/量子纠缠的几何本源：基于空间螺旋运动的统一场论诠释.md,27458,90_历史归档\来源语料_utf_20261009\语料\01-核心论文\00-解决传统物理问题论文\量子力学\量子纠缠的几何拓扑\量子纠缠的几何本源：基于空间螺旋运动的统一场论诠释.md,B,未审计，待逐件裁定,已复制
01-核心论文/00-解决传统物理问题论文/量子力学/量子纠缠的几何拓扑/量子纠缠的几何本源：基于空间螺旋运动的统一场论诠释（求导验证版）.md,13087,90_历史归档\来源语料_utf_20261009\语料\01-核心论文\00-解决传统物理问题论文\量子力学\量子纠缠的几何拓扑\量子纠缠的几何本源：基于空间螺旋运动的统一场论诠释（求导验证版）.md,B,未审计，待逐件裁定,已复制
01-核心论文/00-解决传统物理问题论文/量子力学/量子纠缠的几何控制/量子纠缠的几何本源：基于空间螺旋运动的统一场论诠释.md,32075,90_历史归档\来源语料_utf_20261009\语料\01-核心论文\00-解决传统物理问题论文\量子力学\量子纠缠的几何控制\量子纠缠的几何本源：基于空间螺旋运动的统一场论诠释.md,B,未审计，待逐件裁定,已复制
01-核心论文/00-解决传统物理问题论文/量子力学/量子纠缠的几何描述/量子纠缠的几何本源：基于空间螺旋运动的统一场论诠释.md,29676,90_历史归档\来源语料_utf_20261009\语料\01-核心论文\00-解决传统物理问题论文\量子力学\量子纠缠的几何描述\量子纠缠的几何本源：基于空间螺旋运动的统一场论诠释.md,B,未审计，待逐件裁定,已复制
01-核心论文/00-解决传统物理问题论文/量子力学/量子纠缠的几何时空/量子纠缠的几何本源：基于空间螺旋运动的统一场论诠释.md,27717,90_历史归档\来源语料_utf_20261009\语料\01-核心论文\00-解决传统物理问题论文\量子力学\量子纠缠的几何时空\量子纠缠的几何本源：基于空间螺旋运动的统一场论诠释.md,B,未审计，待逐件裁定,已复制
01-核心论文/00-解决传统物理问题论文/量子力学/量子纠缠的几何时空/量子纠缠的几何本源：基于空间螺旋运动的统一场论诠释（求导验证版）.md,32683,90_历史归档\来源语料_utf_20261009\语料\01-核心论文\00-解决传统物理问题论文\量子力学\量子纠缠的几何时空\量子纠缠的几何本源：基于空间螺旋运动的统一场论诠释（求导验证版）.md,B,未审计，待逐件裁定,已复制
01-核心论文/00-解决传统物理问题论文/量子力学/量子纠缠的几何本质/量子纠缠的几何本源：基于空间螺旋运动的统一场论诠释.md,31061,90_历史归档\来源语料_utf_20261009\语料\01-核心论文\00-解决传统物理问题论文\量子力学\量子纠缠的几何本质\量子纠缠的几何本源：基于空间螺旋运动的统一场论诠释.md,B,未审计，待逐件裁定,已复制
01-核心论文/00-解决传统物理问题论文/量子力学/量子纠缠的几何本质/量子纠缠的几何本源：基于空间螺旋运动的统一场论诠释（求导验证版）.md,14412,90_历史归档\来源语料_utf_20261009\语料\01-核心论文\00-解决传统物理问题论文\量子力学\量子纠缠的几何本质\量子纠缠的几何本源：基于空间螺旋运动的统一场论诠释（求导验证版）.md,B,未审计，待逐件裁定,已复制
01-核心论文/00-解决传统物理问题论文/量子力学/量子纠缠的几何本质原理/量子纠缠的几何本源：基于空间螺旋运动的统一场论诠释.md,26329,90_历史归档\来源语料_utf_20261009\语料\01-核心论文\00-解决传统物理问题论文\量子力学\量子纠缠的几何本质原理\量子纠缠的几何本源：基于空间螺旋运动的统一场论诠释.md,B,未审计，待逐件裁定,已复制
01-核心论文/00-解决传统物理问题论文/量子力学/量子纠缠的几何机制/量子纠缠的几何本源：基于空间螺旋运动的统一场论诠释.md,32756,90_历史归档\来源语料_utf_20261009\语料\01-核心论文\00-解决传统物理问题论文\量子力学\量子纠缠的几何机制\量子纠缠的几何本源：基于空间螺旋运动的统一场论诠释.md,B,未审计，待逐件裁定,已复制
01-核心论文/00-解决传统物理问题论文/量子力学/量子纠缠的几何模型/量子纠缠的几何本源：基于空间螺旋运动的统一场论诠释.md,29644,90_历史归档\来源语料_utf_20261009\语料\01-核心论文\00-解决传统物理问题论文\量子力学\量子纠缠的几何模型\量子纠缠的几何本源：基于空间螺旋运动的统一场论诠释.md,B,未审计，待逐件裁定,已复制
01-核心论文/00-解决传统物理问题论文/量子力学/量子纠缠的几何测量/量子纠缠的几何本源：基于空间螺旋运动的统一场论诠释.md,29698,90_历史归档\来源语料_utf_20261009\语料\01-核心论文\00-解决传统物理问题论文\量子力学\量子纠缠的几何测量\量子纠缠的几何本源：基于空间螺旋运动的统一场论诠释.md,B,未审计，待逐件裁定,已复制
01-核心论文/00-解决传统物理问题论文/量子力学/量子纠缠的几何演化/量子纠缠的几何本源：基于空间螺旋运动的统一场论诠释.md,27164,90_历史归档\来源语料_utf_20261009\语料\01-核心论文\00-解决传统物理问题论文\量子力学\量子纠缠的几何演化\量子纠缠的几何本源：基于空间螺旋运动的统一场论诠释.md,B,未审计，待逐件裁定,已复制
01-核心论文/00-解决传统物理问题论文/量子力学/量子纠缠的几何热力学/量子纠缠的几何本源：基于空间螺旋运动的统一场论诠释.md,29322,90_历史归档\来源语料_utf_20261009\语料\01-核心论文\00-解决传统物理问题论文\量子力学\量子纠缠的几何热力学\量子纠缠的几何本源：基于空间螺旋运动的统一场论诠释.md,B,未审计，待逐件裁定,已复制
01-核心论文/00-解决传统物理问题论文/量子力学/量子纠缠的几何特性/量子纠缠的几何本源：基于空间螺旋运动的统一场论诠释.md,31370,90_历史归档\来源语料_utf_20261009\语料\01-核心论文\00-解决传统物理问题论文\量子力学\量子纠缠的几何特性\量子纠缠的几何本源：基于空间螺旋运动的统一场论诠释.md,B,未审计，待逐件裁定,已复制
01-核心论文/00-解决传统物理问题论文/量子力学/量子纠缠的几何理论/量子纠缠的几何本源：基于空间螺旋运动的统一场论诠释.md,27586,90_历史归档\来源语料_utf_20261009\语料\01-核心论文\00-解决传统物理问题论文\量子力学\量子纠缠的几何理论\量子纠缠的几何本源：基于空间螺旋运动的统一场论诠释.md,B,未审计，待逐件裁定,已复制
01-核心论文/00-解决传统物理问题论文/量子力学/量子纠缠的几何理论/量子纠缠的几何本源：基于空间螺旋运动的统一场论诠释（求导验证版）.md,12993,90_历史归档\来源语料_utf_20261009\语料\01-核心论文\00-解决传统物理问题论文\量子力学\量子纠缠的几何理论\量子纠缠的几何本源：基于空间螺旋运动的统一场论诠释（求导验证版）.md,B,未审计，待逐件裁定,已复制
01-核心论文/00-解决传统物理问题论文/量子力学/量子纠缠的几何相对论/量子纠缠的几何本源：基于空间螺旋运动的统一场论诠释.md,33543,90_历史归档\来源语料_utf_20261009\语料\01-核心论文\00-解决传统物理问题论文\量子力学\量子纠缠的几何相对论\量子纠缠的几何本源：基于空间螺旋运动的统一场论诠释.md,B,未审计，待逐件裁定,已复制
01-核心论文/00-解决传统物理问题论文/量子力学/量子纠缠的几何相对论/量子纠缠的几何本源：基于空间螺旋运动的统一场论诠释（求导验证版）.md,20707,90_历史归档\来源语料_utf_20261009\语料\01-核心论文\00-解决传统物理问题论文\量子力学\量子纠缠的几何相对论\量子纠缠的几何本源：基于空间螺旋运动的统一场论诠释（求导验证版）.md,B,未审计，待逐件裁定,已复制
01-核心论文/00-解决传统物理问题论文/量子力学/量子纠缠的几何统计力学/量子纠缠的几何本源：基于空间螺旋运动的统一场论诠释.md,27964,90_历史归档\来源语料_utf_20261009\语料\01-核心论文\00-解决传统物理问题论文\量子力学\量子纠缠的几何统计力学\量子纠缠的几何本源：基于空间螺旋运动的统一场论诠释.md,B,未审计，待逐件裁定,已复制
01-核心论文/00-解决传统物理问题论文/量子力学/量子纠缠的几何表示/量子纠缠的几何本源：基于空间螺旋运动的统一场论诠释.md,30331,90_历史归档\来源语料_utf_20261009\语料\01-核心论文\00-解决传统物理问题论文\量子力学\量子纠缠的几何表示\量子纠缠的几何本源：基于空间螺旋运动的统一场论诠释.md,B,未审计，待逐件裁定,已复制
01-核心论文/00-解决传统物理问题论文/量子力学/量子纠缠的几何表示方法/量子纠缠的几何本源：基于空间螺旋运动的统一场论诠释.md,29407,90_历史归档\来源语料_utf_20261009\语料\01-核心论文\00-解决传统物理问题论文\量子力学\量子纠缠的几何表示方法\量子纠缠的几何本源：基于空间螺旋运动的统一场论诠释.md,B,未审计，待逐件裁定,已复制
01-核心论文/00-解决传统物理问题论文/量子力学/量子纠缠的几何解释/量子纠缠的几何本源：基于空间螺旋运动的统一场论诠释.md,30064,90_历史归档\来源语料_utf_20261009\语料\01-核心论文\00-解决传统物理问题论文\量子力学\量子纠缠的几何解释\量子纠缠的几何本源：基于空间螺旋运动的统一场论诠释.md,B,未审计，待逐件裁定,已复制
01-核心论文/00-解决传统物理问题论文/量子力学/量子纠缠的几何解释/量子纠缠的几何本源：基于空间螺旋运动的统一场论诠释（求导验证版）.md,12772,90_历史归档\来源语料_utf_20261009\语料\01-核心论文\00-解决传统物理问题论文\量子力学\量子纠缠的几何解释\量子纠缠的几何本源：基于空间螺旋运动的统一场论诠释（求导验证版）.md,B,未审计，待逐件裁定,已复制
01-核心论文/00-解决传统物理问题论文/量子力学/量子纠缠的几何解释方法/量子纠缠的几何本源：基于空间螺旋运动的统一场论诠释.md,30733,90_历史归档\来源语料_utf_20261009\语料\01-核心论文\00-解决传统物理问题论文\量子力学\量子纠缠的几何解释方法\量子纠缠的几何本源：基于空间螺旋运动的统一场论诠释.md,B,未审计，待逐件裁定,已复制
01-核心论文/00-解决传统物理问题论文/量子力学/量子纠缠的几何量子传感/量子纠缠的几何本源：基于空间螺旋运动的统一场论诠释.md,6109,90_历史归档\来源语料_utf_20261009\语料\01-核心论文\00-解决传统物理问题论文\量子力学\量子纠缠的几何量子传感\量子纠缠的几何本源：基于空间螺旋运动的统一场论诠释.md,B,未审计，待逐件裁定,已复制
01-核心论文/00-解决传统物理问题论文/量子力学/量子纠缠的几何量子信息/量子纠缠的几何本源：基于空间螺旋运动的统一场论诠释.md,7006,90_历史归档\来源语料_utf_20261009\语料\01-核心论文\00-解决传统物理问题论文\量子力学\量子纠缠的几何量子信息\量子纠缠的几何本源：基于空间螺旋运动的统一场论诠释.md,B,未审计，待逐件裁定,已复制
01-核心论文/00-解决传统物理问题论文/量子力学/量子纠缠的几何量子信息处理/量子纠缠的几何本源：基于空间螺旋运动的统一场论诠释.md,7505,90_历史归档\来源语料_utf_20261009\语料\01-核心论文\00-解决传统物理问题论文\量子力学\量子纠缠的几何量子信息处理\量子纠缠的几何本源：基于空间螺旋运动的统一场论诠释.md,B,未审计，待逐件裁定,已复制
01-核心论文/00-解决传统物理问题论文/量子力学/量子纠缠的几何量子信息学/量子纠缠的几何本源：基于空间螺旋运动的统一场论诠释(新).md,8148,90_历史归档\来源语料_utf_20261009\语料\01-核心论文\00-解决传统物理问题论文\量子力学\量子纠缠的几何量子信息学\量子纠缠的几何本源：基于空间螺旋运动的统一场论诠释(新).md,B,未审计，待逐件裁定,已复制
01-核心论文/00-解决传统物理问题论文/量子力学/量子纠缠的几何量子信息学/量子纠缠的几何本源：基于空间螺旋运动的统一场论诠释.md,7215,90_历史归档\来源语料_utf_20261009\语料\01-核心论文\00-解决传统物理问题论文\量子力学\量子纠缠的几何量子信息学\量子纠缠的几何本源：基于空间螺旋运动的统一场论诠释.md,B,未审计，待逐件裁定,已复制
01-核心论文/00-解决传统物理问题论文/量子力学/量子纠缠的几何量子信息论/量子纠缠的几何本源：基于空间螺旋运动的统一场论诠释.md,37956,90_历史归档\来源语料_utf_20261009\语料\01-核心论文\00-解决传统物理问题论文\量子力学\量子纠缠的几何量子信息论\量子纠缠的几何本源：基于空间螺旋运动的统一场论诠释.md,B,未审计，待逐件裁定,已复制
01-核心论文/00-解决传统物理问题论文/量子力学/量子纠缠的几何量子光学/量子纠缠的几何本源：基于空间螺旋运动的统一场论诠释(新).md,7422,90_历史归档\来源语料_utf_20261009\语料\01-核心论文\00-解决传统物理问题论文\量子力学\量子纠缠的几何量子光学\量子纠缠的几何本源：基于空间螺旋运动的统一场论诠释(新).md,B,未审计，待逐件裁定,已复制
01-核心论文/00-解决传统物理问题论文/量子力学/量子纠缠的几何量子光学/量子纠缠的几何本源：基于空间螺旋运动的统一场论诠释.md,6763,90_历史归档\来源语料_utf_20261009\语料\01-核心论文\00-解决传统物理问题论文\量子力学\量子纠缠的几何量子光学\量子纠缠的几何本源：基于空间螺旋运动的统一场论诠释.md,B,未审计，待逐件裁定,已复制
01-核心论文/00-解决传统物理问题论文/量子力学/量子纠缠的几何量子力学/量子纠缠的几何本源：基于空间螺旋运动的统一场论诠释.md,27579,90_历史归档\来源语料_utf_20261009\语料\01-核心论文\00-解决传统物理问题论文\量子力学\量子纠缠的几何量子力学\量子纠缠的几何本源：基于空间螺旋运动的统一场论诠释.md,B,未审计，待逐件裁定,已复制
01-核心论文/00-解决传统物理问题论文/量子力学/量子纠缠的几何量子加密/量子纠缠的几何本源：基于空间螺旋运动的统一场论诠释.md,7278,90_历史归档\来源语料_utf_20261009\语料\01-核心论文\00-解决传统物理问题论文\量子力学\量子纠缠的几何量子加密\量子纠缠的几何本源：基于空间螺旋运动的统一场论诠释.md,B,未审计，待逐件裁定,已复制
01-核心论文/00-解决传统物理问题论文/量子力学/量子纠缠的几何量子动力学/量子纠缠的几何本源：基于空间螺旋运动的统一场论诠释(新).md,7272,90_历史归档\来源语料_utf_20261009\语料\01-核心论文\00-解决传统物理问题论文\量子力学\量子纠缠的几何量子动力学\量子纠缠的几何本源：基于空间螺旋运动的统一场论诠释(新).md,B,未审计，待逐件裁定,已复制
01-核心论文/00-解决传统物理问题论文/量子力学/量子纠缠的几何量子动力学/量子纠缠的几何本源：基于空间螺旋运动的统一场论诠释.md,7228,90_历史归档\来源语料_utf_20261009\语料\01-核心论文\00-解决传统物理问题论文\量子力学\量子纠缠的几何量子动力学\量子纠缠的几何本源：基于空间螺旋运动的统一场论诠释.md,B,未审计，待逐件裁定,已复制
01-核心论文/00-解决传统物理问题论文/量子力学/量子纠缠的几何量子化学/量子纠缠的几何本源：基于空间螺旋运动的统一场论诠释(新).md,7383,90_历史归档\来源语料_utf_20261009\语料\01-核心论文\00-解决传统物理问题论文\量子力学\量子纠缠的几何量子化学\量子纠缠的几何本源：基于空间螺旋运动的统一场论诠释(新).md,B,未审计，待逐件裁定,已复制
01-核心论文/00-解决传统物理问题论文/量子力学/量子纠缠的几何量子化学/量子纠缠的几何本源：基于空间螺旋运动的统一场论诠释.md,6061,90_历史归档\来源语料_utf_20261009\语料\01-核心论文\00-解决传统物理问题论文\量子力学\量子纠缠的几何量子化学\量子纠缠的几何本源：基于空间螺旋运动的统一场论诠释.md,B,未审计，待逐件裁定,已复制
01-核心论文/00-解决传统物理问题论文/量子力学/量子纠缠的几何量子医学/量子纠缠的几何本源：基于空间螺旋运动的统一场论诠释.md,7170,90_历史归档\来源语料_utf_20261009\语料\01-核心论文\00-解决传统物理问题论文\量子力学\量子纠缠的几何量子医学\量子纠缠的几何本源：基于空间螺旋运动的统一场论诠释.md,B,未审计，待逐件裁定,已复制
01-核心论文/00-解决传统物理问题论文/量子力学/量子纠缠的几何量子固体物理学/量子纠缠的几何本源：基于空间螺旋运动的统一场论诠释.md,8198,90_历史归档\来源语料_utf_20261009\语料\01-核心论文\00-解决传统物理问题论文\量子力学\量子纠缠的几何量子固体物理学\量子纠缠的几何本源：基于空间螺旋运动的统一场论诠释.md,B,未审计，待逐件裁定,已复制
01-核心论文/00-解决传统物理问题论文/量子力学/量子纠缠的几何量子场论/量子纠缠的几何本源：基于空间螺旋运动的统一场论诠释(新).md,7769,90_历史归档\来源语料_utf_20261009\语料\01-核心论文\00-解决传统物理问题论文\量子力学\量子纠缠的几何量子场论\量子纠缠的几何本源：基于空间螺旋运动的统一场论诠释(新).md,B,未审计，待逐件裁定,已复制
01-核心论文/00-解决传统物理问题论文/量子力学/量子纠缠的几何量子场论/量子纠缠的几何本源：基于空间螺旋运动的统一场论诠释.md,34302,90_历史归档\来源语料_utf_20261009\语料\01-核心论文\00-解决传统物理问题论文\量子力学\量子纠缠的几何量子场论\量子纠缠的几何本源：基于空间螺旋运动的统一场论诠释.md,B,未审计，待逐件裁定,已复制
01-核心论文/00-解决传统物理问题论文/量子力学/量子纠缠的几何量子多体/量子纠缠的几何本源：基于空间螺旋运动的统一场论诠释.md,6601,90_历史归档\来源语料_utf_20261009\语料\01-核心论文\00-解决传统物理问题论文\量子力学\量子纠缠的几何量子多体\量子纠缠的几何本源：基于空间螺旋运动的统一场论诠释.md,B,未审计，待逐件裁定,已复制
01-核心论文/00-解决传统物理问题论文/量子力学/量子纠缠的几何量子多体系统/量子纠缠的几何本源：基于空间螺旋运动的统一场论诠释.md,7346,90_历史归档\来源语料_utf_20261009\语料\01-核心论文\00-解决传统物理问题论文\量子力学\量子纠缠的几何量子多体系统\量子纠缠的几何本源：基于空间螺旋运动的统一场论诠释.md,B,未审计，待逐件裁定,已复制
01-核心论文/00-解决传统物理问题论文/量子力学/量子纠缠的几何量子宇宙学/量子纠缠的几何本源：基于空间螺旋运动的统一场论诠释(新).md,8181,90_历史归档\来源语料_utf_20261009\语料\01-核心论文\00-解决传统物理问题论文\量子力学\量子纠缠的几何量子宇宙学\量子纠缠的几何本源：基于空间螺旋运动的统一场论诠释(新).md,B,未审计，待逐件裁定,已复制
01-核心论文/00-解决传统物理问题论文/量子力学/量子纠缠的几何量子宇宙学/量子纠缠的几何本源：基于空间螺旋运动的统一场论诠释.md,7644,90_历史归档\来源语料_utf_20261009\语料\01-核心论文\00-解决传统物理问题论文\量子力学\量子纠缠的几何量子宇宙学\量子纠缠的几何本源：基于空间螺旋运动的统一场论诠释.md,B,未审计，待逐件裁定,已复制
01-核心论文/00-解决传统物理问题论文/量子力学/量子纠缠的几何量子密码/量子纠缠的几何本源：基于空间螺旋运动的统一场论诠释.md,7303,90_历史归档\来源语料_utf_20261009\语料\01-核心论文\00-解决传统物理问题论文\量子力学\量子纠缠的几何量子密码\量子纠缠的几何本源：基于空间螺旋运动的统一场论诠释.md,B,未审计，待逐件裁定,已复制
01-核心论文/00-解决传统物理问题论文/量子力学/量子纠缠的几何量子密码学/量子纠缠的几何本源：基于空间螺旋运动的统一场论诠释.md,7444,90_历史归档\来源语料_utf_20261009\语料\01-核心论文\00-解决传统物理问题论文\量子力学\量子纠缠的几何量子密码学\量子纠缠的几何本源：基于空间螺旋运动的统一场论诠释.md,B,未审计，待逐件裁定,已复制
01-核心论文/00-解决传统物理问题论文/量子力学/量子纠缠的几何量子工程/量子纠缠的几何本源：基于空间螺旋运动的统一场论诠释(新).md,7281,90_历史归档\来源语料_utf_20261009\语料\01-核心论文\00-解决传统物理问题论文\量子力学\量子纠缠的几何量子工程\量子纠缠的几何本源：基于空间螺旋运动的统一场论诠释(新).md,B,未审计，待逐件裁定,已复制
01-核心论文/00-解决传统物理问题论文/量子力学/量子纠缠的几何量子工程/量子纠缠的几何本源：基于空间螺旋运动的统一场论诠释.md,7334,90_历史归档\来源语料_utf_20261009\语料\01-核心论文\00-解决传统物理问题论文\量子力学\量子纠缠的几何量子工程\量子纠缠的几何本源：基于空间螺旋运动的统一场论诠释.md,B,未审计，待逐件裁定,已复制
01-核心论文/00-解决传统物理问题论文/量子力学/量子纠缠的几何量子引力/量子纠缠的几何本源：基于空间螺旋运动的统一场论诠释(新).md,8060,90_历史归档\来源语料_utf_20261009\语料\01-核心论文\00-解决传统物理问题论文\量子力学\量子纠缠的几何量子引力\量子纠缠的几何本源：基于空间螺旋运动的统一场论诠释(新).md,B,未审计，待逐件裁定,已复制
01-核心论文/00-解决传统物理问题论文/量子力学/量子纠缠的几何量子引力/量子纠缠的几何本源：基于空间螺旋运动的统一场论诠释.md,6476,90_历史归档\来源语料_utf_20261009\语料\01-核心论文\00-解决传统物理问题论文\量子力学\量子纠缠的几何量子引力\量子纠缠的几何本源：基于空间螺旋运动的统一场论诠释.md,B,未审计，待逐件裁定,已复制
01-核心论文/00-解决传统物理问题论文/量子力学/量子纠缠的几何量子拓扑学/量子纠缠的几何本源：基于空间螺旋运动的统一场论诠释.md,7327,90_历史归档\来源语料_utf_20261009\语料\01-核心论文\00-解决传统物理问题论文\量子力学\量子纠缠的几何量子拓扑学\量子纠缠的几何本源：基于空间螺旋运动的统一场论诠释.md,B,未审计，待逐件裁定,已复制
01-核心论文/00-解决传统物理问题论文/量子力学/量子纠缠的几何量子控制/量子纠缠的几何本源：基于空间螺旋运动的统一场论诠释(新).md,7135,90_历史归档\来源语料_utf_20261009\语料\01-核心论文\00-解决传统物理问题论文\量子力学\量子纠缠的几何量子控制\量子纠缠的几何本源：基于空间螺旋运动的统一场论诠释(新).md,B,未审计，待逐件裁定,已复制
01-核心论文/00-解决传统物理问题论文/量子力学/量子纠缠的几何量子控制/量子纠缠的几何本源：基于空间螺旋运动的统一场论诠释.md,42283,90_历史归档\来源语料_utf_20261009\语料\01-核心论文\00-解决传统物理问题论文\量子力学\量子纠缠的几何量子控制\量子纠缠的几何本源：基于空间螺旋运动的统一场论诠释.md,B,未审计，待逐件裁定,已复制
01-核心论文/00-解决传统物理问题论文/量子力学/量子纠缠的几何量子控制理论/量子纠缠的几何本源：基于空间螺旋运动的统一场论诠释.md,7131,90_历史归档\来源语料_utf_20261009\语料\01-核心论文\00-解决传统物理问题论文\量子力学\量子纠缠的几何量子控制理论\量子纠缠的几何本源：基于空间螺旋运动的统一场论诠释.md,B,未审计，待逐件裁定,已复制
01-核心论文/00-解决传统物理问题论文/量子力学/量子纠缠的几何量子机器学习/量子纠缠的几何本源：基于空间螺旋运动的统一场论诠释.md,7496,90_历史归档\来源语料_utf_20261009\语料\01-核心论文\00-解决传统物理问题论文\量子力学\量子纠缠的几何量子机器学习\量子纠缠的几何本源：基于空间螺旋运动的统一场论诠释.md,B,未审计，待逐件裁定,已复制
01-核心论文/00-解决传统物理问题论文/量子力学/量子纠缠的几何量子材料科学/量子纠缠的几何本源：基于空间螺旋运动的统一场论诠释(新).md,8231,90_历史归档\来源语料_utf_20261009\语料\01-核心论文\00-解决传统物理问题论文\量子力学\量子纠缠的几何量子材料科学\量子纠缠的几何本源：基于空间螺旋运动的统一场论诠释(新).md,B,未审计，待逐件裁定,已复制
01-核心论文/00-解决传统物理问题论文/量子力学/量子纠缠的几何量子材料科学/量子纠缠的几何本源：基于空间螺旋运动的统一场论诠释.md,7502,90_历史归档\来源语料_utf_20261009\语料\01-核心论文\00-解决传统物理问题论文\量子力学\量子纠缠的几何量子材料科学\量子纠缠的几何本源：基于空间螺旋运动的统一场论诠释.md,B,未审计，待逐件裁定,已复制
01-核心论文/00-解决传统物理问题论文/量子力学/量子纠缠的几何量子模拟/量子纠缠的几何本源：基于空间螺旋运动的统一场论诠释.md,6740,90_历史归档\来源语料_utf_20261009\语料\01-核心论文\00-解决传统物理问题论文\量子力学\量子纠缠的几何量子模拟\量子纠缠的几何本源：基于空间螺旋运动的统一场论诠释.md,B,未审计，待逐件裁定,已复制
01-核心论文/00-解决传统物理问题论文/量子力学/量子纠缠的几何量子模拟优化/量子纠缠的几何本源：基于空间螺旋运动的统一场论诠释.md,7512,90_历史归档\来源语料_utf_20261009\语料\01-核心论文\00-解决传统物理问题论文\量子力学\量子纠缠的几何量子模拟优化\量子纠缠的几何本源：基于空间螺旋运动的统一场论诠释.md,B,未审计，待逐件裁定,已复制
01-核心论文/00-解决传统物理问题论文/量子力学/量子纠缠的几何量子模拟算法/量子纠缠的几何本源：基于空间螺旋运动的统一场论诠释.md,7215,90_历史归档\来源语料_utf_20261009\语料\01-核心论文\00-解决传统物理问题论文\量子力学\量子纠缠的几何量子模拟算法\量子纠缠的几何本源：基于空间螺旋运动的统一场论诠释.md,B,未审计，待逐件裁定,已复制
01-核心论文/00-解决传统物理问题论文/量子力学/量子纠缠的几何量子流体力学/量子纠缠的几何本源：基于空间螺旋运动的统一场论诠释.md,7927,90_历史归档\来源语料_utf_20261009\语料\01-核心论文\00-解决传统物理问题论文\量子力学\量子纠缠的几何量子流体力学\量子纠缠的几何本源：基于空间螺旋运动的统一场论诠释.md,B,未审计，待逐件裁定,已复制
01-核心论文/00-解决传统物理问题论文/量子力学/量子纠缠的几何量子测量/量子纠缠的几何本源：基于空间螺旋运动的统一场论诠释.md,41449,90_历史归档\来源语料_utf_20261009\语料\01-核心论文\00-解决传统物理问题论文\量子力学\量子纠缠的几何量子测量\量子纠缠的几何本源：基于空间螺旋运动的统一场论诠释.md,B,未审计，待逐件裁定,已复制
01-核心论文/00-解决传统物理问题论文/量子力学/量子纠缠的几何量子混沌/量子纠缠的几何本源：基于空间螺旋运动的统一场论诠释.md,6576,90_历史归档\来源语料_utf_20261009\语料\01-核心论文\00-解决传统物理问题论文\量子力学\量子纠缠的几何量子混沌\量子纠缠的几何本源：基于空间螺旋运动的统一场论诠释.md,B,未审计，待逐件裁定,已复制
01-核心论文/00-解决传统物理问题论文/量子力学/量子纠缠的几何量子混沌学/量子纠缠的几何本源：基于空间螺旋运动的统一场论诠释.md,7484,90_历史归档\来源语料_utf_20261009\语料\01-核心论文\00-解决传统物理问题论文\量子力学\量子纠缠的几何量子混沌学\量子纠缠的几何本源：基于空间螺旋运动的统一场论诠释.md,B,未审计，待逐件裁定,已复制
01-核心论文/00-解决传统物理问题论文/量子力学/量子纠缠的几何量子热力学/量子纠缠的几何本源：基于空间螺旋运动的统一场论诠释(新).md,7408,90_历史归档\来源语料_utf_20261009\语料\01-核心论文\00-解决传统物理问题论文\量子力学\量子纠缠的几何量子热力学\量子纠缠的几何本源：基于空间螺旋运动的统一场论诠释(新).md,B,未审计，待逐件裁定,已复制
01-核心论文/00-解决传统物理问题论文/量子力学/量子纠缠的几何量子热力学/量子纠缠的几何本源：基于空间螺旋运动的统一场论诠释.md,7492,90_历史归档\来源语料_utf_20261009\语料\01-核心论文\00-解决传统物理问题论文\量子力学\量子纠缠的几何量子热力学\量子纠缠的几何本源：基于空间螺旋运动的统一场论诠释.md,B,未审计，待逐件裁定,已复制
01-核心论文/00-解决传统物理问题论文/量子力学/量子纠缠的几何量子生物/量子纠缠的几何本源：基于空间螺旋运动的统一场论诠释.md,7357,90_历史归档\来源语料_utf_20261009\语料\01-核心论文\00-解决传统物理问题论文\量子力学\量子纠缠的几何量子生物\量子纠缠的几何本源：基于空间螺旋运动的统一场论诠释.md,B,未审计，待逐件裁定,已复制
01-核心论文/00-解决传统物理问题论文/量子力学/量子纠缠的几何量子生物学/量子纠缠的几何本源：基于空间螺旋运动的统一场论诠释(新).md,8322,90_历史归档\来源语料_utf_20261009\语料\01-核心论文\00-解决传统物理问题论文\量子力学\量子纠缠的几何量子生物学\量子纠缠的几何本源：基于空间螺旋运动的统一场论诠释(新).md,B,未审计，待逐件裁定,已复制
01-核心论文/00-解决传统物理问题论文/量子力学/量子纠缠的几何量子生物学/量子纠缠的几何本源：基于空间螺旋运动的统一场论诠释(新2).md,8424,90_历史归档\来源语料_utf_20261009\语料\01-核心论文\00-解决传统物理问题论文\量子力学\量子纠缠的几何量子生物学\量子纠缠的几何本源：基于空间螺旋运动的统一场论诠释(新2).md,B,未审计，待逐件裁定,已复制
01-核心论文/00-解决传统物理问题论文/量子力学/量子纠缠的几何量子生物学/量子纠缠的几何本源：基于空间螺旋运动的统一场论诠释.md,6128,90_历史归档\来源语料_utf_20261009\语料\01-核心论文\00-解决传统物理问题论文\量子力学\量子纠缠的几何量子生物学\量子纠缠的几何本源：基于空间螺旋运动的统一场论诠释.md,B,未审计，待逐件裁定,已复制
01-核心论文/00-解决传统物理问题论文/量子力学/量子纠缠的几何量子生物物理学/量子纠缠的几何本源：基于空间螺旋运动的统一场论诠释.md,8066,90_历史归档\来源语料_utf_20261009\语料\01-核心论文\00-解决传统物理问题论文\量子力学\量子纠缠的几何量子生物物理学\量子纠缠的几何本源：基于空间螺旋运动的统一场论诠释.md,B,未审计，待逐件裁定,已复制
01-核心论文/00-解决传统物理问题论文/量子力学/量子纠缠的几何量子生物计算/量子纠缠的几何本源：基于空间螺旋运动的统一场论诠释.md,7713,90_历史归档\来源语料_utf_20261009\语料\01-核心论文\00-解决传统物理问题论文\量子力学\量子纠缠的几何量子生物计算\量子纠缠的几何本源：基于空间螺旋运动的统一场论诠释.md,B,未审计，待逐件裁定,已复制
01-核心论文/00-解决传统物理问题论文/量子力学/量子纠缠的几何量子精密测量/量子纠缠的几何本源：基于空间螺旋运动的统一场论诠释.md,7408,90_历史归档\来源语料_utf_20261009\语料\01-核心论文\00-解决传统物理问题论文\量子力学\量子纠缠的几何量子精密测量\量子纠缠的几何本源：基于空间螺旋运动的统一场论诠释.md,B,未审计，待逐件裁定,已复制
01-核心论文/00-解决传统物理问题论文/量子力学/量子纠缠的几何量子系统/量子纠缠的几何本源：基于空间螺旋运动的统一场论诠释.md,6941,90_历史归档\来源语料_utf_20261009\语料\01-核心论文\00-解决传统物理问题论文\量子力学\量子纠缠的几何量子系统\量子纠缠的几何本源：基于空间螺旋运动的统一场论诠释.md,B,未审计，待逐件裁定,已复制
01-核心论文/00-解决传统物理问题论文/量子力学/量子纠缠的几何量子纠缠态/量子纠缠的几何本源：基于空间螺旋运动的统一场论诠释.md,6713,90_历史归档\来源语料_utf_20261009\语料\01-核心论文\00-解决传统物理问题论文\量子力学\量子纠缠的几何量子纠缠态\量子纠缠的几何本源：基于空间螺旋运动的统一场论诠释.md,B,未审计，待逐件裁定,已复制
01-核心论文/00-解决传统物理问题论文/量子力学/量子纠缠的几何量子统计力学/量子纠缠的几何本源：基于空间螺旋运动的统一场论诠释(新).md,7994,90_历史归档\来源语料_utf_20261009\语料\01-核心论文\00-解决传统物理问题论文\量子力学\量子纠缠的几何量子统计力学\量子纠缠的几何本源：基于空间螺旋运动的统一场论诠释(新).md,B,未审计，待逐件裁定,已复制
01-核心论文/00-解决传统物理问题论文/量子力学/量子纠缠的几何量子统计力学/量子纠缠的几何本源：基于空间螺旋运动的统一场论诠释.md,7355,90_历史归档\来源语料_utf_20261009\语料\01-核心论文\00-解决传统物理问题论文\量子力学\量子纠缠的几何量子统计力学\量子纠缠的几何本源：基于空间螺旋运动的统一场论诠释.md,B,未审计，待逐件裁定,已复制
01-核心论文/00-解决传统物理问题论文/量子力学/量子纠缠的几何量子网络/量子纠缠的几何本源：基于空间螺旋运动的统一场论诠释.md,7163,90_历史归档\来源语料_utf_20261009\语料\01-核心论文\00-解决传统物理问题论文\量子力学\量子纠缠的几何量子网络\量子纠缠的几何本源：基于空间螺旋运动的统一场论诠释.md,B,未审计，待逐件裁定,已复制
01-核心论文/00-解决传统物理问题论文/量子力学/量子纠缠的几何量子计算/量子纠缠的几何本源：基于空间螺旋运动的统一场论诠释.md,6038,90_历史归档\来源语料_utf_20261009\语料\01-核心论文\00-解决传统物理问题论文\量子力学\量子纠缠的几何量子计算\量子纠缠的几何本源：基于空间螺旋运动的统一场论诠释.md,B,未审计，待逐件裁定,已复制
01-核心论文/00-解决传统物理问题论文/量子力学/量子纠缠的几何量子计算优化/量子纠缠的几何本源：基于空间螺旋运动的统一场论诠释.md,7598,90_历史归档\来源语料_utf_20261009\语料\01-核心论文\00-解决传统物理问题论文\量子力学\量子纠缠的几何量子计算优化\量子纠缠的几何本源：基于空间螺旋运动的统一场论诠释.md,B,未审计，待逐件裁定,已复制
01-核心论文/00-解决传统物理问题论文/量子力学/量子纠缠的几何量子计算架构/量子纠缠的几何本源：基于空间螺旋运动的统一场论诠释.md,7366,90_历史归档\来源语料_utf_20261009\语料\01-核心论文\00-解决传统物理问题论文\量子力学\量子纠缠的几何量子计算架构\量子纠缠的几何本源：基于空间螺旋运动的统一场论诠释.md,B,未审计，待逐件裁定,已复制
01-核心论文/00-解决传统物理问题论文/量子力学/量子纠缠的几何量子计量/量子纠缠的几何本源：基于空间螺旋运动的统一场论诠释.md,7063,90_历史归档\来源语料_utf_20261009\语料\01-核心论文\00-解决传统物理问题论文\量子力学\量子纠缠的几何量子计量\量子纠缠的几何本源：基于空间螺旋运动的统一场论诠释.md,B,未审计，待逐件裁定,已复制
01-核心论文/00-解决传统物理问题论文/量子力学/量子纠缠的几何量子计量学/量子纠缠的几何本源：基于空间螺旋运动的统一场论诠释.md,7153,90_历史归档\来源语料_utf_20261009\语料\01-核心论文\00-解决传统物理问题论文\量子力学\量子纠缠的几何量子计量学\量子纠缠的几何本源：基于空间螺旋运动的统一场论诠释.md,B,未审计，待逐件裁定,已复制
01-核心论文/00-解决传统物理问题论文/量子力学/量子纠缠的几何量子认知科学/量子纠缠的几何本源：基于空间螺旋运动的统一场论诠释.md,7676,90_历史归档\来源语料_utf_20261009\语料\01-核心论文\00-解决传统物理问题论文\量子力学\量子纠缠的几何量子认知科学\量子纠缠的几何本源：基于空间螺旋运动的统一场论诠释.md,B,未审计，待逐件裁定,已复制
01-核心论文/00-解决传统物理问题论文/量子力学/量子纠缠的几何量子退相干/量子纠缠的几何本源：基于空间螺旋运动的统一场论诠释.md,7437,90_历史归档\来源语料_utf_20261009\语料\01-核心论文\00-解决传统物理问题论文\量子力学\量子纠缠的几何量子退相干\量子纠缠的几何本源：基于空间螺旋运动的统一场论诠释.md,B,未审计，待逐件裁定,已复制
01-核心论文/00-解决传统物理问题论文/量子力学/量子纠缠的几何量子通信/量子纠缠的几何本源：基于空间螺旋运动的统一场论诠释.md,7817,90_历史归档\来源语料_utf_20261009\语料\01-核心论文\00-解决传统物理问题论文\量子力学\量子纠缠的几何量子通信\量子纠缠的几何本源：基于空间螺旋运动的统一场论诠释.md,B,未审计，待逐件裁定,已复制
01-核心论文/00-解决传统物理问题论文/量子力学/量子纠缠的几何量子通讯/量子纠缠的几何本源：基于空间螺旋运动的统一场论诠释.md,6469,90_历史归档\来源语料_utf_20261009\语料\01-核心论文\00-解决传统物理问题论文\量子力学\量子纠缠的几何量子通讯\量子纠缠的几何本源：基于空间螺旋运动的统一场论诠释.md,B,未审计，待逐件裁定,已复制
01-核心论文/00-解决传统物理问题论文/量子力学/量子纠缠的超距作用/量子纠缠的超距作用几何本源：基于空间螺旋运动的统一场论诠释.md,29605,90_历史归档\来源语料_utf_20261009\语料\01-核心论文\00-解决传统物理问题论文\量子力学\量子纠缠的超距作用\量子纠缠的超距作用几何本源：基于空间螺旋运动的统一场论诠释.md,B,未审计，待逐件裁定,已复制
01-核心论文/00-解决传统物理问题论文/量子力学/量子纠缠的非局域性/量子纠缠的非局域性几何本源：基于空间螺旋运动的统一场论诠释.md,27470,90_历史归档\来源语料_utf_20261009\语料\01-核心论文\00-解决传统物理问题论文\量子力学\量子纠缠的非局域性\量子纠缠的非局域性几何本源：基于空间螺旋运动的统一场论诠释.md,B,未审计，待逐件裁定,已复制
01-核心论文/00-解决传统物理问题论文/量子力学/量子纠缠超距作用/量子纠缠超距作用的几何本源：基于空间螺旋运动的统一场论诠释.md,14634,90_历史归档\来源语料_utf_20261009\语料\01-核心论文\00-解决传统物理问题论文\量子力学\量子纠缠超距作用\量子纠缠超距作用的几何本源：基于空间螺旋运动的统一场论诠释.md,B,未审计，待逐件裁定,已复制
01-核心论文/00-解决传统物理问题论文/量子力学/量子自旋液体/量子自旋液体的几何本源：基于空间螺旋运动的统一场论诠释.md,21937,90_历史归档\来源语料_utf_20261009\语料\01-核心论文\00-解决传统物理问题论文\量子力学\量子自旋液体\量子自旋液体的几何本源：基于空间螺旋运动的统一场论诠释.md,B,未审计，待逐件裁定,已复制
01-核心论文/00-解决传统物理问题论文/量子力学/量子芝诺效应/量子芝诺效应的几何本源：基于空间螺旋运动的统一场论诠释.md,30242,90_历史归档\来源语料_utf_20261009\语料\01-核心论文\00-解决传统物理问题论文\量子力学\量子芝诺效应\量子芝诺效应的几何本源：基于空间螺旋运动的统一场论诠释.md,B,未审计，待逐件裁定,已复制
01-核心论文/00-解决传统物理问题论文/量子力学/量子跃迁/量子跃迁的几何本源：基于空间螺旋运动的统一场论诠释.md,25811,90_历史归档\来源语料_utf_20261009\语料\01-核心论文\00-解决传统物理问题论文\量子力学\量子跃迁\量子跃迁的几何本源：基于空间螺旋运动的统一场论诠释.md,B,未审计，待逐件裁定,已复制
01-核心论文/00-解决传统物理问题论文/量子力学/量子跃迁的几何意义/量子跃迁的几何本源：基于空间螺旋运动的统一场论诠释.md,31220,90_历史归档\来源语料_utf_20261009\语料\01-核心论文\00-解决传统物理问题论文\量子力学\量子跃迁的几何意义\量子跃迁的几何本源：基于空间螺旋运动的统一场论诠释.md,B,未审计，待逐件裁定,已复制
01-核心论文/00-解决传统物理问题论文/量子力学/量子跃迁的非连续性/量子跃迁的非连续性几何本源：基于空间螺旋运动的统一场论诠释.md,25802,90_历史归档\来源语料_utf_20261009\语料\01-核心论文\00-解决传统物理问题论文\量子力学\量子跃迁的非连续性\量子跃迁的非连续性几何本源：基于空间螺旋运动的统一场论诠释.md,B,未审计，待逐件裁定,已复制
01-核心论文/00-解决传统物理问题论文/量子力学/量子跃迁的非连续性/量子跃迁的非连续性几何本源：基于空间螺旋运动的统一场论诠释（求导验证版）.md,31622,90_历史归档\来源语料_utf_20261009\语料\01-核心论文\00-解决传统物理问题论文\量子力学\量子跃迁的非连续性\量子跃迁的非连续性几何本源：基于空间螺旋运动的统一场论诠释（求导验证版）.md,B,未审计，待逐件裁定,已复制
01-核心论文/00-解决传统物理问题论文/量子力学/量子退相干/量子退相干的几何本源：基于空间螺旋运动的统一场论诠释.md,28324,90_历史归档\来源语料_utf_20261009\语料\01-核心论文\00-解决传统物理问题论文\量子力学\量子退相干\量子退相干的几何本源：基于空间螺旋运动的统一场论诠释.md,B,未审计，待逐件裁定,已复制
01-核心论文/00-解决传统物理问题论文/量子力学/量子退相干/量子退相干的几何本源：基于空间螺旋运动的统一场论诠释（求导验证版）.md,41986,90_历史归档\来源语料_utf_20261009\语料\01-核心论文\00-解决传统物理问题论文\量子力学\量子退相干\量子退相干的几何本源：基于空间螺旋运动的统一场论诠释（求导验证版）.md,B,未审计，待逐件裁定,已复制
01-核心论文/00-解决传统物理问题论文/量子力学/量子退相干的几何意义/量子退相干的几何本源：基于空间螺旋运动的统一场论诠释.md,31782,90_历史归档\来源语料_utf_20261009\语料\01-核心论文\00-解决传统物理问题论文\量子力学\量子退相干的几何意义\量子退相干的几何本源：基于空间螺旋运动的统一场论诠释.md,B,未审计，待逐件裁定,已复制
01-核心论文/00-解决传统物理问题论文/量子力学/量子隐形传态/量子隐形传态的几何本源：基于空间螺旋运动的统一场论诠释.md,29249,90_历史归档\来源语料_utf_20261009\语料\01-核心论文\00-解决传统物理问题论文\量子力学\量子隐形传态\量子隐形传态的几何本源：基于空间螺旋运动的统一场论诠释.md,B,未审计，待逐件裁定,已复制
01-核心论文/00-解决传统物理问题论文/量子力学/量子隧穿效应/量子隧穿效应的几何本源：基于空间螺旋运动的统一场论诠释.md,19056,90_历史归档\来源语料_utf_20261009\语料\01-核心论文\00-解决传统物理问题论文\量子力学\量子隧穿效应\量子隧穿效应的几何本源：基于空间螺旋运动的统一场论诠释.md,B,未审计，待逐件裁定,已复制
01-核心论文/00-解决传统物理问题论文/量子力学/量子隧道效应/量子隧道效应的几何本源：基于空间螺旋运动的统一场论诠释(自动优化版).md,30281,90_历史归档\来源语料_utf_20261009\语料\01-核心论文\00-解决传统物理问题论文\量子力学\量子隧道效应\量子隧道效应的几何本源：基于空间螺旋运动的统一场论诠释(自动优化版).md,B,未审计，待逐件裁定,已复制
01-核心论文/00-解决传统物理问题论文/量子力学/量子隧道效应/量子隧道效应的几何本源：基于空间螺旋运动的统一场论诠释.md,30334,90_历史归档\来源语料_utf_20261009\语料\01-核心论文\00-解决传统物理问题论文\量子力学\量子隧道效应\量子隧道效应的几何本源：基于空间螺旋运动的统一场论诠释.md,B,未审计，待逐件裁定,已复制
01-核心论文/00-解决传统物理问题论文/量子力学/量子隧道效应/量子隧道效应的几何本源：基于空间螺旋运动的统一场论诠释_备份_20251114_103200(自动优化版).md,30281,90_历史归档\来源语料_utf_20261009\语料\01-核心论文\00-解决传统物理问题论文\量子力学\量子隧道效应\量子隧道效应的几何本源：基于空间螺旋运动的统一场论诠释_备份_20251114_103200(自动优化版).md,B,未审计，待逐件裁定,已复制
01-核心论文/00-解决传统物理问题论文/量子力学/量子隧道效应/量子隧道效应的几何本源：基于空间螺旋运动的统一场论诠释_备份_20251114_103200.md,30334,90_历史归档\来源语料_utf_20261009\语料\01-核心论文\00-解决传统物理问题论文\量子力学\量子隧道效应\量子隧道效应的几何本源：基于空间螺旋运动的统一场论诠释_备份_20251114_103200.md,B,未审计，待逐件裁定,已复制
01-核心论文/00-解决传统物理问题论文/量子力学/量子隧道效应/量子隧道效应的几何本源：基于空间螺旋运动的统一场论诠释_备份_20251114_103243.md,30334,90_历史归档\来源语料_utf_20261009\语料\01-核心论文\00-解决传统物理问题论文\量子力学\量子隧道效应\量子隧道效应的几何本源：基于空间螺旋运动的统一场论诠释_备份_20251114_103243.md,B,未审计，待逐件裁定,已复制
01-核心论文/00-解决传统物理问题论文/量子力学/量子隧道效应/量子隧道效应的几何本源：基于空间螺旋运动的统一场论诠释_新(自动优化版).md,16680,90_历史归档\来源语料_utf_20261009\语料\01-核心论文\00-解决传统物理问题论文\量子力学\量子隧道效应\量子隧道效应的几何本源：基于空间螺旋运动的统一场论诠释_新(自动优化版).md,B,未审计，待逐件裁定,已复制
01-核心论文/00-解决传统物理问题论文/量子力学/量子隧道效应/量子隧道效应的几何本源：基于空间螺旋运动的统一场论诠释_新.md,16747,90_历史归档\来源语料_utf_20261009\语料\01-核心论文\00-解决传统物理问题论文\量子力学\量子隧道效应\量子隧道效应的几何本源：基于空间螺旋运动的统一场论诠释_新.md,B,未审计，待逐件裁定,已复制
01-核心论文/00-解决传统物理问题论文/量子力学/量子隧道效应/量子隧道效应的几何本源：基于空间螺旋运动的统一场论诠释_新_备份_20251114_103200(自动优化版).md,16680,90_历史归档\来源语料_utf_20261009\语料\01-核心论文\00-解决传统物理问题论文\量子力学\量子隧道效应\量子隧道效应的几何本源：基于空间螺旋运动的统一场论诠释_新_备份_20251114_103200(自动优化版).md,B,未审计，待逐件裁定,已复制
01-核心论文/00-解决传统物理问题论文/量子力学/量子隧道效应/量子隧道效应的几何本源：基于空间螺旋运动的统一场论诠释_新_备份_20251114_103200.md,16747,90_历史归档\来源语料_utf_20261009\语料\01-核心论文\00-解决传统物理问题论文\量子力学\量子隧道效应\量子隧道效应的几何本源：基于空间螺旋运动的统一场论诠释_新_备份_20251114_103200.md,B,未审计，待逐件裁定,已复制
01-核心论文/00-解决传统物理问题论文/量子力学/量子隧道效应/量子隧道效应的几何本源：基于空间螺旋运动的统一场论诠释_新_备份_20251114_103243.md,16747,90_历史归档\来源语料_utf_20261009\语料\01-核心论文\00-解决传统物理问题论文\量子力学\量子隧道效应\量子隧道效应的几何本源：基于空间螺旋运动的统一场论诠释_新_备份_20251114_103243.md,B,未审计，待逐件裁定,已复制
01-核心论文/00-解决传统物理问题论文/量子力学/量子隧道效应/量子隧道效应的几何本源：基于空间螺旋运动的统一场论诠释（求导验证版）(自动优化版).md,10114,90_历史归档\来源语料_utf_20261009\语料\01-核心论文\00-解决传统物理问题论文\量子力学\量子隧道效应\量子隧道效应的几何本源：基于空间螺旋运动的统一场论诠释（求导验证版）(自动优化版).md,B,未审计，待逐件裁定,已复制
01-核心论文/00-解决传统物理问题论文/量子力学/量子隧道效应/量子隧道效应的几何本源：基于空间螺旋运动的统一场论诠释（求导验证版）.md,10194,90_历史归档\来源语料_utf_20261009\语料\01-核心论文\00-解决传统物理问题论文\量子力学\量子隧道效应\量子隧道效应的几何本源：基于空间螺旋运动的统一场论诠释（求导验证版）.md,B,未审计，待逐件裁定,已复制
01-核心论文/00-解决传统物理问题论文/量子力学/量子隧道效应/量子隧道效应的几何本源：基于空间螺旋运动的统一场论诠释（求导验证版）_备份_20251114_103200(自动优化版).md,10114,90_历史归档\来源语料_utf_20261009\语料\01-核心论文\00-解决传统物理问题论文\量子力学\量子隧道效应\量子隧道效应的几何本源：基于空间螺旋运动的统一场论诠释（求导验证版）_备份_20251114_103200(自动优化版).md,B,未审计，待逐件裁定,已复制
01-核心论文/00-解决传统物理问题论文/量子力学/量子隧道效应/量子隧道效应的几何本源：基于空间螺旋运动的统一场论诠释（求导验证版）_备份_20251114_103200.md,10194,90_历史归档\来源语料_utf_20261009\语料\01-核心论文\00-解决传统物理问题论文\量子力学\量子隧道效应\量子隧道效应的几何本源：基于空间螺旋运动的统一场论诠释（求导验证版）_备份_20251114_103200.md,B,未审计，待逐件裁定,已复制
01-核心论文/00-解决传统物理问题论文/量子力学/量子隧道效应/量子隧道效应的几何本源：基于空间螺旋运动的统一场论诠释（求导验证版）_备份_20251114_103243.md,10194,90_历史归档\来源语料_utf_20261009\语料\01-核心论文\00-解决传统物理问题论文\量子力学\量子隧道效应\量子隧道效应的几何本源：基于空间螺旋运动的统一场论诠释（求导验证版）_备份_20251114_103243.md,B,未审计，待逐件裁定,已复制
01-核心论文/00-解决传统物理问题论文/量子力学/量子隧道效应的几何意义/量子隧道效应的几何本源：基于空间螺旋运动的统一场论诠释.md,30214,90_历史归档\来源语料_utf_20261009\语料\01-核心论文\00-解决传统物理问题论文\量子力学\量子隧道效应的几何意义\量子隧道效应的几何本源：基于空间螺旋运动的统一场论诠释.md,B,未审计，待逐件裁定,已复制
01-核心论文/00-解决传统物理问题论文/量子力学/量子霍尔效应/量子霍尔效应的几何本源：基于空间螺旋运动的统一场论诠释.md,20962,90_历史归档\来源语料_utf_20261009\语料\01-核心论文\00-解决传统物理问题论文\量子力学\量子霍尔效应\量子霍尔效应的几何本源：基于空间螺旋运动的统一场论诠释.md,B,未审计，待逐件裁定,已复制
01-核心论文/00-解决传统物理问题论文/阿哈罗诺夫-玻姆效应/阿哈罗诺夫-玻姆效应的几何本源：基于空间螺旋运动的统一场论诠释.md,20006,90_历史归档\来源语料_utf_20261009\语料\01-核心论文\00-解决传统物理问题论文\阿哈罗诺夫-玻姆效应\阿哈罗诺夫-玻姆效应的几何本源：基于空间螺旋运动的统一场论诠释.md,B,未审计，待逐件裁定,已复制
01-核心论文/00-解决传统物理问题论文/霍尔效应/霍尔效应的几何本源：基于空间螺旋运动的统一场论诠释.md,18966,90_历史归档\来源语料_utf_20261009\语料\01-核心论文\00-解决传统物理问题论文\霍尔效应\霍尔效应的几何本源：基于空间螺旋运动的统一场论诠释.md,B,未审计，待逐件裁定,已复制
01-核心论文/00-解决传统物理问题论文/麦克斯韦方程组/麦克斯韦方程组的几何本源：基于空间螺旋运动的统一场论诠释.md,26515,90_历史归档\来源语料_utf_20261009\语料\01-核心论文\00-解决传统物理问题论文\麦克斯韦方程组\麦克斯韦方程组的几何本源：基于空间螺旋运动的统一场论诠释.md,B,未审计，待逐件裁定,已复制
01-核心论文/00-解决传统物理问题论文/黑体辐射/黑体辐射的几何本源：基于空间螺旋运动的统一场论诠释.md,27779,90_历史归档\来源语料_utf_20261009\语料\01-核心论文\00-解决传统物理问题论文\黑体辐射\黑体辐射的几何本源：基于空间螺旋运动的统一场论诠释.md,B,未审计，待逐件裁定,已复制
01-核心论文/00-解决传统物理问题论文/黑体辐射/黑体辐射的几何本源：基于空间螺旋运动的统一场论诠释_新.md,13446,90_历史归档\来源语料_utf_20261009\语料\01-核心论文\00-解决传统物理问题论文\黑体辐射\黑体辐射的几何本源：基于空间螺旋运动的统一场论诠释_新.md,B,未审计，待逐件裁定,已复制
01-核心论文/000-论文引用/mgz.md,1003,90_历史归档\来源语料_utf_20261009\语料\01-核心论文\000-论文引用\mgz.md,B,未审计，待逐件裁定,已复制
01-核心论文/000-论文引用/常用.md,3560,90_历史归档\来源语料_utf_20261009\语料\01-核心论文\000-论文引用\常用.md,B,未审计，待逐件裁定,已复制
01-核心论文/AB效应/待处理.md,282,90_历史归档\来源语料_utf_20261009\语料\01-核心论文\AB效应\待处理.md,B,未审计，待逐件裁定,已复制
01-核心论文/AB效应/v1/v.md,55132,90_历史归档\来源语料_utf_20261009\语料\01-核心论文\AB效应\v1\v.md,B,未审计，待逐件裁定,已复制
01-核心论文/AB效应/v1/verify_utf_ab.py,18008,90_历史归档\来源语料_utf_20261009\语料\01-核心论文\AB效应\v1\verify_utf_ab.py,B,未审计，待逐件裁定,已复制
01-核心论文/AB效应/v1/code/1.py,18510,90_历史归档\来源语料_utf_20261009\语料\01-核心论文\AB效应\v1\code\1.py,B,未审计，待逐件裁定,已复制
01-核心论文/AB效应/v1/验证/变化的引力场产生电磁场统一方程的第一性原理推导、全面验证及交叉核验报告.md,30386,90_历史归档\来源语料_utf_20261009\语料\01-核心论文\AB效应\v1\验证\变化的引力场产生电磁场统一方程的第一性原理推导、全面验证及交叉核验报告.md,B,未审计，待逐件裁定,已复制
01-核心论文/修复报告/张祥前统一场论修复传统物理问题及求导验证.md,11078,90_历史归档\来源语料_utf_20261009\语料\01-核心论文\修复报告\张祥前统一场论修复传统物理问题及求导验证.md,B,未审计，待逐件裁定,已复制
01-核心论文/四个力/加速正电荷产生的电场、引力场与磁场变化率方向关系的数学求导验证——基于张祥前统一场论核心方程.md,7298,90_历史归档\来源语料_utf_20261009\语料\01-核心论文\四个力\加速正电荷产生的电场、引力场与磁场变化率方向关系的数学求导验证——基于张祥前统一场论核心方程.md,B,未审计，待逐件裁定,已复制
01-核心论文/四个力/力的大小/verify_formula.py,2487,90_历史归档\来源语料_utf_20261009\语料\01-核心论文\四个力\力的大小\verify_formula.py,B,未审计，待逐件裁定,已复制
01-核心论文/四个力/力的大小/统一场论四种基本力的大小计算与比例关系分析：算法联盟全维度验证报告.md,25574,90_历史归档\来源语料_utf_20261009\语料\01-核心论文\四个力\力的大小\统一场论四种基本力的大小计算与比例关系分析：算法联盟全维度验证报告.md,B,未审计，待逐件裁定,已复制
01-核心论文/四个力/力的大小/code/validate_constants.py,673,90_历史归档\来源语料_utf_20261009\语料\01-核心论文\四个力\力的大小\code\validate_constants.py,B,未审计，待逐件裁定,已复制
01-核心论文/四个力/力的大小/code/validate_forces.py,3232,90_历史归档\来源语料_utf_20261009\语料\01-核心论文\四个力\力的大小\code\validate_forces.py,B,未审计，待逐件裁定,已复制
01-核心论文/四个力/力的大小/code/validate_forces_corrected.py,3404,90_历史归档\来源语料_utf_20261009\语料\01-核心论文\四个力\力的大小\code\validate_forces_corrected.py,B,未审计，待逐件裁定,已复制
01-核心论文/引力产生磁场/空间螺旋几何与场统一：张祥前统一场论的数学严格化与实验验证.md,15046,90_历史归档\来源语料_utf_20261009\语料\01-核心论文\引力产生磁场\空间螺旋几何与场统一：张祥前统一场论的数学严格化与实验验证.md,B,未审计，待逐件裁定,已复制
01-核心论文/引力产生磁场/空间螺旋运动的三面架结构及其垂直性的完备求导验证：从微分几何到物理应用的桥梁.md,17115,90_历史归档\来源语料_utf_20261009\语料\01-核心论文\引力产生磁场\空间螺旋运动的三面架结构及其垂直性的完备求导验证：从微分几何到物理应用的桥梁.md,B,未审计，待逐件裁定,已复制
01-核心论文/引力光速统一方程/Gravitational-Light Speed Unification Equation - Theoretical Derivation and Verification from Spatial Dynamics Principles to Constant Unification.md,237518,90_历史归档\来源语料_utf_20261009\语料\01-核心论文\引力光速统一方程\Gravitational-Light Speed Unification Equation - Theoretical Derivation and Verification from Spatial Dynamics Principles to Constant Unification.md,B,未审计，待逐件裁定,已复制
01-核心论文/引力光速统一方程/LaTeX格式全面分析报告.md,7060,90_历史归档\来源语料_utf_20261009\语料\01-核心论文\引力光速统一方程\LaTeX格式全面分析报告.md,B,未审计，待逐件裁定,已复制
01-核心论文/引力光速统一方程/Obsidian_LaTeX全面修复完成报告.md,8639,90_历史归档\来源语料_utf_20261009\语料\01-核心论文\引力光速统一方程\Obsidian_LaTeX全面修复完成报告.md,B,未审计，待逐件裁定,已复制
01-核心论文/引力光速统一方程/Obsidian_LaTeX支持指南.md,10150,90_历史归档\来源语料_utf_20261009\语料\01-核心论文\引力光速统一方程\Obsidian_LaTeX支持指南.md,B,未审计，待逐件裁定,已复制
01-核心论文/引力光速统一方程/Obsidian快速参考.md,7279,90_历史归档\来源语料_utf_20261009\语料\01-核心论文\引力光速统一方程\Obsidian快速参考.md,B,未审计，待逐件裁定,已复制
01-核心论文/引力光速统一方程/Obsidian配置完成报告.md,8012,90_历史归档\来源语料_utf_20261009\语料\01-核心论文\引力光速统一方程\Obsidian配置完成报告.md,B,未审计，待逐件裁定,已复制
01-核心论文/引力光速统一方程/README.md,8892,90_历史归档\来源语料_utf_20261009\语料\01-核心论文\引力光速统一方程\README.md,B,未审计，待逐件裁定,已复制
01-核心论文/引力光速统一方程/参考文献.md,4885,90_历史归档\来源语料_utf_20261009\语料\01-核心论文\引力光速统一方程\参考文献.md,B,未审计，待逐件裁定,已复制
01-核心论文/引力光速统一方程/引力光速统一方程_中文核心版.md,24761,90_历史归档\来源语料_utf_20261009\语料\01-核心论文\引力光速统一方程\引力光速统一方程_中文核心版.md,B,未审计，待逐件裁定,已复制
01-核心论文/引力光速统一方程/引力光速统一方程：从空间动力学原理到常数统一的理论推导与验证.md,249310,90_历史归档\来源语料_utf_20261009\语料\01-核心论文\引力光速统一方程\引力光速统一方程：从空间动力学原理到常数统一的理论推导与验证.md,B,未审计，待逐件裁定,已复制
01-核心论文/引力光速统一方程/最终验证清单.md,6730,90_历史归档\来源语料_utf_20261009\语料\01-核心论文\引力光速统一方程\最终验证清单.md,B,未审计，待逐件裁定,已复制
01-核心论文/引力光速统一方程/论文分析.md,9739,90_历史归档\来源语料_utf_20261009\语料\01-核心论文\引力光速统一方程\论文分析.md,B,未审计，待逐件裁定,已复制
01-核心论文/引力光速统一方程/项目完成总结.md,13037,90_历史归档\来源语料_utf_20261009\语料\01-核心论文\引力光速统一方程\项目完成总结.md,B,未审计，待逐件裁定,已复制
01-核心论文/引力光速统一方程/验证报告.md,7988,90_历史归档\来源语料_utf_20261009\语料\01-核心论文\引力光速统一方程\验证报告.md,B,未审计，待逐件裁定,已复制
01-核心论文/引力光速统一方程/高斯定理验证分析.md,2367,90_历史归档\来源语料_utf_20261009\语料\01-核心论文\引力光速统一方程\高斯定理验证分析.md,B,未审计，待逐件裁定,已复制
01-核心论文/引力光速统一方程/code/error_handler.py,9651,90_历史归档\来源语料_utf_20261009\语料\01-核心论文\引力光速统一方程\code\error_handler.py,B,未审计，待逐件裁定,已复制
01-核心论文/引力光速统一方程/code/formula_visualization.py,9218,90_历史归档\来源语料_utf_20261009\语料\01-核心论文\引力光速统一方程\code\formula_visualization.py,B,未审计，待逐件裁定,已复制
01-核心论文/引力光速统一方程/code/gravitational_light_speed_unification_analysis.py,21188,90_历史归档\来源语料_utf_20261009\语料\01-核心论文\引力光速统一方程\code\gravitational_light_speed_unification_analysis.py,B,未审计，待逐件裁定,已复制
01-核心论文/引力光速统一方程/code/HTML5动画预览生成器.py,17559,90_历史归档\来源语料_utf_20261009\语料\01-核心论文\引力光速统一方程\code\HTML5动画预览生成器.py,B,未审计，待逐件裁定,已复制
01-核心论文/引力光速统一方程/code/plk.py,4128,90_历史归档\来源语料_utf_20261009\语料\01-核心论文\引力光速统一方程\code\plk.py,B,未审计，待逐件裁定,已复制
01-核心论文/引力光速统一方程/code/README.md,4001,90_历史归档\来源语料_utf_20261009\语料\01-核心论文\引力光速统一方程\code\README.md,B,未审计，待逐件裁定,已复制
01-核心论文/引力光速统一方程/code/test.py,1089,90_历史归档\来源语料_utf_20261009\语料\01-核心论文\引力光速统一方程\code\test.py,B,未审计，待逐件裁定,已复制
01-核心论文/引力光速统一方程/code/test_geometric_factor.py,8647,90_历史归档\来源语料_utf_20261009\语料\01-核心论文\引力光速统一方程\code\test_geometric_factor.py,B,未审计，待逐件裁定,已复制
01-核心论文/引力光速统一方程/code/verify_additional.py,3936,90_历史归档\来源语料_utf_20261009\语料\01-核心论文\引力光速统一方程\code\verify_additional.py,B,未审计，待逐件裁定,已复制
01-核心论文/引力光速统一方程/code/verify_calculation.py,3019,90_历史归档\来源语料_utf_20261009\语料\01-核心论文\引力光速统一方程\code\verify_calculation.py,B,未审计，待逐件裁定,已复制
01-核心论文/引力光速统一方程/code/verify_error_calculation.py,2874,90_历史归档\来源语料_utf_20261009\语料\01-核心论文\引力光速统一方程\code\verify_error_calculation.py,B,未审计，待逐件裁定,已复制
01-核心论文/引力光速统一方程/code/verify_geometric_factor.py,884,90_历史归档\来源语料_utf_20261009\语料\01-核心论文\引力光速统一方程\code\verify_geometric_factor.py,B,未审计，待逐件裁定,已复制
01-核心论文/引力光速统一方程/code/verify_geometric_factor_detailed.py,9002,90_历史归档\来源语料_utf_20261009\语料\01-核心论文\引力光速统一方程\code\verify_geometric_factor_detailed.py,B,未审计，待逐件裁定,已复制
01-核心论文/引力光速统一方程/code/verify_g_approx_error.py,1477,90_历史归档\来源语料_utf_20261009\语料\01-核心论文\引力光速统一方程\code\verify_g_approx_error.py,B,未审计，待逐件裁定,已复制
01-核心论文/引力光速统一方程/code/visualize.py,10640,90_历史归档\来源语料_utf_20261009\语料\01-核心论文\引力光速统一方程\code\visualize.py,B,未审计，待逐件裁定,已复制
01-核心论文/引力光速统一方程/code/Z.md,9752,90_历史归档\来源语料_utf_20261009\语料\01-核心论文\引力光速统一方程\code\Z.md,B,未审计，待逐件裁定,已复制
01-核心论文/引力光速统一方程/code/Z.py,4862,90_历史归档\来源语料_utf_20261009\语料\01-核心论文\引力光速统一方程\code\Z.py,B,未审计，待逐件裁定,已复制
01-核心论文/引力光速统一方程/code/z_verification_precision.py,2920,90_历史归档\来源语料_utf_20261009\语料\01-核心论文\引力光速统一方程\code\z_verification_precision.py,B,未审计，待逐件裁定,已复制
01-核心论文/引力光速统一方程/code/Z误差.py,1716,90_历史归档\来源语料_utf_20261009\语料\01-核心论文\引力光速统一方程\code\Z误差.py,B,未审计，待逐件裁定,已复制
01-核心论文/引力光速统一方程/code/Z误差2.py,1496,90_历史归档\来源语料_utf_20261009\语料\01-核心论文\引力光速统一方程\code\Z误差2.py,B,未审计，待逐件裁定,已复制
01-核心论文/引力光速统一方程/code/Z近似误差计算.py,1887,90_历史归档\来源语料_utf_20261009\语料\01-核心论文\引力光速统一方程\code\Z近似误差计算.py,B,未审计，待逐件裁定,已复制
01-核心论文/引力光速统一方程/code/三维发散场二维投影动画.py,43928,90_历史归档\来源语料_utf_20261009\语料\01-核心论文\引力光速统一方程\code\三维发散场二维投影动画.py,B,未审计，待逐件裁定,已复制
01-核心论文/引力光速统一方程/code/修复版双质量引力动画.py,18455,90_历史归档\来源语料_utf_20261009\语料\01-核心论文\引力光速统一方程\code\修复版双质量引力动画.py,B,未审计，待逐件裁定,已复制
01-核心论文/引力光速统一方程/code/修正说明.md,4013,90_历史归档\来源语料_utf_20261009\语料\01-核心论文\引力光速统一方程\code\修正说明.md,B,未审计，待逐件裁定,已复制
01-核心论文/引力光速统一方程/code/兼容版几何因子动画.py,18749,90_历史归档\来源语料_utf_20261009\语料\01-核心论文\引力光速统一方程\code\兼容版几何因子动画.py,B,未审计，待逐件裁定,已复制
01-核心论文/引力光速统一方程/code/几何因子.py,9293,90_历史归档\来源语料_utf_20261009\语料\01-核心论文\引力光速统一方程\code\几何因子.py,B,未审计，待逐件裁定,已复制
01-核心论文/引力光速统一方程/code/几何因子3D到2D动画可视化.py,25059,90_历史归档\来源语料_utf_20261009\语料\01-核心论文\引力光速统一方程\code\几何因子3D到2D动画可视化.py,B,未审计，待逐件裁定,已复制
01-核心论文/引力光速统一方程/code/几何因子三维二维.py,12432,90_历史归档\来源语料_utf_20261009\语料\01-核心论文\引力光速统一方程\code\几何因子三维二维.py,B,未审计，待逐件裁定,已复制
01-核心论文/引力光速统一方程/code/几何因子三维二维论文内容推导.py,18973,90_历史归档\来源语料_utf_20261009\语料\01-核心论文\引力光速统一方程\code\几何因子三维二维论文内容推导.py,B,未审计，待逐件裁定,已复制
01-核心论文/引力光速统一方程/code/几何因子动画.py,2499,90_历史归档\来源语料_utf_20261009\语料\01-核心论文\引力光速统一方程\code\几何因子动画.py,B,未审计，待逐件裁定,已复制
01-核心论文/引力光速统一方程/code/几何因子完整分析系统.py,31275,90_历史归档\来源语料_utf_20261009\语料\01-核心论文\引力光速统一方程\code\几何因子完整分析系统.py,B,未审计，待逐件裁定,已复制
01-核心论文/引力光速统一方程/code/几何因子深度分析.py,13467,90_历史归档\来源语料_utf_20261009\语料\01-核心论文\引力光速统一方程\code\几何因子深度分析.py,B,未审计，待逐件裁定,已复制
01-核心论文/引力光速统一方程/code/几何因子积分验证.py,6337,90_历史归档\来源语料_utf_20261009\语料\01-核心论文\引力光速统一方程\code\几何因子积分验证.py,B,未审计，待逐件裁定,已复制
01-核心论文/引力光速统一方程/code/几何因子错误分析总结报告.md,7699,90_历史归档\来源语料_utf_20261009\语料\01-核心论文\引力光速统一方程\code\几何因子错误分析总结报告.md,B,未审计，待逐件裁定,已复制
01-核心论文/引力光速统一方程/code/几何因子问题可视化.py,13471,90_历史归档\来源语料_utf_20261009\语料\01-核心论文\引力光速统一方程\code\几何因子问题可视化.py,B,未审计，待逐件裁定,已复制
01-核心论文/引力光速统一方程/code/几何因子验证分析.py,30723,90_历史归档\来源语料_utf_20261009\语料\01-核心论文\引力光速统一方程\code\几何因子验证分析.py,B,未审计，待逐件裁定,已复制
01-核心论文/引力光速统一方程/code/完整错误分析与正确方法对比.py,25400,90_历史归档\来源语料_utf_20261009\语料\01-核心论文\引力光速统一方程\code\完整错误分析与正确方法对比.py,B,未审计，待逐件裁定,已复制
01-核心论文/引力光速统一方程/code/引力光速统一方程数值验证简化版.py,9029,90_历史归档\来源语料_utf_20261009\语料\01-核心论文\引力光速统一方程\code\引力光速统一方程数值验证简化版.py,B,未审计，待逐件裁定,已复制
01-核心论文/引力光速统一方程/code/引力光速统一方程规范验证.py,13702,90_历史归档\来源语料_utf_20261009\语料\01-核心论文\引力光速统一方程\code\引力光速统一方程规范验证.py,B,未审计，待逐件裁定,已复制
01-核心论文/引力光速统一方程/code/张祥前统一场论可视化说明.py,11568,90_历史归档\来源语料_utf_20261009\语料\01-核心论文\引力光速统一方程\code\张祥前统一场论可视化说明.py,B,未审计，待逐件裁定,已复制
01-核心论文/引力光速统一方程/code/张祥前统一场论正确理解.md,3903,90_历史归档\来源语料_utf_20261009\语料\01-核心论文\引力光速统一方程\code\张祥前统一场论正确理解.md,B,未审计，待逐件裁定,已复制
01-核心论文/引力光速统一方程/code/无乱码几何因子动画.py,25532,90_历史归档\来源语料_utf_20261009\语料\01-核心论文\引力光速统一方程\code\无乱码几何因子动画.py,B,未审计，待逐件裁定,已复制
01-核心论文/引力光速统一方程/code/测试所有脚本.py,17176,90_历史归档\来源语料_utf_20261009\语料\01-核心论文\引力光速统一方程\code\测试所有脚本.py,B,未审计，待逐件裁定,已复制
01-核心论文/引力光速统一方程/code/球对称投影几何因子动画.py,11365,90_历史归档\来源语料_utf_20261009\语料\01-核心论文\引力光速统一方程\code\球对称投影几何因子动画.py,B,未审计，待逐件裁定,已复制
01-核心论文/引力光速统一方程/code/简化几何因子动画.py,9437,90_历史归档\来源语料_utf_20261009\语料\01-核心论文\引力光速统一方程\code\简化几何因子动画.py,B,未审计，待逐件裁定,已复制
01-核心论文/引力光速统一方程/code/简化版几何因子动画.py,12162,90_历史归档\来源语料_utf_20261009\语料\01-核心论文\引力光速统一方程\code\简化版几何因子动画.py,B,未审计，待逐件裁定,已复制
01-核心论文/引力光速统一方程/code/终极版三维发散场动画.py,30156,90_历史归档\来源语料_utf_20261009\语料\01-核心论文\引力光速统一方程\code\终极版三维发散场动画.py,B,未审计，待逐件裁定,已复制
01-核心论文/引力光速统一方程/code/验证7_8.py,1324,90_历史归档\来源语料_utf_20261009\语料\01-核心论文\引力光速统一方程\code\验证7_8.py,B,未审计，待逐件裁定,已复制
01-核心论文/引力光速统一方程/code/高性能三维发散场动画.py,20287,90_历史归档\来源语料_utf_20261009\语料\01-核心论文\引力光速统一方程\code\高性能三维发散场动画.py,B,未审计，待逐件裁定,已复制
01-核心论文/引力光速统一方程/code/logs/test_error_report.txt,654,90_历史归档\来源语料_utf_20261009\语料\01-核心论文\引力光速统一方程\code\logs\test_error_report.txt,B,未审计，待逐件裁定,已复制
01-核心论文/引力光速统一方程/code/Z螺旋/zb.py,4677,90_历史归档\来源语料_utf_20261009\语料\01-核心论文\引力光速统一方程\code\Z螺旋\zb.py,B,未审计，待逐件裁定,已复制
01-核心论文/引力光速统一方程/code/Z螺旋/zlx.py,1158,90_历史归档\来源语料_utf_20261009\语料\01-核心论文\引力光速统一方程\code\Z螺旋\zlx.py,B,未审计，待逐件裁定,已复制
01-核心论文/引力光速统一方程/v2/基于空间螺旋第一性原理的万有引力常数与光速耦合关系（ZXUFT）.md,9232,90_历史归档\来源语料_utf_20261009\语料\01-核心论文\引力光速统一方程\v2\基于空间螺旋第一性原理的万有引力常数与光速耦合关系（ZXUFT）.md,B,未审计，待逐件裁定,已复制
01-核心论文/引力光速统一方程/v2/code/1.py,6686,90_历史归档\来源语料_utf_20261009\语料\01-核心论文\引力光速统一方程\v2\code\1.py,B,未审计，待逐件裁定,已复制
01-核心论文/引力光速统一方程/v2/验证/1.md,10393,90_历史归档\来源语料_utf_20261009\语料\01-核心论文\引力光速统一方程\v2\验证\1.md,B,未审计，待逐件裁定,已复制
01-核心论文/引力光速统一方程/v2/验证/2.md,1703,90_历史归档\来源语料_utf_20261009\语料\01-核心论文\引力光速统一方程\v2\验证\2.md,B,未审计，待逐件裁定,已复制
01-核心论文/引力光速统一方程/v2/验证/3.md,1330,90_历史归档\来源语料_utf_20261009\语料\01-核心论文\引力光速统一方程\v2\验证\3.md,B,未审计，待逐件裁定,已复制
01-核心论文/引力光速统一方程/v2/验证/4.md,3140,90_历史归档\来源语料_utf_20261009\语料\01-核心论文\引力光速统一方程\v2\验证\4.md,B,未审计，待逐件裁定,已复制
01-核心论文/引力光速统一方程/v2/验证/所有Gc公式.md,2332,90_历史归档\来源语料_utf_20261009\语料\01-核心论文\引力光速统一方程\v2\验证\所有Gc公式.md,B,未审计，待逐件裁定,已复制
01-核心论文/引力光速统一方程/v3/验证/1.md,8697,90_历史归档\来源语料_utf_20261009\语料\01-核心论文\引力光速统一方程\v3\验证\1.md,B,未审计，待逐件裁定,已复制
01-核心论文/引力光速统一方程/v3/验证/2.md,0,（内容已在 openuft，不重复复制）,B,未审计；内容已在本库,已在库跳过
01-核心论文/引力光速统一方程/v3/验证/3.md,8697,90_历史归档\来源语料_utf_20261009\语料\01-核心论文\引力光速统一方程\v3\验证\3.md,B,未审计，待逐件裁定,已复制
01-核心论文/引力光速统一方程/v4/1.md,20624,90_历史归档\来源语料_utf_20261009\语料\01-核心论文\引力光速统一方程\v4\1.md,B,未审计，待逐件裁定,已复制
01-核心论文/引力光速统一方程/v4/验证/1.md,25259,90_历史归档\来源语料_utf_20261009\语料\01-核心论文\引力光速统一方程\v4\验证\1.md,B,未审计，待逐件裁定,已复制
01-核心论文/引力光速统一方程/v4/验证/2.md,14579,90_历史归档\来源语料_utf_20261009\语料\01-核心论文\引力光速统一方程\v4\验证\2.md,B,未审计，待逐件裁定,已复制
01-核心论文/引力光速统一方程/v4/验证/3.md,12769,90_历史归档\来源语料_utf_20261009\语料\01-核心论文\引力光速统一方程\v4\验证\3.md,B,未审计，待逐件裁定,已复制
01-核心论文/引力光速统一方程/v4/验证/4.md,15123,90_历史归档\来源语料_utf_20261009\语料\01-核心论文\引力光速统一方程\v4\验证\4.md,B,未审计，待逐件裁定,已复制
01-核心论文/引力光速统一方程/v4/验证/分析.md,25259,90_历史归档\来源语料_utf_20261009\语料\01-核心论文\引力光速统一方程\v4\验证\分析.md,B,未审计，待逐件裁定,已复制
01-核心论文/引力光速统一方程/v5/1.md,8803,90_历史归档\来源语料_utf_20261009\语料\01-核心论文\引力光速统一方程\v5\1.md,B,未审计，待逐件裁定,已复制
01-核心论文/引力光速统一方程/v6/1.md,14805,90_历史归档\来源语料_utf_20261009\语料\01-核心论文\引力光速统一方程\v6\1.md,B,未审计，待逐件裁定,已复制
01-核心论文/引力光速统一方程/v6/code/calculate_Z.py,3242,90_历史归档\来源语料_utf_20261009\语料\01-核心论文\引力光速统一方程\v6\code\calculate_Z.py,B,未审计，待逐件裁定,已复制
01-核心论文/引力光速统一方程/历史版本/Gravitational Light Speed Unification Equation Theoretical Derivation and Verification from Spatial Dynamics Principles to Constant Unification.md,131425,90_历史归档\来源语料_utf_20261009\语料\01-核心论文\引力光速统一方程\历史版本\Gravitational Light Speed Unification Equation Theoretical Derivation and Verification from Spatial Dynamics Principles to Constant Unification.md,B,未审计，待逐件裁定,已复制
01-核心论文/引力光速统一方程/历史版本/Gravitational-Light Speed Unification Equation - Comprehensive Optimized Version.md,45236,90_历史归档\来源语料_utf_20261009\语料\01-核心论文\引力光速统一方程\历史版本\Gravitational-Light Speed Unification Equation - Comprehensive Optimized Version.md,B,未审计，待逐件裁定,已复制
01-核心论文/引力光速统一方程/历史版本/Gravitational-Light Speed Unification Equation - Enhanced Academic Translation.md,63553,90_历史归档\来源语料_utf_20261009\语料\01-核心论文\引力光速统一方程\历史版本\Gravitational-Light Speed Unification Equation - Enhanced Academic Translation.md,B,未审计，待逐件裁定,已复制
01-核心论文/引力光速统一方程/历史版本/Gravitational-Light Speed Unification Equation - Theoretical Derivation and Verification from Spatial Dynamics Principles to Constant Unification_English.md,33766,90_历史归档\来源语料_utf_20261009\语料\01-核心论文\引力光速统一方程\历史版本\Gravitational-Light Speed Unification Equation - Theoretical Derivation and Verification from Spatial Dynamics Principles to Constant Unification_English.md,B,未审计，待逐件裁定,已复制
01-核心论文/引力光速统一方程/历史版本/Gravitational-Light Speed Unification Equation - Theoretical Derivation and Verification from Spatial Dynamics Principles to Constant Unification_updated.md,9513,90_历史归档\来源语料_utf_20261009\语料\01-核心论文\引力光速统一方程\历史版本\Gravitational-Light Speed Unification Equation - Theoretical Derivation and Verification from Spatial Dynamics Principles to Constant Unification_updated.md,B,未审计，待逐件裁定,已复制
01-核心论文/引力光速统一方程/历史版本/Gravitational-Light Speed Unification Equation_Optimized_English.md,38882,90_历史归档\来源语料_utf_20261009\语料\01-核心论文\引力光速统一方程\历史版本\Gravitational-Light Speed Unification Equation_Optimized_English.md,B,未审计，待逐件裁定,已复制
01-核心论文/引力光速统一方程/历史版本/Gravitational-Light Speed Unification Equation：Theoretical Derivation and Verification from Spatiodynamics Principle to Constant Unification.md,12791,90_历史归档\来源语料_utf_20261009\语料\01-核心论文\引力光速统一方程\历史版本\Gravitational-Light Speed Unification Equation：Theoretical Derivation and Verification from Spatiodynamics Principle to Constant Unification.md,B,未审计，待逐件裁定,已复制
01-核心论文/引力光速统一方程/历史版本/基于张祥前统一场论的引力常数G与光速c关系推导及理论验证引力光速统一方程.md,37975,90_历史归档\来源语料_utf_20261009\语料\01-核心论文\引力光速统一方程\历史版本\基于张祥前统一场论的引力常数G与光速c关系推导及理论验证引力光速统一方程.md,B,未审计，待逐件裁定,已复制
01-核心论文/引力光速统一方程/历史版本/引力光速统一方程-Nature优化版.md,31119,90_历史归档\来源语料_utf_20261009\语料\01-核心论文\引力光速统一方程\历史版本\引力光速统一方程-Nature优化版.md,B,未审计，待逐件裁定,已复制
01-核心论文/引力光速统一方程/历史版本/引力光速统一方程_修复版_中文.md,37967,90_历史归档\来源语料_utf_20261009\语料\01-核心论文\引力光速统一方程\历史版本\引力光速统一方程_修复版_中文.md,B,未审计，待逐件裁定,已复制
01-核心论文/引力光速统一方程/历史版本/引力光速统一方程：从空间动力学原理到常数统一的理论推导与验证_English.md,74195,90_历史归档\来源语料_utf_20261009\语料\01-核心论文\引力光速统一方程\历史版本\引力光速统一方程：从空间动力学原理到常数统一的理论推导与验证_English.md,B,未审计，待逐件裁定,已复制
01-核心论文/引力光速统一方程/历史版本/引力光速统一方程：从空间动力学原理到常数统一的理论推导与验证_final.md,436,90_历史归档\来源语料_utf_20261009\语料\01-核心论文\引力光速统一方程\历史版本\引力光速统一方程：从空间动力学原理到常数统一的理论推导与验证_final.md,B,未审计，待逐件裁定,已复制
01-核心论文/引力光速统一方程/历史版本/引力光速统一方程：从空间动力学原理到常数统一的理论推导与验证_fixed.md,218504,90_历史归档\来源语料_utf_20261009\语料\01-核心论文\引力光速统一方程\历史版本\引力光速统一方程：从空间动力学原理到常数统一的理论推导与验证_fixed.md,B,未审计，待逐件裁定,已复制
01-核心论文/引力光速统一方程/历史版本/引力光速统一方程：从空间动力学原理到常数统一的理论推导与验证_optimized.md,208078,90_历史归档\来源语料_utf_20261009\语料\01-核心论文\引力光速统一方程\历史版本\引力光速统一方程：从空间动力学原理到常数统一的理论推导与验证_optimized.md,B,未审计，待逐件裁定,已复制
01-核心论文/引力光速统一方程/历史版本/引力光速统一方程：从第一性原理到实验验证.md,78778,90_历史归档\来源语料_utf_20261009\语料\01-核心论文\引力光速统一方程\历史版本\引力光速统一方程：从第一性原理到实验验证.md,B,未审计，待逐件裁定,已复制
01-核心论文/引力光速统一方程/历史版本/引力光速统一方程：基于空间动力学的常数关系理论推导与实验验证_优化版.md,52475,90_历史归档\来源语料_utf_20261009\语料\01-核心论文\引力光速统一方程\历史版本\引力光速统一方程：基于空间动力学的常数关系理论推导与实验验证_优化版.md,B,未审计，待逐件裁定,已复制
01-核心论文/引力光速统一方程/历史版本/引力光速统一方程：空间动力学原理下的精确推导与验证.md,7155,90_历史归档\来源语料_utf_20261009\语料\01-核心论文\引力光速统一方程\历史版本\引力光速统一方程：空间动力学原理下的精确推导与验证.md,B,未审计，待逐件裁定,已复制
01-核心论文/引力光速统一方程/历史版本/最终版：引力光速统一方程的数学证明与物理内涵.md,29422,90_历史归档\来源语料_utf_20261009\语料\01-核心论文\引力光速统一方程\历史版本\最终版：引力光速统一方程的数学证明与物理内涵.md,B,未审计，待逐件裁定,已复制
01-核心论文/引力光速统一方程/历史版本/Nature/A Geometric Derivation of the Gravitational Constant from First Principles.tex,13130,90_历史归档\来源语料_utf_20261009\语料\01-核心论文\引力光速统一方程\历史版本\Nature\A Geometric Derivation of the Gravitational Constant from First Principles.tex,B,未审计，待逐件裁定,已复制
01-核心论文/引力光速统一方程/历史版本/Nature/analyze_figures.py,9527,90_历史归档\来源语料_utf_20261009\语料\01-核心论文\引力光速统一方程\历史版本\Nature\analyze_figures.py,B,未审计，待逐件裁定,已复制
01-核心论文/引力光速统一方程/历史版本/Nature/analyze_language.py,12174,90_历史归档\来源语料_utf_20261009\语料\01-核心论文\引力光速统一方程\历史版本\Nature\analyze_language.py,B,未审计，待逐件裁定,已复制
01-核心论文/引力光速统一方程/历史版本/Nature/analyze_scientific_content.py,7704,90_历史归档\来源语料_utf_20261009\语料\01-核心论文\引力光速统一方程\历史版本\Nature\analyze_scientific_content.py,B,未审计，待逐件裁定,已复制
01-核心论文/引力光速统一方程/历史版本/Nature/analyze_structure.py,4375,90_历史归档\来源语料_utf_20261009\语料\01-核心论文\引力光速统一方程\历史版本\Nature\analyze_structure.py,B,未审计，待逐件裁定,已复制
01-核心论文/引力光速统一方程/历史版本/Nature/A_Geometric_Derivation_of_the_Gravitational_Constant_From_First_Principles_Optimized.tex,46099,90_历史归档\来源语料_utf_20261009\语料\01-核心论文\引力光速统一方程\历史版本\Nature\A_Geometric_Derivation_of_the_Gravitational_Constant_From_First_Principles_Optimized.tex,B,未审计，待逐件裁定,已复制
01-核心论文/引力光速统一方程/历史版本/Nature/check_compilability.py,3931,90_历史归档\来源语料_utf_20261009\语料\01-核心论文\引力光速统一方程\历史版本\Nature\check_compilability.py,B,未审计，待逐件裁定,已复制
01-核心论文/引力光速统一方程/历史版本/Nature/check_nature_format.py,8506,90_历史归档\来源语料_utf_20261009\语料\01-核心论文\引力光速统一方程\历史版本\Nature\check_nature_format.py,B,未审计，待逐件裁定,已复制
01-核心论文/引力光速统一方程/历史版本/Nature/check_references.py,12266,90_历史归档\来源语料_utf_20261009\语料\01-核心论文\引力光速统一方程\历史版本\Nature\check_references.py,B,未审计，待逐件裁定,已复制
01-核心论文/引力光速统一方程/历史版本/Nature/comprehensive_evaluation.py,8527,90_历史归档\来源语料_utf_20261009\语料\01-核心论文\引力光速统一方程\历史版本\Nature\comprehensive_evaluation.py,B,未审计，待逐件裁定,已复制
01-核心论文/引力光速统一方程/历史版本/Nature/convert_svg_to_pdf.py,3412,90_历史归档\来源语料_utf_20261009\语料\01-核心论文\引力光速统一方程\历史版本\Nature\convert_svg_to_pdf.py,B,未审计，待逐件裁定,已复制
01-核心论文/引力光速统一方程/历史版本/Nature/generate_geometric_factor_chart.py,3332,90_历史归档\来源语料_utf_20261009\语料\01-核心论文\引力光速统一方程\历史版本\Nature\generate_geometric_factor_chart.py,B,未审计，待逐件裁定,已复制
01-核心论文/引力光速统一方程/历史版本/Nature/generate_gzc_validation_chart.py,2985,90_历史归档\来源语料_utf_20261009\语料\01-核心论文\引力光速统一方程\历史版本\Nature\generate_gzc_validation_chart.py,B,未审计，待逐件裁定,已复制
01-核心论文/引力光速统一方程/历史版本/Nature/generate_projection_efficiency_chart.py,3444,90_历史归档\来源语料_utf_20261009\语料\01-核心论文\引力光速统一方程\历史版本\Nature\generate_projection_efficiency_chart.py,B,未审计，待逐件裁定,已复制
01-核心论文/引力光速统一方程/历史版本/Nature/generate_spacetime_chart.py,3714,90_历史归档\来源语料_utf_20261009\语料\01-核心论文\引力光速统一方程\历史版本\Nature\generate_spacetime_chart.py,B,未审计，待逐件裁定,已复制
01-核心论文/引力光速统一方程/历史版本/Nature/temp_convert.py,179,90_历史归档\来源语料_utf_20261009\语料\01-核心论文\引力光速统一方程\历史版本\Nature\temp_convert.py,B,未审计，待逐件裁定,已复制
01-核心论文/引力光速统一方程/历史版本/Nature/verify_format.py,1807,90_历史归档\来源语料_utf_20261009\语料\01-核心论文\引力光速统一方程\历史版本\Nature\verify_format.py,B,未审计，待逐件裁定,已复制
01-核心论文/引力光速统一方程/历史版本/Nature/引力光速统一方程_Nature_中文版_final.tex,17880,90_历史归档\来源语料_utf_20261009\语料\01-核心论文\引力光速统一方程\历史版本\Nature\引力光速统一方程_Nature_中文版_final.tex,B,未审计，待逐件裁定,已复制
01-核心论文/引力光速统一方程/历史版本/Nature/引力光速统一方程_Nature级别论文.md,15512,90_历史归档\来源语料_utf_20261009\语料\01-核心论文\引力光速统一方程\历史版本\Nature\引力光速统一方程_Nature级别论文.md,B,未审计，待逐件裁定,已复制
01-核心论文/引力光速统一方程/发表论文/Cover_Letter_Nature.md,4106,90_历史归档\来源语料_utf_20261009\语料\01-核心论文\引力光速统一方程\发表论文\Cover_Letter_Nature.md,B,未审计，待逐件裁定,已复制
01-核心论文/引力光速统一方程/发表论文/generate_figures.py,4477,90_历史归档\来源语料_utf_20261009\语料\01-核心论文\引力光速统一方程\发表论文\generate_figures.py,B,未审计，待逐件裁定,已复制
01-核心论文/引力光速统一方程/发表论文/Gravitational-Light_Speed_Unification_Equation.tex,33422,90_历史归档\来源语料_utf_20261009\语料\01-核心论文\引力光速统一方程\发表论文\Gravitational-Light_Speed_Unification_Equation.tex,B,未审计，待逐件裁定,已复制
01-核心论文/引力光速统一方程/发表论文/Nature投稿指南.md,10135,90_历史归档\来源语料_utf_20261009\语料\01-核心论文\引力光速统一方程\发表论文\Nature投稿指南.md,B,未审计，待逐件裁定,已复制
01-核心论文/引力光速统一方程/发表论文/Nature版本说明.md,9667,90_历史归档\来源语料_utf_20261009\语料\01-核心论文\引力光速统一方程\发表论文\Nature版本说明.md,B,未审计，待逐件裁定,已复制
01-核心论文/引力光速统一方程/发表论文/审稿人推荐详细分析报告.md,7118,90_历史归档\来源语料_utf_20261009\语料\01-核心论文\引力光速统一方程\发表论文\审稿人推荐详细分析报告.md,B,未审计，待逐件裁定,已复制
01-核心论文/引力光速统一方程/发表论文/引力光速统一方程_Nature版.md,28049,90_历史归档\来源语料_utf_20261009\语料\01-核心论文\引力光速统一方程\发表论文\引力光速统一方程_Nature版.md,B,未审计，待逐件裁定,已复制
01-核心论文/引力光速统一方程/发表论文/引力光速统一方程：从空间动力学原理到常数统一的理论推导与验证_G-c优化版本.md,16812,90_历史归档\来源语料_utf_20261009\语料\01-核心论文\引力光速统一方程\发表论文\引力光速统一方程：从空间动力学原理到常数统一的理论推导与验证_G-c优化版本.md,B,未审计，待逐件裁定,已复制
01-核心论文/引力光速统一方程/发表论文/引力光速统一方程：从空间动力学原理到常数统一的理论推导与验证_优化版.md,14587,90_历史归档\来源语料_utf_20261009\语料\01-核心论文\引力光速统一方程\发表论文\引力光速统一方程：从空间动力学原理到常数统一的理论推导与验证_优化版.md,B,未审计，待逐件裁定,已复制
01-核心论文/引力光速统一方程/可视化/20251204.md,223002,90_历史归档\来源语料_utf_20261009\语料\01-核心论文\引力光速统一方程\可视化\20251204.md,B,未审计，待逐件裁定,已复制
01-核心论文/引力光速统一方程/可视化/2的3维公式推导与求导验证.md,11318,90_历史归档\来源语料_utf_20261009\语料\01-核心论文\引力光速统一方程\可视化\2的3维公式推导与求导验证.md,B,未审计，待逐件裁定,已复制
01-核心论文/引力光速统一方程/可视化/README.md,1899,90_历史归档\来源语料_utf_20261009\语料\01-核心论文\引力光速统一方程\可视化\README.md,B,未审计，待逐件裁定,已复制
01-核心论文/引力光速统一方程/可视化/Z值严格证明与验证报告.md,11897,90_历史归档\来源语料_utf_20261009\语料\01-核心论文\引力光速统一方程\可视化\Z值严格证明与验证报告.md,B,未审计，待逐件裁定,已复制
01-核心论文/引力光速统一方程/可视化/Z的三维公式求导出Z导数.md,12815,90_历史归档\来源语料_utf_20261009\语料\01-核心论文\引力光速统一方程\可视化\Z的三维公式求导出Z导数.md,B,未审计，待逐件裁定,已复制
01-核心论文/引力光速统一方程/可视化/Z的二维与三维公式求导证明验证.md,34830,90_历史归档\来源语料_utf_20261009\语料\01-核心论文\引力光速统一方程\可视化\Z的二维与三维公式求导证明验证.md,B,未审计，待逐件裁定,已复制
01-核心论文/引力光速统一方程/可视化/三维公式vs二维公式与几何因子2使用指南.md,8939,90_历史归档\来源语料_utf_20261009\语料\01-核心论文\引力光速统一方程\可视化\三维公式vs二维公式与几何因子2使用指南.md,B,未审计，待逐件裁定,已复制
01-核心论文/引力光速统一方程/可视化/几何因子与技术详解.md,9965,90_历史归档\来源语料_utf_20261009\语料\01-核心论文\引力光速统一方程\可视化\几何因子与技术详解.md,B,未审计，待逐件裁定,已复制
01-核心论文/引力光速统一方程/可视化/补充材料：引力光速统一方程的详细推导与验证.md,12610,90_历史归档\来源语料_utf_20261009\语料\01-核心论文\引力光速统一方程\可视化\补充材料：引力光速统一方程的详细推导与验证.md,B,未审计，待逐件裁定,已复制
01-核心论文/引力光速统一方程/引力光速的关系/9.4 一些总结.md.md,5068,90_历史归档\来源语料_utf_20261009\语料\01-核心论文\引力光速统一方程\引力光速的关系\9.4 一些总结.md.md,B,未审计，待逐件裁定,已复制
01-核心论文/引力光速统一方程/引力光速的关系/9.4 优化.md,44053,90_历史归档\来源语料_utf_20261009\语料\01-核心论文\引力光速统一方程\引力光速的关系\9.4 优化.md,B,未审计，待逐件裁定,已复制
01-核心论文/引力光速统一方程/引力光速的关系/9.4 优化版本2.md,15503,90_历史归档\来源语料_utf_20261009\语料\01-核心论文\引力光速统一方程\引力光速的关系\9.4 优化版本2.md,B,未审计，待逐件裁定,已复制
01-核心论文/引力光速统一方程/引力光速的关系/9.4 章节排版.md,4903,90_历史归档\来源语料_utf_20261009\语料\01-核心论文\引力光速统一方程\引力光速的关系\9.4 章节排版.md,B,未审计，待逐件裁定,已复制
01-核心论文/引力光速统一方程/引力光速的关系/calculate_g_value.py,2590,90_历史归档\来源语料_utf_20261009\语料\01-核心论文\引力光速统一方程\引力光速的关系\calculate_g_value.py,B,未审计，待逐件裁定,已复制
01-核心论文/引力光速统一方程/引力光速的关系/优化建议：几何因子2推导的问题与改进.md,2672,90_历史归档\来源语料_utf_20261009\语料\01-核心论文\引力光速统一方程\引力光速的关系\优化建议：几何因子2推导的问题与改进.md,B,未审计，待逐件裁定,已复制
01-核心论文/引力光速统一方程/引力光速的关系/典型领域应用对比修复版.md,2359,90_历史归档\来源语料_utf_20261009\语料\01-核心论文\引力光速统一方程\引力光速的关系\典型领域应用对比修复版.md,B,未审计，待逐件裁定,已复制
01-核心论文/引力光速统一方程/引力光速的关系/几何因子2完整推导与验证整合版.py,10246,90_历史归档\来源语料_utf_20261009\语料\01-核心论文\引力光速统一方程\引力光速的关系\几何因子2完整推导与验证整合版.py,B,未审计，待逐件裁定,已复制
01-核心论文/引力光速统一方程/引力光速的关系/几何因子2推导方法三修复方案.md,4214,90_历史归档\来源语料_utf_20261009\语料\01-核心论文\引力光速统一方程\引力光速的关系\几何因子2推导方法三修复方案.md,B,未审计，待逐件裁定,已复制
01-核心论文/引力光速统一方程/引力光速的关系/几何因子2推导验证测试.py,12588,90_历史归档\来源语料_utf_20261009\语料\01-核心论文\引力光速统一方程\引力光速的关系\几何因子2推导验证测试.py,B,未审计，待逐件裁定,已复制
01-核心论文/引力光速统一方程/引力光速的关系/几何因子2的完整推导与验证.md,27986,90_历史归档\来源语料_utf_20261009\语料\01-核心论文\引力光速统一方程\引力光速的关系\几何因子2的完整推导与验证.md,B,未审计，待逐件裁定,已复制
01-核心论文/引力光速统一方程/引力光速的关系/几何因子2：三维空间到二维平面投影的普适几何常数.md,10606,90_历史归档\来源语料_utf_20261009\语料\01-核心论文\引力光速统一方程\引力光速的关系\几何因子2：三维空间到二维平面投影的普适几何常数.md,B,未审计，待逐件裁定,已复制
01-核心论文/引力光速统一方程/引力光速的关系/几何因子求导过程.md,4384,90_历史归档\来源语料_utf_20261009\语料\01-核心论文\引力光速统一方程\引力光速的关系\几何因子求导过程.md,B,未审计，待逐件裁定,已复制
01-核心论文/引力光速统一方程/引力光速的关系/几何因子积分验证.py,5483,90_历史归档\来源语料_utf_20261009\语料\01-核心论文\引力光速统一方程\引力光速的关系\几何因子积分验证.py,B,未审计，待逐件裁定,已复制
01-核心论文/引力光速统一方程/引力光速的关系/引力光速统一方程_修复版.md,8573,90_历史归档\来源语料_utf_20261009\语料\01-核心论文\引力光速统一方程\引力光速的关系\引力光速统一方程_修复版.md,B,未审计，待逐件裁定,已复制
01-核心论文/引力光速统一方程/引力光速的关系/引力光速统一方程中c在分母的物理依据与数学推导.md,7043,90_历史归档\来源语料_utf_20261009\语料\01-核心论文\引力光速统一方程\引力光速的关系\引力光速统一方程中c在分母的物理依据与数学推导.md,B,未审计，待逐件裁定,已复制
01-核心论文/引力光速统一方程/引力光速的关系/引力光速统一方程的严格数学推导与修正说明.md,9644,90_历史归档\来源语料_utf_20261009\语料\01-核心论文\引力光速统一方程\引力光速的关系\引力光速统一方程的严格数学推导与修正说明.md,B,未审计，待逐件裁定,已复制
01-核心论文/引力光速统一方程/引力光速的关系/引力光速统一方程第一性原理严格推导.md,5657,90_历史归档\来源语料_utf_20261009\语料\01-核心论文\引力光速统一方程\引力光速的关系\引力光速统一方程第一性原理严格推导.md,B,未审计，待逐件裁定,已复制
01-核心论文/引力光速统一方程/引力光速的关系/引力光速统一方程论文.tex,31522,90_历史归档\来源语料_utf_20261009\语料\01-核心论文\引力光速统一方程\引力光速的关系\引力光速统一方程论文.tex,B,未审计，待逐件裁定,已复制
01-核心论文/引力光速统一方程/引力光速的关系/张祥前统一场论几何因子.md,32302,90_历史归档\来源语料_utf_20261009\语料\01-核心论文\引力光速统一方程\引力光速的关系\张祥前统一场论几何因子.md,B,未审计，待逐件裁定,已复制
01-核心论文/引力光速统一方程/引力光速的关系/张祥前统一场论几何因子_规范格式.md,25574,90_历史归档\来源语料_utf_20261009\语料\01-核心论文\引力光速统一方程\引力光速的关系\张祥前统一场论几何因子_规范格式.md,B,未审计，待逐件裁定,已复制
01-核心论文/引力光速统一方程/引力光速的关系/张祥前统一场论几何因子_规范格式_修复版.md,21410,90_历史归档\来源语料_utf_20261009\语料\01-核心论文\引力光速统一方程\引力光速的关系\张祥前统一场论几何因子_规范格式_修复版.md,B,未审计，待逐件裁定,已复制
01-核心论文/引力光速统一方程/引力光速的关系/整理后的几何因子2推导部分.md,5626,90_历史归档\来源语料_utf_20261009\语料\01-核心论文\引力光速统一方程\引力光速的关系\整理后的几何因子2推导部分.md,B,未审计，待逐件裁定,已复制
01-核心论文/引力光速统一方程/引力光速的关系/光速c的位置/c是分母的深度分析与验证.md,5700,90_历史归档\来源语料_utf_20261009\语料\01-核心论文\引力光速统一方程\引力光速的关系\光速c的位置\c是分母的深度分析与验证.md,B,未审计，待逐件裁定,已复制
01-核心论文/引力光速统一方程/引力光速的关系/光速c的位置/c的位置分析.md,11492,90_历史归档\来源语料_utf_20261009\语料\01-核心论文\引力光速统一方程\引力光速的关系\光速c的位置\c的位置分析.md,B,未审计，待逐件裁定,已复制
01-核心论文/引力光速统一方程/引力光速的关系/光速c的位置/Z=Gc2公式详细分析.md,6298,90_历史归档\来源语料_utf_20261009\语料\01-核心论文\引力光速统一方程\引力光速的关系\光速c的位置\Z=Gc2公式详细分析.md,B,未审计，待逐件裁定,已复制
01-核心论文/引力光速统一方程/引力光速的关系/光速c的位置/引力光速统一方程中c的位置：理论基础、数学推导与实验验证.md,8742,90_历史归档\来源语料_utf_20261009\语料\01-核心论文\引力光速统一方程\引力光速的关系\光速c的位置\引力光速统一方程中c的位置：理论基础、数学推导与实验验证.md,B,未审计，待逐件裁定,已复制
01-核心论文/引力光速统一方程/引力光速的关系/光速c的位置/量子力学与量纲上与代数上是自洽.md,18079,90_历史归档\来源语料_utf_20261009\语料\01-核心论文\引力光速统一方程\引力光速的关系\光速c的位置\量子力学与量纲上与代数上是自洽.md,B,未审计，待逐件裁定,已复制
01-核心论文/引力光速统一方程/引力光速的关系/光速c的位置/验证引力光速统一方程.py,11633,90_历史归档\来源语料_utf_20261009\语料\01-核心论文\引力光速统一方程\引力光速的关系\光速c的位置\验证引力光速统一方程.py,B,未审计，待逐件裁定,已复制
01-核心论文/引力光速统一方程/引力光速的关系/几何因子/9.4 几何因子2的多方法严谨推导与物理验证.md,35420,90_历史归档\来源语料_utf_20261009\语料\01-核心论文\引力光速统一方程\引力光速的关系\几何因子\9.4 几何因子2的多方法严谨推导与物理验证.md,B,未审计，待逐件裁定,已复制
01-核心论文/引力光速统一方程/引力光速的关系/几何因子/9.4 几何因子2的多方法严谨推导与物理验证（完整版）.md,14866,90_历史归档\来源语料_utf_20261009\语料\01-核心论文\引力光速统一方程\引力光速的关系\几何因子\9.4 几何因子2的多方法严谨推导与物理验证（完整版）.md,B,未审计，待逐件裁定,已复制
01-核心论文/引力光速统一方程/引力光速的关系/几何因子/从辐射模型到引力统一：几何因子与常数.md,11416,90_历史归档\来源语料_utf_20261009\语料\01-核心论文\引力光速统一方程\引力光速的关系\几何因子\从辐射模型到引力统一：几何因子与常数.md,B,未审计，待逐件裁定,已复制
01-核心论文/引力光速统一方程/引力光速的关系/分析与修复/优化后的引力光速统一方程论文_修订版.md,21200,90_历史归档\来源语料_utf_20261009\语料\01-核心论文\引力光速统一方程\引力光速的关系\分析与修复\优化后的引力光速统一方程论文_修订版.md,B,未审计，待逐件裁定,已复制
01-核心论文/引力光速统一方程/引力光速的关系/分析与修复/优化后的引力光速统一方程论文_终极版.md,21359,90_历史归档\来源语料_utf_20261009\语料\01-核心论文\引力光速统一方程\引力光速的关系\分析与修复\优化后的引力光速统一方程论文_终极版.md,B,未审计，待逐件裁定,已复制
01-核心论文/引力光速统一方程/引力光速的关系/分析与修复/引力与光速的统一：基于空间动力学的常数关系推导与验证.md,21907,90_历史归档\来源语料_utf_20261009\语料\01-核心论文\引力光速统一方程\引力光速的关系\分析与修复\引力与光速的统一：基于空间动力学的常数关系推导与验证.md,B,未审计，待逐件裁定,已复制
01-核心论文/引力光速统一方程/引力光速的关系/分析与修复/引力光速统一方程摘要版.md,3546,90_历史归档\来源语料_utf_20261009\语料\01-核心论文\引力光速统一方程\引力光速的关系\分析与修复\引力光速统一方程摘要版.md,B,未审计，待逐件裁定,已复制
01-核心论文/引力光速统一方程/引力光速的关系/分析与修复/引力光速统一方程的理论推导_世界顶级版.md,23423,90_历史归档\来源语料_utf_20261009\语料\01-核心论文\引力光速统一方程\引力光速的关系\分析与修复\引力光速统一方程的理论推导_世界顶级版.md,B,未审计，待逐件裁定,已复制
01-核心论文/引力光速统一方程/引力光速的关系/分析与修复/引力光速统一方程的理论推导_优化版.md,22160,90_历史归档\来源语料_utf_20261009\语料\01-核心论文\引力光速统一方程\引力光速的关系\分析与修复\引力光速统一方程的理论推导_优化版.md,B,未审计，待逐件裁定,已复制
01-核心论文/引力光速统一方程/引力光速的关系/分析与修复/引力光速统一方程的理论推导_修复版.md,22160,90_历史归档\来源语料_utf_20261009\语料\01-核心论文\引力光速统一方程\引力光速的关系\分析与修复\引力光速统一方程的理论推导_修复版.md,B,未审计，待逐件裁定,已复制
01-核心论文/引力光速统一方程/引力光速的关系/分析与修复/引力光速统一方程的理论推导_最终版.md,22074,90_历史归档\来源语料_utf_20261009\语料\01-核心论文\引力光速统一方程\引力光速的关系\分析与修复\引力光速统一方程的理论推导_最终版.md,B,未审计，待逐件裁定,已复制
01-核心论文/引力光速统一方程/引力光速的关系/分析与修复/引力光速统一方程的理论推导_权威引用版.md,24364,90_历史归档\来源语料_utf_20261009\语料\01-核心论文\引力光速统一方程\引力光速的关系\分析与修复\引力光速统一方程的理论推导_权威引用版.md,B,未审计，待逐件裁定,已复制
01-核心论文/引力光速统一方程/引力光速的关系/分析与修复/引力光速统一方程论文_综合优化版.md,22858,90_历史归档\来源语料_utf_20261009\语料\01-核心论文\引力光速统一方程\引力光速的关系\分析与修复\引力光速统一方程论文_综合优化版.md,B,未审计，待逐件裁定,已复制
01-核心论文/引力光速统一方程/引力光速的关系/分析与修复/引力光速统一方程：基于空间动力学的理论推导与实验验证.md,57099,90_历史归档\来源语料_utf_20261009\语料\01-核心论文\引力光速统一方程\引力光速的关系\分析与修复\引力光速统一方程：基于空间动力学的理论推导与实验验证.md,B,未审计，待逐件裁定,已复制
01-核心论文/引力光速统一方程/引力光速的关系/分析与修复/整合后的引力光速统一方程论文.md,47496,90_历史归档\来源语料_utf_20261009\语料\01-核心论文\引力光速统一方程\引力光速的关系\分析与修复\整合后的引力光速统一方程论文.md,B,未审计，待逐件裁定,已复制
01-核心论文/引力光速统一方程/引力光速的关系/分析与修复/第二章节_引力光速统一方程的理论推导.md,18276,90_历史归档\来源语料_utf_20261009\语料\01-核心论文\引力光速统一方程\引力光速的关系\分析与修复\第二章节_引力光速统一方程的理论推导.md,B,未审计，待逐件裁定,已复制
01-核心论文/引力光速统一方程/引力光速的关系/分析与修复/第二章节_待整理.md,95156,90_历史归档\来源语料_utf_20261009\语料\01-核心论文\引力光速统一方程\引力光速的关系\分析与修复\第二章节_待整理.md,B,未审计，待逐件裁定,已复制
01-核心论文/引力光速统一方程/引力光速的关系/分析与修复/论文分析与修复报告 1.md,10546,90_历史归档\来源语料_utf_20261009\语料\01-核心论文\引力光速统一方程\引力光速的关系\分析与修复\论文分析与修复报告 1.md,B,未审计，待逐件裁定,已复制
01-核心论文/引力光速统一方程/引力光速的关系/分析与修复/论文分析与修复报告.md,9657,90_历史归档\来源语料_utf_20261009\语料\01-核心论文\引力光速统一方程\引力光速的关系\分析与修复\论文分析与修复报告.md,B,未审计，待逐件裁定,已复制
01-核心论文/引力光速统一方程/引力光速的关系/版本备份/引力光速统一方程：从空间动力学原理到常数统一的理论推导与验证 2025-09-19 几何因子.md,112209,90_历史归档\来源语料_utf_20261009\语料\01-核心论文\引力光速统一方程\引力光速的关系\版本备份\引力光速统一方程：从空间动力学原理到常数统一的理论推导与验证 2025-09-19 几何因子.md,B,未审计，待逐件裁定,已复制
01-核心论文/引力光速统一方程/引力光速的关系/球面积公式/基于空间动力学理论的引力相互作用力推导与验证.md,5923,90_历史归档\来源语料_utf_20261009\语料\01-核心论文\引力光速统一方程\引力光速的关系\球面积公式\基于空间动力学理论的引力相互作用力推导与验证.md,B,未审计，待逐件裁定,已复制
01-核心论文/引力光速统一方程/引力光速的关系/球面积公式/更正确和更合理的选择.md,3809,90_历史归档\来源语料_utf_20261009\语料\01-核心论文\引力光速统一方程\引力光速的关系\球面积公式\更正确和更合理的选择.md,B,未审计，待逐件裁定,已复制
01-核心论文/引力光速统一方程/引力光速的关系/球面积公式/物理层面K.md,2415,90_历史归档\来源语料_utf_20261009\语料\01-核心论文\引力光速统一方程\引力光速的关系\球面积公式\物理层面K.md,B,未审计，待逐件裁定,已复制
01-核心论文/引力光速统一方程/引力光速的关系/论文分析与优化建议/优化后论文关键部分示例.md,12836,90_历史归档\来源语料_utf_20261009\语料\01-核心论文\引力光速统一方程\引力光速的关系\论文分析与优化建议\优化后论文关键部分示例.md,B,未审计，待逐件裁定,已复制
01-核心论文/引力光速统一方程/引力光速的关系/论文分析与优化建议/优化后论文完整模板.md,49071,90_历史归档\来源语料_utf_20261009\语料\01-核心论文\引力光速统一方程\引力光速的关系\论文分析与优化建议\优化后论文完整模板.md,B,未审计，待逐件裁定,已复制
01-核心论文/引力光速统一方程/引力光速的关系/论文分析与优化建议/引力光速统一方程论文分析与优化报告.md,12539,90_历史归档\来源语料_utf_20261009\语料\01-核心论文\引力光速统一方程\引力光速的关系\论文分析与优化建议\引力光速统一方程论文分析与优化报告.md,B,未审计，待逐件裁定,已复制
01-核心论文/引力光速统一方程/求导验证/单位时间单位体积内空间位移条数变化率与光速关系解析.md,7632,90_历史归档\来源语料_utf_20261009\语料\01-核心论文\引力光速统一方程\求导验证\单位时间单位体积内空间位移条数变化率与光速关系解析.md,B,未审计，待逐件裁定,已复制
01-核心论文/引力光速统一方程/求导验证/基于张祥前统一场论的引力常数G与光速c关系推导与验证：引力以光速传播的数学证明.md,10916,90_历史归档\来源语料_utf_20261009\语料\01-核心论文\引力光速统一方程\求导验证\基于张祥前统一场论的引力常数G与光速c关系推导与验证：引力以光速传播的数学证明.md,B,未审计，待逐件裁定,已复制
01-核心论文/引力光速统一方程/求导验证/引力常数G与光速c关系的推导与验证.md,6433,90_历史归档\来源语料_utf_20261009\语料\01-核心论文\引力光速统一方程\求导验证\引力常数G与光速c关系的推导与验证.md,B,未审计，待逐件裁定,已复制
01-核心论文/引力光速统一方程/求导验证/求导验证是否正确.md,4273,90_历史归档\来源语料_utf_20261009\语料\01-核心论文\引力光速统一方程\求导验证\求导验证是否正确.md,B,未审计，待逐件裁定,已复制
01-核心论文/引力光速统一方程/求导验证/Z = dn/(dV dt) 求导验证论文.md,8463,90_历史归档\来源语料_utf_20261009\语料\01-核心论文\引力光速统一方程\求导验证\Z = dn\(dV dt) 求导验证论文.md,B,未审计，待逐件裁定,已复制
01-核心论文/引力光速统一方程/论文/张祥前统一场论中核心常数 Z 的几何化推导与验证.md,14245,90_历史归档\来源语料_utf_20261009\语料\01-核心论文\引力光速统一方程\论文\张祥前统一场论中核心常数 Z 的几何化推导与验证.md,B,未审计，待逐件裁定,已复制
01-核心论文/引力光速统一方程/论文疑点验证优化/claude论文评审.md,55800,90_历史归档\来源语料_utf_20261009\语料\01-核心论文\引力光速统一方程\论文疑点验证优化\claude论文评审.md,B,未审计，待逐件裁定,已复制
01-核心论文/引力光速统一方程/论文疑点验证优化/几何因子.md,11396,90_历史归档\来源语料_utf_20261009\语料\01-核心论文\引力光速统一方程\论文疑点验证优化\几何因子.md,B,未审计，待逐件裁定,已复制
01-核心论文/引力光速统一方程/论文疑点验证优化/论文优化建议.md,4726,90_历史归档\来源语料_utf_20261009\语料\01-核心论文\引力光速统一方程\论文疑点验证优化\论文优化建议.md,B,未审计，待逐件裁定,已复制
01-核心论文/引力光速统一方程/验证代码/test_edge_cases.py,3351,90_历史归档\来源语料_utf_20261009\语料\01-核心论文\引力光速统一方程\验证代码\test_edge_cases.py,B,未审计，待逐件裁定,已复制
01-核心论文/引力光速统一方程/验证代码/validate_gravitational_light_speed_equation.py,9845,90_历史归档\来源语料_utf_20261009\语料\01-核心论文\引力光速统一方程\验证代码\validate_gravitational_light_speed_equation.py,B,未审计，待逐件裁定,已复制
01-核心论文/引力场/1 copy.md,3904,90_历史归档\来源语料_utf_20261009\语料\01-核心论文\引力场\1 copy.md,B,未审计，待逐件裁定,已复制
01-核心论文/引力场/1.md,12810,90_历史归档\来源语料_utf_20261009\语料\01-核心论文\引力场\1.md,B,未审计，待逐件裁定,已复制
01-核心论文/引力场/gravitational_field_verification.py,12461,90_历史归档\来源语料_utf_20261009\语料\01-核心论文\引力场\gravitational_field_verification.py,B,未审计，待逐件裁定,已复制
01-核心论文/引力场/lagrange_mass_verification.py,12904,90_历史归档\来源语料_utf_20261009\语料\01-核心论文\引力场\lagrange_mass_verification.py,B,未审计，待逐件裁定,已复制
01-核心论文/引力场/lagrangian_point_verification.py,16445,90_历史归档\来源语料_utf_20261009\语料\01-核心论文\引力场\lagrangian_point_verification.py,B,未审计，待逐件裁定,已复制
01-核心论文/引力场/simple_lagrange_verification.py,7089,90_历史归档\来源语料_utf_20261009\语料\01-核心论文\引力场\simple_lagrange_verification.py,B,未审计，待逐件裁定,已复制
01-核心论文/引力场/变化电磁场产生引力场的能量转换效率求导验证——基于张祥前统一场论的第一性原理分析.md,7895,90_历史归档\来源语料_utf_20261009\语料\01-核心论文\引力场\变化电磁场产生引力场的能量转换效率求导验证——基于张祥前统一场论的第一性原理分析.md,B,未审计，待逐件裁定,已复制
01-核心论文/引力场/引力、磁场与电场力方向的统一求导验证——基于张祥前统一场论的顶尖论文.md,11286,90_历史归档\来源语料_utf_20261009\语料\01-核心论文\引力场\引力、磁场与电场力方向的统一求导验证——基于张祥前统一场论的顶尖论文.md,B,未审计，待逐件裁定,已复制
01-核心论文/引力场/引力平衡与质量归零的鸿沟：论拉格朗日点卫星不能光速飞行的第一性原理证明.md,7880,90_历史归档\来源语料_utf_20261009\语料\01-核心论文\引力场\引力平衡与质量归零的鸿沟：论拉格朗日点卫星不能光速飞行的第一性原理证明.md,B,未审计，待逐件裁定,已复制
01-核心论文/引力场/拉格朗日点与光速飞行原理的本质区别：从牛顿力学到统一场论的深度解析.md,15873,90_历史归档\来源语料_utf_20261009\语料\01-核心论文\引力场\拉格朗日点与光速飞行原理的本质区别：从牛顿力学到统一场论的深度解析.md,B,未审计，待逐件裁定,已复制
01-核心论文/引力场/正引力场与反引力场的本质区分：拉格朗日点现象与光速飞行原理的数学验证.md,10504,90_历史归档\来源语料_utf_20261009\语料\01-核心论文\引力场\正引力场与反引力场的本质区分：拉格朗日点现象与光速飞行原理的数学验证.md,B,未审计，待逐件裁定,已复制
01-核心论文/思想意识/consciousness_ai_simulation.py,22430,90_历史归档\来源语料_utf_20261009\语料\01-核心论文\思想意识\consciousness_ai_simulation.py,B,未审计，待逐件裁定,已复制
01-核心论文/思想意识/consciousness_equation_verification.py,16268,90_历史归档\来源语料_utf_20261009\语料\01-核心论文\思想意识\consciousness_equation_verification.py,B,未审计，待逐件裁定,已复制
01-核心论文/思想意识/思想意识的几何化方程：基于统一场论的推导.md,57121,90_历史归档\来源语料_utf_20261009\语料\01-核心论文\思想意识\思想意识的几何化方程：基于统一场论的推导.md,B,未审计，待逐件裁定,已复制
01-核心论文/思想意识/思想意识的几何化方程：基于统一场论的推导与算法联盟验证.md,7495,90_历史归档\来源语料_utf_20261009\语料\01-核心论文\思想意识\思想意识的几何化方程：基于统一场论的推导与算法联盟验证.md,B,未审计，待逐件裁定,已复制
01-核心论文/思想意识/思想意识算法的数学求导与验证报告.md,5953,90_历史归档\来源语料_utf_20261009\语料\01-核心论文\思想意识\思想意识算法的数学求导与验证报告.md,B,未审计，待逐件裁定,已复制
01-核心论文/思想意识/code/test.py,12285,90_历史归档\来源语料_utf_20261009\语料\01-核心论文\思想意识\code\test.py,B,未审计，待逐件裁定,已复制
01-核心论文/数学论文/convert_formulas_to_latex.py,4699,90_历史归档\来源语料_utf_20261009\语料\01-核心论文\数学论文\convert_formulas_to_latex.py,B,未审计，待逐件裁定,已复制
01-核心论文/数学论文/README.md,4738,90_历史归档\来源语料_utf_20261009\语料\01-核心论文\数学论文\README.md,B,未审计，待逐件裁定,已复制
01-核心论文/数学论文/待求导的数学问题(数学验证优化版).md,5821,90_历史归档\来源语料_utf_20261009\语料\01-核心论文\数学论文\待求导的数学问题(数学验证优化版).md,B,未审计，待逐件裁定,已复制
01-核心论文/数学论文/待求导的数学问题.md,5821,90_历史归档\来源语料_utf_20261009\语料\01-核心论文\数学论文\待求导的数学问题.md,B,未审计，待逐件裁定,已复制
01-核心论文/数学论文/数学论文验证修复报告.json,12212,90_历史归档\来源语料_utf_20261009\语料\01-核心论文\数学论文\数学论文验证修复报告.json,B,未审计，待逐件裁定,已复制
01-核心论文/数学论文/数学论文验证修复报告.md,8851,90_历史归档\来源语料_utf_20261009\语料\01-核心论文\数学论文\数学论文验证修复报告.md,B,未审计，待逐件裁定,已复制
01-核心论文/数学论文/数学论文验证证明修复系统.py,19751,90_历史归档\来源语料_utf_20261009\语料\01-核心论文\数学论文\数学论文验证证明修复系统.py,B,未审计，待逐件裁定,已复制
01-核心论文/数学论文/分析类难题求导工具应用/分析类难题的求导工具应用清单：详细案例与求导过程(数学验证优化版).md,16272,90_历史归档\来源语料_utf_20261009\语料\01-核心论文\数学论文\分析类难题求导工具应用\分析类难题的求导工具应用清单：详细案例与求导过程(数学验证优化版).md,B,未审计，待逐件裁定,已复制
01-核心论文/数学论文/分析类难题求导工具应用/分析类难题的求导工具应用清单：详细案例与求导过程.md,16272,90_历史归档\来源语料_utf_20261009\语料\01-核心论文\数学论文\分析类难题求导工具应用\分析类难题的求导工具应用清单：详细案例与求导过程.md,B,未审计，待逐件裁定,已复制
01-核心论文/数学论文/数学难题哲学思考求导验证/数学难题的深层解构：一位数学家的哲学思考求导验证.md,23782,90_历史归档\来源语料_utf_20261009\语料\01-核心论文\数学论文\数学难题哲学思考求导验证\数学难题的深层解构：一位数学家的哲学思考求导验证.md,B,未审计，待逐件裁定,已复制
01-核心论文/数学论文/数学验证代码/earth_spiral_motion_verification.py,15438,90_历史归档\来源语料_utf_20261009\语料\01-核心论文\数学论文\数学验证代码\earth_spiral_motion_verification.py,B,未审计，待逐件裁定,已复制
01-核心论文/数学论文/数学验证代码/README.md,3193,90_历史归档\来源语料_utf_20261009\语料\01-核心论文\数学论文\数学验证代码\README.md,B,未审计，待逐件裁定,已复制
01-核心论文/数学论文/数学验证代码/unified_field_theory_derivative_verification.py,19562,90_历史归档\来源语料_utf_20261009\语料\01-核心论文\数学论文\数学验证代码\unified_field_theory_derivative_verification.py,B,未审计，待逐件裁定,已复制
01-核心论文/数学论文/数学验证代码/核心公式数值验证.py,13747,90_历史归档\来源语料_utf_20261009\语料\01-核心论文\数学论文\数学验证代码\核心公式数值验证.py,B,未审计，待逐件裁定,已复制
01-核心论文/数学论文/数学验证代码/验证统一场论核心公式.py,12069,90_历史归档\来源语料_utf_20261009\语料\01-核心论文\数学论文\数学验证代码\验证统一场论核心公式.py,B,未审计，待逐件裁定,已复制
01-核心论文/数学论文/最伟大论文/Navier-Stokes方程存在性与光滑性严格求导验证与数学意义分析(数学验证优化版).md,10676,90_历史归档\来源语料_utf_20261009\语料\01-核心论文\数学论文\最伟大论文\Navier-Stokes方程存在性与光滑性严格求导验证与数学意义分析(数学验证优化版).md,B,未审计，待逐件裁定,已复制
01-核心论文/数学论文/最伟大论文/Navier-Stokes方程存在性与光滑性严格求导验证与数学意义分析.md,10676,90_历史归档\来源语料_utf_20261009\语料\01-核心论文\数学论文\最伟大论文\Navier-Stokes方程存在性与光滑性严格求导验证与数学意义分析.md,B,未审计，待逐件裁定,已复制
01-核心论文/数学论文/最伟大论文/README.md,4278,90_历史归档\来源语料_utf_20261009\语料\01-核心论文\数学论文\最伟大论文\README.md,B,未审计，待逐件裁定,已复制
01-核心论文/数学论文/最伟大论文/张祥前统一场论与欧拉公式的数学联系与求导验证.md,28076,90_历史归档\来源语料_utf_20261009\语料\01-核心论文\数学论文\最伟大论文\张祥前统一场论与欧拉公式的数学联系与求导验证.md,B,未审计，待逐件裁定,已复制
01-核心论文/数学论文/最伟大论文/张祥前统一场论对现代数学问题的解决与严格求导验证(数学验证优化版).md,11963,90_历史归档\来源语料_utf_20261009\语料\01-核心论文\数学论文\最伟大论文\张祥前统一场论对现代数学问题的解决与严格求导验证(数学验证优化版).md,B,未审计，待逐件裁定,已复制
01-核心论文/数学论文/最伟大论文/张祥前统一场论对现代数学问题的解决与严格求导验证.md,11963,90_历史归档\来源语料_utf_20261009\语料\01-核心论文\数学论文\最伟大论文\张祥前统一场论对现代数学问题的解决与严格求导验证.md,B,未审计，待逐件裁定,已复制
01-核心论文/数学论文/最伟大论文/张祥前统一场论数学推导与验证技术报告.md,9991,90_历史归档\来源语料_utf_20261009\语料\01-核心论文\数学论文\最伟大论文\张祥前统一场论数学推导与验证技术报告.md,B,未审计，待逐件裁定,已复制
01-核心论文/数学论文/最伟大论文/张祥前统一场论的数学基础与核心公式严格推导验证.md,17016,90_历史归档\来源语料_utf_20261009\语料\01-核心论文\数学论文\最伟大论文\张祥前统一场论的数学基础与核心公式严格推导验证.md,B,未审计，待逐件裁定,已复制
01-核心论文/数学论文/最伟大论文/张祥前统一场论解决千禧年数学难题：百万美金大奖证明方案(数学验证优化版).md,12813,90_历史归档\来源语料_utf_20261009\语料\01-核心论文\数学论文\最伟大论文\张祥前统一场论解决千禧年数学难题：百万美金大奖证明方案(数学验证优化版).md,B,未审计，待逐件裁定,已复制
01-核心论文/数学论文/最伟大论文/张祥前统一场论解决千禧年数学难题：百万美金大奖证明方案.md,12813,90_历史归档\来源语料_utf_20261009\语料\01-核心论文\数学论文\最伟大论文\张祥前统一场论解决千禧年数学难题：百万美金大奖证明方案.md,B,未审计，待逐件裁定,已复制
01-核心论文/数学论文/最伟大论文/所有数学问题终极解决与严格求导验证.md,14413,90_历史归档\来源语料_utf_20261009\语料\01-核心论文\数学论文\最伟大论文\所有数学问题终极解决与严格求导验证.md,B,未审计，待逐件裁定,已复制
01-核心论文/数学论文/最伟大论文/数学未解之谜分类求导：算法联盟顶尖论文解析.md,12989,90_历史归档\来源语料_utf_20261009\语料\01-核心论文\数学论文\最伟大论文\数学未解之谜分类求导：算法联盟顶尖论文解析.md,B,未审计，待逐件裁定,已复制
01-核心论文/数学论文/最伟大论文/算法联盟-张祥前统一场论数学秘密与算法推导.md,22234,90_历史归档\来源语料_utf_20261009\语料\01-核心论文\数学论文\最伟大论文\算法联盟-张祥前统一场论数学秘密与算法推导.md,B,未审计，待逐件裁定,已复制
01-核心论文/数学论文/最伟大论文/螺旋时空频率化框架_全维第一性原理求导证明_精算验证分析.md,54306,90_历史归档\来源语料_utf_20261009\语料\01-核心论文\数学论文\最伟大论文\螺旋时空频率化框架_全维第一性原理求导证明_精算验证分析.md,B,未审计，待逐件裁定,已复制
01-核心论文/数学论文/最伟大论文/贝赫和斯维讷通-戴尔猜想严格求导验证与数学意义分析.md,9480,90_历史归档\来源语料_utf_20261009\语料\01-核心论文\数学论文\最伟大论文\贝赫和斯维讷通-戴尔猜想严格求导验证与数学意义分析.md,B,未审计，待逐件裁定,已复制
01-核心论文/数学论文/最伟大论文/霍奇猜想严格求导验证与数学意义分析.md,9287,90_历史归档\来源语料_utf_20261009\语料\01-核心论文\数学论文\最伟大论文\霍奇猜想严格求导验证与数学意义分析.md,B,未审计，待逐件裁定,已复制
01-核心论文/数学论文/最伟大论文/黎曼猜想严格求导验证与数学意义分析.md,8323,90_历史归档\来源语料_utf_20261009\语料\01-核心论文\数学论文\最伟大论文\黎曼猜想严格求导验证与数学意义分析.md,B,未审计，待逐件裁定,已复制
01-核心论文/数学论文/最伟大论文/code/correct_energy_lamb.py,5551,90_历史归档\来源语料_utf_20261009\语料\01-核心论文\数学论文\最伟大论文\code\correct_energy_lamb.py,B,未审计，待逐件裁定,已复制
01-核心论文/数学论文/最伟大论文/code/correct_lamb.py,4937,90_历史归档\来源语料_utf_20261009\语料\01-核心论文\数学论文\最伟大论文\code\correct_lamb.py,B,未审计，待逐件裁定,已复制
01-核心论文/数学论文/最伟大论文/code/debug_lamb.py,3462,90_历史归档\来源语料_utf_20261009\语料\01-核心论文\数学论文\最伟大论文\code\debug_lamb.py,B,未审计，待逐件裁定,已复制
01-核心论文/数学论文/最伟大论文/code/final_lamb.py,2973,90_历史归档\来源语料_utf_20261009\语料\01-核心论文\数学论文\最伟大论文\code\final_lamb.py,B,未审计，待逐件裁定,已复制
01-核心论文/数学论文/最伟大论文/code/test_norm.py,3638,90_历史归档\来源语料_utf_20261009\语料\01-核心论文\数学论文\最伟大论文\code\test_norm.py,B,未审计，待逐件裁定,已复制
01-核心论文/数学论文/最伟大论文/code/verify_geometric_lamb.py,11400,90_历史归档\来源语料_utf_20261009\语料\01-核心论文\数学论文\最伟大论文\code\verify_geometric_lamb.py,B,未审计，待逐件裁定,已复制
01-核心论文/数学论文/最伟大论文/code/verify_paper.py,6852,90_历史归档\来源语料_utf_20261009\语料\01-核心论文\数学论文\最伟大论文\code\verify_paper.py,B,未审计，待逐件裁定,已复制
01-核心论文/数学论文/最伟大论文/code/verify_paper_v2.py,21960,90_历史归档\来源语料_utf_20261009\语料\01-核心论文\数学论文\最伟大论文\code\verify_paper_v2.py,B,未审计，待逐件裁定,已复制
01-核心论文/数学论文/最伟大论文/code/verify_paper_v3.py,19205,90_历史归档\来源语料_utf_20261009\语料\01-核心论文\数学论文\最伟大论文\code\verify_paper_v3.py,B,未审计，待逐件裁定,已复制
01-核心论文/数学论文/最伟大论文/code/verify_paper_v4.py,14773,90_历史归档\来源语料_utf_20261009\语料\01-核心论文\数学论文\最伟大论文\code\verify_paper_v4.py,B,未审计，待逐件裁定,已复制
01-核心论文/数学论文/最伟大论文/code/verify_ring_lamb.py,9055,90_历史归档\来源语料_utf_20261009\语料\01-核心论文\数学论文\最伟大论文\code\verify_ring_lamb.py,B,未审计，待逐件裁定,已复制
01-核心论文/数学论文/最伟大论文/code/verify_ring_lamb_v2.py,7517,90_历史归档\来源语料_utf_20261009\语料\01-核心论文\数学论文\最伟大论文\code\verify_ring_lamb_v2.py,B,未审计，待逐件裁定,已复制
01-核心论文/数学论文/未来数学问题求导与破解/未来数学问题终极求导与破解：统一场论视角下的数学新境界.md,19913,90_历史归档\来源语料_utf_20261009\语料\01-核心论文\数学论文\未来数学问题求导与破解\未来数学问题终极求导与破解：统一场论视角下的数学新境界.md,B,未审计，待逐件裁定,已复制
01-核心论文/数学论文/未解决数学难题全面分析/未解决的数学难题：人类智慧的终极挑战与统一场论视角.md,20627,90_历史归档\来源语料_utf_20261009\语料\01-核心论文\数学论文\未解决数学难题全面分析\未解决的数学难题：人类智慧的终极挑战与统一场论视角.md,B,未审计，待逐件裁定,已复制
01-核心论文/数学论文/未解数学问题意义求导验证/所有未解数学问题意义求导验证与顶尖论文标准分析(数学验证优化版).md,10011,90_历史归档\来源语料_utf_20261009\语料\01-核心论文\数学论文\未解数学问题意义求导验证\所有未解数学问题意义求导验证与顶尖论文标准分析(数学验证优化版).md,B,未审计，待逐件裁定,已复制
01-核心论文/数学论文/未解数学问题意义求导验证/所有未解数学问题意义求导验证与顶尖论文标准分析.md,10011,90_历史归档\来源语料_utf_20261009\语料\01-核心论文\数学论文\未解数学问题意义求导验证\所有未解数学问题意义求导验证与顶尖论文标准分析.md,B,未审计，待逐件裁定,已复制
01-核心论文/数学论文/果克星球趋势分析/果克星球数学模型求导与趋势分析：基于统一场论视角.md,7740,90_历史归档\来源语料_utf_20261009\语料\01-核心论文\数学论文\果克星球趋势分析\果克星球数学模型求导与趋势分析：基于统一场论视角.md,B,未审计，待逐件裁定,已复制
01-核心论文/时间势差/v1/1.md,14509,90_历史归档\来源语料_utf_20261009\语料\01-核心论文\时间势差\v1\1.md,B,未审计，待逐件裁定,已复制
01-核心论文/时间势差/v2/空间几何动力学统一场论框架：从时空本源到全尺度引力效应.md,35065,90_历史归档\来源语料_utf_20261009\语料\01-核心论文\时间势差\v2\空间几何动力学统一场论框架：从时空本源到全尺度引力效应.md,B,未审计，待逐件裁定,已复制
01-核心论文/时间势差/v3/验证/1.md,2572,90_历史归档\来源语料_utf_20261009\语料\01-核心论文\时间势差\v3\验证\1.md,B,未审计，待逐件裁定,已复制
01-核心论文/时间势差/时间膨胀/1.md,13824,90_历史归档\来源语料_utf_20261009\语料\01-核心论文\时间势差\时间膨胀\1.md,B,未审计，待逐件裁定,已复制
01-核心论文/正反引力场/引力场极性效应的严格证明：从第一性原理推导至实验数据的定性验证.md,8460,90_历史归档\来源语料_utf_20261009\语料\01-核心论文\正反引力场\引力场极性效应的严格证明：从第一性原理推导至实验数据的定性验证.md,B,未审计，待逐件裁定,已复制
01-核心论文/正反引力场/引力场极性效应的严格证明：从第一性原理推导至实验数据的定量验证.md,10181,90_历史归档\来源语料_utf_20261009\语料\01-核心论文\正反引力场\引力场极性效应的严格证明：从第一性原理推导至实验数据的定量验证.md,B,未审计，待逐件裁定,已复制
01-核心论文/正反引力场/正反引力场属性/1.md,3564,90_历史归档\来源语料_utf_20261009\语料\01-核心论文\正反引力场\正反引力场属性\1.md,B,未审计，待逐件裁定,已复制
01-核心论文/正反引力场/正反引力场属性/2.md,5299,90_历史归档\来源语料_utf_20261009\语料\01-核心论文\正反引力场\正反引力场属性\2.md,B,未审计，待逐件裁定,已复制
01-核心论文/正反引力场/正反引力场属性/正反引力场的几何起源：电荷驱动空间手性螺旋运动的统一场论证明.md,14096,90_历史归档\来源语料_utf_20261009\语料\01-核心论文\正反引力场\正反引力场属性\正反引力场的几何起源：电荷驱动空间手性螺旋运动的统一场论证明.md,B,未审计，待逐件裁定,已复制
01-核心论文/正反引力场/正反引力场属性/深度验证：统一场论的 Python 数值验证.md,8573,90_历史归档\来源语料_utf_20261009\语料\01-核心论文\正反引力场\正反引力场属性\深度验证：统一场论的 Python 数值验证.md,B,未审计，待逐件裁定,已复制
01-核心论文/正反引力场/正反引力场属性/code/1.py,3319,90_历史归档\来源语料_utf_20261009\语料\01-核心论文\正反引力场\正反引力场属性\code\1.py,B,未审计，待逐件裁定,已复制
01-核心论文/正反引力场/正反引力场属性/元数据/正反引力场元数据.md,10280,90_历史归档\来源语料_utf_20261009\语料\01-核心论文\正反引力场\正反引力场属性\元数据\正反引力场元数据.md,B,未审计，待逐件裁定,已复制
01-核心论文/物体运动/V1/1.md,20266,90_历史归档\来源语料_utf_20261009\语料\01-核心论文\物体运动\V1\1.md,B,未审计，待逐件裁定,已复制
01-核心论文/物体运动/V1/不同运动状态物体宽度分析报告.md,6395,90_历史归档\来源语料_utf_20261009\语料\01-核心论文\物体运动\V1\不同运动状态物体宽度分析报告.md,B,未审计，待逐件裁定,已复制
01-核心论文/物体运动/V1/宽度计算验证.py,2326,90_历史归档\来源语料_utf_20261009\语料\01-核心论文\物体运动\V1\宽度计算验证.py,B,未审计，待逐件裁定,已复制
01-核心论文/物体运动/V1/量子化空间运动与引力常数推导.md,5493,90_历史归档\来源语料_utf_20261009\语料\01-核心论文\物体运动\V1\量子化空间运动与引力常数推导.md,B,未审计，待逐件裁定,已复制
01-核心论文/物理常数/张祥前统一场论核心物理公式全集.md,5427,90_历史归档\来源语料_utf_20261009\语料\01-核心论文\物理常数\张祥前统一场论核心物理公式全集.md,B,未审计，待逐件裁定,已复制
01-核心论文/物理常数/真空介电常数ε₀的推导与验证.md,2886,90_历史归档\来源语料_utf_20261009\语料\01-核心论文\物理常数\真空介电常数ε₀的推导与验证.md,B,未审计，待逐件裁定,已复制
01-核心论文/物理常数/精细结构常数α/基于内禀光速螺旋运动v=c的精细结构常数α几何本质：量子力学时空几何统一的范式转移.md,11338,90_历史归档\来源语料_utf_20261009\语料\01-核心论文\物理常数\精细结构常数α\基于内禀光速螺旋运动v=c的精细结构常数α几何本质：量子力学时空几何统一的范式转移.md,B,未审计，待逐件裁定,已复制
01-核心论文/电磁耦合常数Z'/1.md,5665,90_历史归档\来源语料_utf_20261009\语料\01-核心论文\电磁耦合常数Z'\1.md,B,未审计，待逐件裁定,已复制
01-核心论文/电磁耦合常数Z'/1_修复版.md,11452,90_历史归档\来源语料_utf_20261009\语料\01-核心论文\电磁耦合常数Z'\1_修复版.md,B,未审计，待逐件裁定,已复制
01-核心论文/电磁耦合常数Z'/calculate_alpha.py,1321,90_历史归档\来源语料_utf_20261009\语料\01-核心论文\电磁耦合常数Z'\calculate_alpha.py,B,未审计，待逐件裁定,已复制
01-核心论文/电磁耦合常数Z'/calculate_force_ratios.py,2407,90_历史归档\来源语料_utf_20261009\语料\01-核心论文\电磁耦合常数Z'\calculate_force_ratios.py,B,未审计，待逐件裁定,已复制
01-核心论文/电磁耦合常数Z'/calculate_z_prime.py,698,90_历史归档\来源语料_utf_20261009\语料\01-核心论文\电磁耦合常数Z'\calculate_z_prime.py,B,未审计，待逐件裁定,已复制
01-核心论文/电磁耦合常数Z'/check_anomalies.py,2721,90_历史归档\来源语料_utf_20261009\语料\01-核心论文\电磁耦合常数Z'\check_anomalies.py,B,未审计，待逐件裁定,已复制
01-核心论文/电磁耦合常数Z'/convert_latex.py,1576,90_历史归档\来源语料_utf_20261009\语料\01-核心论文\电磁耦合常数Z'\convert_latex.py,B,未审计，待逐件裁定,已复制
"01-核心论文/电磁耦合常数Z'/Geometric Origin, First-Principles Derivation and Multi-Dimensional Verification of Electromagnetic Coupling Constant Z'_Top Paper.md",36248,"90_历史归档\来源语料_utf_20261009\语料\01-核心论文\电磁耦合常数Z'\Geometric Origin, First-Principles Derivation and Multi-Dimensional Verification of Electromagnetic Coupling Constant Z'_Top Paper.md",B,未审计，待逐件裁定,已复制
01-核心论文/电磁耦合常数Z'/README.md,6654,90_历史归档\来源语料_utf_20261009\语料\01-核心论文\电磁耦合常数Z'\README.md,B,未审计，待逐件裁定,已复制
01-核心论文/电磁耦合常数Z'/verify_calculations.py,3674,90_历史归档\来源语料_utf_20261009\语料\01-核心论文\电磁耦合常数Z'\verify_calculations.py,B,未审计，待逐件裁定,已复制
01-核心论文/电磁耦合常数Z'/verify_dimension.py,773,90_历史归档\来源语料_utf_20261009\语料\01-核心论文\电磁耦合常数Z'\verify_dimension.py,B,未审计，待逐件裁定,已复制
01-核心论文/电磁耦合常数Z'/verify_fine_structure.py,1372,90_历史归档\来源语料_utf_20261009\语料\01-核心论文\电磁耦合常数Z'\verify_fine_structure.py,B,未审计，待逐件裁定,已复制
01-核心论文/电磁耦合常数Z'/verify_force_ratios.py,2373,90_历史归档\来源语料_utf_20261009\语料\01-核心论文\电磁耦合常数Z'\verify_force_ratios.py,B,未审计，待逐件裁定,已复制
01-核心论文/电磁耦合常数Z'/verify_gravitational.py,1311,90_历史归档\来源语料_utf_20261009\语料\01-核心论文\电磁耦合常数Z'\verify_gravitational.py,B,未审计，待逐件裁定,已复制
01-核心论文/电磁耦合常数Z'/verify_z_prime.py,383,90_历史归档\来源语料_utf_20261009\语料\01-核心论文\电磁耦合常数Z'\verify_z_prime.py,B,未审计，待逐件裁定,已复制
01-核心论文/电磁耦合常数Z'/Z'公式修复分析报告.md,7606,90_历史归档\来源语料_utf_20261009\语料\01-核心论文\电磁耦合常数Z'\Z'公式修复分析报告.md,B,未审计，待逐件裁定,已复制
01-核心论文/电磁耦合常数Z'/Z与Z'常数求导验证与误差修正分析.md,4170,90_历史归档\来源语料_utf_20261009\语料\01-核心论文\电磁耦合常数Z'\Z与Z'常数求导验证与误差修正分析.md,B,未审计，待逐件裁定,已复制
01-核心论文/电磁耦合常数Z'/张祥前统一场论与经典电磁学库仑定律对比分析.md,6230,90_历史归档\来源语料_utf_20261009\语料\01-核心论文\电磁耦合常数Z'\张祥前统一场论与经典电磁学库仑定律对比分析.md,B,未审计，待逐件裁定,已复制
01-核心论文/电磁耦合常数Z'/整合分析报告.md,7703,90_历史归档\来源语料_utf_20261009\语料\01-核心论文\电磁耦合常数Z'\整合分析报告.md,B,未审计，待逐件裁定,已复制
01-核心论文/电磁耦合常数Z'/电磁光速几何耦合常数 Z' 的几何起源、第一性原理推导与多维度验证.md,61923,90_历史归档\来源语料_utf_20261009\语料\01-核心论文\电磁耦合常数Z'\电磁光速几何耦合常数 Z' 的几何起源、第一性原理推导与多维度验证.md,B,未审计，待逐件裁定,已复制
01-核心论文/电磁耦合常数Z'/电磁耦合常数 Z' 的几何起源、第一性原理推导与多维度验证——基于张祥前统一场论的完备性研究.tex,34922,90_历史归档\来源语料_utf_20261009\语料\01-核心论文\电磁耦合常数Z'\电磁耦合常数 Z' 的几何起源、第一性原理推导与多维度验证——基于张祥前统一场论的完备性研究.tex,B,未审计，待逐件裁定,已复制
01-核心论文/电磁耦合常数Z'/统一场论的几何基石：电磁耦合常数Z'的第一性原理推导与范式革命.md,28179,90_历史归档\来源语料_utf_20261009\语料\01-核心论文\电磁耦合常数Z'\统一场论的几何基石：电磁耦合常数Z'的第一性原理推导与范式革命.md,B,未审计，待逐件裁定,已复制
01-核心论文/电磁耦合常数Z'/code/1.py,1168,90_历史归档\来源语料_utf_20261009\语料\01-核心论文\电磁耦合常数Z'\code\1.py,B,未审计，待逐件裁定,已复制
01-核心论文/电磁耦合常数Z'/code/uoeo.py,2233,90_历史归档\来源语料_utf_20261009\语料\01-核心论文\电磁耦合常数Z'\code\uoeo.py,B,未审计，待逐件裁定,已复制
01-核心论文/电磁耦合常数Z'/code/validate_Z_prime.py,8720,90_历史归档\来源语料_utf_20261009\语料\01-核心论文\电磁耦合常数Z'\code\validate_Z_prime.py,B,未审计，待逐件裁定,已复制
01-核心论文/电磁耦合常数Z'/code/visualize_Z_prime.py,10732,90_历史归档\来源语料_utf_20261009\语料\01-核心论文\电磁耦合常数Z'\code\visualize_Z_prime.py,B,未审计，待逐件裁定,已复制
01-核心论文/电磁耦合常数Z'/code/双螺旋.py,4253,90_历史归档\来源语料_utf_20261009\语料\01-核心论文\电磁耦合常数Z'\code\双螺旋.py,B,未审计，待逐件裁定,已复制
01-核心论文/电磁耦合常数Z'/Z Z'的比值/1.md,19810,90_历史归档\来源语料_utf_20261009\语料\01-核心论文\电磁耦合常数Z'\Z Z'的比值\1.md,B,未审计，待逐件裁定,已复制
01-核心论文/电磁耦合常数Z'/Z Z'的比值/1.tex,20946,90_历史归档\来源语料_utf_20261009\语料\01-核心论文\电磁耦合常数Z'\Z Z'的比值\1.tex,B,未审计，待逐件裁定,已复制
01-核心论文/电磁耦合常数Z'/几何因子/1.md,17940,90_历史归档\来源语料_utf_20261009\语料\01-核心论文\电磁耦合常数Z'\几何因子\1.md,B,未审计，待逐件裁定,已复制
01-核心论文/电磁耦合常数Z'/几何因子/10.md,1872,90_历史归档\来源语料_utf_20261009\语料\01-核心论文\电磁耦合常数Z'\几何因子\10.md,B,未审计，待逐件裁定,已复制
01-核心论文/电磁耦合常数Z'/几何因子/11.md,9258,90_历史归档\来源语料_utf_20261009\语料\01-核心论文\电磁耦合常数Z'\几何因子\11.md,B,未审计，待逐件裁定,已复制
01-核心论文/电磁耦合常数Z'/几何因子/12.md,1944,90_历史归档\来源语料_utf_20261009\语料\01-核心论文\电磁耦合常数Z'\几何因子\12.md,B,未审计，待逐件裁定,已复制
01-核心论文/电磁耦合常数Z'/几何因子/13.md,8533,90_历史归档\来源语料_utf_20261009\语料\01-核心论文\电磁耦合常数Z'\几何因子\13.md,B,未审计，待逐件裁定,已复制
01-核心论文/电磁耦合常数Z'/几何因子/14.md,3633,90_历史归档\来源语料_utf_20261009\语料\01-核心论文\电磁耦合常数Z'\几何因子\14.md,B,未审计，待逐件裁定,已复制
01-核心论文/电磁耦合常数Z'/几何因子/15.md,10850,90_历史归档\来源语料_utf_20261009\语料\01-核心论文\电磁耦合常数Z'\几何因子\15.md,B,未审计，待逐件裁定,已复制
01-核心论文/电磁耦合常数Z'/几何因子/16.md,4923,90_历史归档\来源语料_utf_20261009\语料\01-核心论文\电磁耦合常数Z'\几何因子\16.md,B,未审计，待逐件裁定,已复制
01-核心论文/电磁耦合常数Z'/几何因子/2.md,5934,90_历史归档\来源语料_utf_20261009\语料\01-核心论文\电磁耦合常数Z'\几何因子\2.md,B,未审计，待逐件裁定,已复制
01-核心论文/电磁耦合常数Z'/几何因子/3.md,8624,90_历史归档\来源语料_utf_20261009\语料\01-核心论文\电磁耦合常数Z'\几何因子\3.md,B,未审计，待逐件裁定,已复制
01-核心论文/电磁耦合常数Z'/几何因子/4.md,10137,90_历史归档\来源语料_utf_20261009\语料\01-核心论文\电磁耦合常数Z'\几何因子\4.md,B,未审计，待逐件裁定,已复制
01-核心论文/电磁耦合常数Z'/几何因子/5.md,8560,90_历史归档\来源语料_utf_20261009\语料\01-核心论文\电磁耦合常数Z'\几何因子\5.md,B,未审计，待逐件裁定,已复制
01-核心论文/电磁耦合常数Z'/几何因子/6.md,9600,90_历史归档\来源语料_utf_20261009\语料\01-核心论文\电磁耦合常数Z'\几何因子\6.md,B,未审计，待逐件裁定,已复制
01-核心论文/电磁耦合常数Z'/几何因子/7.md,11145,90_历史归档\来源语料_utf_20261009\语料\01-核心论文\电磁耦合常数Z'\几何因子\7.md,B,未审计，待逐件裁定,已复制
01-核心论文/电磁耦合常数Z'/几何因子/8.md,5276,90_历史归档\来源语料_utf_20261009\语料\01-核心论文\电磁耦合常数Z'\几何因子\8.md,B,未审计，待逐件裁定,已复制
01-核心论文/电磁耦合常数Z'/几何因子/9.md,7930,90_历史归档\来源语料_utf_20261009\语料\01-核心论文\电磁耦合常数Z'\几何因子\9.md,B,未审计，待逐件裁定,已复制
01-核心论文/电磁耦合常数Z'/几何因子/ultimate_geometric_factor_paper.md,29059,90_历史归档\来源语料_utf_20261009\语料\01-核心论文\电磁耦合常数Z'\几何因子\ultimate_geometric_factor_paper.md,B,未审计，待逐件裁定,已复制
01-核心论文/电磁耦合常数Z'/几何因子/为什么是2Z_10个例子详解.md,12927,90_历史归档\来源语料_utf_20261009\语料\01-核心论文\电磁耦合常数Z'\几何因子\为什么是2Z_10个例子详解.md,B,未审计，待逐件裁定,已复制
01-核心论文/电磁耦合常数Z'/几何因子/为什么是2Z而不是2G_终极解释.md,7366,90_历史归档\来源语料_utf_20261009\语料\01-核心论文\电磁耦合常数Z'\几何因子\为什么是2Z而不是2G_终极解释.md,B,未审计，待逐件裁定,已复制
01-核心论文/电磁耦合常数Z'/几何因子/几何因子求导验证证明论文.md,43489,90_历史归档\来源语料_utf_20261009\语料\01-核心论文\电磁耦合常数Z'\几何因子\几何因子求导验证证明论文.md,B,未审计，待逐件裁定,已复制
01-核心论文/电磁耦合常数Z'/几何因子/几何因子求导验证证明论文_优化版.md,40823,90_历史归档\来源语料_utf_20261009\语料\01-核心论文\电磁耦合常数Z'\几何因子\几何因子求导验证证明论文_优化版.md,B,未审计，待逐件裁定,已复制
01-核心论文/电磁耦合常数Z'/几何因子/坤哥.md,1099,90_历史归档\来源语料_utf_20261009\语料\01-核心论文\电磁耦合常数Z'\几何因子\坤哥.md,B,未审计，待逐件裁定,已复制
01-核心论文/电磁耦合常数Z'/几何因子/引力公式 F=(2Z_c)·(m₁m₂_r²) 中几何因子2的严格证明与解释.md,6640,90_历史归档\来源语料_utf_20261009\语料\01-核心论文\电磁耦合常数Z'\几何因子\引力公式 F=(2Z_c)·(m₁m₂_r²) 中几何因子2的严格证明与解释.md,B,未审计，待逐件裁定,已复制
01-核心论文/电磁耦合常数Z'/几何因子/引力公式几何因子2严格证明论文.md,20477,90_历史归档\来源语料_utf_20261009\语料\01-核心论文\电磁耦合常数Z'\几何因子\引力公式几何因子2严格证明论文.md,B,未审计，待逐件裁定,已复制
01-核心论文/电磁耦合常数Z'/几何因子/引力公式几何因子2最详细证明_从零开始.md,24366,90_历史归档\来源语料_utf_20261009\语料\01-核心论文\电磁耦合常数Z'\几何因子\引力公式几何因子2最详细证明_从零开始.md,B,未审计，待逐件裁定,已复制
01-核心论文/电磁耦合常数Z'/几何因子/引力公式物理图像证明_张祥前模型.md,24724,90_历史归档\来源语料_utf_20261009\语料\01-核心论文\电磁耦合常数Z'\几何因子\引力公式物理图像证明_张祥前模型.md,B,未审计，待逐件裁定,已复制
01-核心论文/电磁耦合常数Z'/几何因子/方向因子2详解_10个例子证明.md,10772,90_历史归档\来源语料_utf_20261009\语料\01-核心论文\电磁耦合常数Z'\几何因子\方向因子2详解_10个例子证明.md,B,未审计，待逐件裁定,已复制
01-核心论文/电磁耦合常数Z'/几何因子/最精确的数学推导_立体角与力分开.md,13860,90_历史归档\来源语料_utf_20261009\语料\01-核心论文\电磁耦合常数Z'\几何因子\最精确的数学推导_立体角与力分开.md,B,未审计，待逐件裁定,已复制
01-核心论文/电磁耦合常数Z'/分析验证/1.md,44416,90_历史归档\来源语料_utf_20261009\语料\01-核心论文\电磁耦合常数Z'\分析验证\1.md,B,未审计，待逐件裁定,已复制
01-核心论文/电磁耦合常数Z'/分析验证/Z'_validation_report.md,6037,90_历史归档\来源语料_utf_20261009\语料\01-核心论文\电磁耦合常数Z'\分析验证\Z'_validation_report.md,B,未审计，待逐件裁定,已复制
01-核心论文/电磁耦合常数Z'/分析验证/Z′ 常数的求导与验证：时空旋转流与电磁-引力统一的几何对称理论.md,5029,90_历史归档\来源语料_utf_20261009\语料\01-核心论文\电磁耦合常数Z'\分析验证\Z′ 常数的求导与验证：时空旋转流与电磁-引力统一的几何对称理论.md,B,未审计，待逐件裁定,已复制
01-核心论文/电磁耦合常数Z'/分析验证/三常数  𝑍 Z ′ Z0的全面解析与对比.md,29345,90_历史归档\来源语料_utf_20261009\语料\01-核心论文\电磁耦合常数Z'\分析验证\三常数  𝑍 Z ′ Z0的全面解析与对比.md,B,未审计，待逐件裁定,已复制
01-核心论文/电磁耦合常数Z'/分析验证/影响.md,2878,90_历史归档\来源语料_utf_20261009\语料\01-核心论文\电磁耦合常数Z'\分析验证\影响.md,B,未审计，待逐件裁定,已复制
01-核心论文/电磁耦合常数Z'/分析验证/径向发散与旋转：张祥前统一场论中力的几何起源对比分析.md,10677,90_历史归档\来源语料_utf_20261009\语料\01-核心论文\电磁耦合常数Z'\分析验证\径向发散与旋转：张祥前统一场论中力的几何起源对比分析.md,B,未审计，待逐件裁定,已复制
01-核心论文/电磁耦合常数Z'/分析验证/电磁相互作用的几何化重构：基于本源常数 Z' 的经典静电学新框架 (2).md,19284,90_历史归档\来源语料_utf_20261009\语料\01-核心论文\电磁耦合常数Z'\分析验证\电磁相互作用的几何化重构：基于本源常数 Z' 的经典静电学新框架 (2).md,B,未审计，待逐件裁定,已复制
01-核心论文/电磁耦合常数Z'/分析验证/重新导出真空电磁阻抗Z0.md,3441,90_历史归档\来源语料_utf_20261009\语料\01-核心论文\电磁耦合常数Z'\分析验证\重新导出真空电磁阻抗Z0.md,B,未审计，待逐件裁定,已复制
01-核心论文/电磁耦合常数Z'/分析验证/验证.md,19275,90_历史归档\来源语料_utf_20261009\语料\01-核心论文\电磁耦合常数Z'\分析验证\验证.md,B,未审计，待逐件裁定,已复制
01-核心论文/电磁耦合常数Z'/力的空间几何化/1.md,10796,90_历史归档\来源语料_utf_20261009\语料\01-核心论文\电磁耦合常数Z'\力的空间几何化\1.md,B,未审计，待逐件裁定,已复制
01-核心论文/电磁耦合常数Z'/力的空间几何化/2.md,15941,90_历史归档\来源语料_utf_20261009\语料\01-核心论文\电磁耦合常数Z'\力的空间几何化\2.md,B,未审计，待逐件裁定,已复制
01-核心论文/电磁耦合常数Z'/发表论文版本/20250129/电磁光速几何耦合常数 Z' 的几何起源、第一性原理推导与多维度验证.md,61900,90_历史归档\来源语料_utf_20261009\语料\01-核心论文\电磁耦合常数Z'\发表论文版本\20250129\电磁光速几何耦合常数 Z' 的几何起源、第一性原理推导与多维度验证.md,B,未审计，待逐件裁定,已复制
01-核心论文/电磁耦合常数Z'/变化电磁场产生引力场方程/时空几何动力学的核心预言：变化电磁场产生引力场方程的第一性原理推导、验证与物理诠释.md,16130,90_历史归档\来源语料_utf_20261009\语料\01-核心论文\电磁耦合常数Z'\变化电磁场产生引力场方程\时空几何动力学的核心预言：变化电磁场产生引力场方程的第一性原理推导、验证与物理诠释.md,B,未审计，待逐件裁定,已复制
01-核心论文/电磁耦合常数Z'/基于空间螺旋运动的电磁几何耦合常数Z'推导/V1/空间几何运动视角下万有引力常数的量子涌现本质与物理学统一.md,67376,90_历史归档\来源语料_utf_20261009\语料\01-核心论文\电磁耦合常数Z'\基于空间螺旋运动的电磁几何耦合常数Z'推导\V1\空间几何运动视角下万有引力常数的量子涌现本质与物理学统一.md,B,未审计，待逐件裁定,已复制
01-核心论文/电磁耦合常数Z'/常数统一/光速c与Z、Z’：完美解答空间螺旋运动与常数大统一.md,75287,90_历史归档\来源语料_utf_20261009\语料\01-核心论文\电磁耦合常数Z'\常数统一\光速c与Z、Z’：完美解答空间螺旋运动与常数大统一.md,B,未审计，待逐件裁定,已复制
01-核心论文/电磁耦合常数Z'/求导过程/时空几何电磁耦合常数 Z' = c/时空几何电磁耦合常数 Z'的第一性原理推导、验证与物理诠释.md,9847,90_历史归档\来源语料_utf_20261009\语料\01-核心论文\电磁耦合常数Z'\求导过程\时空几何电磁耦合常数 Z' = c\时空几何电磁耦合常数 Z'的第一性原理推导、验证与物理诠释.md,B,未审计，待逐件裁定,已复制
01-核心论文/电磁耦合常数Z'/电磁-引力强度比 R_EG/引力耦合常数.md,14633,90_历史归档\来源语料_utf_20261009\语料\01-核心论文\电磁耦合常数Z'\电磁-引力强度比 R_EG\引力耦合常数.md,B,未审计，待逐件裁定,已复制
01-核心论文/电磁耦合常数Z'/电磁-引力强度比 R_EG/电磁-引力强度比 R_EG.md,4319,90_历史归档\来源语料_utf_20261009\语料\01-核心论文\电磁耦合常数Z'\电磁-引力强度比 R_EG\电磁-引力强度比 R_EG.md,B,未审计，待逐件裁定,已复制
01-核心论文/电磁耦合常数Z'/真空电磁阻抗/1.md,3441,90_历史归档\来源语料_utf_20261009\语料\01-核心论文\电磁耦合常数Z'\真空电磁阻抗\1.md,B,未审计，待逐件裁定,已复制
01-核心论文/电磁耦合常数Z'/真空电磁阻抗/code/1.py,2139,90_历史归档\来源语料_utf_20261009\语料\01-核心论文\电磁耦合常数Z'\真空电磁阻抗\code\1.py,B,未审计，待逐件裁定,已复制
01-核心论文/电磁耦合常数Z'/第一性原理求导证明验证/1.md,17308,90_历史归档\来源语料_utf_20261009\语料\01-核心论文\电磁耦合常数Z'\第一性原理求导证明验证\1.md,B,未审计，待逐件裁定,已复制
01-核心论文/电磁耦合常数Z'/第一性原理求导证明验证/2.md,21131,90_历史归档\来源语料_utf_20261009\语料\01-核心论文\电磁耦合常数Z'\第一性原理求导证明验证\2.md,B,未审计，待逐件裁定,已复制
01-核心论文/电磁耦合常数Z'/第一性原理求导证明验证/3.md,5487,90_历史归档\来源语料_utf_20261009\语料\01-核心论文\电磁耦合常数Z'\第一性原理求导证明验证\3.md,B,未审计，待逐件裁定,已复制
01-核心论文/电磁耦合常数Z'/第一性原理求导证明验证/整合版：统一场论几何革命与电磁耦合常数Z'的第一性原理推导.md,32529,90_历史归档\来源语料_utf_20261009\语料\01-核心论文\电磁耦合常数Z'\第一性原理求导证明验证\整合版：统一场论几何革命与电磁耦合常数Z'的第一性原理推导.md,B,未审计，待逐件裁定,已复制
01-核心论文/电磁耦合常数Z'/第一性原理求导证明验证/V1/1.md,27629,90_历史归档\来源语料_utf_20261009\语料\01-核心论文\电磁耦合常数Z'\第一性原理求导证明验证\V1\1.md,B,未审计，待逐件裁定,已复制
01-核心论文/电磁耦合常数Z'/第一性原理求导证明验证/V2/电磁耦合常数$Z'$的第一性原理推导与严格验证：张祥前统一场论的几何基石.md,30998,90_历史归档\来源语料_utf_20261009\语料\01-核心论文\电磁耦合常数Z'\第一性原理求导证明验证\V2\电磁耦合常数$Z'$的第一性原理推导与严格验证：张祥前统一场论的几何基石.md,B,未审计，待逐件裁定,已复制
01-核心论文/电磁耦合常数Z'/精密结构常数α的几何溯源及深层统一原理验证/从他律到内生：精密结构常数α的几何溯源及深层统一原理验证 (1).md,14282,90_历史归档\来源语料_utf_20261009\语料\01-核心论文\电磁耦合常数Z'\精密结构常数α的几何溯源及深层统一原理验证\从他律到内生：精密结构常数α的几何溯源及深层统一原理验证 (1).md,B,未审计，待逐件裁定,已复制
01-核心论文/电磁耦合常数Z'/解答/1.md,10110,90_历史归档\来源语料_utf_20261009\语料\01-核心论文\电磁耦合常数Z'\解答\1.md,B,未审计，待逐件裁定,已复制
01-核心论文/电磁耦合常数Z'/解答/10.md,7645,90_历史归档\来源语料_utf_20261009\语料\01-核心论文\电磁耦合常数Z'\解答\10.md,B,未审计，待逐件裁定,已复制
01-核心论文/电磁耦合常数Z'/解答/11.md,14397,90_历史归档\来源语料_utf_20261009\语料\01-核心论文\电磁耦合常数Z'\解答\11.md,B,未审计，待逐件裁定,已复制
01-核心论文/电磁耦合常数Z'/解答/2.md,11116,90_历史归档\来源语料_utf_20261009\语料\01-核心论文\电磁耦合常数Z'\解答\2.md,B,未审计，待逐件裁定,已复制
01-核心论文/电磁耦合常数Z'/解答/3.md,12183,90_历史归档\来源语料_utf_20261009\语料\01-核心论文\电磁耦合常数Z'\解答\3.md,B,未审计，待逐件裁定,已复制
01-核心论文/电磁耦合常数Z'/解答/4.md,3817,90_历史归档\来源语料_utf_20261009\语料\01-核心论文\电磁耦合常数Z'\解答\4.md,B,未审计，待逐件裁定,已复制
01-核心论文/电磁耦合常数Z'/解答/5.md,2386,90_历史归档\来源语料_utf_20261009\语料\01-核心论文\电磁耦合常数Z'\解答\5.md,B,未审计，待逐件裁定,已复制
01-核心论文/电磁耦合常数Z'/解答/6.md,5654,90_历史归档\来源语料_utf_20261009\语料\01-核心论文\电磁耦合常数Z'\解答\6.md,B,未审计，待逐件裁定,已复制
01-核心论文/电磁耦合常数Z'/解答/7.md,13100,90_历史归档\来源语料_utf_20261009\语料\01-核心论文\电磁耦合常数Z'\解答\7.md,B,未审计，待逐件裁定,已复制
01-核心论文/电磁耦合常数Z'/解答/8.md,5766,90_历史归档\来源语料_utf_20261009\语料\01-核心论文\电磁耦合常数Z'\解答\8.md,B,未审计，待逐件裁定,已复制
01-核心论文/电磁耦合常数Z'/解答/9.md,3248,90_历史归档\来源语料_utf_20261009\语料\01-核心论文\电磁耦合常数Z'\解答\9.md,B,未审计，待逐件裁定,已复制
01-核心论文/电磁耦合常数Z'/解答/Z 和 Z‘ 解决的核心问题与重构的物理公式.md,5987,90_历史归档\来源语料_utf_20261009\语料\01-核心论文\电磁耦合常数Z'\解答\Z 和 Z‘ 解决的核心问题与重构的物理公式.md,B,未审计，待逐件裁定,已复制
01-核心论文/电磁耦合常数Z'/解答/整合版：张祥前统一场论中电磁耦合常数Z'的理论体系与物理意义.md,19502,90_历史归档\来源语料_utf_20261009\语料\01-核心论文\电磁耦合常数Z'\解答\整合版：张祥前统一场论中电磁耦合常数Z'的理论体系与物理意义.md,B,未审计，待逐件裁定,已复制
01-核心论文/电磁耦合常数Z'/论文草稿/电磁耦合常数 Z' 的几何起源、第一性原理推导与多维度验证.md,19211,90_历史归档\来源语料_utf_20261009\语料\01-核心论文\电磁耦合常数Z'\论文草稿\电磁耦合常数 Z' 的几何起源、第一性原理推导与多维度验证.md,B,未审计，待逐件裁定,已复制
01-核心论文/电磁耦合常数Z'/论文草稿/电磁耦合常数 Z' 的几何起源、第一性原理推导与多维度验证_顶尖论文.md,22878,90_历史归档\来源语料_utf_20261009\语料\01-核心论文\电磁耦合常数Z'\论文草稿\电磁耦合常数 Z' 的几何起源、第一性原理推导与多维度验证_顶尖论文.md,B,未审计，待逐件裁定,已复制
01-核心论文/空间的螺旋运动/光子的几何本源与运动模型证明——基于张祥前统一场论的求导与验证.md,13222,90_历史归档\来源语料_utf_20261009\语料\01-核心论文\空间的螺旋运动\光子的几何本源与运动模型证明——基于张祥前统一场论的求导与验证.md,B,未审计，待逐件裁定,已复制
01-核心论文/空间的螺旋运动/全息宇宙的几何本源：基于张祥前统一场论对一点含万光命题的第一性原理推导与验证.md,10698,90_历史归档\来源语料_utf_20261009\语料\01-核心论文\空间的螺旋运动\全息宇宙的几何本源：基于张祥前统一场论对一点含万光命题的第一性原理推导与验证.md,B,未审计，待逐件裁定,已复制
01-核心论文/空间的螺旋运动/时空运动的几何约束：张祥前统一场论中圆柱螺旋运动光速不变性的严格数学证明与物理诠释.md,10829,90_历史归档\来源语料_utf_20261009\语料\01-核心论文\空间的螺旋运动\时空运动的几何约束：张祥前统一场论中圆柱螺旋运动光速不变性的严格数学证明与物理诠释.md,B,未审计，待逐件裁定,已复制
01-核心论文/空间的螺旋运动/空间螺旋运动、加速正电荷与三力垂直的整合求导验证.md,20911,90_历史归档\来源语料_utf_20261009\语料\01-核心论文\空间的螺旋运动\空间螺旋运动、加速正电荷与三力垂直的整合求导验证.md,B,未审计，待逐件裁定,已复制
01-核心论文/空间的螺旋运动/code/1.py,13190,90_历史归档\来源语料_utf_20261009\语料\01-核心论文\空间的螺旋运动\code\1.py,B,未审计，待逐件裁定,已复制
01-核心论文/空间的螺旋运动/code/三力垂直整合可视化.py,22036,90_历史归档\来源语料_utf_20261009\语料\01-核心论文\空间的螺旋运动\code\三力垂直整合可视化.py,B,未审计，待逐件裁定,已复制
01-核心论文/空间的螺旋运动/code/三力垂直整合可视化_fixed.py,20338,90_历史归档\来源语料_utf_20261009\语料\01-核心论文\空间的螺旋运动\code\三力垂直整合可视化_fixed.py,B,未审计，待逐件裁定,已复制
01-核心论文/空间的螺旋运动/ZZ‘的关系/1.md,62371,90_历史归档\来源语料_utf_20261009\语料\01-核心论文\空间的螺旋运动\ZZ‘的关系\1.md,B,未审计，待逐件裁定,已复制
01-核心论文/空间的螺旋运动/ZZ‘的关系/1_分析整理.md,4106,90_历史归档\来源语料_utf_20261009\语料\01-核心论文\空间的螺旋运动\ZZ‘的关系\1_分析整理.md,B,未审计，待逐件裁定,已复制
01-核心论文/空间的螺旋运动/ZZ‘的关系/Z_Z'螺旋关联验证.md,9039,90_历史归档\来源语料_utf_20261009\语料\01-核心论文\空间的螺旋运动\ZZ‘的关系\Z_Z'螺旋关联验证.md,B,未审计，待逐件裁定,已复制
01-核心论文/空间的螺旋运动/引力效应并非源于空间的弯曲或压缩，而是空间本身存在指向质量中心的加速度场/空间加速度引力模型的第一性原理求导与托卡马克Z箍缩实验的实证验证.md,27308,90_历史归档\来源语料_utf_20261009\语料\01-核心论文\空间的螺旋运动\引力效应并非源于空间的弯曲或压缩，而是空间本身存在指向质量中心的加速度场\空间加速度引力模型的第一性原理求导与托卡马克Z箍缩实验的实证验证.md,B,未审计，待逐件裁定,已复制
01-核心论文/空间的螺旋运动/时空波动螺旋同一化/v1/1.md,32644,90_历史归档\来源语料_utf_20261009\语料\01-核心论文\空间的螺旋运动\时空波动螺旋同一化\v1\1.md,B,未审计，待逐件裁定,已复制
01-核心论文/空间的螺旋运动/时空波动螺旋同一化/v1/验证/1.md,13745,90_历史归档\来源语料_utf_20261009\语料\01-核心论文\空间的螺旋运动\时空波动螺旋同一化\v1\验证\1.md,B,未审计，待逐件裁定,已复制
01-核心论文/空间的螺旋运动/时空波动螺旋同一化/v1/验证/2.md,11006,90_历史归档\来源语料_utf_20261009\语料\01-核心论文\空间的螺旋运动\时空波动螺旋同一化\v1\验证\2.md,B,未审计，待逐件裁定,已复制
01-核心论文/空间的螺旋运动/时空波动螺旋同一化/v1/验证/3.md,15381,90_历史归档\来源语料_utf_20261009\语料\01-核心论文\空间的螺旋运动\时空波动螺旋同一化\v1\验证\3.md,B,未审计，待逐件裁定,已复制
01-核心论文/空间的螺旋运动/时空波动螺旋同一化/v1/验证/4.md,12992,90_历史归档\来源语料_utf_20261009\语料\01-核心论文\空间的螺旋运动\时空波动螺旋同一化\v1\验证\4.md,B,未审计，待逐件裁定,已复制
01-核心论文/空间的螺旋运动/时空波动螺旋同一化/v1/验证/5.md,11418,90_历史归档\来源语料_utf_20261009\语料\01-核心论文\空间的螺旋运动\时空波动螺旋同一化\v1\验证\5.md,B,未审计，待逐件裁定,已复制
01-核心论文/空间的螺旋运动/时空波动螺旋同一化/v1/验证/6.md,11298,90_历史归档\来源语料_utf_20261009\语料\01-核心论文\空间的螺旋运动\时空波动螺旋同一化\v1\验证\6.md,B,未审计，待逐件裁定,已复制
01-核心论文/空间的螺旋运动/时空波动螺旋同一化/v1/验证/7.md,4852,90_历史归档\来源语料_utf_20261009\语料\01-核心论文\空间的螺旋运动\时空波动螺旋同一化\v1\验证\7.md,B,未审计，待逐件裁定,已复制
01-核心论文/空间的螺旋运动/时空波动螺旋同一化/v1/验证/基于v=c光速螺旋空间本体论（SOM）的0-9基数本源几何化证明、本征波动特性与多维关联统一理论.md,27256,90_历史归档\来源语料_utf_20261009\语料\01-核心论文\空间的螺旋运动\时空波动螺旋同一化\v1\验证\基于v=c光速螺旋空间本体论（SOM）的0-9基数本源几何化证明、本征波动特性与多维关联统一理论.md,B,未审计，待逐件裁定,已复制
01-核心论文/空间的螺旋运动/时空波动螺旋同一化/v1/验证/基于v=c光速螺旋空间本体论（SOM）的√0-√9本征正交合成基几何化证明、全阶微分求导与多维关联统一理论.md,32105,90_历史归档\来源语料_utf_20261009\语料\01-核心论文\空间的螺旋运动\时空波动螺旋同一化\v1\验证\基于v=c光速螺旋空间本体论（SOM）的√0-√9本征正交合成基几何化证明、全阶微分求导与多维关联统一理论.md,B,未审计，待逐件裁定,已复制
01-核心论文/空间的螺旋运动/时空波动螺旋同一化/v1/验证/宇宙无限层级螺旋.md,15877,90_历史归档\来源语料_utf_20261009\语料\01-核心论文\空间的螺旋运动\时空波动螺旋同一化\v1\验证\宇宙无限层级螺旋.md,B,未审计，待逐件裁定,已复制
01-核心论文/空间的螺旋运动/时空波动螺旋同一化/v1/验证/无限嵌套螺旋.md,14990,90_历史归档\来源语料_utf_20261009\语料\01-核心论文\空间的螺旋运动\时空波动螺旋同一化\v1\验证\无限嵌套螺旋.md,B,未审计，待逐件裁定,已复制
01-核心论文/空间的螺旋运动/时空波动螺旋同一化/v2/基于 v=c 空间光速螺旋第一性原理的引力波全体系严格推导、证明与多维度验证.md,43097,90_历史归档\来源语料_utf_20261009\语料\01-核心论文\空间的螺旋运动\时空波动螺旋同一化\v2\基于 v=c 空间光速螺旋第一性原理的引力波全体系严格推导、证明与多维度验证.md,B,未审计，待逐件裁定,已复制
01-核心论文/空间的螺旋运动/时空波动螺旋同一化/v3/基于 v=c 第一性原理的电场波与磁场波全体系严格推导、证明与多维度验证 算法联盟理论物理研究所.md,45564,90_历史归档\来源语料_utf_20261009\语料\01-核心论文\空间的螺旋运动\时空波动螺旋同一化\v3\基于 v=c 第一性原理的电场波与磁场波全体系严格推导、证明与多维度验证 算法联盟理论物理研究所.md,B,未审计，待逐件裁定,已复制
01-核心论文/空间的螺旋运动/时空波动螺旋同一化/v4/基于SU(3)规范不变性与量子场论第一性原理的核力全体系严格推导、证明与多维度验证.md,40602,90_历史归档\来源语料_utf_20261009\语料\01-核心论文\空间的螺旋运动\时空波动螺旋同一化\v4\基于SU(3)规范不变性与量子场论第一性原理的核力全体系严格推导、证明与多维度验证.md,B,未审计，待逐件裁定,已复制
01-核心论文/空间的螺旋运动/时空波动螺旋同一化/v5/基于v=c光速不变第一性公理引力、电场、磁场的最底层根本核心表达式.md,14186,90_历史归档\来源语料_utf_20261009\语料\01-核心论文\空间的螺旋运动\时空波动螺旋同一化\v5\基于v=c光速不变第一性公理引力、电场、磁场的最底层根本核心表达式.md,B,未审计，待逐件裁定,已复制
01-核心论文/空间的螺旋运动/时空波动螺旋同一化/v6/基于v=c光速螺旋空间本体论（SOM）的根号算子本源几何化证明、唯一性定理与宇宙底层密码属性验证.md,28322,90_历史归档\来源语料_utf_20261009\语料\01-核心论文\空间的螺旋运动\时空波动螺旋同一化\v6\基于v=c光速螺旋空间本体论（SOM）的根号算子本源几何化证明、唯一性定理与宇宙底层密码属性验证.md,B,未审计，待逐件裁定,已复制
01-核心论文/空间的螺旋运动/空间加速度引力模型下不同引力源对光路径偏转的定量分析与实验验证/1.md,9514,90_历史归档\来源语料_utf_20261009\语料\01-核心论文\空间的螺旋运动\空间加速度引力模型下不同引力源对光路径偏转的定量分析与实验验证\1.md,B,未审计，待逐件裁定,已复制
01-核心论文/空间的螺旋运动/自然常数e/code/a_e.py,8928,90_历史归档\来源语料_utf_20261009\语料\01-核心论文\空间的螺旋运动\自然常数e\code\a_e.py,B,未审计，待逐件裁定,已复制
01-核心论文/空间的螺旋运动/自然常数e/code/ve_ze.py,4805,90_历史归档\来源语料_utf_20261009\语料\01-核心论文\空间的螺旋运动\自然常数e\code\ve_ze.py,B,未审计，待逐件裁定,已复制
01-核心论文/空间的螺旋运动/自然常数e/v1/从ZUFT光速螺旋运动求导推出自然常数e.md,12341,90_历史归档\来源语料_utf_20261009\语料\01-核心论文\空间的螺旋运动\自然常数e\v1\从ZUFT光速螺旋运动求导推出自然常数e.md,B,未审计，待逐件裁定,已复制
01-核心论文/空间的螺旋运动/自然常数e/v1/从ZUFT螺旋运动严格推导自然常数e.md,9688,90_历史归档\来源语料_utf_20261009\语料\01-核心论文\空间的螺旋运动\自然常数e\v1\从ZUFT螺旋运动严格推导自然常数e.md,B,未审计，待逐件裁定,已复制
01-核心论文/空间的螺旋运动/自然常数e/v1/从三维螺旋时空方程与达朗贝尔方程推导自然常数$e$.md,11010,90_历史归档\来源语料_utf_20261009\语料\01-核心论文\空间的螺旋运动\自然常数e\v1\从三维螺旋时空方程与达朗贝尔方程推导自然常数$e$.md,B,未审计，待逐件裁定,已复制
01-核心论文/空间的螺旋运动/自然常数e/v1/光速c统一常数.md,21142,90_历史归档\来源语料_utf_20261009\语料\01-核心论文\空间的螺旋运动\自然常数e\v1\光速c统一常数.md,B,未审计，待逐件裁定,已复制
01-核心论文/空间的螺旋运动/自然常数e/v1/光速圆柱状螺旋运动：时空的本原结构与物理常数的几何起源.md,24022,90_历史归档\来源语料_utf_20261009\语料\01-核心论文\空间的螺旋运动\自然常数e\v1\光速圆柱状螺旋运动：时空的本原结构与物理常数的几何起源.md,B,未审计，待逐件裁定,已复制
01-核心论文/空间的螺旋运动/自然常数e/v1/整合分析：ZUFT空间螺旋运动与自然常数e的求导理论.md,15084,90_历史归档\来源语料_utf_20261009\语料\01-核心论文\空间的螺旋运动\自然常数e\v1\整合分析：ZUFT空间螺旋运动与自然常数e的求导理论.md,B,未审计，待逐件裁定,已复制
01-核心论文/空间的螺旋运动/自然常数e/v1/整合文档：ZUFT空间螺旋运动与自然常数e的数学验证及新公式推导.md,17151,90_历史归档\来源语料_utf_20261009\语料\01-核心论文\空间的螺旋运动\自然常数e\v1\整合文档：ZUFT空间螺旋运动与自然常数e的数学验证及新公式推导.md,B,未审计，待逐件裁定,已复制
01-核心论文/空间的螺旋运动/自然常数e/v1/整合求导过程：ZUFT空间螺旋运动与自然常数e的详细推导.md,16069,90_历史归档\来源语料_utf_20261009\语料\01-核心论文\空间的螺旋运动\自然常数e\v1\整合求导过程：ZUFT空间螺旋运动与自然常数e的详细推导.md,B,未审计，待逐件裁定,已复制
01-核心论文/空间的螺旋运动/自然常数e/v1/新的发现.md,19414,90_历史归档\来源语料_utf_20261009\语料\01-核心论文\空间的螺旋运动\自然常数e\v1\新的发现.md,B,未审计，待逐件裁定,已复制
01-核心论文/空间的螺旋运动/自然常数e/v1/时空几何的元常数：论光速c作为唯一自然常数及其对全部物理常数的派生与统一 copy.md,16245,90_历史归档\来源语料_utf_20261009\语料\01-核心论文\空间的螺旋运动\自然常数e\v1\时空几何的元常数：论光速c作为唯一自然常数及其对全部物理常数的派生与统一 copy.md,B,未审计，待逐件裁定,已复制
01-核心论文/空间的螺旋运动/自然常数e/v1/code/1.py,4118,90_历史归档\来源语料_utf_20261009\语料\01-核心论文\空间的螺旋运动\自然常数e\v1\code\1.py,B,未审计，待逐件裁定,已复制
01-核心论文/空间的螺旋运动/自然常数e/v1/code/2.py,9676,90_历史归档\来源语料_utf_20261009\语料\01-核心论文\空间的螺旋运动\自然常数e\v1\code\2.py,B,未审计，待逐件裁定,已复制
01-核心论文/空间的螺旋运动/自然常数e/v1/code/3.py,14391,90_历史归档\来源语料_utf_20261009\语料\01-核心论文\空间的螺旋运动\自然常数e\v1\code\3.py,B,未审计，待逐件裁定,已复制
01-核心论文/空间的螺旋运动/自然常数e/v1/code/4.py,945,90_历史归档\来源语料_utf_20261009\语料\01-核心论文\空间的螺旋运动\自然常数e\v1\code\4.py,B,未审计，待逐件裁定,已复制
01-核心论文/空间的螺旋运动/自然常数e/v1/code/5.py,3595,90_历史归档\来源语料_utf_20261009\语料\01-核心论文\空间的螺旋运动\自然常数e\v1\code\5.py,B,未审计，待逐件裁定,已复制
01-核心论文/空间的螺旋运动/自然常数e/v1/code/6.py,5129,90_历史归档\来源语料_utf_20261009\语料\01-核心论文\空间的螺旋运动\自然常数e\v1\code\6.py,B,未审计，待逐件裁定,已复制
01-核心论文/空间的螺旋运动/自然常数e/v1/code/7.py,5008,90_历史归档\来源语料_utf_20261009\语料\01-核心论文\空间的螺旋运动\自然常数e\v1\code\7.py,B,未审计，待逐件裁定,已复制
01-核心论文/空间的螺旋运动/自然常数e/v1/code/e.py,5370,90_历史归档\来源语料_utf_20261009\语料\01-核心论文\空间的螺旋运动\自然常数e\v1\code\e.py,B,未审计，待逐件裁定,已复制
01-核心论文/空间的螺旋运动/自然常数e/v1/code/fixed_Z_calculation.py,2220,90_历史归档\来源语料_utf_20261009\语料\01-核心论文\空间的螺旋运动\自然常数e\v1\code\fixed_Z_calculation.py,B,未审计，待逐件裁定,已复制
01-核心论文/空间的螺旋运动/自然常数e/v1/code/simple_test.py,438,90_历史归档\来源语料_utf_20261009\语料\01-核心论文\空间的螺旋运动\自然常数e\v1\code\simple_test.py,B,未审计，待逐件裁定,已复制
01-核心论文/空间的螺旋运动/自然常数e/v1/code/test_zz.py,1170,90_历史归档\来源语料_utf_20261009\语料\01-核心论文\空间的螺旋运动\自然常数e\v1\code\test_zz.py,B,未审计，待逐件裁定,已复制
01-核心论文/空间的螺旋运动/自然常数e/v1/code/ZZ‘.py,869,90_历史归档\来源语料_utf_20261009\语料\01-核心论文\空间的螺旋运动\自然常数e\v1\code\ZZ‘.py,B,未审计，待逐件裁定,已复制
01-核心论文/空间的螺旋运动/自然常数e/v1/传统/自然常数 $e$ 详细解析.md,10313,90_历史归档\来源语料_utf_20261009\语料\01-核心论文\空间的螺旋运动\自然常数e\v1\传统\自然常数 $e$ 详细解析.md,B,未审计，待逐件裁定,已复制
01-核心论文/空间的螺旋运动/自然常数e/v1/离散求导/1.md,6182,90_历史归档\来源语料_utf_20261009\语料\01-核心论文\空间的螺旋运动\自然常数e\v1\离散求导\1.md,B,未审计，待逐件裁定,已复制
01-核心论文/空间的螺旋运动/自然常数e/v1/离散求导/2.md,14857,90_历史归档\来源语料_utf_20261009\语料\01-核心论文\空间的螺旋运动\自然常数e\v1\离散求导\2.md,B,未审计，待逐件裁定,已复制
01-核心论文/空间的螺旋运动/自然常数e/v1/离散求导/3.md,12733,90_历史归档\来源语料_utf_20261009\语料\01-核心论文\空间的螺旋运动\自然常数e\v1\离散求导\3.md,B,未审计，待逐件裁定,已复制
01-核心论文/空间的螺旋运动/自然常数e/v1/离散求导/4.md,14297,90_历史归档\来源语料_utf_20261009\语料\01-核心论文\空间的螺旋运动\自然常数e\v1\离散求导\4.md,B,未审计，待逐件裁定,已复制
01-核心论文/空间的螺旋运动/自然常数e/v1/离散求导/5.md,3517,90_历史归档\来源语料_utf_20261009\语料\01-核心论文\空间的螺旋运动\自然常数e\v1\离散求导\5.md,B,未审计，待逐件裁定,已复制
01-核心论文/空间的螺旋运动/自然常数e/v1/离散求导/6.md,10412,90_历史归档\来源语料_utf_20261009\语料\01-核心论文\空间的螺旋运动\自然常数e\v1\离散求导\6.md,B,未审计，待逐件裁定,已复制
01-核心论文/空间的螺旋运动/自然常数e/v1/离散求导/7.md,45216,90_历史归档\来源语料_utf_20261009\语料\01-核心论文\空间的螺旋运动\自然常数e\v1\离散求导\7.md,B,未审计，待逐件裁定,已复制
01-核心论文/空间的螺旋运动/自然常数e/v1/离散求导/complete_verification.py,7059,90_历史归档\来源语料_utf_20261009\语料\01-核心论文\空间的螺旋运动\自然常数e\v1\离散求导\complete_verification.py,B,未审计，待逐件裁定,已复制
01-核心论文/空间的螺旋运动/自然常数e/v1/离散求导/verify_angular_momentum.py,1488,90_历史归档\来源语料_utf_20261009\语料\01-核心论文\空间的螺旋运动\自然常数e\v1\离散求导\verify_angular_momentum.py,B,未审计，待逐件裁定,已复制
01-核心论文/空间的螺旋运动/自然常数e/v1/离散求导/verify_electric_charge.py,952,90_历史归档\来源语料_utf_20261009\语料\01-核心论文\空间的螺旋运动\自然常数e\v1\离散求导\verify_electric_charge.py,B,未审计，待逐件裁定,已复制
01-核心论文/空间的螺旋运动/自然常数e/v1/离散求导/verify_fine_structure_constant.py,1723,90_历史归档\来源语料_utf_20261009\语料\01-核心论文\空间的螺旋运动\自然常数e\v1\离散求导\verify_fine_structure_constant.py,B,未审计，待逐件裁定,已复制
01-核心论文/空间的螺旋运动/自然常数e/v1/离散求导/verify_planck_constant.py,1576,90_历史归档\来源语料_utf_20261009\语料\01-核心论文\空间的螺旋运动\自然常数e\v1\离散求导\verify_planck_constant.py,B,未审计，待逐件裁定,已复制
01-核心论文/空间的螺旋运动/自然常数e/v1/离散求导/verify_spiral_velocity.py,1246,90_历史归档\来源语料_utf_20261009\语料\01-核心论文\空间的螺旋运动\自然常数e\v1\离散求导\verify_spiral_velocity.py,B,未审计，待逐件裁定,已复制
01-核心论文/空间的螺旋运动/自然常数e/v1/离散求导/ZUFT 圆柱螺旋时空与自然常数 e 的新公式推导.md,30978,90_历史归档\来源语料_utf_20261009\语料\01-核心论文\空间的螺旋运动\自然常数e\v1\离散求导\ZUFT 圆柱螺旋时空与自然常数 e 的新公式推导.md,B,未审计，待逐件裁定,已复制
01-核心论文/空间的螺旋运动/自然常数e/v1/离散求导/ZUFT空间螺旋运动与自然常数e的严格验证及新公式推导：基于圆柱螺旋几何的统一场论框架.md,26640,90_历史归档\来源语料_utf_20261009\语料\01-核心论文\空间的螺旋运动\自然常数e\v1\离散求导\ZUFT空间螺旋运动与自然常数e的严格验证及新公式推导：基于圆柱螺旋几何的统一场论框架.md,B,未审计，待逐件裁定,已复制
01-核心论文/空间的螺旋运动/自然常数e/v1/离散求导/从三维螺旋时空方程推导自然常数 e 的严格数学证明.md,17224,90_历史归档\来源语料_utf_20261009\语料\01-核心论文\空间的螺旋运动\自然常数e\v1\离散求导\从三维螺旋时空方程推导自然常数 e 的严格数学证明.md,B,未审计，待逐件裁定,已复制
01-核心论文/空间的螺旋运动/自然常数e/v1/离散求导/基于三维螺旋时空方程与波动方程的自然常数e求导证明及验证.md,26508,90_历史归档\来源语料_utf_20261009\语料\01-核心论文\空间的螺旋运动\自然常数e\v1\离散求导\基于三维螺旋时空方程与波动方程的自然常数e求导证明及验证.md,B,未审计，待逐件裁定,已复制
01-核心论文/空间的螺旋运动/自然常数e/v1/离散求导/基于三维螺旋时空方程与达朗贝尔方程的自然常数e求导、证明及验证.md,27455,90_历史归档\来源语料_utf_20261009\语料\01-核心论文\空间的螺旋运动\自然常数e\v1\离散求导\基于三维螺旋时空方程与达朗贝尔方程的自然常数e求导、证明及验证.md,B,未审计，待逐件裁定,已复制
01-核心论文/空间的螺旋运动/自然常数e/v1/离散求导/基于算法联盟的时空几何：从光速柱面螺旋运动严格推导物理常数.md,36143,90_历史归档\来源语料_utf_20261009\语料\01-核心论文\空间的螺旋运动\自然常数e\v1\离散求导\基于算法联盟的时空几何：从光速柱面螺旋运动严格推导物理常数.md,B,未审计，待逐件裁定,已复制
01-核心论文/空间的螺旋运动/自然常数e/v1/离散求导/空间的无限拆分与连续演化的数学本质：从离散步长到自然常数e的严格推导.md,28560,90_历史归档\来源语料_utf_20261009\语料\01-核心论文\空间的螺旋运动\自然常数e\v1\离散求导\空间的无限拆分与连续演化的数学本质：从离散步长到自然常数e的严格推导.md,B,未审计，待逐件裁定,已复制
01-核心论文/空间的螺旋运动/自然常数e/v1/离散求导/说明.md,2322,90_历史归档\来源语料_utf_20261009\语料\01-核心论文\空间的螺旋运动\自然常数e\v1\离散求导\说明.md,B,未审计，待逐件裁定,已复制
01-核心论文/空间的螺旋运动/自然常数e/v1/验证/1.md,8424,90_历史归档\来源语料_utf_20261009\语料\01-核心论文\空间的螺旋运动\自然常数e\v1\验证\1.md,B,未审计，待逐件裁定,已复制
01-核心论文/空间的螺旋运动/自然常数e/v1/验证/2.md,12525,90_历史归档\来源语料_utf_20261009\语料\01-核心论文\空间的螺旋运动\自然常数e\v1\验证\2.md,B,未审计，待逐件裁定,已复制
01-核心论文/空间的螺旋运动/自然常数e/v1/验证/3.md,26354,90_历史归档\来源语料_utf_20261009\语料\01-核心论文\空间的螺旋运动\自然常数e\v1\验证\3.md,B,未审计，待逐件裁定,已复制
01-核心论文/空间的螺旋运动/自然常数e/v1/验证/4.md,11448,90_历史归档\来源语料_utf_20261009\语料\01-核心论文\空间的螺旋运动\自然常数e\v1\验证\4.md,B,未审计，待逐件裁定,已复制
01-核心论文/空间的螺旋运动/自然常数e/v1/验证/5.md,22792,90_历史归档\来源语料_utf_20261009\语料\01-核心论文\空间的螺旋运动\自然常数e\v1\验证\5.md,B,未审计，待逐件裁定,已复制
01-核心论文/空间的螺旋运动/自然常数e/v1/验证/6.md,23487,90_历史归档\来源语料_utf_20261009\语料\01-核心论文\空间的螺旋运动\自然常数e\v1\验证\6.md,B,未审计，待逐件裁定,已复制
01-核心论文/空间的螺旋运动/自然常数e/v1/验证/7.md,11790,90_历史归档\来源语料_utf_20261009\语料\01-核心论文\空间的螺旋运动\自然常数e\v1\验证\7.md,B,未审计，待逐件裁定,已复制
01-核心论文/空间的螺旋运动/自然常数e/v1/验证/ZUFT 空间螺旋演化公式推导.md,9883,90_历史归档\来源语料_utf_20261009\语料\01-核心论文\空间的螺旋运动\自然常数e\v1\验证\ZUFT 空间螺旋演化公式推导.md,B,未审计，待逐件裁定,已复制
01-核心论文/空间的螺旋运动/自然常数e/v1/验证/code/1.py,6618,90_历史归档\来源语料_utf_20261009\语料\01-核心论文\空间的螺旋运动\自然常数e\v1\验证\code\1.py,B,未审计，待逐件裁定,已复制
01-核心论文/空间的螺旋运动/自然常数e/v1/验证/code/2.py,8879,90_历史归档\来源语料_utf_20261009\语料\01-核心论文\空间的螺旋运动\自然常数e\v1\验证\code\2.py,B,未审计，待逐件裁定,已复制
01-核心论文/空间的螺旋运动/自然常数e/v1/验证/code/3.py,1621,90_历史归档\来源语料_utf_20261009\语料\01-核心论文\空间的螺旋运动\自然常数e\v1\验证\code\3.py,B,未审计，待逐件裁定,已复制
01-核心论文/空间的螺旋运动/自然常数e/v1/验证/code/4.py,2714,90_历史归档\来源语料_utf_20261009\语料\01-核心论文\空间的螺旋运动\自然常数e\v1\验证\code\4.py,B,未审计，待逐件裁定,已复制
01-核心论文/空间的螺旋运动/自然常数e/v2/spiral_visualization.py,3876,90_历史归档\来源语料_utf_20261009\语料\01-核心论文\空间的螺旋运动\自然常数e\v2\spiral_visualization.py,B,未审计，待逐件裁定,已复制
01-核心论文/空间的螺旋运动/自然常数e/v2/从复平面旋转到三维螺旋：欧拉公式在张祥前统一场论中的几何角色与运动合成.md,8984,90_历史归档\来源语料_utf_20261009\语料\01-核心论文\空间的螺旋运动\自然常数e\v2\从复平面旋转到三维螺旋：欧拉公式在张祥前统一场论中的几何角色与运动合成.md,B,未审计，待逐件裁定,已复制
01-核心论文/空间的螺旋运动/自然常数e/v2/code/1.py,2762,90_历史归档\来源语料_utf_20261009\语料\01-核心论文\空间的螺旋运动\自然常数e\v2\code\1.py,B,未审计，待逐件裁定,已复制
01-核心论文/统一场论/粒子加速器实验结果的双重解读：相对论与统一场论的核心分歧.md,6774,90_历史归档\来源语料_utf_20261009\语料\01-核心论文\统一场论\粒子加速器实验结果的双重解读：相对论与统一场论的核心分歧.md,B,未审计，待逐件裁定,已复制
01-核心论文/统一场论/论运动模式的范式革命：对张祥前统一场论能量-动量几何化机制的终极数学验证.md,12752,90_历史归档\来源语料_utf_20261009\语料\01-核心论文\统一场论\论运动模式的范式革命：对张祥前统一场论能量-动量几何化机制的终极数学验证.md,B,未审计，待逐件裁定,已复制
01-核心论文/统一场论/4个力的方向/张祥前统一场论中场力方向的求导验证及实验验证.md,10709,90_历史归档\来源语料_utf_20261009\语料\01-核心论文\统一场论\4个力的方向\张祥前统一场论中场力方向的求导验证及实验验证.md,B,未审计，待逐件裁定,已复制
01-核心论文/统一场论框架下万有引力常数与光速的涌现性及其量子力学本质/calculate_derivations.py,5975,90_历史归档\来源语料_utf_20261009\语料\01-核心论文\统一场论框架下万有引力常数与光速的涌现性及其量子力学本质\calculate_derivations.py,B,未审计，待逐件裁定,已复制
01-核心论文/统一场论框架下万有引力常数与光速的涌现性及其量子力学本质/create_advanced_visualizations.py,15462,90_历史归档\来源语料_utf_20261009\语料\01-核心论文\统一场论框架下万有引力常数与光速的涌现性及其量子力学本质\create_advanced_visualizations.py,B,未审计，待逐件裁定,已复制
01-核心论文/统一场论框架下万有引力常数与光速的涌现性及其量子力学本质/create_figures.py,24138,90_历史归档\来源语料_utf_20261009\语料\01-核心论文\统一场论框架下万有引力常数与光速的涌现性及其量子力学本质\create_figures.py,B,未审计，待逐件裁定,已复制
01-核心论文/统一场论框架下万有引力常数与光速的涌现性及其量子力学本质/create_top_papers_images.py,19831,90_历史归档\来源语料_utf_20261009\语料\01-核心论文\统一场论框架下万有引力常数与光速的涌现性及其量子力学本质\create_top_papers_images.py,B,未审计，待逐件裁定,已复制
01-核心论文/统一场论框架下万有引力常数与光速的涌现性及其量子力学本质/derivation_visualization.py,11949,90_历史归档\来源语料_utf_20261009\语料\01-核心论文\统一场论框架下万有引力常数与光速的涌现性及其量子力学本质\derivation_visualization.py,B,未审计，待逐件裁定,已复制
01-核心论文/统一场论框架下万有引力常数与光速的涌现性及其量子力学本质/detailed_derivation_verification.py,14558,90_历史归档\来源语料_utf_20261009\语料\01-核心论文\统一场论框架下万有引力常数与光速的涌现性及其量子力学本质\detailed_derivation_verification.py,B,未审计，待逐件裁定,已复制
01-核心论文/统一场论框架下万有引力常数与光速的涌现性及其量子力学本质/Emergence of the Gravitational Constant and the Speed of Light within the Framework of Unified Field Theory and Their Quantum Mechanical Essence.md,30152,90_历史归档\来源语料_utf_20261009\语料\01-核心论文\统一场论框架下万有引力常数与光速的涌现性及其量子力学本质\Emergence of the Gravitational Constant and the Speed of Light within the Framework of Unified Field Theory and Their Quantum Mechanical Essence.md,B,未审计，待逐件裁定,已复制
01-核心论文/统一场论框架下万有引力常数与光速的涌现性及其量子力学本质/Emergence_of_G_and_c_in_Unified_Field_Theory_Nature_Version.md,8363,90_历史归档\来源语料_utf_20261009\语料\01-核心论文\统一场论框架下万有引力常数与光速的涌现性及其量子力学本质\Emergence_of_G_and_c_in_Unified_Field_Theory_Nature_Version.md,B,未审计，待逐件裁定,已复制
01-核心论文/统一场论框架下万有引力常数与光速的涌现性及其量子力学本质/k_4pi_mp_analysis_report.md,6730,90_历史归档\来源语料_utf_20261009\语料\01-核心论文\统一场论框架下万有引力常数与光速的涌现性及其量子力学本质\k_4pi_mp_analysis_report.md,B,未审计，待逐件裁定,已复制
01-核心论文/统一场论框架下万有引力常数与光速的涌现性及其量子力学本质/paper_anomaly_analysis.md,8875,90_历史归档\来源语料_utf_20261009\语料\01-核心论文\统一场论框架下万有引力常数与光速的涌现性及其量子力学本质\paper_anomaly_analysis.md,B,未审计，待逐件裁定,已复制
01-核心论文/统一场论框架下万有引力常数与光速的涌现性及其量子力学本质/paper_anomaly_analysis_optimized.md,20360,90_历史归档\来源语料_utf_20261009\语料\01-核心论文\统一场论框架下万有引力常数与光速的涌现性及其量子力学本质\paper_anomaly_analysis_optimized.md,B,未审计，待逐件裁定,已复制
01-核心论文/统一场论框架下万有引力常数与光速的涌现性及其量子力学本质/verify_all_steps.py,5265,90_历史归档\来源语料_utf_20261009\语料\01-核心论文\统一场论框架下万有引力常数与光速的涌现性及其量子力学本质\verify_all_steps.py,B,未审计，待逐件裁定,已复制
01-核心论文/统一场论框架下万有引力常数与光速的涌现性及其量子力学本质/verify_calculations.py,3672,90_历史归档\来源语料_utf_20261009\语料\01-核心论文\统一场论框架下万有引力常数与光速的涌现性及其量子力学本质\verify_calculations.py,B,未审计，待逐件裁定,已复制
01-核心论文/统一场论框架下万有引力常数与光速的涌现性及其量子力学本质/verify_derivation.py,5118,90_历史归档\来源语料_utf_20261009\语料\01-核心论文\统一场论框架下万有引力常数与光速的涌现性及其量子力学本质\verify_derivation.py,B,未审计，待逐件裁定,已复制
01-核心论文/统一场论框架下万有引力常数与光速的涌现性及其量子力学本质/verify_earth_gravity.py,1958,90_历史归档\来源语料_utf_20261009\语料\01-核心论文\统一场论框架下万有引力常数与光速的涌现性及其量子力学本质\verify_earth_gravity.py,B,未审计，待逐件裁定,已复制
01-核心论文/统一场论框架下万有引力常数与光速的涌现性及其量子力学本质/verify_k_analysis.py,2323,90_历史归档\来源语料_utf_20261009\语料\01-核心论文\统一场论框架下万有引力常数与光速的涌现性及其量子力学本质\verify_k_analysis.py,B,未审计，待逐件裁定,已复制
01-核心论文/统一场论框架下万有引力常数与光速的涌现性及其量子力学本质/verify_numerical.py,1625,90_历史归档\来源语料_utf_20261009\语料\01-核心论文\统一场论框架下万有引力常数与光速的涌现性及其量子力学本质\verify_numerical.py,B,未审计，待逐件裁定,已复制
01-核心论文/统一场论框架下万有引力常数与光速的涌现性及其量子力学本质/verify_unified_field_theory.py,5226,90_历史归档\来源语料_utf_20261009\语料\01-核心论文\统一场论框架下万有引力常数与光速的涌现性及其量子力学本质\verify_unified_field_theory.py,B,未审计，待逐件裁定,已复制
01-核心论文/统一场论框架下万有引力常数与光速的涌现性及其量子力学本质/关键图表设计方案.md,29780,90_历史归档\来源语料_utf_20261009\语料\01-核心论文\统一场论框架下万有引力常数与光速的涌现性及其量子力学本质\关键图表设计方案.md,B,未审计，待逐件裁定,已复制
01-核心论文/统一场论框架下万有引力常数与光速的涌现性及其量子力学本质/参考文献评估与改进建议.md,7390,90_历史归档\来源语料_utf_20261009\语料\01-核心论文\统一场论框架下万有引力常数与光速的涌现性及其量子力学本质\参考文献评估与改进建议.md,B,未审计，待逐件裁定,已复制
01-核心论文/统一场论框架下万有引力常数与光速的涌现性及其量子力学本质/摘要引言完善建议.md,5652,90_历史归档\来源语料_utf_20261009\语料\01-核心论文\统一场论框架下万有引力常数与光速的涌现性及其量子力学本质\摘要引言完善建议.md,B,未审计，待逐件裁定,已复制
01-核心论文/统一场论框架下万有引力常数与光速的涌现性及其量子力学本质/理论推导详细补充方案.md,9856,90_历史归档\来源语料_utf_20261009\语料\01-核心论文\统一场论框架下万有引力常数与光速的涌现性及其量子力学本质\理论推导详细补充方案.md,B,未审计，待逐件裁定,已复制
01-核心论文/统一场论框架下万有引力常数与光速的涌现性及其量子力学本质/空间位移线条数计算.md,1773,90_历史归档\来源语料_utf_20261009\语料\01-核心论文\统一场论框架下万有引力常数与光速的涌现性及其量子力学本质\空间位移线条数计算.md,B,未审计，待逐件裁定,已复制
01-核心论文/统一场论框架下万有引力常数与光速的涌现性及其量子力学本质/统一场论框架下万有引力常数与光速的涌现性及其量子力学本质.tex,34360,90_历史归档\来源语料_utf_20261009\语料\01-核心论文\统一场论框架下万有引力常数与光速的涌现性及其量子力学本质\统一场论框架下万有引力常数与光速的涌现性及其量子力学本质.tex,B,未审计，待逐件裁定,已复制
01-核心论文/统一场论框架下万有引力常数与光速的涌现性及其量子力学本质/统一场论框架下万有引力常数与光速的涌现性及其量子力学本质_整合优化版.md,45663,90_历史归档\来源语料_utf_20261009\语料\01-核心论文\统一场论框架下万有引力常数与光速的涌现性及其量子力学本质\统一场论框架下万有引力常数与光速的涌现性及其量子力学本质_整合优化版.md,B,未审计，待逐件裁定,已复制
01-核心论文/统一场论框架下万有引力常数与光速的涌现性及其量子力学本质/统一场论框架下万有引力常数的量子几何涌现_精简版.md,6561,90_历史归档\来源语料_utf_20261009\语料\01-核心论文\统一场论框架下万有引力常数与光速的涌现性及其量子力学本质\统一场论框架下万有引力常数的量子几何涌现_精简版.md,B,未审计，待逐件裁定,已复制
01-核心论文/统一场论框架下万有引力常数与光速的涌现性及其量子力学本质/统一场论框架下万有引力常数的量子几何涌现与光速关联.md,73694,90_历史归档\来源语料_utf_20261009\语料\01-核心论文\统一场论框架下万有引力常数与光速的涌现性及其量子力学本质\统一场论框架下万有引力常数的量子几何涌现与光速关联.md,B,未审计，待逐件裁定,已复制
01-核心论文/统一场论框架下万有引力常数与光速的涌现性及其量子力学本质/统一场论框架下万有引力常数的量子几何涌现与光速关联_简化版.md,7310,90_历史归档\来源语料_utf_20261009\语料\01-核心论文\统一场论框架下万有引力常数与光速的涌现性及其量子力学本质\统一场论框架下万有引力常数的量子几何涌现与光速关联_简化版.md,B,未审计，待逐件裁定,已复制
01-核心论文/统一场论框架下万有引力常数与光速的涌现性及其量子力学本质/论文优化建议.md,10364,90_历史归档\来源语料_utf_20261009\语料\01-核心论文\统一场论框架下万有引力常数与光速的涌现性及其量子力学本质\论文优化建议.md,B,未审计，待逐件裁定,已复制
01-核心论文/统一场论框架下万有引力常数与光速的涌现性及其量子力学本质/论文完善方案.md,4818,90_历史归档\来源语料_utf_20261009\语料\01-核心论文\统一场论框架下万有引力常数与光速的涌现性及其量子力学本质\论文完善方案.md,B,未审计，待逐件裁定,已复制
01-核心论文/统一场论框架下万有引力常数与光速的涌现性及其量子力学本质/论文标题分析与优化建议.md,5019,90_历史归档\来源语料_utf_20261009\语料\01-核心论文\统一场论框架下万有引力常数与光速的涌现性及其量子力学本质\论文标题分析与优化建议.md,B,未审计，待逐件裁定,已复制
01-核心论文/统一场论框架下万有引力常数与光速的涌现性及其量子力学本质/code/1.py,938,90_历史归档\来源语料_utf_20261009\语料\01-核心论文\统一场论框架下万有引力常数与光速的涌现性及其量子力学本质\code\1.py,B,未审计，待逐件裁定,已复制
01-核心论文/统一场论框架下万有引力常数与光速的涌现性及其量子力学本质/code/k值不同情况分析.py,22253,90_历史归档\来源语料_utf_20261009\语料\01-核心论文\统一场论框架下万有引力常数与光速的涌现性及其量子力学本质\code\k值不同情况分析.py,B,未审计，待逐件裁定,已复制
01-核心论文/统一场论框架下万有引力常数与光速的涌现性及其量子力学本质/code/k值不同情况分析_fixed.py,22059,90_历史归档\来源语料_utf_20261009\语料\01-核心论文\统一场论框架下万有引力常数与光速的涌现性及其量子力学本质\code\k值不同情况分析_fixed.py,B,未审计，待逐件裁定,已复制
01-核心论文/统一场论框架下万有引力常数与光速的涌现性及其量子力学本质/code/k值求导与量纲验证.py,17867,90_历史归档\来源语料_utf_20261009\语料\01-核心论文\统一场论框架下万有引力常数与光速的涌现性及其量子力学本质\code\k值求导与量纲验证.py,B,未审计，待逐件裁定,已复制
01-核心论文/统一场论框架下万有引力常数与光速的涌现性及其量子力学本质/code/论文验证.py,6249,90_历史归档\来源语料_utf_20261009\语料\01-核心论文\统一场论框架下万有引力常数与光速的涌现性及其量子力学本质\code\论文验证.py,B,未审计，待逐件裁定,已复制
01-核心论文/统一场论框架下万有引力常数与光速的涌现性及其量子力学本质/PPT/统一场论框架下万有引力常数的量子几何涌现与光速关联_PPT文字版.md,5517,90_历史归档\来源语料_utf_20261009\语料\01-核心论文\统一场论框架下万有引力常数与光速的涌现性及其量子力学本质\PPT\统一场论框架下万有引力常数的量子几何涌现与光速关联_PPT文字版.md,B,未审计，待逐件裁定,已复制
01-核心论文/统一场论框架下万有引力常数与光速的涌现性及其量子力学本质/内容补充版/统一场论框架下万有引力常数与光速的涌现性及其量子力学本质 copy.md,45317,90_历史归档\来源语料_utf_20261009\语料\01-核心论文\统一场论框架下万有引力常数与光速的涌现性及其量子力学本质\内容补充版\统一场论框架下万有引力常数与光速的涌现性及其量子力学本质 copy.md,B,未审计，待逐件裁定,已复制
01-核心论文/统一场论框架下万有引力常数与光速的涌现性及其量子力学本质/内容补充版/统一场论框架下万有引力常数与光速的涌现性及其量子力学本质.md,66864,90_历史归档\来源语料_utf_20261009\语料\01-核心论文\统一场论框架下万有引力常数与光速的涌现性及其量子力学本质\内容补充版\统一场论框架下万有引力常数与光速的涌现性及其量子力学本质.md,B,未审计，待逐件裁定,已复制
01-核心论文/统一场论框架下万有引力常数与光速的涌现性及其量子力学本质/内容补充版/统一场论框架下万有引力常数与光速的涌现性及其量子力学本质_整合优化版.md,40696,90_历史归档\来源语料_utf_20261009\语料\01-核心论文\统一场论框架下万有引力常数与光速的涌现性及其量子力学本质\内容补充版\统一场论框架下万有引力常数与光速的涌现性及其量子力学本质_整合优化版.md,B,未审计，待逐件裁定,已复制
01-核心论文/统一场论框架下万有引力常数与光速的涌现性及其量子力学本质/内容补充版/统一场论框架下万有引力常数的量子几何涌现与光速关联20251209.md,73694,90_历史归档\来源语料_utf_20261009\语料\01-核心论文\统一场论框架下万有引力常数与光速的涌现性及其量子力学本质\内容补充版\统一场论框架下万有引力常数的量子几何涌现与光速关联20251209.md,B,未审计，待逐件裁定,已复制
01-核心论文/统一场论框架下万有引力常数与光速的涌现性及其量子力学本质/深圳统一场论交流会/公式符号表.md,6477,90_历史归档\来源语料_utf_20261009\语料\01-核心论文\统一场论框架下万有引力常数与光速的涌现性及其量子力学本质\深圳统一场论交流会\公式符号表.md,B,未审计，待逐件裁定,已复制
01-核心论文/统一场论框架下万有引力常数与光速的涌现性及其量子力学本质/深圳统一场论交流会/V1/Emergence of Gravitational Constant and Light Speed Within Unified Field Theory Framework and Their Quantum Mechanical Essence.md,13937,90_历史归档\来源语料_utf_20261009\语料\01-核心论文\统一场论框架下万有引力常数与光速的涌现性及其量子力学本质\深圳统一场论交流会\V1\Emergence of Gravitational Constant and Light Speed Within Unified Field Theory Framework and Their Quantum Mechanical Essence.md,B,未审计，待逐件裁定,已复制
01-核心论文/统一场论框架下万有引力常数与光速的涌现性及其量子力学本质/深圳统一场论交流会/V1/Emergence_of_the_Gravitational_Constant_and_the_Speed_of_Light_within_the_Framework_of_Unified_Field_Theory_and_Their_Quantum_Mechanical_Essence.md,59092,90_历史归档\来源语料_utf_20261009\语料\01-核心论文\统一场论框架下万有引力常数与光速的涌现性及其量子力学本质\深圳统一场论交流会\V1\Emergence_of_the_Gravitational_Constant_and_the_Speed_of_Light_within_the_Framework_of_Unified_Field_Theory_and_Their_Quantum_Mechanical_Essence.md,B,未审计，待逐件裁定,已复制
01-核心论文/统一场论框架下万有引力常数与光速的涌现性及其量子力学本质/深圳统一场论交流会/V1/generate_figures.py,30517,90_历史归档\来源语料_utf_20261009\语料\01-核心论文\统一场论框架下万有引力常数与光速的涌现性及其量子力学本质\深圳统一场论交流会\V1\generate_figures.py,B,未审计，待逐件裁定,已复制
01-核心论文/统一场论框架下万有引力常数与光速的涌现性及其量子力学本质/深圳统一场论交流会/V1/Unified_Field_Theory_Gravitational_Constant_Light_Speed_Quantum_Geometry.md,36610,90_历史归档\来源语料_utf_20261009\语料\01-核心论文\统一场论框架下万有引力常数与光速的涌现性及其量子力学本质\深圳统一场论交流会\V1\Unified_Field_Theory_Gravitational_Constant_Light_Speed_Quantum_Geometry.md,B,未审计，待逐件裁定,已复制
01-核心论文/统一场论框架下万有引力常数与光速的涌现性及其量子力学本质/深圳统一场论交流会/V1/图片集描述.md,8884,90_历史归档\来源语料_utf_20261009\语料\01-核心论文\统一场论框架下万有引力常数与光速的涌现性及其量子力学本质\深圳统一场论交流会\V1\图片集描述.md,B,未审计，待逐件裁定,已复制
01-核心论文/统一场论框架下万有引力常数与光速的涌现性及其量子力学本质/深圳统一场论交流会/V1/统一场论框架下万有引力常数的量子几何涌现与光速关联.md,44809,90_历史归档\来源语料_utf_20261009\语料\01-核心论文\统一场论框架下万有引力常数与光速的涌现性及其量子力学本质\深圳统一场论交流会\V1\统一场论框架下万有引力常数的量子几何涌现与光速关联.md,B,未审计，待逐件裁定,已复制
01-核心论文/统一场论框架下万有引力常数与光速的涌现性及其量子力学本质/深圳统一场论交流会/V1/统一场论框架下万有引力常数的量子几何涌现与光速关联_核心简化版.md,27620,90_历史归档\来源语料_utf_20261009\语料\01-核心论文\统一场论框架下万有引力常数与光速的涌现性及其量子力学本质\深圳统一场论交流会\V1\统一场论框架下万有引力常数的量子几何涌现与光速关联_核心简化版.md,B,未审计，待逐件裁定,已复制
01-核心论文/统一场论框架下万有引力常数与光速的涌现性及其量子力学本质/深圳统一场论交流会/V1/统一场论框架下万有引力常数的量子几何涌现与光速关联_核心简化版_10000字.md,19761,90_历史归档\来源语料_utf_20261009\语料\01-核心论文\统一场论框架下万有引力常数与光速的涌现性及其量子力学本质\深圳统一场论交流会\V1\统一场论框架下万有引力常数的量子几何涌现与光速关联_核心简化版_10000字.md,B,未审计，待逐件裁定,已复制
01-核心论文/统一场论框架下万有引力常数与光速的涌现性及其量子力学本质/深圳统一场论交流会/V1/统一场论框架下万有引力常数的量子几何涌现与光速关联_核心简化版_文章版.md,27937,90_历史归档\来源语料_utf_20261009\语料\01-核心论文\统一场论框架下万有引力常数与光速的涌现性及其量子力学本质\深圳统一场论交流会\V1\统一场论框架下万有引力常数的量子几何涌现与光速关联_核心简化版_文章版.md,B,未审计，待逐件裁定,已复制
01-核心论文/统一场论框架下万有引力常数与光速的涌现性及其量子力学本质/深圳统一场论交流会/V1/code/4pi.py,3227,90_历史归档\来源语料_utf_20261009\语料\01-核心论文\统一场论框架下万有引力常数与光速的涌现性及其量子力学本质\深圳统一场论交流会\V1\code\4pi.py,B,未审计，待逐件裁定,已复制
01-核心论文/统一场论框架下万有引力常数与光速的涌现性及其量子力学本质/深圳统一场论交流会/V1/code/draw_gravitational_field.py,1971,90_历史归档\来源语料_utf_20261009\语料\01-核心论文\统一场论框架下万有引力常数与光速的涌现性及其量子力学本质\深圳统一场论交流会\V1\code\draw_gravitational_field.py,B,未审计，待逐件裁定,已复制
01-核心论文/统一场论框架下万有引力常数与光速的涌现性及其量子力学本质/深圳统一场论交流会/V1/code/draw_g_precision.py,2481,90_历史归档\来源语料_utf_20261009\语料\01-核心论文\统一场论框架下万有引力常数与光速的涌现性及其量子力学本质\深圳统一场论交流会\V1\code\draw_g_precision.py,B,未审计，待逐件裁定,已复制
01-核心论文/统一场论框架下万有引力常数与光速的涌现性及其量子力学本质/深圳统一场论交流会/V1/code/draw_g_quantum_origin.py,1855,90_历史归档\来源语料_utf_20261009\语料\01-核心论文\统一场论框架下万有引力常数与光速的涌现性及其量子力学本质\深圳统一场论交流会\V1\code\draw_g_quantum_origin.py,B,未审计，待逐件裁定,已复制
01-核心论文/统一场论框架下万有引力常数与光速的涌现性及其量子力学本质/深圳统一场论交流会/V1/code/draw_helical_motion.py,3836,90_历史归档\来源语料_utf_20261009\语料\01-核心论文\统一场论框架下万有引力常数与光速的涌现性及其量子力学本质\深圳统一场论交流会\V1\code\draw_helical_motion.py,B,未审计，待逐件裁定,已复制
01-核心论文/统一场论框架下万有引力常数与光速的涌现性及其量子力学本质/深圳统一场论交流会/V1/code/draw_mass_definition.py,6157,90_历史归档\来源语料_utf_20261009\语料\01-核心论文\统一场论框架下万有引力常数与光速的涌现性及其量子力学本质\深圳统一场论交流会\V1\code\draw_mass_definition.py,B,未审计，待逐件裁定,已复制
01-核心论文/统一场论框架下万有引力常数与光速的涌现性及其量子力学本质/深圳统一场论交流会/V1/code/draw_mass_relation.py,2007,90_历史归档\来源语料_utf_20261009\语料\01-核心论文\统一场论框架下万有引力常数与光速的涌现性及其量子力学本质\深圳统一场论交流会\V1\code\draw_mass_relation.py,B,未审计，待逐件裁定,已复制
01-核心论文/统一场论框架下万有引力常数与光速的涌现性及其量子力学本质/深圳统一场论交流会/V1/code/draw_spiral_motion.py,2349,90_历史归档\来源语料_utf_20261009\语料\01-核心论文\统一场论框架下万有引力常数与光速的涌现性及其量子力学本质\深圳统一场论交流会\V1\code\draw_spiral_motion.py,B,未审计，待逐件裁定,已复制
01-核心论文/统一场论框架下万有引力常数与光速的涌现性及其量子力学本质/深圳统一场论交流会/V1/code/draw_spiral_projection.py,2334,90_历史归档\来源语料_utf_20261009\语料\01-核心论文\统一场论框架下万有引力常数与光速的涌现性及其量子力学本质\深圳统一场论交流会\V1\code\draw_spiral_projection.py,B,未审计，待逐件裁定,已复制
01-核心论文/统一场论框架下万有引力常数与光速的涌现性及其量子力学本质/深圳统一场论交流会/V1/code/final_fix_chinese_figures.py,8550,90_历史归档\来源语料_utf_20261009\语料\01-核心论文\统一场论框架下万有引力常数与光速的涌现性及其量子力学本质\深圳统一场论交流会\V1\code\final_fix_chinese_figures.py,B,未审计，待逐件裁定,已复制
01-核心论文/统一场论框架下万有引力常数与光速的涌现性及其量子力学本质/深圳统一场论交流会/V1/code/fix_all_papers_figures.py,9792,90_历史归档\来源语料_utf_20261009\语料\01-核心论文\统一场论框架下万有引力常数与光速的涌现性及其量子力学本质\深圳统一场论交流会\V1\code\fix_all_papers_figures.py,B,未审计，待逐件裁定,已复制
01-核心论文/统一场论框架下万有引力常数与光速的涌现性及其量子力学本质/深圳统一场论交流会/V1/code/fix_three_figures.py,7504,90_历史归档\来源语料_utf_20261009\语料\01-核心论文\统一场论框架下万有引力常数与光速的涌现性及其量子力学本质\深圳统一场论交流会\V1\code\fix_three_figures.py,B,未审计，待逐件裁定,已复制
01-核心论文/统一场论框架下万有引力常数与光速的涌现性及其量子力学本质/深圳统一场论交流会/V1/code/generate_all_figures.py,13018,90_历史归档\来源语料_utf_20261009\语料\01-核心论文\统一场论框架下万有引力常数与光速的涌现性及其量子力学本质\深圳统一场论交流会\V1\code\generate_all_figures.py,B,未审计，待逐件裁定,已复制
01-核心论文/统一场论框架下万有引力常数与光速的涌现性及其量子力学本质/深圳统一场论交流会/V1/code/generate_all_figures_optimized.py,18266,90_历史归档\来源语料_utf_20261009\语料\01-核心论文\统一场论框架下万有引力常数与光速的涌现性及其量子力学本质\深圳统一场论交流会\V1\code\generate_all_figures_optimized.py,B,未审计，待逐件裁定,已复制
01-核心论文/统一场论框架下万有引力常数与光速的涌现性及其量子力学本质/深圳统一场论交流会/V1/code/generate_chinese_figures.py,9701,90_历史归档\来源语料_utf_20261009\语料\01-核心论文\统一场论框架下万有引力常数与光速的涌现性及其量子力学本质\深圳统一场论交流会\V1\code\generate_chinese_figures.py,B,未审计，待逐件裁定,已复制
01-核心论文/统一场论框架下万有引力常数与光速的涌现性及其量子力学本质/深圳统一场论交流会/V1/code/generate_chinese_figures_fixed.py,7153,90_历史归档\来源语料_utf_20261009\语料\01-核心论文\统一场论框架下万有引力常数与光速的涌现性及其量子力学本质\深圳统一场论交流会\V1\code\generate_chinese_figures_fixed.py,B,未审计，待逐件裁定,已复制
01-核心论文/统一场论框架下万有引力常数与光速的涌现性及其量子力学本质/深圳统一场论交流会/V1/code/generate_chinese_figures_ultra_simple.py,8080,90_历史归档\来源语料_utf_20261009\语料\01-核心论文\统一场论框架下万有引力常数与光速的涌现性及其量子力学本质\深圳统一场论交流会\V1\code\generate_chinese_figures_ultra_simple.py,B,未审计，待逐件裁定,已复制
01-核心论文/统一场论框架下万有引力常数与光速的涌现性及其量子力学本质/深圳统一场论交流会/V1/code/generate_formulas_fixed.py,5401,90_历史归档\来源语料_utf_20261009\语料\01-核心论文\统一场论框架下万有引力常数与光速的涌现性及其量子力学本质\深圳统一场论交流会\V1\code\generate_formulas_fixed.py,B,未审计，待逐件裁定,已复制
01-核心论文/统一场论框架下万有引力常数与光速的涌现性及其量子力学本质/深圳统一场论交流会/V1/code/generate_g_precision.py,1886,90_历史归档\来源语料_utf_20261009\语料\01-核心论文\统一场论框架下万有引力常数与光速的涌现性及其量子力学本质\深圳统一场论交流会\V1\code\generate_g_precision.py,B,未审计，待逐件裁定,已复制
01-核心论文/统一场论框架下万有引力常数与光速的涌现性及其量子力学本质/深圳统一场论交流会/V1/code/generate_g_precision_simple.py,1113,90_历史归档\来源语料_utf_20261009\语料\01-核心论文\统一场论框架下万有引力常数与光速的涌现性及其量子力学本质\深圳统一场论交流会\V1\code\generate_g_precision_simple.py,B,未审计，待逐件裁定,已复制
01-核心论文/统一场论框架下万有引力常数与光速的涌现性及其量子力学本质/深圳统一场论交流会/V1/code/test_chinese_rendering.py,2847,90_历史归档\来源语料_utf_20261009\语料\01-核心论文\统一场论框架下万有引力常数与光速的涌现性及其量子力学本质\深圳统一场论交流会\V1\code\test_chinese_rendering.py,B,未审计，待逐件裁定,已复制
01-核心论文/统一场论框架下万有引力常数与光速的涌现性及其量子力学本质/深圳统一场论交流会/V1/code/verify_calculations.py,4291,90_历史归档\来源语料_utf_20261009\语料\01-核心论文\统一场论框架下万有引力常数与光速的涌现性及其量子力学本质\深圳统一场论交流会\V1\code\verify_calculations.py,B,未审计，待逐件裁定,已复制
01-核心论文/统一场论框架下万有引力常数与光速的涌现性及其量子力学本质/深圳统一场论交流会/V2/统一场论框架下万有引力常数的量子几何涌现与光速关联.md,17617,90_历史归档\来源语料_utf_20261009\语料\01-核心论文\统一场论框架下万有引力常数与光速的涌现性及其量子力学本质\深圳统一场论交流会\V2\统一场论框架下万有引力常数的量子几何涌现与光速关联.md,B,未审计，待逐件裁定,已复制
01-核心论文/能量强守恒/论能量的绝对性：张祥前统一场论中“能量强守恒”的第一性原理推导与范式革命性验证.md,12579,90_历史归档\来源语料_utf_20261009\语料\01-核心论文\能量强守恒\论能量的绝对性：张祥前统一场论中“能量强守恒”的第一性原理推导与范式革命性验证.md,B,未审计，待逐件裁定,已复制
01-核心论文/能量强守恒/code/energy_strong_conservation.py,10877,90_历史归档\来源语料_utf_20261009\语料\01-核心论文\能量强守恒\code\energy_strong_conservation.py,B,未审计，待逐件裁定,已复制
01-核心论文/角速度/v1/从氢原子到超大质量黑洞：基于张祥前统一场论的角速度普适公式第一性原理推导与跨尺度验证.md,28515,90_历史归档\来源语料_utf_20261009\语料\01-核心论文\角速度\v1\从氢原子到超大质量黑洞：基于张祥前统一场论的角速度普适公式第一性原理推导与跨尺度验证.md,B,未审计，待逐件裁定,已复制
01-核心论文/角速度/v1/验证/ab_effect_prediction.py,4125,90_历史归档\来源语料_utf_20261009\语料\01-核心论文\角速度\v1\验证\ab_effect_prediction.py,B,未审计，待逐件裁定,已复制
01-核心论文/角速度/v1/验证/ampere_maxwell_compatibility.py,3503,90_历史归档\来源语料_utf_20261009\语料\01-核心论文\角速度\v1\验证\ampere_maxwell_compatibility.py,B,未审计，待逐件裁定,已复制
01-核心论文/角速度/v1/验证/calculate_coupling_coefficient.py,4321,90_历史归档\来源语料_utf_20261009\语料\01-核心论文\角速度\v1\验证\calculate_coupling_coefficient.py,B,未审计，待逐件裁定,已复制
01-核心论文/角速度/v1/验证/comprehensive_validation.py,5165,90_历史归档\来源语料_utf_20261009\语料\01-核心论文\角速度\v1\验证\comprehensive_validation.py,B,未审计，待逐件裁定,已复制
01-核心论文/角速度/v1/验证/dimensional_analysis.py,7523,90_历史归档\来源语料_utf_20261009\语料\01-核心论文\角速度\v1\验证\dimensional_analysis.py,B,未审计，待逐件裁定,已复制
01-核心论文/角速度/v1/验证/faraday_law_compatibility.py,2570,90_历史归档\来源语料_utf_20261009\语料\01-核心论文\角速度\v1\验证\faraday_law_compatibility.py,B,未审计，待逐件裁定,已复制
01-核心论文/角速度/v1/验证/force_comparison.py,8559,90_历史归档\来源语料_utf_20261009\语料\01-核心论文\角速度\v1\验证\force_comparison.py,B,未审计，待逐件裁定,已复制
01-核心论文/角速度/v1/验证/future_directions.py,9616,90_历史归档\来源语料_utf_20261009\语料\01-核心论文\角速度\v1\验证\future_directions.py,B,未审计，待逐件裁定,已复制
01-核心论文/角速度/v1/验证/physical_scenarios_analysis.py,7009,90_历史归档\来源语料_utf_20261009\语料\01-核心论文\角速度\v1\验证\physical_scenarios_analysis.py,B,未审计，待逐件裁定,已复制
01-核心论文/角速度/v1/验证/validation_analysis_and_corrections.py,5666,90_历史归档\来源语料_utf_20261009\语料\01-核心论文\角速度\v1\验证\validation_analysis_and_corrections.py,B,未审计，待逐件裁定,已复制
01-核心论文/角速度/v1/验证/时空几何的本征规律：基于光速螺旋运动第一性原理的角速度普适公式全维度求导、严格证明与跨尺度验证.md,30060,90_历史归档\来源语料_utf_20261009\语料\01-核心论文\角速度\v1\验证\时空几何的本征规律：基于光速螺旋运动第一性原理的角速度普适公式全维度求导、严格证明与跨尺度验证.md,B,未审计，待逐件裁定,已复制
01-核心论文/角速度/v1/验证/算法联盟视角下：光速螺旋作为宇宙统一本源的全维度理论构建——ω=√(2ZM_r³)求导、证明与跨尺度协同验证.md,35197,90_历史归档\来源语料_utf_20261009\语料\01-核心论文\角速度\v1\验证\算法联盟视角下：光速螺旋作为宇宙统一本源的全维度理论构建——ω=√(2ZM_r³)求导、证明与跨尺度协同验证.md,B,未审计，待逐件裁定,已复制
01-核心论文/角速度/v1/验证/算法联盟视角下：抛弃β因子，以光速螺旋为宇宙统一本源——角速度普适公式全维度求导、严格证明与跨尺度验证.md,37184,90_历史归档\来源语料_utf_20261009\语料\01-核心论文\角速度\v1\验证\算法联盟视角下：抛弃β因子，以光速螺旋为宇宙统一本源——角速度普适公式全维度求导、严格证明与跨尺度验证.md,B,未审计，待逐件裁定,已复制
01-核心论文/角速度/v2/1.md,10171,90_历史归档\来源语料_utf_20261009\语料\01-核心论文\角速度\v2\1.md,B,未审计，待逐件裁定,已复制
01-核心论文/角速度/v2/验证/1.md,16474,90_历史归档\来源语料_utf_20261009\语料\01-核心论文\角速度\v2\验证\1.md,B,未审计，待逐件裁定,已复制
01-核心论文/角速度/v2/验证/2.md,2687,90_历史归档\来源语料_utf_20261009\语料\01-核心论文\角速度\v2\验证\2.md,B,未审计，待逐件裁定,已复制
01-核心论文/角速度/v3/1.md,9085,90_历史归档\来源语料_utf_20261009\语料\01-核心论文\角速度\v3\1.md,B,未审计，待逐件裁定,已复制
01-核心论文/角速度/v4/角速度终极求导与全尺度验证总报告（含地球求导专项）.md,31639,90_历史归档\来源语料_utf_20261009\语料\01-核心论文\角速度\v4\角速度终极求导与全尺度验证总报告（含地球求导专项）.md,B,未审计，待逐件裁定,已复制
01-核心论文/角速度/v4/code/angular_velocity_verification.py,5621,90_历史归档\来源语料_utf_20261009\语料\01-核心论文\角速度\v4\code\angular_velocity_verification.py,B,未审计，待逐件裁定,已复制
01-核心论文/角速度/v4/code/verify_angular_velocity.py,4248,90_历史归档\来源语料_utf_20261009\语料\01-核心论文\角速度\v4\code\verify_angular_velocity.py,B,未审计，待逐件裁定,已复制
01-核心论文/角速度/v4/历史版本/角速度终极求导与全尺度验证总报告（含地球求导专项）_顶尖论文版.md,21854,90_历史归档\来源语料_utf_20261009\语料\01-核心论文\角速度\v4\历史版本\角速度终极求导与全尺度验证总报告（含地球求导专项）_顶尖论文版.md,B,未审计，待逐件裁定,已复制
01-核心论文/角速度/v4/验证/1.md,2282,90_历史归档\来源语料_utf_20261009\语料\01-核心论文\角速度\v4\验证\1.md,B,未审计，待逐件裁定,已复制
01-核心论文/角速度/v4/验证/2.md,4723,90_历史归档\来源语料_utf_20261009\语料\01-核心论文\角速度\v4\验证\2.md,B,未审计，待逐件裁定,已复制
01-核心论文/角速度/v4/验证/看见的本质是观测者参考系与空间光速螺旋运动的几何耦合效应.md,9620,90_历史归档\来源语料_utf_20261009\语料\01-核心论文\角速度\v4\验证\看见的本质是观测者参考系与空间光速螺旋运动的几何耦合效应.md,B,未审计，待逐件裁定,已复制
01-核心论文/角速度/v4/验证/第一性原理求导.md,3346,90_历史归档\来源语料_utf_20261009\语料\01-核心论文\角速度\v4\验证\第一性原理求导.md,B,未审计，待逐件裁定,已复制
01-核心论文/角速度/v4/验证/角速度普适公式全尺度验证数据对比图表（文字描述方案） (1).md,14309,90_历史归档\来源语料_utf_20261009\语料\01-核心论文\角速度\v4\验证\角速度普适公式全尺度验证数据对比图表（文字描述方案） (1).md,B,未审计，待逐件裁定,已复制
02-数学验证/ug_calculation_and_derivative.py,5268,90_历史归档\来源语料_utf_20261009\语料\02-数学验证\ug_calculation_and_derivative.py,B,未审计，待逐件裁定,已复制
02-数学验证/统一场论数学求导验证证明.md,13040,90_历史归档\来源语料_utf_20261009\语料\02-数学验证\统一场论数学求导验证证明.md,B,未审计，待逐件裁定,已复制
02-数学验证/01-核心论文/引力光速统一方程/code/logs/test_error_report.txt,672,90_历史归档\来源语料_utf_20261009\语料\02-数学验证\01-核心论文\引力光速统一方程\code\logs\test_error_report.txt,B,未审计，待逐件裁定,已复制
02-数学验证/ug/ug.py,3990,90_历史归档\来源语料_utf_20261009\语料\02-数学验证\ug\ug.py,B,未审计，待逐件裁定,已复制
02-数学验证/Z值计算/Z.py,1170,90_历史归档\来源语料_utf_20261009\语料\02-数学验证\Z值计算\Z.py,B,未审计，待逐件裁定,已复制
02-数学验证/公式验证/01-验证-全公式验证-完整版.py,17112,90_历史归档\来源语料_utf_20261009\语料\02-数学验证\公式验证\01-验证-全公式验证-完整版.py,B,未审计，待逐件裁定,已复制
02-数学验证/公式验证/README.md,4685,90_历史归档\来源语料_utf_20261009\语料\02-数学验证\公式验证\README.md,B,未审计，待逐件裁定,已复制
02-数学验证/公式验证/ug.py,13956,90_历史归档\来源语料_utf_20261009\语料\02-数学验证\公式验证\ug.py,B,未审计，待逐件裁定,已复制
02-数学验证/公式验证/权威引力光速统一方程求导与精确验证.py,69732,90_历史归档\来源语料_utf_20261009\语料\02-数学验证\公式验证\权威引力光速统一方程求导与精确验证.py,B,未审计，待逐件裁定,已复制
02-数学验证/空间的螺旋运动/spiral_motion_verification.py,26052,90_历史归档\来源语料_utf_20261009\语料\02-数学验证\空间的螺旋运动\spiral_motion_verification.py,B,未审计，待逐件裁定,已复制
03-可视化系统/修复KaTeX解析错误指南.md,3728,90_历史归档\来源语料_utf_20261009\语料\03-可视化系统\修复KaTeX解析错误指南.md,B,未审计，待逐件裁定,已复制
03-可视化系统/可视化页面/光速是分母验证/einstein_field_equations_c_role.tex,16771,90_历史归档\来源语料_utf_20261009\语料\03-可视化系统\可视化页面\光速是分母验证\einstein_field_equations_c_role.tex,B,未审计，待逐件裁定,已复制
03-可视化系统/可视化页面/光速是分母验证/greatest_paper_g_c_relationship (1).md,13488,90_历史归档\来源语料_utf_20261009\语料\03-可视化系统\可视化页面\光速是分母验证\greatest_paper_g_c_relationship (1).md,B,未审计，待逐件裁定,已复制
03-可视化系统/文档说明/README.md,3765,90_历史归档\来源语料_utf_20261009\语料\03-可视化系统\文档说明\README.md,B,未审计，待逐件裁定,已复制
03-可视化系统/文档说明/z_value_correction_report.md,3077,90_历史归档\来源语料_utf_20261009\语料\03-可视化系统\文档说明\z_value_correction_report.md,B,未审计，待逐件裁定,已复制
03-可视化系统/文档说明/Z值修复指南.md,4043,90_历史归档\来源语料_utf_20261009\语料\03-可视化系统\文档说明\Z值修复指南.md,B,未审计，待逐件裁定,已复制
03-可视化系统/文档说明/Z常数综合验证报告.md,3052,90_历史归档\来源语料_utf_20261009\语料\03-可视化系统\文档说明\Z常数综合验证报告.md,B,未审计，待逐件裁定,已复制
03-可视化系统/文档说明/几何因子多维分析报告.md,7300,90_历史归档\来源语料_utf_20261009\语料\03-可视化系统\文档说明\几何因子多维分析报告.md,B,未审计，待逐件裁定,已复制
03-可视化系统/文档说明/几何因子数学严格证明.md,6760,90_历史归档\来源语料_utf_20261009\语料\03-可视化系统\文档说明\几何因子数学严格证明.md,B,未审计，待逐件裁定,已复制
03-可视化系统/文档说明/几何因子最终验证报告.md,8239,90_历史归档\来源语料_utf_20261009\语料\03-可视化系统\文档说明\几何因子最终验证报告.md,B,未审计，待逐件裁定,已复制
03-可视化系统/文档说明/张祥前统一场论可视化系统说明.md,6009,90_历史归档\来源语料_utf_20261009\语料\03-可视化系统\文档说明\张祥前统一场论可视化系统说明.md,B,未审计，待逐件裁定,已复制
03-可视化系统/源代码/引力光速统一方程全公式验证报告.txt,5988,90_历史归档\来源语料_utf_20261009\语料\03-可视化系统\源代码\引力光速统一方程全公式验证报告.txt,B,未审计，待逐件裁定,已复制
03-可视化系统/源代码/线性代数验证/x.py,10477,90_历史归档\来源语料_utf_20261009\语料\03-可视化系统\源代码\线性代数验证\x.py,B,未审计，待逐件裁定,已复制
03-可视化系统/验证代码/comprehensive_z_verification.py,12805,90_历史归档\来源语料_utf_20261009\语料\03-可视化系统\验证代码\comprehensive_z_verification.py,B,未审计，待逐件裁定,已复制
03-可视化系统/验证代码/detailed_z_verification.py,2077,90_历史归档\来源语料_utf_20261009\语料\03-可视化系统\验证代码\detailed_z_verification.py,B,未审计，待逐件裁定,已复制
03-可视化系统/验证代码/README.md,3934,90_历史归档\来源语料_utf_20261009\语料\03-可视化系统\验证代码\README.md,B,未审计，待逐件裁定,已复制
03-可视化系统/验证代码/verify_all_formulas_text.py,14979,90_历史归档\来源语料_utf_20261009\语料\03-可视化系统\验证代码\verify_all_formulas_text.py,B,未审计，待逐件裁定,已复制
03-可视化系统/验证代码/verify_calculation.py,1728,90_历史归档\来源语料_utf_20261009\语料\03-可视化系统\验证代码\verify_calculation.py,B,未审计，待逐件裁定,已复制
03-可视化系统/验证代码/verify_geometric_factor.py,6612,90_历史归档\来源语料_utf_20261009\语料\03-可视化系统\验证代码\verify_geometric_factor.py,B,未审计，待逐件裁定,已复制
03-可视化系统/验证代码/verify_z_calculation.py,1028,90_历史归档\来源语料_utf_20261009\语料\03-可视化系统\验证代码\verify_z_calculation.py,B,未审计，待逐件裁定,已复制
03-可视化系统/验证代码/引力光速统一方程全公式验证报告.txt,5988,90_历史归档\来源语料_utf_20261009\语料\03-可视化系统\验证代码\引力光速统一方程全公式验证报告.txt,B,未审计，待逐件裁定,已复制
04-分析报告/优化方案/统一场论项目深度优化方案.md,24092,90_历史归档\来源语料_utf_20261009\语料\04-分析报告\优化方案\统一场论项目深度优化方案.md,B,未审计，待逐件裁定,已复制
04-分析报告/理论分析/实现2025年人工场成功的关键优化方向.md,3820,90_历史归档\来源语料_utf_20261009\语料\04-分析报告\理论分析\实现2025年人工场成功的关键优化方向.md,B,未审计，待逐件裁定,已复制
04-分析报告/理论分析/Gc正比反比/【100%优化】最终完善方案.md,10441,90_历史归档\来源语料_utf_20261009\语料\04-分析报告\理论分析\Gc正比反比\【100%优化】最终完善方案.md,B,未审计，待逐件裁定,已复制
04-分析报告/理论分析/Gc正比反比/【Bug检查报告】万有引力常数G与光速c分析文档.md,8614,90_历史归档\来源语料_utf_20261009\语料\04-分析报告\理论分析\Gc正比反比\【Bug检查报告】万有引力常数G与光速c分析文档.md,B,未审计，待逐件裁定,已复制
04-分析报告/理论分析/Gc正比反比/【修复完成】Bug修复报告.md,7462,90_历史归档\来源语料_utf_20261009\语料\04-分析报告\理论分析\Gc正比反比\【修复完成】Bug修复报告.md,B,未审计，待逐件裁定,已复制
04-分析报告/理论分析/Gc正比反比/【修复报告】理论验证问题诊断与修复方案.md,11184,90_历史归档\来源语料_utf_20261009\语料\04-分析报告\理论分析\Gc正比反比\【修复报告】理论验证问题诊断与修复方案.md,B,未审计，待逐件裁定,已复制
04-分析报告/理论分析/Gc正比反比/【修复版】附录说明-统一场论与传统物理学的区别.md,7630,90_历史归档\来源语料_utf_20261009\语料\04-分析报告\理论分析\Gc正比反比\【修复版】附录说明-统一场论与传统物理学的区别.md,B,未审计，待逐件裁定,已复制
04-分析报告/理论分析/Gc正比反比/【总结】科学验证问题与修复完整指南.md,15553,90_历史归档\来源语料_utf_20261009\语料\04-分析报告\理论分析\Gc正比反比\【总结】科学验证问题与修复完整指南.md,B,未审计，待逐件裁定,已复制
04-分析报告/理论分析/Gc正比反比/【深度优化】科学严谨性提升方案.md,11940,90_历史归档\来源语料_utf_20261009\语料\04-分析报告\理论分析\Gc正比反比\【深度优化】科学严谨性提升方案.md,B,未审计，待逐件裁定,已复制
04-分析报告/理论分析/Gc正比反比/【行动清单】立即修复步骤.md,7629,90_历史归档\来源语料_utf_20261009\语料\04-分析报告\理论分析\Gc正比反比\【行动清单】立即修复步骤.md,B,未审计，待逐件裁定,已复制
04-分析报告/理论分析/Gc正比反比/万有引力常数 G 与光速 c：全面分析正比与反比关系指南.md,54545,90_历史归档\来源语料_utf_20261009\语料\04-分析报告\理论分析\Gc正比反比\万有引力常数 G 与光速 c：全面分析正比与反比关系指南.md,B,未审计，待逐件裁定,已复制
04-分析报告/理论分析/Gc正比反比/万有引力常数G与光速c关系的完整物理学分析报告.md,20982,90_历史归档\来源语料_utf_20261009\语料\04-分析报告\理论分析\Gc正比反比\万有引力常数G与光速c关系的完整物理学分析报告.md,B,未审计，待逐件裁定,已复制
04-分析报告/理论分析/Gc正比反比/万有引力常数G与光速c关系的论文解析总结.md,7348,90_历史归档\来源语料_utf_20261009\语料\04-分析报告\理论分析\Gc正比反比\万有引力常数G与光速c关系的论文解析总结.md,B,未审计，待逐件裁定,已复制
04-分析报告/理论分析/空间辐射/α、β本身不是唯一确定的数值.md,8032,90_历史归档\来源语料_utf_20261009\语料\04-分析报告\理论分析\空间辐射\α、β本身不是唯一确定的数值.md,B,未审计，待逐件裁定,已复制
04-分析报告/理论分析/空间辐射/从“质量 → 空间辐射 → 吸收”到万有引力：完整可检验推导.md,16358,90_历史归档\来源语料_utf_20261009\语料\04-分析报告\理论分析\空间辐射\从“质量 → 空间辐射 → 吸收”到万有引力：完整可检验推导.md,B,未审计，待逐件裁定,已复制
04-分析报告/理论分析/空间辐射/完整推导：空间辐射模型到引力公式.md,3280,90_历史归档\来源语料_utf_20261009\语料\04-分析报告\理论分析\空间辐射\完整推导：空间辐射模型到引力公式.md,B,未审计，待逐件裁定,已复制
05-发表准备/联络人.md,36,90_历史归档\来源语料_utf_20261009\语料\05-发表准备\联络人.md,B,未审计，待逐件裁定,已复制
09-归档备份/废弃文件/引力光速统一方程/04-论文-优化版本-发表准备.md,36326,90_历史归档\来源语料_utf_20261009\语料\09-归档备份\废弃文件\引力光速统一方程\04-论文-优化版本-发表准备.md,B,未审计，待逐件裁定,已复制
10-统一场论核心公式/fundamental_constants_origin.md,20766,90_历史归档\来源语料_utf_20261009\语料\10-统一场论核心公式\fundamental_constants_origin.md,B,未审计，待逐件裁定,已复制
10-统一场论核心公式/G_epsilon0_spiral_origin_paper.md,15674,90_历史归档\来源语料_utf_20261009\语料\10-统一场论核心公式\G_epsilon0_spiral_origin_paper.md,B,未审计，待逐件裁定,已复制
10-统一场论核心公式/G_epsilon0_unified_equation.md,23227,90_历史归档\来源语料_utf_20261009\语料\10-统一场论核心公式\G_epsilon0_unified_equation.md,B,未审计，待逐件裁定,已复制
10-统一场论核心公式/G_frequency_spiral_derivation.md,15736,90_历史归档\来源语料_utf_20261009\语料\10-统一场论核心公式\G_frequency_spiral_derivation.md,B,未审计，待逐件裁定,已复制
10-统一场论核心公式/G_geometric_summary.md,9939,90_历史归档\来源语料_utf_20261009\语料\10-统一场论核心公式\G_geometric_summary.md,B,未审计，待逐件裁定,已复制
10-统一场论核心公式/G_origin_derivation.md,19233,90_历史归档\来源语料_utf_20261009\语料\10-统一场论核心公式\G_origin_derivation.md,B,未审计，待逐件裁定,已复制
10-统一场论核心公式/G_quantum_electron_derivation.md,22163,90_历史归档\来源语料_utf_20261009\语料\10-统一场论核心公式\G_quantum_electron_derivation.md,B,未审计，待逐件裁定,已复制
10-统一场论核心公式/G_spiral_origin_equation.md,15426,90_历史归档\来源语料_utf_20261009\语料\10-统一场论核心公式\G_spiral_origin_equation.md,B,未审计，待逐件裁定,已复制
10-统一场论核心公式/h_G_geometric_derivation.md,16867,90_历史归档\来源语料_utf_20261009\语料\10-统一场论核心公式\h_G_geometric_derivation.md,B,未审计，待逐件裁定,已复制
10-统一场论核心公式/README.md,4741,90_历史归档\来源语料_utf_20261009\语料\10-统一场论核心公式\README.md,B,未审计，待逐件裁定,已复制
10-统一场论核心公式/spiral_unified_field_theory_paper.md,18171,90_历史归档\来源语料_utf_20261009\语料\10-统一场论核心公式\spiral_unified_field_theory_paper.md,B,未审计，待逐件裁定,已复制
10-统一场论核心公式/unified_field_geometry.md,17729,90_历史归档\来源语料_utf_20261009\语料\10-统一场论核心公式\unified_field_geometry.md,B,未审计，待逐件裁定,已复制
10-统一场论核心公式/verify_formula.py,2410,90_历史归档\来源语料_utf_20261009\语料\10-统一场论核心公式\verify_formula.py,B,未审计，待逐件裁定,已复制
10-统一场论核心公式/verify_formulas.py,7782,90_历史归档\来源语料_utf_20261009\语料\10-统一场论核心公式\verify_formulas.py,B,未审计，待逐件裁定,已复制
10-统一场论核心公式/verify_G_epsilon0_unified.py,1082,90_历史归档\来源语料_utf_20261009\语料\10-统一场论核心公式\verify_G_epsilon0_unified.py,B,未审计，待逐件裁定,已复制
10-统一场论核心公式/verify_spiral_origin.py,1444,90_历史归档\来源语料_utf_20261009\语料\10-统一场论核心公式\verify_spiral_origin.py,B,未审计，待逐件裁定,已复制
10-统一场论核心公式/verify_unified_field_theory.py,2191,90_历史归档\来源语料_utf_20261009\语料\10-统一场论核心公式\verify_unified_field_theory.py,B,未审计，待逐件裁定,已复制
10-统一场论核心公式/Z和Z'深度分析报告.md,8958,90_历史归档\来源语料_utf_20261009\语料\10-统一场论核心公式\Z和Z'深度分析报告.md,B,未审计，待逐件裁定,已复制
10-统一场论核心公式/人工场信息存储终极方案.md,12363,90_历史归档\来源语料_utf_20261009\语料\10-统一场论核心公式\人工场信息存储终极方案.md,B,未审计，待逐件裁定,已复制
10-统一场论核心公式/全维大统一理论：宏观微观信息能量数学维度统一与精算验证.md,27118,90_历史归档\来源语料_utf_20261009\语料\10-统一场论核心公式\全维大统一理论：宏观微观信息能量数学维度统一与精算验证.md,B,未审计，待逐件裁定,已复制
10-统一场论核心公式/升维算法终极框架.md,11889,90_历史归档\来源语料_utf_20261009\语料\10-统一场论核心公式\升维算法终极框架.md,B,未审计，待逐件裁定,已复制
10-统一场论核心公式/宇宙最核心公式全维汇总.md,28380,90_历史归档\来源语料_utf_20261009\语料\10-统一场论核心公式\宇宙最核心公式全维汇总.md,B,未审计，待逐件裁定,已复制
10-统一场论核心公式/完整教程-一步步.md,14058,90_历史归档\来源语料_utf_20261009\语料\10-统一场论核心公式\完整教程-一步步.md,B,未审计，待逐件裁定,已复制
10-统一场论核心公式/归一化本源与现实精算数据一致性分析.md,21357,90_历史归档\来源语料_utf_20261009\语料\10-统一场论核心公式\归一化本源与现实精算数据一致性分析.md,B,未审计，待逐件裁定,已复制
10-统一场论核心公式/本源信息终极分析报告.md,10523,90_历史归档\来源语料_utf_20261009\语料\10-统一场论核心公式\本源信息终极分析报告.md,B,未审计，待逐件裁定,已复制
10-统一场论核心公式/本源道法：宇宙本源与终极法则.md,19304,90_历史归档\来源语料_utf_20261009\语料\10-统一场论核心公式\本源道法：宇宙本源与终极法则.md,B,未审计，待逐件裁定,已复制
10-统一场论核心公式/果克星球人工场实现原理：基于第一性原理的核心技术与数据验证.md,15873,90_历史归档\来源语料_utf_20261009\语料\10-统一场论核心公式\果克星球人工场实现原理：基于第一性原理的核心技术与数据验证.md,B,未审计，待逐件裁定,已复制
10-统一场论核心公式/突破最高维度：全维终极理论.md,20209,90_历史归档\来源语料_utf_20261009\语料\10-统一场论核心公式\突破最高维度：全维终极理论.md,B,未审计，待逐件裁定,已复制
10-统一场论核心公式/突破维度：超越极限的终极理论.md,20957,90_历史归档\来源语料_utf_20261009\语料\10-统一场论核心公式\突破维度：超越极限的终极理论.md,B,未审计，待逐件裁定,已复制
10-统一场论核心公式/算法联盟最高权限：终极架构与核心算法.md,20002,90_历史归档\来源语料_utf_20261009\语料\10-统一场论核心公式\算法联盟最高权限：终极架构与核心算法.md,B,未审计，待逐件裁定,已复制
10-统一场论核心公式/维度分析报告.md,11133,90_历史归档\来源语料_utf_20261009\语料\10-统一场论核心公式\维度分析报告.md,B,未审计，待逐件裁定,已复制
10-统一场论核心公式/螺旋时空几何化：统一场论的终极数学框架.md,25909,90_历史归档\来源语料_utf_20261009\语料\10-统一场论核心公式\螺旋时空几何化：统一场论的终极数学框架.md,B,未审计，待逐件裁定,已复制
10-统一场论核心公式/计算分析验证：数值计算与实验验证.md,25767,90_历史归档\来源语料_utf_20261009\语料\10-统一场论核心公式\计算分析验证：数值计算与实验验证.md,B,未审计，待逐件裁定,已复制
10-统一场论核心公式/隐藏信息全维分析报告.md,19396,90_历史归档\来源语料_utf_20261009\语料\10-统一场论核心公式\隐藏信息全维分析报告.md,B,未审计，待逐件裁定,已复制
10-统一场论核心公式/预测未来的系统：核心公式理论与技术.md,26915,90_历史归档\来源语料_utf_20261009\语料\10-统一场论核心公式\预测未来的系统：核心公式理论与技术.md,B,未审计，待逐件裁定,已复制
10-统一场论核心公式/code/core_algorithm.py,25254,90_历史归档\来源语料_utf_20261009\语料\10-统一场论核心公式\code\core_algorithm.py,B,未审计，待逐件裁定,已复制
10-统一场论核心公式/code/dimension_analysis_data.py,9007,90_历史归档\来源语料_utf_20261009\语料\10-统一场论核心公式\code\dimension_analysis_data.py,B,未审计，待逐件裁定,已复制
10-统一场论核心公式/code/dimension_validation.py,17088,90_历史归档\来源语料_utf_20261009\语料\10-统一场论核心公式\code\dimension_validation.py,B,未审计，待逐件裁定,已复制
10-统一场论核心公式/code/dimension_validation_final.py,15601,90_历史归档\来源语料_utf_20261009\语料\10-统一场论核心公式\code\dimension_validation_final.py,B,未审计，待逐件裁定,已复制
10-统一场论核心公式/code/dimension_validation_final_utf.py,14145,90_历史归档\来源语料_utf_20261009\语料\10-统一场论核心公式\code\dimension_validation_final_utf.py,B,未审计，待逐件裁定,已复制
10-统一场论核心公式/code/dimension_validation_fixed.py,15420,90_历史归档\来源语料_utf_20261009\语料\10-统一场论核心公式\code\dimension_validation_fixed.py,B,未审计，待逐件裁定,已复制
10-统一场论核心公式/code/dimension_validation_integrated.py,18490,90_历史归档\来源语料_utf_20261009\语料\10-统一场论核心公式\code\dimension_validation_integrated.py,B,未审计，待逐件裁定,已复制
10-统一场论核心公式/code/dimension_validation_specialized.py,13902,90_历史归档\来源语料_utf_20261009\语料\10-统一场论核心公式\code\dimension_validation_specialized.py,B,未审计，待逐件裁定,已复制
10-统一场论核心公式/code/dimension_verification.py,23161,90_历史归档\来源语料_utf_20261009\语料\10-统一场论核心公式\code\dimension_verification.py,B,未审计，待逐件裁定,已复制
10-统一场论核心公式/code/dimension_verification_fixed.py,22052,90_历史归档\来源语料_utf_20261009\语料\10-统一场论核心公式\code\dimension_verification_fixed.py,B,未审计，待逐件裁定,已复制
10-统一场论核心公式/code/full_verification.py,13596,90_历史归档\来源语料_utf_20261009\语料\10-统一场论核心公式\code\full_verification.py,B,未审计，待逐件裁定,已复制
10-统一场论核心公式/code/origin_algorithm.py,16365,90_历史归档\来源语料_utf_20261009\语料\10-统一场论核心公式\code\origin_algorithm.py,B,未审计，待逐件裁定,已复制
10-统一场论核心公式/code/test_core_algorithm.py,7516,90_历史归档\来源语料_utf_20261009\语料\10-统一场论核心公式\code\test_core_algorithm.py,B,未审计，待逐件裁定,已复制
10-统一场论核心公式/code/unified_cracker.py,23120,90_历史归档\来源语料_utf_20261009\语料\10-统一场论核心公式\code\unified_cracker.py,B,未审计，待逐件裁定,已复制
10-统一场论核心公式/code/unified_cryptography.py,15866,90_历史归档\来源语料_utf_20261009\语料\10-统一场论核心公式\code\unified_cryptography.py,B,未审计，待逐件裁定,已复制
10-统一场论核心公式/code/unified_field_verification_comprehensive.py,11749,90_历史归档\来源语料_utf_20261009\语料\10-统一场论核心公式\code\unified_field_verification_comprehensive.py,B,未审计，待逐件裁定,已复制
10-统一场论核心公式/code/update_visualization_paths.py,4142,90_历史归档\来源语料_utf_20261009\语料\10-统一场论核心公式\code\update_visualization_paths.py,B,未审计，待逐件裁定,已复制
10-统一场论核心公式/code/update_visualization_paths_fixed.py,4886,90_历史归档\来源语料_utf_20261009\语料\10-统一场论核心公式\code\update_visualization_paths_fixed.py,B,未审计，待逐件裁定,已复制
10-统一场论核心公式/code/verify_af_storage.py,2007,90_历史归档\来源语料_utf_20261009\语料\10-统一场论核心公式\code\verify_af_storage.py,B,未审计，待逐件裁定,已复制
10-统一场论核心公式/code/verify_origin_info.py,1129,90_历史归档\来源语料_utf_20261009\语料\10-统一场论核心公式\code\verify_origin_info.py,B,未审计，待逐件裁定,已复制
10-统一场论核心公式/code/verify_Z.py,1518,90_历史归档\来源语料_utf_20261009\语料\10-统一场论核心公式\code\verify_Z.py,B,未审计，待逐件裁定,已复制
10-统一场论核心公式/code/visualization_generator.py,18442,90_历史归档\来源语料_utf_20261009\语料\10-统一场论核心公式\code\visualization_generator.py,B,未审计，待逐件裁定,已复制
10-统一场论核心公式/code/公式规格数据库.json,16928,90_历史归档\来源语料_utf_20261009\语料\10-统一场论核心公式\code\公式规格数据库.json,B,未审计，待逐件裁定,已复制
10-统一场论核心公式/code/常数验证脚本.py,10871,90_历史归档\来源语料_utf_20261009\语料\10-统一场论核心公式\code\常数验证脚本.py,B,未审计，待逐件裁定,已复制
10-统一场论核心公式/code/统一场论系统入口.py,14454,90_历史归档\来源语料_utf_20261009\语料\10-统一场论核心公式\code\统一场论系统入口.py,B,未审计，待逐件裁定,已复制
10-统一场论核心公式/code/量纲验证.py,6002,90_历史归档\来源语料_utf_20261009\语料\10-统一场论核心公式\code\量纲验证.py,B,未审计，待逐件裁定,已复制
10-统一场论核心公式/code/bak/修复版生成器.py,32824,90_历史归档\来源语料_utf_20261009\语料\10-统一场论核心公式\code\bak\修复版生成器.py,B,未审计，待逐件裁定,已复制
10-统一场论核心公式/code/bak/全自动可视化生成器.py,0,（内容已在 openuft，不重复复制）,B,未审计；内容已在本库,已在库跳过
10-统一场论核心公式/code/bak/全自动生成器.py,5207,90_历史归档\来源语料_utf_20261009\语料\10-统一场论核心公式\code\bak\全自动生成器.py,B,未审计，待逐件裁定,已复制
10-统一场论核心公式/code/bak/公式规格数据库.json,17963,90_历史归档\来源语料_utf_20261009\语料\10-统一场论核心公式\code\bak\公式规格数据库.json,B,未审计，待逐件裁定,已复制
10-统一场论核心公式/code/bak/创建项目结构.py,17640,90_历史归档\来源语料_utf_20261009\语料\10-统一场论核心公式\code\bak\创建项目结构.py,B,未审计，待逐件裁定,已复制
10-统一场论核心公式/code/bak/快速启动.py,0,（内容已在 openuft，不重复复制）,B,未审计；内容已在本库,已在库跳过
10-统一场论核心公式/code/bak/核心公式索引.md,9137,90_历史归档\来源语料_utf_20261009\语料\10-统一场论核心公式\code\bak\核心公式索引.md,B,未审计，待逐件裁定,已复制
10-统一场论核心公式/code/bak/终极可视化生成器.py,80174,90_历史归档\来源语料_utf_20261009\语料\10-统一场论核心公式\code\bak\终极可视化生成器.py,B,未审计，待逐件裁定,已复制
10-统一场论核心公式/code/bak/自动化生成器核心.py,2287,90_历史归档\来源语料_utf_20261009\语料\10-统一场论核心公式\code\bak\自动化生成器核心.py,B,未审计，待逐件裁定,已复制
10-统一场论核心公式/code/bak/超级可视化生成器.py,29747,90_历史归档\来源语料_utf_20261009\语料\10-统一场论核心公式\code\bak\超级可视化生成器.py,B,未审计，待逐件裁定,已复制
10-统一场论核心公式/code/bak/项目完成总结.md,6040,90_历史归档\来源语料_utf_20261009\语料\10-统一场论核心公式\code\bak\项目完成总结.md,B,未审计，待逐件裁定,已复制
10-统一场论核心公式/code/bak/项目完成报告.md,10167,90_历史归档\来源语料_utf_20261009\语料\10-统一场论核心公式\code\bak\项目完成报告.md,B,未审计，待逐件裁定,已复制
10-统一场论核心公式/code/bak/项目总览.md,6811,90_历史归档\来源语料_utf_20261009\语料\10-统一场论核心公式\code\bak\项目总览.md,B,未审计，待逐件裁定,已复制
10-统一场论核心公式/code/bak/项目结构说明.md,4638,90_历史归档\来源语料_utf_20261009\语料\10-统一场论核心公式\code\bak\项目结构说明.md,B,未审计，待逐件裁定,已复制
10-统一场论核心公式/code/bak/高级HTML模板.py,21608,90_历史归档\来源语料_utf_20261009\语料\10-统一场论核心公式\code\bak\高级HTML模板.py,B,未审计，待逐件裁定,已复制
10-统一场论核心公式/公式验证/README.md,1514,90_历史归档\来源语料_utf_20261009\语料\10-统一场论核心公式\公式验证\README.md,B,未审计，待逐件裁定,已复制
10-统一场论核心公式/公式验证/unified_field_theory_derivative_verification.py,29787,90_历史归档\来源语料_utf_20261009\语料\10-统一场论核心公式\公式验证\unified_field_theory_derivative_verification.py,B,未审计，待逐件裁定,已复制
10-统一场论核心公式/公式验证/unified_field_theory_precise_verification.py,19328,90_历史归档\来源语料_utf_20261009\语料\10-统一场论核心公式\公式验证\unified_field_theory_precise_verification.py,B,未审计，待逐件裁定,已复制
10-统一场论核心公式/公式验证/unified_field_theory_simple_verification.py,11398,90_历史归档\来源语料_utf_20261009\语料\10-统一场论核心公式\公式验证\unified_field_theory_simple_verification.py,B,未审计，待逐件裁定,已复制
10-统一场论核心公式/公式验证/unified_field_theory_verification.py,19177,90_历史归档\来源语料_utf_20261009\语料\10-统一场论核心公式\公式验证\unified_field_theory_verification.py,B,未审计，待逐件裁定,已复制
10-统一场论核心公式/公式验证/统一场论20个核心公式完整验证脚本.py,21647,90_历史归档\来源语料_utf_20261009\语料\10-统一场论核心公式\公式验证\统一场论20个核心公式完整验证脚本.py,B,未审计，待逐件裁定,已复制
10-统一场论核心公式/公式验证/统一场论20个核心公式验证报告.md,11727,90_历史归档\来源语料_utf_20261009\语料\10-统一场论核心公式\公式验证\统一场论20个核心公式验证报告.md,B,未审计，待逐件裁定,已复制
10-统一场论核心公式/公式验证/统一场论核心公式Python验证报告.md,8522,90_历史归档\来源语料_utf_20261009\语料\10-统一场论核心公式\公式验证\统一场论核心公式Python验证报告.md,B,未审计，待逐件裁定,已复制
10-统一场论核心公式/公式验证/统一场论核心公式全面导验证报告.md,4880,90_历史归档\来源语料_utf_20261009\语料\10-统一场论核心公式\公式验证\统一场论核心公式全面导验证报告.md,B,未审计，待逐件裁定,已复制
10-统一场论核心公式/公式验证/统一场论核心公式求导验证脚本.py,7877,90_历史归档\来源语料_utf_20261009\语料\10-统一场论核心公式\公式验证\统一场论核心公式求导验证脚本.py,B,未审计，待逐件裁定,已复制
10-统一场论核心公式/公式验证/统一场论核心公式验证研究.md,46938,90_历史归档\来源语料_utf_20261009\语料\10-统一场论核心公式\公式验证\统一场论核心公式验证研究.md,B,未审计，待逐件裁定,已复制
10-统一场论核心公式/公式验证论文/全自动验证修复报告.md,6919,（内容已在 openuft，不重复复制）,B,未审计；内容已在本库,已在库跳过
10-统一场论核心公式/公式验证论文/圆周运动正电荷产生的引力场方程_算法联盟推导报告.md,10271,90_历史归档\来源语料_utf_20261009\语料\10-统一场论核心公式\公式验证论文\圆周运动正电荷产生的引力场方程_算法联盟推导报告.md,B,未审计，待逐件裁定,已复制
10-统一场论核心公式/公式验证论文/统一场论核心公式全面验证与理论分析_国际标准论文.md,50755,（内容已在 openuft，不重复复制）,B,未审计；内容已在本库,已在库跳过
10-统一场论核心公式/公式验证论文/统一场论核心公式全面验证与理论分析_国际顶级标准论文.md,57584,（内容已在 openuft，不重复复制）,B,未审计；内容已在本库,已在库跳过
10-统一场论核心公式/公式验证论文/统一场论核心公式全面验证与理论分析_高标准论文.md,50698,（内容已在 openuft，不重复复制）,B,未审计；内容已在本库,已在库跳过
10-统一场论核心公式/公式验证论文/00-综合验证/unified_field_theory_verification.py,16274,（内容已在 openuft，不重复复制）,B,未审计；内容已在本库,已在库跳过
10-统一场论核心公式/公式验证论文/00-综合验证/统一场论核心公式综合验证与理论分析论文.md,49552,（内容已在 openuft，不重复复制）,B,未审计；内容已在本库,已在库跳过
10-统一场论核心公式/公式验证论文/00-综合验证/code/electromagnetic_field_verification.py,17084,90_历史归档\来源语料_utf_20261009\语料\10-统一场论核心公式\公式验证论文\00-综合验证\code\electromagnetic_field_verification.py,B,未审计，待逐件裁定,已复制
10-统一场论核心公式/公式验证论文/00-综合验证/验证报告/统一场论核心公式验证报告.md,1213,（内容已在 openuft，不重复复制）,B,未审计；内容已在本库,已在库跳过
10-统一场论核心公式/公式验证论文/02三维螺旋时空方程/v1/generate_curvature_torsion_plot.py,4091,（内容已在 openuft，不重复复制）,B,未审计；内容已在本库,已在库跳过
10-统一场论核心公式/公式验证论文/02三维螺旋时空方程/v1/generate_fields_plot.py,7355,（内容已在 openuft，不重复复制）,B,未审计；内容已在本库,已在库跳过
10-统一场论核心公式/公式验证论文/02三维螺旋时空方程/v1/generate_helix_plot.py,6524,（内容已在 openuft，不重复复制）,B,未审计；内容已在本库,已在库跳过
10-统一场论核心公式/公式验证论文/02三维螺旋时空方程/v1/generate_mass_plot.py,4441,（内容已在 openuft，不重复复制）,B,未审计；内容已在本库,已在库跳过
10-统一场论核心公式/公式验证论文/02三维螺旋时空方程/v1/generate_vectors_plot.py,5101,（内容已在 openuft，不重复复制）,B,未审计；内容已在本库,已在库跳过
10-统一场论核心公式/公式验证论文/02三维螺旋时空方程/v1/基于统一场论物体周围空间圆柱状螺旋运动方程的严格推导与验证.md,10500,（内容已在 openuft，不重复复制）,B,未审计；内容已在本库,已在库跳过
10-统一场论核心公式/公式验证论文/02三维螺旋时空方程/v1/张祥前统一场论完整数学推导与数据验证论文_修复版.md,22956,（内容已在 openuft，不重复复制）,B,未审计；内容已在本库,已在库跳过
10-统一场论核心公式/公式验证论文/02三维螺旋时空方程/v1/最终完美版_张祥前统一场论完整论文.md,33598,（内容已在 openuft，不重复复制）,B,未审计；内容已在本库,已在库跳过
10-统一场论核心公式/公式验证论文/02三维螺旋时空方程/v1/螺旋运动方程完整推导与求导验证论文.md,23794,（内容已在 openuft，不重复复制）,B,未审计；内容已在本库,已在库跳过
10-统一场论核心公式/公式验证论文/02三维螺旋时空方程/v1/en/Complete Mathematical Derivation and Data Validation of Zhang Xiangqian's Unified Field Theory.md,27082,（内容已在 openuft，不重复复制）,B,未审计；内容已在本库,已在库跳过
10-统一场论核心公式/公式验证论文/02三维螺旋时空方程/v1/代码/Complete_Derivative_Validation_Data.csv,910,（内容已在 openuft，不重复复制）,B,未审计；内容已在本库,已在库跳过
10-统一场论核心公式/公式验证论文/02三维螺旋时空方程/v1/代码/final_test.py,2454,（内容已在 openuft，不重复复制）,B,未审计；内容已在本库,已在库跳过
10-统一场论核心公式/公式验证论文/02三维螺旋时空方程/v1/代码/test_plot.py,2375,（内容已在 openuft，不重复复制）,B,未审计；内容已在本库,已在库跳过
10-统一场论核心公式/公式验证论文/02三维螺旋时空方程/v1/代码/可视化.py,2671,（内容已在 openuft，不重复复制）,B,未审计；内容已在本库,已在库跳过
10-统一场论核心公式/公式验证论文/02三维螺旋时空方程/v1/代码/图表生成器_优美版.py,15530,（内容已在 openuft，不重复复制）,B,未审计；内容已在本库,已在库跳过
10-统一场论核心公式/公式验证论文/02三维螺旋时空方程/v1/代码/图表生成器_步骤1.py,2222,（内容已在 openuft，不重复复制）,B,未审计；内容已在本库,已在库跳过
10-统一场论核心公式/公式验证论文/02三维螺旋时空方程/v1/代码/基础学术图表.py,14968,（内容已在 openuft，不重复复制）,B,未审计；内容已在本库,已在库跳过
10-统一场论核心公式/公式验证论文/02三维螺旋时空方程/v1/代码/完整导数验证器.py,14552,（内容已在 openuft，不重复复制）,B,未审计；内容已在本库,已在库跳过
10-统一场论核心公式/公式验证论文/02三维螺旋时空方程/v1/代码/完整导数验证器_优化版.py,14605,（内容已在 openuft，不重复复制）,B,未审计；内容已在本库,已在库跳过
10-统一场论核心公式/公式验证论文/02三维螺旋时空方程/v1/代码/导数验证简化版.py,4556,（内容已在 openuft，不重复复制）,B,未审计；内容已在本库,已在库跳过
10-统一场论核心公式/公式验证论文/02三维螺旋时空方程/v1/代码/物理场可视化_优化版.py,15063,（内容已在 openuft，不重复复制）,B,未审计；内容已在本库,已在库跳过
10-统一场论核心公式/公式验证论文/02三维螺旋时空方程/v1/代码/生成所有学术图表.py,15414,（内容已在 openuft，不重复复制）,B,未审计；内容已在本库,已在库跳过
10-统一场论核心公式/公式验证论文/02三维螺旋时空方程/v1/代码/生成物理图.py,3054,（内容已在 openuft，不重复复制）,B,未审计；内容已在本库,已在库跳过
10-统一场论核心公式/公式验证论文/02三维螺旋时空方程/v1/代码/简化顶尖图表生成器.py,20076,（内容已在 openuft，不重复复制）,B,未审计；内容已在本库,已在库跳过
10-统一场论核心公式/公式验证论文/02三维螺旋时空方程/v1/代码/螺旋运动求导验证器.py,19252,（内容已在 openuft，不重复复制）,B,未审计；内容已在本库,已在库跳过
10-统一场论核心公式/公式验证论文/02三维螺旋时空方程/v1/代码/顶尖学术图表生成器.py,35802,（内容已在 openuft，不重复复制）,B,未审计；内容已在本库,已在库跳过
10-统一场论核心公式/公式验证论文/02三维螺旋时空方程/v2/code/1.py,6284,（内容已在 openuft，不重复复制）,B,未审计；内容已在本库,已在库跳过
10-统一场论核心公式/公式验证论文/02三维螺旋时空方程/v2/code/2.py,6782,（内容已在 openuft，不重复复制）,B,未审计；内容已在本库,已在库跳过
10-统一场论核心公式/公式验证论文/02三维螺旋时空方程/v3/空间光速螺旋统一场论 全维度求导证明与体系化验证.md,19927,90_历史归档\来源语料_utf_20261009\语料\10-统一场论核心公式\公式验证论文\02三维螺旋时空方程\v3\空间光速螺旋统一场论 全维度求导证明与体系化验证.md,B,未审计，待逐件裁定,已复制
10-统一场论核心公式/公式验证论文/02三维螺旋时空方程/v3/空间光速螺旋统一场论 全维度求导证明与体系化验证_增强版.md,37708,（内容已在 openuft，不重复复制）,B,未审计；内容已在本库,已在库跳过
10-统一场论核心公式/公式验证论文/02三维螺旋时空方程/v3/空间光速螺旋统一场论 全维度求导证明与体系化验证_整合版.md,35653,（内容已在 openuft，不重复复制）,B,未审计；内容已在本库,已在库跳过
10-统一场论核心公式/公式验证论文/02三维螺旋时空方程/v3/空间光速螺旋统一场论_全维度求导证明与体系化验证_顶尖格式版.md,43496,（内容已在 openuft，不重复复制）,B,未审计；内容已在本库,已在库跳过
10-统一场论核心公式/公式验证论文/02三维螺旋时空方程/v3/code/spiral_field_theory.py,9723,（内容已在 openuft，不重复复制）,B,未审计；内容已在本库,已在库跳过
10-统一场论核心公式/公式验证论文/02三维螺旋时空方程/v3/验证/1.md,3857,（内容已在 openuft，不重复复制）,B,未审计；内容已在本库,已在库跳过
10-统一场论核心公式/公式验证论文/02三维螺旋时空方程/v3/验证/协变引力-类时向量场理论的完整证明与验证.md,14935,（内容已在 openuft，不重复复制）,B,未审计；内容已在本库,已在库跳过
10-统一场论核心公式/公式验证论文/02三维螺旋时空方程/v3/验证/基于空间螺旋几何的普适角速度公式：全尺度理论证明、多情境数值验证与统一场论框架.md,26804,90_历史归档\来源语料_utf_20261009\语料\10-统一场论核心公式\公式验证论文\02三维螺旋时空方程\v3\验证\基于空间螺旋几何的普适角速度公式：全尺度理论证明、多情境数值验证与统一场论框架.md,B,未审计，待逐件裁定,已复制
10-统一场论核心公式/公式验证论文/02三维螺旋时空方程/v3/验证/空间光速螺旋统一场论 全维度求导证明与体系化验证.md,18932,90_历史归档\来源语料_utf_20261009\语料\10-统一场论核心公式\公式验证论文\02三维螺旋时空方程\v3\验证\空间光速螺旋统一场论 全维度求导证明与体系化验证.md,B,未审计，待逐件裁定,已复制
10-统一场论核心公式/公式验证论文/02三维螺旋时空方程/v3/验证/第7章 光子的二维化几何起源与全维度验证：空间螺旋统一场论的光速极限态自洽性证明.md,16564,（内容已在 openuft，不重复复制）,B,未审计；内容已在本库,已在库跳过
10-统一场论核心公式/公式验证论文/02三维螺旋时空方程/v3/验证/螺旋时空理论的系统化完善路径.md,14270,（内容已在 openuft，不重复复制）,B,未审计；内容已在本库,已在库跳过
10-统一场论核心公式/公式验证论文/02三维螺旋时空方程/v3/验证/该Einstein-Aether型引力理论的全面验证与分析.md,10873,（内容已在 openuft，不重复复制）,B,未审计；内容已在本库,已在库跳过
10-统一场论核心公式/公式验证论文/02三维螺旋时空方程/v4/code/spiral_verification.py,3568,（内容已在 openuft，不重复复制）,B,未审计；内容已在本库,已在库跳过
10-统一场论核心公式/公式验证论文/03-质量定义方程/用电子的质量求导质量定义方程全过程并验证.md,5609,（内容已在 openuft，不重复复制）,B,未审计；内容已在本库,已在库跳过
10-统一场论核心公式/公式验证论文/03-质量定义方程/电子质量视角下的质量定义方程：严格求导、证明与实验验证.md,13399,（内容已在 openuft，不重复复制）,B,未审计；内容已在本库,已在库跳过
10-统一场论核心公式/公式验证论文/03-质量定义方程/v1/1.md,19833,90_历史归档\来源语料_utf_20261009\语料\10-统一场论核心公式\公式验证论文\03-质量定义方程\v1\1.md,B,未审计，待逐件裁定,已复制
10-统一场论核心公式/公式验证论文/03-质量定义方程/v2/验证/1.md,4870,（内容已在 openuft，不重复复制）,B,未审计；内容已在本库,已在库跳过
10-统一场论核心公式/公式验证论文/03-质量定义方程/以电子为一条螺旋发散/v1/电子静止质量基准下ZUFT框架k'值推导、求导证明及量子力学对比分析.md,29378,（内容已在 openuft，不重复复制）,B,未审计；内容已在本库,已在库跳过
10-统一场论核心公式/公式验证论文/03-质量定义方程/以电子为一条螺旋发散/v1/code/1.py,3571,（内容已在 openuft，不重复复制）,B,未审计；内容已在本库,已在库跳过
10-统一场论核心公式/公式验证论文/03-质量定义方程/以电子为一条螺旋发散/v1/code/2.py,6245,（内容已在 openuft，不重复复制）,B,未审计；内容已在本库,已在库跳过
10-统一场论核心公式/公式验证论文/03-质量定义方程/以电子为一条螺旋发散/v1/code/3.py,4938,（内容已在 openuft，不重复复制）,B,未审计；内容已在本库,已在库跳过
10-统一场论核心公式/公式验证论文/03-质量定义方程/以电子为一条螺旋发散/v1/验证/1.md,14540,（内容已在 openuft，不重复复制）,B,未审计；内容已在本库,已在库跳过
10-统一场论核心公式/公式验证论文/03-质量定义方程/以电子为一条螺旋发散/v1/验证/量子与电子的条数对比.md,7774,（内容已在 openuft，不重复复制）,B,未审计；内容已在本库,已在库跳过
10-统一场论核心公式/公式验证论文/03-质量定义方程/以电子为一条螺旋发散/v2/1.md,7582,（内容已在 openuft，不重复复制）,B,未审计；内容已在本库,已在库跳过
10-统一场论核心公式/公式验证论文/03-质量定义方程/以电子为一条螺旋发散/v2/code/validate_force_calculation.py,3574,（内容已在 openuft，不重复复制）,B,未审计；内容已在本库,已在库跳过
10-统一场论核心公式/公式验证论文/03-质量定义方程/以电子为一条螺旋发散/v2/code/validate_kk_prime.py,3828,（内容已在 openuft，不重复复制）,B,未审计；内容已在本库,已在库跳过
10-统一场论核心公式/公式验证论文/03-质量定义方程/以电子为一条螺旋发散/v2/code/validate_zuft.py,4368,（内容已在 openuft，不重复复制）,B,未审计；内容已在本库,已在库跳过
10-统一场论核心公式/公式验证论文/03-质量定义方程/以电子为一条螺旋发散/v2/code/validate_zuft_constants.py,4210,（内容已在 openuft，不重复复制）,B,未审计；内容已在本库,已在库跳过
10-统一场论核心公式/公式验证论文/03-质量定义方程/以电子为一条螺旋发散/v2/code/verify_f.py,6651,（内容已在 openuft，不重复复制）,B,未审计；内容已在本库,已在库跳过
10-统一场论核心公式/公式验证论文/03-质量定义方程/以电子为一条螺旋发散/v3/code/张祥前统一场论（ZXUFT）常数k与k'的Python验证计算.py,11250,90_历史归档\来源语料_utf_20261009\语料\10-统一场论核心公式\公式验证论文\03-质量定义方程\以电子为一条螺旋发散\v3\code\张祥前统一场论（ZXUFT）常数k与k'的Python验证计算.py,B,未审计，待逐件裁定,已复制
10-统一场论核心公式/公式验证论文/03-质量定义方程/以电子为一条螺旋发散/v4/1.md,22931,90_历史归档\来源语料_utf_20261009\语料\10-统一场论核心公式\公式验证论文\03-质量定义方程\以电子为一条螺旋发散\v4\1.md,B,未审计，待逐件裁定,已复制
10-统一场论核心公式/公式验证论文/04引力场定义方程/引力场的几何化定义：从时空运动原理到宇宙应用证明.md,12929,（内容已在 openuft，不重复复制）,B,未审计；内容已在本库,已在库跳过
10-统一场论核心公式/公式验证论文/04引力场定义方程/v1/验证/1.md,28305,90_历史归档\来源语料_utf_20261009\语料\10-统一场论核心公式\公式验证论文\04引力场定义方程\v1\验证\1.md,B,未审计，待逐件裁定,已复制
10-统一场论核心公式/公式验证论文/04引力场定义方程/v1/验证/v=c 空间螺旋引力波：理论证明、几何本质与观测验证.md,11998,90_历史归档\来源语料_utf_20261009\语料\10-统一场论核心公式\公式验证论文\04引力场定义方程\v1\验证\v=c 空间螺旋引力波：理论证明、几何本质与观测验证.md,B,未审计，待逐件裁定,已复制
10-统一场论核心公式/公式验证论文/04引力场定义方程/v1/验证/历史引力方程.md,22345,90_历史归档\来源语料_utf_20261009\语料\10-统一场论核心公式\公式验证论文\04引力场定义方程\v1\验证\历史引力方程.md,B,未审计，待逐件裁定,已复制
10-统一场论核心公式/公式验证论文/04引力场定义方程/v1/验证/基于v=c光速螺旋空间本体论（SOM）的虚数本源几何化证明与统一场论自洽性验证.md,22215,90_历史归档\来源语料_utf_20261009\语料\10-统一场论核心公式\公式验证论文\04引力场定义方程\v1\验证\基于v=c光速螺旋空间本体论（SOM）的虚数本源几何化证明与统一场论自洽性验证.md,B,未审计，待逐件裁定,已复制
10-统一场论核心公式/公式验证论文/04引力场定义方程/v1/验证/引力波所有维度的底层公式.md,9919,90_历史归档\来源语料_utf_20261009\语料\10-统一场论核心公式\公式验证论文\04引力场定义方程\v1\验证\引力波所有维度的底层公式.md,B,未审计，待逐件裁定,已复制
10-统一场论核心公式/公式验证论文/06-运动动量方程/运动与静止的几何统一：张祥前统一场论动量公式P=m(C-V)的第一性原理推导、诠释与终极验证.md,46262,（内容已在 openuft，不重复复制）,B,未审计；内容已在本库,已在库跳过
10-统一场论核心公式/公式验证论文/06-运动动量方程/code/unified_field_theory_momentum.py,14361,（内容已在 openuft，不重复复制）,B,未审计；内容已在本库,已在库跳过
10-统一场论核心公式/公式验证论文/06-运动动量方程/求导验证/张祥前统一场论动量公式P=m(C-V)整理.md,31557,（内容已在 openuft，不重复复制）,B,未审计；内容已在本库,已在库跳过
10-统一场论核心公式/公式验证论文/07-宇宙大统一方程（力方程）/宇宙大统一方程的第一性原理推导、诠释与验证.md,14242,（内容已在 openuft，不重复复制）,B,未审计；内容已在本库,已在库跳过
10-统一场论核心公式/公式验证论文/08-空间波动方程/时空的固有脉动：空间波动方程的第一性原理推导、诠释与验证.md,10851,（内容已在 openuft，不重复复制）,B,未审计；内容已在本库,已在库跳过
10-统一场论核心公式/公式验证论文/09-电荷定义方程/张祥前统一场论电荷定义方程的理论验证与物理评估.md,19395,（内容已在 openuft，不重复复制）,B,未审计；内容已在本库,已在库跳过
10-统一场论核心公式/公式验证论文/09-电荷定义方程/分析验证/1.md,9141,（内容已在 openuft，不重复复制）,B,未审计；内容已在本库,已在库跳过
10-统一场论核心公式/公式验证论文/09-电荷定义方程/分析验证/2.md,9195,90_历史归档\来源语料_utf_20261009\语料\10-统一场论核心公式\公式验证论文\09-电荷定义方程\分析验证\2.md,B,未审计，待逐件裁定,已复制
10-统一场论核心公式/公式验证论文/09-电荷定义方程/分析验证/3.md,11462,（内容已在 openuft，不重复复制）,B,未审计；内容已在本库,已在库跳过
10-统一场论核心公式/公式验证论文/09-电荷定义方程/分析验证/张祥前统一场论电荷定义方程分析报告.md,4754,（内容已在 openuft，不重复复制）,B,未审计；内容已在本库,已在库跳过
10-统一场论核心公式/公式验证论文/10-电场定义方程/统一场论中电场定义方程电场的几何起源：基于立体角变化率的第一性原理推导与验证.md,15762,（内容已在 openuft，不重复复制）,B,未审计；内容已在本库,已在库跳过
10-统一场论核心公式/公式验证论文/11-磁场定义方程/V1/磁场几何起源的严格证明：磁场定义方程的推导与验证.md,13130,（内容已在 openuft，不重复复制）,B,未审计；内容已在本库,已在库跳过
10-统一场论核心公式/公式验证论文/11-磁场定义方程/场的几何本相：论四种基本力中唯一的“旋涡”——磁场/场的几何本相：论四种基本力中唯一的“旋涡”——磁场.md,25607,（内容已在 openuft，不重复复制）,B,未审计；内容已在本库,已在库跳过
10-统一场论核心公式/公式验证论文/11-磁场定义方程/场的几何本相：论四种基本力中唯一的“旋涡”——磁场/code/1.py,3603,（内容已在 openuft，不重复复制）,B,未审计；内容已在本库,已在库跳过
10-统一场论核心公式/公式验证论文/11-磁场定义方程/题目/经典电磁学与张祥前统一场论解题对比.md,10278,（内容已在 openuft，不重复复制）,B,未审计；内容已在本库,已在库跳过
10-统一场论核心公式/公式验证论文/11-磁场定义方程/验证/验证结果报告.md,9215,90_历史归档\来源语料_utf_20261009\语料\10-统一场论核心公式\公式验证论文\11-磁场定义方程\验证\验证结果报告.md,B,未审计，待逐件裁定,已复制
10-统一场论核心公式/公式验证论文/12-变化的引力场产生电磁场/v1/统一场论变化的引力场产生电磁场推导与物理诠释.md,11269,（内容已在 openuft，不重复复制）,B,未审计；内容已在本库,已在库跳过
10-统一场论核心公式/公式验证论文/12-变化的引力场产生电磁场/v2/变化的引力场产生电磁场：算法联盟通过耦合系数f的重新求导证明与验证.md,40054,90_历史归档\来源语料_utf_20261009\语料\10-统一场论核心公式\公式验证论文\12-变化的引力场产生电磁场\v2\变化的引力场产生电磁场：算法联盟通过耦合系数f的重新求导证明与验证.md,B,未审计，待逐件裁定,已复制
10-统一场论核心公式/公式验证论文/12-变化的引力场产生电磁场/v3/1.md,22417,90_历史归档\来源语料_utf_20261009\语料\10-统一场论核心公式\公式验证论文\12-变化的引力场产生电磁场\v3\1.md,B,未审计，待逐件裁定,已复制
10-统一场论核心公式/公式验证论文/12-变化的引力场产生电磁场/v3/code/DATA_VERIFICATION_REPORT.md,9741,90_历史归档\来源语料_utf_20261009\语料\10-统一场论核心公式\公式验证论文\12-变化的引力场产生电磁场\v3\code\DATA_VERIFICATION_REPORT.md,B,未审计，待逐件裁定,已复制
10-统一场论核心公式/公式验证论文/12-变化的引力场产生电磁场/v3/code/detailed_verification.py,15678,（内容已在 openuft，不重复复制）,B,未审计；内容已在本库,已在库跳过
10-统一场论核心公式/公式验证论文/12-变化的引力场产生电磁场/v3/code/force_comparison.py,7616,（内容已在 openuft，不重复复制）,B,未审计；内容已在本库,已在库跳过
10-统一场论核心公式/公式验证论文/13-磁矢势方程/code/ab_effect_experimental_data.py,4193,（内容已在 openuft，不重复复制）,B,未审计；内容已在本库,已在库跳过
10-统一场论核心公式/公式验证论文/13-磁矢势方程/code/ab_effect_numerical_verification.py,4996,（内容已在 openuft，不重复复制）,B,未审计；内容已在本库,已在库跳过
10-统一场论核心公式/公式验证论文/13-磁矢势方程/code/calculate_constant_f_numerical.py,4692,（内容已在 openuft，不重复复制）,B,未审计；内容已在本库,已在库跳过
10-统一场论核心公式/公式验证论文/13-磁矢势方程/code/comprehensive_theory_verification.py,5846,（内容已在 openuft，不重复复制）,B,未审计；内容已在本库,已在库跳过
10-统一场论核心公式/公式验证论文/13-磁矢势方程/code/theory_experiment_comparison.py,6037,（内容已在 openuft，不重复复制）,B,未审计；内容已在本库,已在库跳过
10-统一场论核心公式/公式验证论文/13-磁矢势方程/code/verify_constant_f_dimension_comprehensive.py,8045,（内容已在 openuft，不重复复制）,B,未审计；内容已在本库,已在库跳过
10-统一场论核心公式/公式验证论文/13-磁矢势方程/code/zero_magnetic_field_verification.py,3229,（内容已在 openuft，不重复复制）,B,未审计；内容已在本库,已在库跳过
10-统一场论核心公式/公式验证论文/13-磁矢势方程/code/求导证明验证/1.md,16137,90_历史归档\来源语料_utf_20261009\语料\10-统一场论核心公式\公式验证论文\13-磁矢势方程\code\求导证明验证\1.md,B,未审计，待逐件裁定,已复制
10-统一场论核心公式/公式验证论文/13-磁矢势方程/code/求导证明验证/2.md,7419,（内容已在 openuft，不重复复制）,B,未审计；内容已在本库,已在库跳过
10-统一场论核心公式/公式验证论文/13-磁矢势方程/code/求导证明验证/3.md,5169,（内容已在 openuft，不重复复制）,B,未审计；内容已在本库,已在库跳过
10-统一场论核心公式/公式验证论文/13-磁矢势方程/code/求导证明验证/4.md,10900,（内容已在 openuft，不重复复制）,B,未审计；内容已在本库,已在库跳过
10-统一场论核心公式/公式验证论文/13-磁矢势方程/code/求导证明验证/4_analysis.md,5277,（内容已在 openuft，不重复复制）,B,未审计；内容已在本库,已在库跳过
10-统一场论核心公式/公式验证论文/13-磁矢势方程/code/求导证明验证/5.md,17290,（内容已在 openuft，不重复复制）,B,未审计；内容已在本库,已在库跳过
10-统一场论核心公式/公式验证论文/13-磁矢势方程/code/求导证明验证/6.md,9615,90_历史归档\来源语料_utf_20261009\语料\10-统一场论核心公式\公式验证论文\13-磁矢势方程\code\求导证明验证\6.md,B,未审计，待逐件裁定,已复制
10-统一场论核心公式/公式验证论文/13-磁矢势方程/code/求导证明验证/7.md,14738,（内容已在 openuft，不重复复制）,B,未审计；内容已在本库,已在库跳过
10-统一场论核心公式/公式验证论文/13-磁矢势方程/code/求导证明验证/comprehensive_verification.py,5674,（内容已在 openuft，不重复复制）,B,未审计；内容已在本库,已在库跳过
10-统一场论核心公式/公式验证论文/13-磁矢势方程/code/求导证明验证/generate_visualizations.py,14158,（内容已在 openuft，不重复复制）,B,未审计；内容已在本库,已在库跳过
10-统一场论核心公式/公式验证论文/13-磁矢势方程/code/求导证明验证/test_all.py,3478,（内容已在 openuft，不重复复制）,B,未审计；内容已在本库,已在库跳过
10-统一场论核心公式/公式验证论文/13-磁矢势方程/code/求导证明验证/verify_astrophysical_magnetic_fields.py,7951,（内容已在 openuft，不重复复制）,B,未审计；内容已在本库,已在库跳过
10-统一场论核心公式/公式验证论文/13-磁矢势方程/code/求导证明验证/verify_dimension_fix.py,12811,（内容已在 openuft，不重复复制）,B,未审计；内容已在本库,已在库跳过
10-统一场论核心公式/公式验证论文/13-磁矢势方程/code/求导证明验证/verify_magnetic_potential_equation.py,10594,（内容已在 openuft，不重复复制）,B,未审计；内容已在本库,已在库跳过
10-统一场论核心公式/公式验证论文/13-磁矢势方程/code/求导证明验证/verify_theory_consistency.py,14309,（内容已在 openuft，不重复复制）,B,未审计；内容已在本库,已在库跳过
10-统一场论核心公式/公式验证论文/13-磁矢势方程/code/求导证明验证/引力场旋度与磁场本质的统一.md,13368,90_历史归档\来源语料_utf_20261009\语料\10-统一场论核心公式\公式验证论文\13-磁矢势方程\code\求导证明验证\引力场旋度与磁场本质的统一.md,B,未审计，待逐件裁定,已复制
10-统一场论核心公式/公式验证论文/13-磁矢势方程/code/求导证明验证/引力场旋度与磁场本质的统一_optimized.md,13103,90_历史归档\来源语料_utf_20261009\语料\10-统一场论核心公式\公式验证论文\13-磁矢势方程\code\求导证明验证\引力场旋度与磁场本质的统一_optimized.md,B,未审计，待逐件裁定,已复制
10-统一场论核心公式/公式验证论文/13-磁矢势方程/code/求导证明验证/理论框架一致性验证报告.md,9035,（内容已在 openuft，不重复复制）,B,未审计；内容已在本库,已在库跳过
10-统一场论核心公式/公式验证论文/13-磁矢势方程/v1/引力场与磁场的几何统一：磁矢势方程的第一性原理推导、验证与诠释.md,62516,（内容已在 openuft，不重复复制）,B,未审计；内容已在本库,已在库跳过
10-统一场论核心公式/公式验证论文/13-磁矢势方程/v2/authoritative_verification.py,19261,（内容已在 openuft，不重复复制）,B,未审计；内容已在本库,已在库跳过
10-统一场论核心公式/公式验证论文/13-磁矢势方程/v2/authoritative_verification_report.md,4704,（内容已在 openuft，不重复复制）,B,未审计；内容已在本库,已在库跳过
10-统一场论核心公式/公式验证论文/13-磁矢势方程/v2/magnetic_vector_potential_verification.py,8278,（内容已在 openuft，不重复复制）,B,未审计；内容已在本库,已在库跳过
10-统一场论核心公式/公式验证论文/13-磁矢势方程/v2/修复后的论文.md,19019,（内容已在 openuft，不重复复制）,B,未审计；内容已在本库,已在库跳过
10-统一场论核心公式/公式验证论文/13-磁矢势方程/v2/引力场与磁场的几何统一：磁矢势方程的多维分析与验证.md,18768,（内容已在 openuft，不重复复制）,B,未审计；内容已在本库,已在库跳过
10-统一场论核心公式/公式验证论文/13-磁矢势方程/v2/引力场与磁场的几何统一：磁矢势方程的第一性原理推导、验证与诠释.md,62155,（内容已在 openuft，不重复复制）,B,未审计；内容已在本库,已在库跳过
10-统一场论核心公式/公式验证论文/13-磁矢势方程/v2/code/验证.py,5052,（内容已在 openuft，不重复复制）,B,未审计；内容已在本库,已在库跳过
10-统一场论核心公式/公式验证论文/13-磁矢势方程/v2/验证/引力-电磁耦合系数f的数学推导、数值验证与物理意义.md,16100,（内容已在 openuft，不重复复制）,B,未审计；内容已在本库,已在库跳过
10-统一场论核心公式/公式验证论文/13-磁矢势方程/V3/1.md,17651,（内容已在 openuft，不重复复制）,B,未审计；内容已在本库,已在库跳过
10-统一场论核心公式/公式验证论文/13-磁矢势方程/V3/verify_constants.py,2999,（内容已在 openuft，不重复复制）,B,未审计；内容已在本库,已在库跳过
10-统一场论核心公式/公式验证论文/13-磁矢势方程/v4/verification_report.md,8557,（内容已在 openuft，不重复复制）,B,未审计；内容已在本库,已在库跳过
10-统一场论核心公式/公式验证论文/13-磁矢势方程/v4/修复摘要_磁矢势方程论文.md,10331,（内容已在 openuft，不重复复制）,B,未审计；内容已在本库,已在库跳过
10-统一场论核心公式/公式验证论文/13-磁矢势方程/v4/引力场与磁场的几何统一_标准格式版.md,61028,（内容已在 openuft，不重复复制）,B,未审计；内容已在本库,已在库跳过
10-统一场论核心公式/公式验证论文/13-磁矢势方程/v5/13 磁矢势方程.md,17616,（内容已在 openuft，不重复复制）,B,未审计；内容已在本库,已在库跳过
10-统一场论核心公式/公式验证论文/13-磁矢势方程/v6/1.md,17473,（内容已在 openuft，不重复复制）,B,未审计；内容已在本库,已在库跳过
10-统一场论核心公式/公式验证论文/13-磁矢势方程/v6/code/calculate_f.py,946,（内容已在 openuft，不重复复制）,B,未审计；内容已在本库,已在库跳过
10-统一场论核心公式/公式验证论文/13-磁矢势方程/v6/code/COMPUTATION_REPORT.md,28715,（内容已在 openuft，不重复复制）,B,未审计；内容已在本库,已在库跳过
10-统一场论核心公式/公式验证论文/13-磁矢势方程/v6/code/detailed_calculation.py,4406,（内容已在 openuft，不重复复制）,B,未审计；内容已在本库,已在库跳过
10-统一场论核心公式/公式验证论文/13-磁矢势方程/v6/code/error_analysis.py,9133,（内容已在 openuft，不重复复制）,B,未审计；内容已在本库,已在库跳过
10-统一场论核心公式/公式验证论文/13-磁矢势方程/v6/code/error_analysis_data.csv,851,（内容已在 openuft，不重复复制）,B,未审计；内容已在本库,已在库跳过
10-统一场论核心公式/公式验证论文/13-磁矢势方程/v6/code/magnetic_vector_potential.py,9630,（内容已在 openuft，不重复复制）,B,未审计；内容已在本库,已在库跳过
10-统一场论核心公式/公式验证论文/13-磁矢势方程/v6/code/magnetic_vector_potential_data.csv,22846,（内容已在 openuft，不重复复制）,B,未审计；内容已在本库,已在库跳过
10-统一场论核心公式/公式验证论文/13-磁矢势方程/v6/传统物理/1.md,11638,（内容已在 openuft，不重复复制）,B,未审计；内容已在本库,已在库跳过
10-统一场论核心公式/公式验证论文/13-磁矢势方程/v6/验证/1.md,18389,90_历史归档\来源语料_utf_20261009\语料\10-统一场论核心公式\公式验证论文\13-磁矢势方程\v6\验证\1.md,B,未审计，待逐件裁定,已复制
10-统一场论核心公式/公式验证论文/13-磁矢势方程/v7/引力场与磁场的几何统一：磁矢势方程的第一性原理推导、验证与诠释.md,69791,（内容已在 openuft，不重复复制）,B,未审计；内容已在本库,已在库跳过
10-统一场论核心公式/公式验证论文/13-磁矢势方程/磁矢势统一场方程的严格数学推导、验证及耦合常数f的本质探究/磁矢势统一场方程的严格数学推导、验证及耦合常数f的本质探究.md,23159,（内容已在 openuft，不重复复制）,B,未审计；内容已在本库,已在库跳过
10-统一场论核心公式/公式验证论文/13-磁矢势方程/磁矢势统一场方程的严格数学推导、验证及耦合常数f的本质探究/code/magnetic_vector_potential_verification.py,6619,（内容已在 openuft，不重复复制）,B,未审计；内容已在本库,已在库跳过
10-统一场论核心公式/公式验证论文/13-磁矢势方程/量纲验证/1.md,5218,90_历史归档\来源语料_utf_20261009\语料\10-统一场论核心公式\公式验证论文\13-磁矢势方程\量纲验证\1.md,B,未审计，待逐件裁定,已复制
10-统一场论核心公式/公式验证论文/13-磁矢势方程/量纲验证/2.md,3543,（内容已在 openuft，不重复复制）,B,未审计；内容已在本库,已在库跳过
10-统一场论核心公式/公式验证论文/13-磁矢势方程/量纲验证/2_修正版.md,7850,（内容已在 openuft，不重复复制）,B,未审计；内容已在本库,已在库跳过
10-统一场论核心公式/公式验证论文/13-磁矢势方程/量纲验证/3.md,9377,（内容已在 openuft，不重复复制）,B,未审计；内容已在本库,已在库跳过
10-统一场论核心公式/公式验证论文/13-磁矢势方程/量纲验证/dimension_verification.py,3427,（内容已在 openuft，不重复复制）,B,未审计；内容已在本库,已在库跳过
10-统一场论核心公式/公式验证论文/13-磁矢势方程/量纲验证/张祥前统一场论磁矢势方程论文：深度优化方案与内容重构.md,11105,（内容已在 openuft，不重复复制）,B,未审计；内容已在本库,已在库跳过
10-统一场论核心公式/公式验证论文/13-磁矢势方程/量纲验证/code/1.py,5224,（内容已在 openuft，不重复复制）,B,未审计；内容已在本库,已在库跳过
10-统一场论核心公式/公式验证论文/14-变化的引力场产生电场/code/v2.py,9903,90_历史归档\来源语料_utf_20261009\语料\10-统一场论核心公式\公式验证论文\14-变化的引力场产生电场\code\v2.py,B,未审计，待逐件裁定,已复制
10-统一场论核心公式/公式验证论文/14-变化的引力场产生电场/v1/1.md,19304,90_历史归档\来源语料_utf_20261009\语料\10-统一场论核心公式\公式验证论文\14-变化的引力场产生电场\v1\1.md,B,未审计，待逐件裁定,已复制
10-统一场论核心公式/公式验证论文/14-变化的引力场产生电场/v1/1_修复版.md,23964,90_历史归档\来源语料_utf_20261009\语料\10-统一场论核心公式\公式验证论文\14-变化的引力场产生电场\v1\1_修复版.md,B,未审计，待逐件裁定,已复制
10-统一场论核心公式/公式验证论文/14-变化的引力场产生电场/v1/v2.md,24740,（内容已在 openuft，不重复复制）,B,未审计；内容已在本库,已在库跳过
10-统一场论核心公式/公式验证论文/14-变化的引力场产生电场/v1/v2_analysis.md,4578,（内容已在 openuft，不重复复制）,B,未审计；内容已在本库,已在库跳过
10-统一场论核心公式/公式验证论文/14-变化的引力场产生电场/v2/python_verification_report.md,8663,（内容已在 openuft，不重复复制）,B,未审计；内容已在本库,已在库跳过
10-统一场论核心公式/公式验证论文/14-变化的引力场产生电场/v2/verify_paper.py,7636,（内容已在 openuft，不重复复制）,B,未审计；内容已在本库,已在库跳过
10-统一场论核心公式/公式验证论文/14-变化的引力场产生电场/v2/变化的引力场产生电场.md,17146,90_历史归档\来源语料_utf_20261009\语料\10-统一场论核心公式\公式验证论文\14-变化的引力场产生电场\v2\变化的引力场产生电场.md,B,未审计，待逐件裁定,已复制
10-统一场论核心公式/公式验证论文/14-变化的引力场产生电场/v3/1.md,21489,90_历史归档\来源语料_utf_20261009\语料\10-统一场论核心公式\公式验证论文\14-变化的引力场产生电场\v3\1.md,B,未审计，待逐件裁定,已复制
10-统一场论核心公式/公式验证论文/14-变化的引力场产生电场/v3/code/detailed_calculation.py,8106,（内容已在 openuft，不重复复制）,B,未审计；内容已在本库,已在库跳过
10-统一场论核心公式/公式验证论文/14-变化的引力场产生电场/求导证明验证/1.md,10924,（内容已在 openuft，不重复复制）,B,未审计；内容已在本库,已在库跳过
10-统一场论核心公式/公式验证论文/15-变化的磁场产生引力场和电场/2.md,14517,（内容已在 openuft，不重复复制）,B,未审计；内容已在本库,已在库跳过
10-统一场论核心公式/公式验证论文/15-变化的磁场产生引力场和电场/code/1.md,14809,90_历史归档\来源语料_utf_20261009\语料\10-统一场论核心公式\公式验证论文\15-变化的磁场产生引力场和电场\code\1.md,B,未审计，待逐件裁定,已复制
10-统一场论核心公式/公式验证论文/15-变化的磁场产生引力场和电场/code/advanced_analysis.py,13387,（内容已在 openuft，不重复复制）,B,未审计；内容已在本库,已在库跳过
10-统一场论核心公式/公式验证论文/15-变化的磁场产生引力场和电场/code/analysis_report.md,5500,（内容已在 openuft，不重复复制）,B,未审计；内容已在本库,已在库跳过
10-统一场论核心公式/公式验证论文/15-变化的磁场产生引力场和电场/code/verify.py,7894,（内容已在 openuft，不重复复制）,B,未审计；内容已在本库,已在库跳过
10-统一场论核心公式/公式验证论文/15-变化的磁场产生引力场和电场/code/verify_equation.py,9649,（内容已在 openuft，不重复复制）,B,未审计；内容已在本库,已在库跳过
10-统一场论核心公式/公式验证论文/16-统一场论能量方程/1.md,23243,90_历史归档\来源语料_utf_20261009\语料\10-统一场论核心公式\公式验证论文\16-统一场论能量方程\1.md,B,未审计，待逐件裁定,已复制
10-统一场论核心公式/公式验证论文/16-统一场论能量方程/能量绝对性与几何本源：统一场论能量方程的第一性原理推导、验证与范式革命.md,11412,（内容已在 openuft，不重复复制）,B,未审计；内容已在本库,已在库跳过
10-统一场论核心公式/公式验证论文/16-统一场论能量方程/code/1.py,3178,（内容已在 openuft，不重复复制）,B,未审计；内容已在本库,已在库跳过
10-统一场论核心公式/公式验证论文/16-统一场论能量方程/code/comprehensive_verification.py,5408,（内容已在 openuft，不重复复制）,B,未审计；内容已在本库,已在库跳过
10-统一场论核心公式/公式验证论文/16-统一场论能量方程/code/dimension_verification.py,5708,（内容已在 openuft，不重复复制）,B,未审计；内容已在本库,已在库跳过
10-统一场论核心公式/公式验证论文/16-统一场论能量方程/code/energy_density_verification.py,3373,（内容已在 openuft，不重复复制）,B,未审计；内容已在本库,已在库跳过
10-统一场论核心公式/公式验证论文/16-统一场论能量方程/code/simple_verification.py,2982,（内容已在 openuft，不重复复制）,B,未审计；内容已在本库,已在库跳过
10-统一场论核心公式/公式验证论文/16-统一场论能量方程/code/unified_energy_equation.py,4691,（内容已在 openuft，不重复复制）,B,未审计；内容已在本库,已在库跳过
10-统一场论核心公式/公式验证论文/16-统一场论能量方程/code/verification_summary.py,3427,（内容已在 openuft，不重复复制）,B,未审计；内容已在本库,已在库跳过
10-统一场论核心公式/公式验证论文/16-统一场论能量方程/code/verify_fixes.py,4117,（内容已在 openuft，不重复复制）,B,未审计；内容已在本库,已在库跳过
10-统一场论核心公式/公式验证论文/16-统一场论能量方程/传统的公式/传统修正.md,8606,（内容已在 openuft，不重复复制）,B,未审计；内容已在本库,已在库跳过
10-统一场论核心公式/公式验证论文/16-统一场论能量方程/传统的公式/修改验证1.md,15377,90_历史归档\来源语料_utf_20261009\语料\10-统一场论核心公式\公式验证论文\16-统一场论能量方程\传统的公式\修改验证1.md,B,未审计，待逐件裁定,已复制
10-统一场论核心公式/公式验证论文/16-统一场论能量方程/传统的公式/爱因斯坦.md,8405,（内容已在 openuft，不重复复制）,B,未审计；内容已在本库,已在库跳过
10-统一场论核心公式/公式验证论文/17-光速飞行器动力学方程/1.md,16447,（内容已在 openuft，不重复复制）,B,未审计；内容已在本库,已在库跳过
10-统一场论核心公式/公式验证论文/17-光速飞行器动力学方程/code/verify_dynamics_equation.py,7210,（内容已在 openuft，不重复复制）,B,未审计；内容已在本库,已在库跳过
10-统一场论核心公式/公式验证论文/17-光速飞行器动力学方程/code/verify_simple.py,3379,（内容已在 openuft，不重复复制）,B,未审计；内容已在本库,已在库跳过
10-统一场论核心公式/公式验证论文/18-核力场定义方程/1.md,11809,（内容已在 openuft，不重复复制）,B,未审计；内容已在本库,已在库跳过
10-统一场论核心公式/公式验证论文/18-核力场定义方程/code/verify_derivation.py,4635,（内容已在 openuft，不重复复制）,B,未审计；内容已在本库,已在库跳过
10-统一场论核心公式/公式验证论文/18-核力场定义方程/code/verify_derivation_correct.py,3443,（内容已在 openuft，不重复复制）,B,未审计；内容已在本库,已在库跳过
10-统一场论核心公式/公式验证论文/18-核力场定义方程/code/verify_final.py,4362,（内容已在 openuft，不重复复制）,B,未审计；内容已在本库,已在库跳过
10-统一场论核心公式/公式验证论文/19-引力光速统一方程/光速引力所有表达式.md,1168,（内容已在 openuft，不重复复制）,B,未审计；内容已在本库,已在库跳过
10-统一场论核心公式/公式验证论文/20-电磁耦合常数/验证报告.md,7073,（内容已在 openuft，不重复复制）,B,未审计；内容已在本库,已在库跳过
10-统一场论核心公式/公式验证论文/20-电磁耦合常数/code/1.py,1032,（内容已在 openuft，不重复复制）,B,未审计；内容已在本库,已在库跳过
10-统一场论核心公式/公式验证论文/20-电磁耦合常数/code/comprehensive_analysis.py,4209,（内容已在 openuft，不重复复制）,B,未审计；内容已在本库,已在库跳过
10-统一场论核心公式/公式验证论文/20-电磁耦合常数/code/final_analysis.py,3189,（内容已在 openuft，不重复复制）,B,未审计；内容已在本库,已在库跳过
10-统一场论核心公式/公式验证论文/20-电磁耦合常数/code/verify_Z_prime.py,2597,（内容已在 openuft，不重复复制）,B,未审计；内容已在本库,已在库跳过
10-统一场论核心公式/公式验证论文/24-时空与物理常数归一化方程/G和ε0的关系/G和ε0最底层关系的全维求导证明验证.md,7993,（内容已在 openuft，不重复复制）,B,未审计；内容已在本库,已在库跳过
10-统一场论核心公式/公式验证论文/24-时空与物理常数归一化方程/G和ε0的关系/code/dimensional_analysis.py,4805,（内容已在 openuft，不重复复制）,B,未审计；内容已在本库,已在库跳过
10-统一场论核心公式/公式验证论文/24-时空与物理常数归一化方程/G和ε0的关系/code/numerical_verification.py,4155,（内容已在 openuft，不重复复制）,B,未审计；内容已在本库,已在库跳过
10-统一场论核心公式/公式验证论文/24-时空与物理常数归一化方程/G和ε0的关系/code/verify_charge_identity.py,2758,（内容已在 openuft，不重复复制）,B,未审计；内容已在本库,已在库跳过
10-统一场论核心公式/公式验证论文/24-时空与物理常数归一化方程/G和ε0的关系/code/verify_core_axioms.py,2805,（内容已在 openuft，不重复复制）,B,未审计；内容已在本库,已在库跳过
10-统一场论核心公式/公式验证论文/24-时空与物理常数归一化方程/G和ε0的关系/code/verify_derivatives.py,5645,（内容已在 openuft，不重复复制）,B,未审计；内容已在本库,已在库跳过
10-统一场论核心公式/公式验证论文/24-时空与物理常数归一化方程/G和ε0的关系/code/verify_g_epsilon_relation.py,10497,（内容已在 openuft，不重复复制）,B,未审计；内容已在本库,已在库跳过
10-统一场论核心公式/公式验证论文/24-时空与物理常数归一化方程/G和ε0的关系/code/verify_unified_identity.py,3263,（内容已在 openuft，不重复复制）,B,未审计；内容已在本库,已在库跳过
10-统一场论核心公式/公式验证论文/24-时空与物理常数归一化方程/v1/verify_analysis.py,2409,（内容已在 openuft，不重复复制）,B,未审计；内容已在本库,已在库跳过
10-统一场论核心公式/公式验证论文/24-时空与物理常数归一化方程/v1/verify_fixed.py,2262,（内容已在 openuft，不重复复制）,B,未审计；内容已在本库,已在库跳过
10-统一场论核心公式/公式验证论文/24-时空与物理常数归一化方程/v1/物理理论公式归一化：从微观到宇观的全尺度统一（严谨修订版）.md,42918,（内容已在 openuft，不重复复制）,B,未审计；内容已在本库,已在库跳过
10-统一场论核心公式/公式验证论文/24-时空与物理常数归一化方程/v1/code/dimensional_analysis.py,6474,（内容已在 openuft，不重复复制）,B,未审计；内容已在本库,已在库跳过
10-统一场论核心公式/公式验证论文/24-时空与物理常数归一化方程/v1/code/dimensional_analysis_quick.py,5451,（内容已在 openuft，不重复复制）,B,未审计；内容已在本库,已在库跳过
10-统一场论核心公式/公式验证论文/24-时空与物理常数归一化方程/v1/code/dimensional_analysis_simple.py,9358,（内容已在 openuft，不重复复制）,B,未审计；内容已在本库,已在库跳过
10-统一场论核心公式/公式验证论文/24-时空与物理常数归一化方程/v1/code/formulas_extraction.py,16015,（内容已在 openuft，不重复复制）,B,未审计；内容已在本库,已在库跳过
10-统一场论核心公式/公式验证论文/24-时空与物理常数归一化方程/v1/code/formulas_extraction_simple.py,8777,（内容已在 openuft，不重复复制）,B,未审计；内容已在本库,已在库跳过
10-统一场论核心公式/公式验证论文/24-时空与物理常数归一化方程/v1/code/numerical_verification.py,6275,（内容已在 openuft，不重复复制）,B,未审计；内容已在本库,已在库跳过
10-统一场论核心公式/公式验证论文/24-时空与物理常数归一化方程/v1/code/optimized_theory.py,7984,（内容已在 openuft，不重复复制）,B,未审计；内容已在本库,已在库跳过
10-统一场论核心公式/公式验证论文/24-时空与物理常数归一化方程/v1/code/simple_verification.py,3269,（内容已在 openuft，不重复复制）,B,未审计；内容已在本库,已在库跳过
10-统一场论核心公式/公式验证论文/24-时空与物理常数归一化方程/v1/code/unified_field_theory.py,9219,90_历史归档\来源语料_utf_20261009\语料\10-统一场论核心公式\公式验证论文\24-时空与物理常数归一化方程\v1\code\unified_field_theory.py,B,未审计，待逐件裁定,已复制
10-统一场论核心公式/公式验证论文/24-时空与物理常数归一化方程/v1/code/verification_report.md,6058,（内容已在 openuft，不重复复制）,B,未审计；内容已在本库,已在库跳过
10-统一场论核心公式/公式验证论文/24-时空与物理常数归一化方程/v1/code/verification_results.json,1079,（内容已在 openuft，不重复复制）,B,未审计；内容已在本库,已在库跳过
10-统一场论核心公式/公式验证论文/24-时空与物理常数归一化方程/v1/code/verification_results.txt,840,（内容已在 openuft，不重复复制）,B,未审计；内容已在本库,已在库跳过
10-统一场论核心公式/公式验证论文/24-时空与物理常数归一化方程/v1/code/verify_theory.py,7981,（内容已在 openuft，不重复复制）,B,未审计；内容已在本库,已在库跳过
10-统一场论核心公式/公式验证论文/24-时空与物理常数归一化方程/v1/历史版本/物理理论公式归一化：从微观到宇观的全尺度统一.md,29774,（内容已在 openuft，不重复复制）,B,未审计；内容已在本库,已在库跳过
10-统一场论核心公式/公式验证论文/24-时空与物理常数归一化方程/v1/历史版本/物理理论公式归一化：从微观到宇观的全尺度统一（严谨修正版）.md,40001,（内容已在 openuft，不重复复制）,B,未审计；内容已在本库,已在库跳过
10-统一场论核心公式/公式验证论文/24-时空与物理常数归一化方程/v1/验证/1.md,3934,（内容已在 openuft，不重复复制）,B,未审计；内容已在本库,已在库跳过
10-统一场论核心公式/公式验证论文/24-时空与物理常数归一化方程/v1/验证/说明.md,7229,90_历史归档\来源语料_utf_20261009\语料\10-统一场论核心公式\公式验证论文\24-时空与物理常数归一化方程\v1\验证\说明.md,B,未审计，待逐件裁定,已复制
10-统一场论核心公式/公式验证论文/24-时空与物理常数归一化方程/可转换/归一化方程转换_修正版.md,8229,（内容已在 openuft，不重复复制）,B,未审计；内容已在本库,已在库跳过
10-统一场论核心公式/公式验证论文/24-时空与物理常数归一化方程/可转换的/全新具有物理意义的衍生公式：从微观到宇观的全尺度拓展.md,11161,（内容已在 openuft，不重复复制）,B,未审计；内容已在本库,已在库跳过
10-统一场论核心公式/公式验证论文/24-时空与物理常数归一化方程/可转换的/归一化方程转换.md,16150,（内容已在 openuft，不重复复制）,B,未审计；内容已在本库,已在库跳过
10-统一场论核心公式/公式验证论文/24-时空与物理常数归一化方程/可转换的/归一化方程转换2_优化.md,17119,（内容已在 openuft，不重复复制）,B,未审计；内容已在本库,已在库跳过
10-统一场论核心公式/公式验证论文/24-时空与物理常数归一化方程/可转换的/归一化方程转换3-新发现.md,5196,（内容已在 openuft，不重复复制）,B,未审计；内容已在本库,已在库跳过
10-统一场论核心公式/公式验证论文/24-时空与物理常数归一化方程/可转换的/归一化方程转换3.md,18573,（内容已在 openuft，不重复复制）,B,未审计；内容已在本库,已在库跳过
10-统一场论核心公式/公式验证论文/24-时空与物理常数归一化方程/可转换的/归一化方程转换3_修复版.md,11346,（内容已在 openuft，不重复复制）,B,未审计；内容已在本库,已在库跳过
10-统一场论核心公式/公式验证论文/24-时空与物理常数归一化方程/可转换的/归一化方程转换4.md,11255,（内容已在 openuft，不重复复制）,B,未审计；内容已在本库,已在库跳过
10-统一场论核心公式/公式验证论文/24-时空与物理常数归一化方程/可转换的/归一化方程转换4_corrected.md,10754,（内容已在 openuft，不重复复制）,B,未审计；内容已在本库,已在库跳过
10-统一场论核心公式/公式验证论文/24-时空与物理常数归一化方程/可转换的/归一化方程转换5.md,5750,（内容已在 openuft，不重复复制）,B,未审计；内容已在本库,已在库跳过
10-统一场论核心公式/公式验证论文/24-时空与物理常数归一化方程/可转换的/归一化方程转换修正版.md,16325,（内容已在 openuft，不重复复制）,B,未审计；内容已在本库,已在库跳过
10-统一场论核心公式/公式验证论文/24-时空与物理常数归一化方程/可转换的/正确量纲_归一化方程转换2_优化.md,10753,（内容已在 openuft，不重复复制）,B,未审计；内容已在本库,已在库跳过
10-统一场论核心公式/公式验证论文/24-时空与物理常数归一化方程/可转换的/正确量纲_归一化方程转换3-新发现.md,4378,（内容已在 openuft，不重复复制）,B,未审计；内容已在本库,已在库跳过
10-统一场论核心公式/公式验证论文/24-时空与物理常数归一化方程/可转换的/正确量纲_归一化方程转换3.md,17151,（内容已在 openuft，不重复复制）,B,未审计；内容已在本库,已在库跳过
10-统一场论核心公式/公式验证论文/24-时空与物理常数归一化方程/可转换的/正确量纲_归一化方程转换3_修复版.md,11023,（内容已在 openuft，不重复复制）,B,未审计；内容已在本库,已在库跳过
10-统一场论核心公式/公式验证论文/24-时空与物理常数归一化方程/可转换的/物理理论公式归一化.md,14406,（内容已在 openuft，不重复复制）,B,未审计；内容已在本库,已在库跳过
10-统一场论核心公式/公式验证论文/24-时空与物理常数归一化方程/可转换的/空间光速螺旋统一场论：全维度关联·转换·归一化·全验证体系.md,27204,（内容已在 openuft，不重复复制）,B,未审计；内容已在本库,已在库跳过
10-统一场论核心公式/公式验证论文/24-时空与物理常数归一化方程/可转换的/说明.md,9508,90_历史归档\来源语料_utf_20261009\语料\10-统一场论核心公式\公式验证论文\24-时空与物理常数归一化方程\可转换的\说明.md,B,未审计，待逐件裁定,已复制
10-统一场论核心公式/公式验证论文/24-时空与物理常数归一化方程/可转换的/验证报告.md,6224,（内容已在 openuft，不重复复制）,B,未审计；内容已在本库,已在库跳过
10-统一场论核心公式/公式验证论文/24-时空与物理常数归一化方程/可转换的/code/analyze_dimensions.py,7109,（内容已在 openuft，不重复复制）,B,未审计；内容已在本库,已在库跳过
10-统一场论核心公式/公式验证论文/24-时空与物理常数归一化方程/可转换的/code/analyze_fix_anomalies.py,22646,（内容已在 openuft，不重复复制）,B,未审计；内容已在本库,已在库跳过
10-统一场论核心公式/公式验证论文/24-时空与物理常数归一化方程/可转换的/code/dimension_analysis_results.txt,2925,（内容已在 openuft，不重复复制）,B,未审计；内容已在本库,已在库跳过
10-统一场论核心公式/公式验证论文/24-时空与物理常数归一化方程/可转换的/code/fix_anomalies.py,3673,（内容已在 openuft，不重复复制）,B,未审计；内容已在本库,已在库跳过
10-统一场论核心公式/公式验证论文/24-时空与物理常数归一化方程/可转换的/code/fix_dimension_issues.py,9017,（内容已在 openuft，不重复复制）,B,未审计；内容已在本库,已在库跳过
10-统一场论核心公式/公式验证论文/24-时空与物理常数归一化方程/可转换的/code/normalize_equations_verification.py,8036,（内容已在 openuft，不重复复制）,B,未审计；内容已在本库,已在库跳过
10-统一场论核心公式/公式验证论文/24-时空与物理常数归一化方程/可转换的/code/remove_invalid_equations.py,2062,（内容已在 openuft，不重复复制）,B,未审计；内容已在本库,已在库跳过
10-统一场论核心公式/公式验证论文/24-时空与物理常数归一化方程/可转换的/code/remove_invalid_equations_simple.py,1388,（内容已在 openuft，不重复复制）,B,未审计；内容已在本库,已在库跳过
10-统一场论核心公式/公式验证论文/24-时空与物理常数归一化方程/可转换的/code/verify_comprehensive.py,13852,（内容已在 openuft，不重复复制）,B,未审计；内容已在本库,已在库跳过
10-统一场论核心公式/公式验证论文/24-时空与物理常数归一化方程/可转换的/code/verify_corrections.py,4793,（内容已在 openuft，不重复复制）,B,未审计；内容已在本库,已在库跳过
10-统一场论核心公式/公式验证论文/24-时空与物理常数归一化方程/可转换的/code/verify_derived_formulas.py,8323,（内容已在 openuft，不重复复制）,B,未审计；内容已在本库,已在库跳过
10-统一场论核心公式/公式验证论文/comprehensive_verification/comprehensive_verification.py,21590,（内容已在 openuft，不重复复制）,B,未审计；内容已在本库,已在库跳过
10-统一场论核心公式/公式验证论文/output/关键时间点数据.csv,644,（内容已在 openuft，不重复复制）,B,未审计；内容已在本库,已在库跳过
10-统一场论核心公式/公式验证论文/output/完整导数数据集.csv,526157,（内容已在 openuft，不重复复制）,B,未审计；内容已在本库,已在库跳过
10-统一场论核心公式/公式验证论文/output/完整论文.md,9572,90_历史归档\来源语料_utf_20261009\语料\10-统一场论核心公式\公式验证论文\output\完整论文.md,B,未审计，待逐件裁定,已复制
10-统一场论核心公式/公式验证论文/output/导数验证结果.csv,714,（内容已在 openuft，不重复复制）,B,未审计；内容已在本库,已在库跳过
10-统一场论核心公式/公式验证论文/output/曲率和挠率数据.csv,57794,（内容已在 openuft，不重复复制）,B,未审计；内容已在本库,已在库跳过
10-统一场论核心公式/公式验证论文/output/理论分析报告.json,1340,（内容已在 openuft，不重复复制）,B,未审计；内容已在本库,已在库跳过
10-统一场论核心公式/公式验证论文/output/理论分析报告.md,3061,（内容已在 openuft，不重复复制）,B,未审计；内容已在本库,已在库跳过
10-统一场论核心公式/公式验证论文/output/转一圈导数数据.csv,264420,（内容已在 openuft，不重复复制）,B,未审计；内容已在本库,已在库跳过
10-统一场论核心公式/公式验证论文/加速运动正电荷产生加速度反向相反的引力场方程/gravity_field_derivation_verification.md,28930,90_历史归档\来源语料_utf_20261009\语料\10-统一场论核心公式\公式验证论文\加速运动正电荷产生加速度反向相反的引力场方程\gravity_field_derivation_verification.md,B,未审计，待逐件裁定,已复制
10-统一场论核心公式/公式验证论文/加速运动正电荷产生加速度反向相反的引力场方程/verify_formula.py,5950,（内容已在 openuft，不重复复制）,B,未审计；内容已在本库,已在库跳过
10-统一场论核心公式/公式验证论文/加速运动正电荷产生加速度反向相反的引力场方程/verify_formula_cn.py,4554,（内容已在 openuft，不重复复制）,B,未审计；内容已在本库,已在库跳过
10-统一场论核心公式/公式验证论文/加速运动正电荷产生加速度反向相反的引力场方程/.pytest_cache/README.md,310,（内容已在 openuft，不重复复制）,B,未审计；内容已在本库,已在库跳过
10-统一场论核心公式/公式验证论文/加速运动正电荷产生加速度反向相反的引力场方程/B_v1/B_v1_paper_visualization.py,10308,（内容已在 openuft，不重复复制）,B,未审计；内容已在本库,已在库跳过
10-统一场论核心公式/公式验证论文/加速运动正电荷产生加速度反向相反的引力场方程/B_v1/B_v1_verification_report.md,4623,（内容已在 openuft，不重复复制）,B,未审计；内容已在本库,已在库跳过
10-统一场论核心公式/公式验证论文/加速运动正电荷产生加速度反向相反的引力场方程/B_v1/B_v1_visualization_report.md,7096,（内容已在 openuft，不重复复制）,B,未审计；内容已在本库,已在库跳过
10-统一场论核心公式/公式验证论文/加速运动正电荷产生加速度反向相反的引力场方程/B_v1/verify_Bv1.py,5161,（内容已在 openuft，不重复复制）,B,未审计；内容已在本库,已在库跳过
10-统一场论核心公式/公式验证论文/加速运动正电荷产生加速度反向相反的引力场方程/B_v1/加速运动电荷产生引力场方程求导验证.md,15964,（内容已在 openuft，不重复复制）,B,未审计；内容已在本库,已在库跳过
10-统一场论核心公式/公式验证论文/加速运动正电荷产生加速度反向相反的引力场方程/B_v2/analysis_result.md,4886,（内容已在 openuft，不重复复制）,B,未审计；内容已在本库,已在库跳过
10-统一场论核心公式/公式验证论文/加速运动正电荷产生加速度反向相反的引力场方程/B_v2/B_v1_derivation_verification.md,19965,90_历史归档\来源语料_utf_20261009\语料\10-统一场论核心公式\公式验证论文\加速运动正电荷产生加速度反向相反的引力场方程\B_v2\B_v1_derivation_verification.md,B,未审计，待逐件裁定,已复制
10-统一场论核心公式/公式验证论文/加速运动正电荷产生加速度反向相反的引力场方程/B_v2/资料/基于《物理几何学纲要》的张祥前实验振荡引.pdf_by_PaddleOCR-VL.md,4700,（内容已在 openuft，不重复复制）,B,未审计；内容已在本库,已在库跳过
10-统一场论核心公式/公式验证论文/加速运动正电荷产生加速度反向相反的引力场方程/B_v2/资料/基于空间螺旋运动统一理论的电磁-引力耦合.pdf_by_PaddleOCR-VL.md,9684,（内容已在 openuft，不重复复制）,B,未审计；内容已在本库,已在库跳过
10-统一场论核心公式/公式验证论文/加速运动正电荷产生加速度反向相反的引力场方程/B_v2/资料/空间螺旋光速运动统一场方程组.pdf_by_PaddleOCR-VL.md,4051,（内容已在 openuft，不重复复制）,B,未审计；内容已在本库,已在库跳过
10-统一场论核心公式/公式验证论文/加速运动正电荷产生加速度反向相反的引力场方程/core/field_calculator.py,41206,（内容已在 openuft，不重复复制）,B,未审计；内容已在本库,已在库跳过
10-统一场论核心公式/公式验证论文/加速运动正电荷产生加速度反向相反的引力场方程/core/维度分析验证.md,2356,（内容已在 openuft，不重复复制）,B,未审计；内容已在本库,已在库跳过
10-统一场论核心公式/公式验证论文/加速运动正电荷产生加速度反向相反的引力场方程/E_v1/加速运动电荷产生引力场方程推导验证.md,55466,（内容已在 openuft，不重复复制）,B,未审计；内容已在本库,已在库跳过
10-统一场论核心公式/公式验证论文/加速运动正电荷产生加速度反向相反的引力场方程/tests/test_field_calculator.py,5953,（内容已在 openuft，不重复复制）,B,未审计；内容已在本库,已在库跳过
10-统一场论核心公式/公式验证论文/加速运动正电荷产生加速度反向相反的引力场方程/visualization/field_visualizer.py,16385,（内容已在 openuft，不重复复制）,B,未审计；内容已在本库,已在库跳过
10-统一场论核心公式/公式验证论文/圆周运动正电荷产生的引力场方程/analyze_v1_formula.py,5685,（内容已在 openuft，不重复复制）,B,未审计；内容已在本库,已在库跳过
10-统一场论核心公式/公式验证论文/圆周运动正电荷产生的引力场方程/circle_motion_gravity_field_derivation.md,6254,（内容已在 openuft，不重复复制）,B,未审计；内容已在本库,已在库跳过
10-统一场论核心公式/公式验证论文/圆周运动正电荷产生的引力场方程/final_conclusion.md,6986,（内容已在 openuft，不重复复制）,B,未审计；内容已在本库,已在库跳过
10-统一场论核心公式/公式验证论文/圆周运动正电荷产生的引力场方程/multi_dimension_verification.md,9737,（内容已在 openuft，不重复复制）,B,未审计；内容已在本库,已在库跳过
10-统一场论核心公式/公式验证论文/圆周运动正电荷产生的引力场方程/support_document.md,9745,90_历史归档\来源语料_utf_20261009\语料\10-统一场论核心公式\公式验证论文\圆周运动正电荷产生的引力场方程\support_document.md,B,未审计，待逐件裁定,已复制
10-统一场论核心公式/公式验证论文/圆周运动正电荷产生的引力场方程/verify_circular_gravity_field.py,11157,90_历史归档\来源语料_utf_20261009\语料\10-统一场论核心公式\公式验证论文\圆周运动正电荷产生的引力场方程\verify_circular_gravity_field.py,B,未审计，待逐件裁定,已复制
10-统一场论核心公式/公式验证论文/圆周运动正电荷产生的引力场方程/verify_circular_motion_gravity_field.py,14179,90_历史归档\来源语料_utf_20261009\语料\10-统一场论核心公式\公式验证论文\圆周运动正电荷产生的引力场方程\verify_circular_motion_gravity_field.py,B,未审计，待逐件裁定,已复制
10-统一场论核心公式/公式验证论文/圆周运动正电荷产生的引力场方程/公式优化分析.py,9074,90_历史归档\来源语料_utf_20261009\语料\10-统一场论核心公式\公式验证论文\圆周运动正电荷产生的引力场方程\公式优化分析.py,B,未审计，待逐件裁定,已复制
10-统一场论核心公式/公式验证论文/圆周运动正电荷产生的引力场方程/公式层实证_运动电荷引力场公式量纲审计论文.md,12051,90_历史归档\来源语料_utf_20261009\语料\10-统一场论核心公式\公式验证论文\圆周运动正电荷产生的引力场方程\公式层实证_运动电荷引力场公式量纲审计论文.md,B,未审计，待逐件裁定,已复制
10-统一场论核心公式/公式验证论文/圆周运动正电荷产生的引力场方程/量纲审计实证.py,6788,90_历史归档\来源语料_utf_20261009\语料\10-统一场论核心公式\公式验证论文\圆周运动正电荷产生的引力场方程\量纲审计实证.py,B,未审计，待逐件裁定,已复制
10-统一场论核心公式/公式验证论文/圆周运动正电荷产生的引力场方程/V1/圆周运动正电荷产生的引力场方程_算法联盟推导验证论文.md,13562,90_历史归档\来源语料_utf_20261009\语料\10-统一场论核心公式\公式验证论文\圆周运动正电荷产生的引力场方程\V1\圆周运动正电荷产生的引力场方程_算法联盟推导验证论文.md,B,未审计，待逐件裁定,已复制
10-统一场论核心公式/公式验证论文/圆周运动正电荷产生的引力场方程/V2/基于张祥前统一场论的加速电荷引力场生成方程之严格推导、验证及其在远程人工场技术中的理论奠基.md,15066,90_历史归档\来源语料_utf_20261009\语料\10-统一场论核心公式\公式验证论文\圆周运动正电荷产生的引力场方程\V2\基于张祥前统一场论的加速电荷引力场生成方程之严格推导、验证及其在远程人工场技术中的理论奠基.md,B,未审计，待逐件裁定,已复制
10-统一场论核心公式/公式验证论文/圆周运动正电荷产生的引力场方程/V3/圆周运动正电荷产生的引力场方程_详细推导与分析.md,12380,90_历史归档\来源语料_utf_20261009\语料\10-统一场论核心公式\公式验证论文\圆周运动正电荷产生的引力场方程\V3\圆周运动正电荷产生的引力场方程_详细推导与分析.md,B,未审计，待逐件裁定,已复制
10-统一场论核心公式/公式验证论文/圆周运动正电荷产生的引力场方程/V3/验证/算法联盟_圆周运动正电荷产生的引力场方程_严格推导与验证.md,12889,90_历史归档\来源语料_utf_20261009\语料\10-统一场论核心公式\公式验证论文\圆周运动正电荷产生的引力场方程\V3\验证\算法联盟_圆周运动正电荷产生的引力场方程_严格推导与验证.md,B,未审计，待逐件裁定,已复制
10-统一场论核心公式/公式验证论文/圆周运动正电荷产生的引力场方程/V4/1.md,11034,90_历史归档\来源语料_utf_20261009\语料\10-统一场论核心公式\公式验证论文\圆周运动正电荷产生的引力场方程\V4\1.md,B,未审计，待逐件裁定,已复制
10-统一场论核心公式/公式验证论文/圆周运动正电荷产生的引力场方程/V4/圆周运动正电荷产生的引力场方程：严格求导、证明与验证.md,16017,90_历史归档\来源语料_utf_20261009\语料\10-统一场论核心公式\公式验证论文\圆周运动正电荷产生的引力场方程\V4\圆周运动正电荷产生的引力场方程：严格求导、证明与验证.md,B,未审计，待逐件裁定,已复制
10-统一场论核心公式/公式验证论文/圆周运动正电荷产生的引力场方程/V4/验证/1.md,11034,90_历史归档\来源语料_utf_20261009\语料\10-统一场论核心公式\公式验证论文\圆周运动正电荷产生的引力场方程\V4\验证\1.md,B,未审计，待逐件裁定,已复制
10-统一场论核心公式/公式验证论文/圆周运动正电荷产生的引力场方程/V5/圆周运动正电荷引力场方程的求导证明与验证：基于几何常数体系的统一推导.md,38838,90_历史归档\来源语料_utf_20261009\语料\10-统一场论核心公式\公式验证论文\圆周运动正电荷产生的引力场方程\V5\圆周运动正电荷引力场方程的求导证明与验证：基于几何常数体系的统一推导.md,B,未审计，待逐件裁定,已复制
10-统一场论核心公式/公式验证论文/圆周运动正电荷产生的引力场方程/V5/引力场可视化.py,9450,（内容已在 openuft，不重复复制）,B,未审计；内容已在本库,已在库跳过
10-统一场论核心公式/公式验证论文/圆周运动正电荷产生的引力场方程/V5/引力场可视化_优化版.py,17405,（内容已在 openuft，不重复复制）,B,未审计；内容已在本库,已在库跳过
10-统一场论核心公式/公式验证论文/圆周运动正电荷产生的引力场方程/V5/验证/1.md,5028,（内容已在 openuft，不重复复制）,B,未审计；内容已在本库,已在库跳过
10-统一场论核心公式/公式验证论文/圆周运动正电荷产生的引力场方程/V5/验证/2.md,3906,90_历史归档\来源语料_utf_20261009\语料\10-统一场论核心公式\公式验证论文\圆周运动正电荷产生的引力场方程\V5\验证\2.md,B,未审计，待逐件裁定,已复制
10-统一场论核心公式/公式验证论文/圆周运动正电荷产生的引力场方程/V5/验证/3.md,4137,（内容已在 openuft，不重复复制）,B,未审计；内容已在本库,已在库跳过
10-统一场论核心公式/公式验证论文/圆周运动正电荷产生的引力场方程/V5/验证/4.主流.md,14445,（内容已在 openuft，不重复复制）,B,未审计；内容已在本库,已在库跳过
10-统一场论核心公式/公式验证论文/圆周运动正电荷产生的引力场方程/V5/验证/5.md,16353,90_历史归档\来源语料_utf_20261009\语料\10-统一场论核心公式\公式验证论文\圆周运动正电荷产生的引力场方程\V5\验证\5.md,B,未审计，待逐件裁定,已复制
10-统一场论核心公式/公式验证论文/圆周运动正电荷产生的引力场方程/V5/验证/验证通过.md,12347,90_历史归档\来源语料_utf_20261009\语料\10-统一场论核心公式\公式验证论文\圆周运动正电荷产生的引力场方程\V5\验证\验证通过.md,B,未审计，待逐件裁定,已复制
10-统一场论核心公式/公式验证论文/圆周运动正电荷产生的引力场方程/v6/1.md,157,（内容已在 openuft，不重复复制）,B,未审计；内容已在本库,已在库跳过
10-统一场论核心公式/公式验证论文/圆周运动正电荷产生的引力场方程/v6/数学验证.md,3393,（内容已在 openuft，不重复复制）,B,未审计；内容已在本库,已在库跳过
10-统一场论核心公式/公式验证论文/圆周运动正电荷产生的引力场方程/v6/论文分析.md,1837,（内容已在 openuft，不重复复制）,B,未审计；内容已在本库,已在库跳过
10-统一场论核心公式/公式验证论文/圆周运动正电荷产生的引力场方程/v6/论文初稿.md,42000,（内容已在 openuft，不重复复制）,B,未审计；内容已在本库,已在库跳过
10-统一场论核心公式/公式验证论文/圆周运动正电荷产生的引力场方程/v6/论文终稿.md,68523,（内容已在 openuft，不重复复制）,B,未审计；内容已在本库,已在库跳过
10-统一场论核心公式/公式验证论文/圆周运动正电荷产生的引力场方程/v6/论文结构.md,3641,（内容已在 openuft，不重复复制）,B,未审计；内容已在本库,已在库跳过
10-统一场论核心公式/公式验证论文/圆周运动正电荷产生的引力场方程/v6/验证/1.md,9618,90_历史归档\来源语料_utf_20261009\语料\10-统一场论核心公式\公式验证论文\圆周运动正电荷产生的引力场方程\v6\验证\1.md,B,未审计，待逐件裁定,已复制
10-统一场论核心公式/公式验证论文/圆周运动正电荷产生的引力场方程/v6/验证/拉莫尔辐射与前述矢势表达式的关系：__推导与被推导、基础与具体结论__.md,10700,（内容已在 openuft，不重复复制）,B,未审计；内容已在本库,已在库跳过
10-统一场论核心公式/公式验证论文/圆周运动正电荷产生的引力场方程/v6/验证/深入剖析两个加速电荷辐射场矢势的差异 (1).md,7502,（内容已在 openuft，不重复复制）,B,未审计；内容已在本库,已在库跳过
10-统一场论核心公式/公式验证论文/圆周运动正电荷产生的引力场方程/v6/验证/深入剖析两个加速电荷辐射场矢势的差异.md,7502,（内容已在 openuft，不重复复制）,B,未审计；内容已在本库,已在库跳过
10-统一场论核心公式/公式验证论文/圆周运动正电荷产生的引力场方程/v6/验证/顶尖解析：加速电荷辐射场矢势差异对比及相关力的大小比推导.md,21891,（内容已在 openuft，不重复复制）,B,未审计；内容已在本库,已在库跳过
10-统一场论核心公式/公式验证论文/圆周运动正电荷产生的引力场方程/v7/1.md,2542,90_历史归档\来源语料_utf_20261009\语料\10-统一场论核心公式\公式验证论文\圆周运动正电荷产生的引力场方程\v7\1.md,B,未审计，待逐件裁定,已复制
10-统一场论核心公式/公式验证论文/圆周运动正电荷产生的引力场方程/v7/优化版论文.md,32163,（内容已在 openuft，不重复复制）,B,未审计；内容已在本库,已在库跳过
10-统一场论核心公式/公式验证论文/圆周运动正电荷产生的引力场方程/v7/算法联盟最佳表达式分析论文.md,10708,90_历史归档\来源语料_utf_20261009\语料\10-统一场论核心公式\公式验证论文\圆周运动正电荷产生的引力场方程\v7\算法联盟最佳表达式分析论文.md,B,未审计，待逐件裁定,已复制
10-统一场论核心公式/公式验证论文/圆周运动正电荷产生的引力场方程/v7/论文.md,26465,90_历史归档\来源语料_utf_20261009\语料\10-统一场论核心公式\公式验证论文\圆周运动正电荷产生的引力场方程\v7\论文.md,B,未审计，待逐件裁定,已复制
10-统一场论核心公式/公式验证论文/圆周运动正电荷产生的引力场方程/v7/详细力分析与表达式推导.md,8292,90_历史归档\来源语料_utf_20261009\语料\10-统一场论核心公式\公式验证论文\圆周运动正电荷产生的引力场方程\v7\详细力分析与表达式推导.md,B,未审计，待逐件裁定,已复制
10-统一场论核心公式/公式验证论文/圆周运动正电荷产生的引力场方程/v7/详细推导与力分析.md,7857,90_历史归档\来源语料_utf_20261009\语料\10-统一场论核心公式\公式验证论文\圆周运动正电荷产生的引力场方程\v7\详细推导与力分析.md,B,未审计，待逐件裁定,已复制
10-统一场论核心公式/公式验证论文/圆周运动正电荷产生的引力场方程/v7/code/1.py,17977,（内容已在 openuft，不重复复制）,B,未审计；内容已在本库,已在库跳过
10-统一场论核心公式/公式验证论文/圆周运动正电荷产生的引力场方程/v7/code/calculate.py,1194,（内容已在 openuft，不重复复制）,B,未审计；内容已在本库,已在库跳过
10-统一场论核心公式/公式验证论文/圆周运动正电荷产生的引力场方程/v7/code/comprehensive_verification.py,2603,（内容已在 openuft，不重复复制）,B,未审计；内容已在本库,已在库跳过
10-统一场论核心公式/公式验证论文/圆周运动正电荷产生的引力场方程/v7/验证/常数验证.py,2807,（内容已在 openuft，不重复复制）,B,未审计；内容已在本库,已在库跳过
10-统一场论核心公式/公式验证论文/圆周运动正电荷产生的引力场方程/v7/验证/方向验证.py,3258,（内容已在 openuft，不重复复制）,B,未审计；内容已在本库,已在库跳过
10-统一场论核心公式/公式验证论文/圆周运动正电荷产生的引力场方程/v7/验证/经典对比验证.py,2238,（内容已在 openuft，不重复复制）,B,未审计；内容已在本库,已在库跳过
10-统一场论核心公式/公式验证论文/圆周运动正电荷产生的引力场方程/v7/验证/量纲验证.py,3084,（内容已在 openuft，不重复复制）,B,未审计；内容已在本库,已在库跳过
10-统一场论核心公式/公式验证论文/圆周运动正电荷产生的引力场方程/v8/1.md,11592,90_历史归档\来源语料_utf_20261009\语料\10-统一场论核心公式\公式验证论文\圆周运动正电荷产生的引力场方程\v8\1.md,B,未审计，待逐件裁定,已复制
10-统一场论核心公式/公式验证论文/圆周运动正电荷产生的引力场方程/v8/优化版_电子圆周运动力分析与推导.md,16180,90_历史归档\来源语料_utf_20261009\语料\10-统一场论核心公式\公式验证论文\圆周运动正电荷产生的引力场方程\v8\优化版_电子圆周运动力分析与推导.md,B,未审计，待逐件裁定,已复制
10-统一场论核心公式/公式验证论文/圆周运动正电荷产生的引力场方程/v8/算法联盟全面分析优化版.md,14945,90_历史归档\来源语料_utf_20261009\语料\10-统一场论核心公式\公式验证论文\圆周运动正电荷产生的引力场方程\v8\算法联盟全面分析优化版.md,B,未审计，待逐件裁定,已复制
10-统一场论核心公式/公式验证论文/圆周运动正电荷产生的引力场方程/v8/验证报告.md,4588,90_历史归档\来源语料_utf_20261009\语料\10-统一场论核心公式\公式验证论文\圆周运动正电荷产生的引力场方程\v8\验证报告.md,B,未审计，待逐件裁定,已复制
10-统一场论核心公式/公式验证论文/圆周运动正电荷产生的引力场方程/v8/code/1.py,5523,（内容已在 openuft，不重复复制）,B,未审计；内容已在本库,已在库跳过
10-统一场论核心公式/公式验证论文/圆周运动正电荷产生的引力场方程/v8/code/comprehensive_python_test.py,12513,90_历史归档\来源语料_utf_20261009\语料\10-统一场论核心公式\公式验证论文\圆周运动正电荷产生的引力场方程\v8\code\comprehensive_python_test.py,B,未审计，待逐件裁定,已复制
10-统一场论核心公式/公式验证论文/圆周运动正电荷产生的引力场方程/v8/code/comprehensive_verification_v8.py,6498,90_历史归档\来源语料_utf_20261009\语料\10-统一场论核心公式\公式验证论文\圆周运动正电荷产生的引力场方程\v8\code\comprehensive_verification_v8.py,B,未审计，待逐件裁定,已复制
10-统一场论核心公式/公式验证论文/圆周运动正电荷产生的引力场方程/v8/code/detailed_derivation_verification.py,7403,90_历史归档\来源语料_utf_20261009\语料\10-统一场论核心公式\公式验证论文\圆周运动正电荷产生的引力场方程\v8\code\detailed_derivation_verification.py,B,未审计，待逐件裁定,已复制
10-统一场论核心公式/公式验证论文/圆周运动正电荷产生的引力场方程/v8/code/f.py,4063,（内容已在 openuft，不重复复制）,B,未审计；内容已在本库,已在库跳过
10-统一场论核心公式/公式验证论文/圆周运动正电荷产生的引力场方程/v8/验证/1.md,3804,（内容已在 openuft，不重复复制）,B,未审计；内容已在本库,已在库跳过
10-统一场论核心公式/公式验证论文/圆周运动正电荷产生的引力场方程/v8/验证/2.md,33344,（内容已在 openuft，不重复复制）,B,未审计；内容已在本库,已在库跳过
10-统一场论核心公式/公式验证论文/圆周运动正电荷产生的引力场方程/v8/验证/3.md,11178,90_历史归档\来源语料_utf_20261009\语料\10-统一场论核心公式\公式验证论文\圆周运动正电荷产生的引力场方程\v8\验证\3.md,B,未审计，待逐件裁定,已复制
10-统一场论核心公式/公式验证论文/圆周运动正电荷产生的引力场方程/v8/验证/sf.md,13855,90_历史归档\来源语料_utf_20261009\语料\10-统一场论核心公式\公式验证论文\圆周运动正电荷产生的引力场方程\v8\验证\sf.md,B,未审计，待逐件裁定,已复制
10-统一场论核心公式/公式验证论文/圆周运动正电荷产生的引力场方程/传统物理/运动点电荷的电磁辐射理论：从经典拉莫尔公式到相对论李纳-维谢尔修正.md,25942,（内容已在 openuft，不重复复制）,B,未审计；内容已在本库,已在库跳过
10-统一场论核心公式/公式验证论文/圆周运动正电荷产生的引力场方程/传统物理/验证/验证.md,4060,90_历史归档\来源语料_utf_20261009\语料\10-统一场论核心公式\公式验证论文\圆周运动正电荷产生的引力场方程\传统物理\验证\验证.md,B,未审计，待逐件裁定,已复制
10-统一场论核心公式/公式验证论文/圆周运动正电荷产生的引力场方程/电子运动4个力的方程/算法联盟｜ZXUFT框架下四力（引力_电场力_磁场力_核力）统一方程推导与加速电子专属形式落地.md,14017,90_历史归档\来源语料_utf_20261009\语料\10-统一场论核心公式\公式验证论文\圆周运动正电荷产生的引力场方程\电子运动4个力的方程\算法联盟｜ZXUFT框架下四力（引力_电场力_磁场力_核力）统一方程推导与加速电子专属形式落地.md,B,未审计，待逐件裁定,已复制
10-统一场论核心公式/公式验证论文/圆周运动正电荷产生的引力场方程/电子运动4个力的方程/算法联盟｜ZXUFT框架下四力（引力_电场力_磁场力_核力）统一方程推导与加速电子专属形式落地（修正版）.md,22333,90_历史归档\来源语料_utf_20261009\语料\10-统一场论核心公式\公式验证论文\圆周运动正电荷产生的引力场方程\电子运动4个力的方程\算法联盟｜ZXUFT框架下四力（引力_电场力_磁场力_核力）统一方程推导与加速电子专属形式落地（修正版）.md,B,未审计，待逐件裁定,已复制
10-统一场论核心公式/公式验证论文/圆周运动正电荷产生的引力场方程/验证/1.md,8788,90_历史归档\来源语料_utf_20261009\语料\10-统一场论核心公式\公式验证论文\圆周运动正电荷产生的引力场方程\验证\1.md,B,未审计，待逐件裁定,已复制
10-统一场论核心公式/公式验证论文/圆周运动正电荷产生的引力场方程/验证/2.md,13976,90_历史归档\来源语料_utf_20261009\语料\10-统一场论核心公式\公式验证论文\圆周运动正电荷产生的引力场方程\验证\2.md,B,未审计，待逐件裁定,已复制
10-统一场论核心公式/公式验证论文/圆周运动正电荷产生的引力场方程/验证/3.md,8613,90_历史归档\来源语料_utf_20261009\语料\10-统一场论核心公式\公式验证论文\圆周运动正电荷产生的引力场方程\验证\3.md,B,未审计，待逐件裁定,已复制
10-统一场论核心公式/公式验证论文/常数 f 的量纲最终裁定/f的相关方程.md,403,（内容已在 openuft，不重复复制）,B,未审计；内容已在本库,已在库跳过
10-统一场论核心公式/公式验证论文/常数 f 的量纲最终裁定/最终验证报告.md,8839,（内容已在 openuft，不重复复制）,B,未审计；内容已在本库,已在库跳过
10-统一场论核心公式/公式验证论文/常数 f 的量纲最终裁定/code/f代入不同粒子组合的力强比质子电子.py,3724,（内容已在 openuft，不重复复制）,B,未审计；内容已在本库,已在库跳过
10-统一场论核心公式/公式验证论文/常数 f 的量纲最终裁定/code/f并非是任意的值.py,11791,（内容已在 openuft，不重复复制）,B,未审计；内容已在本库,已在库跳过
10-统一场论核心公式/公式验证论文/常数 f 的量纲最终裁定/code/通过方程验证力的大小与转换.py,4861,（内容已在 openuft，不重复复制）,B,未审计；内容已在本库,已在库跳过
10-统一场论核心公式/公式验证论文/常数 f 的量纲最终裁定/code/test/calculate_f.py,2682,（内容已在 openuft，不重复复制）,B,未审计；内容已在本库,已在库跳过
10-统一场论核心公式/公式验证论文/常数 f 的量纲最终裁定/code/test/calculate_forces.py,3739,（内容已在 openuft，不重复复制）,B,未审计；内容已在本库,已在库跳过
10-统一场论核心公式/公式验证论文/常数 f 的量纲最终裁定/code/test/comprehensive_analysis.py,4512,（内容已在 openuft，不重复复制）,B,未审计；内容已在本库,已在库跳过
10-统一场论核心公式/公式验证论文/常数 f 的量纲最终裁定/code/test/comprehensive_f_validation.py,8939,（内容已在 openuft，不重复复制）,B,未审计；内容已在本库,已在库跳过
10-统一场论核心公式/公式验证论文/常数 f 的量纲最终裁定/code/test/correct_dimension_verification.py,5739,（内容已在 openuft，不重复复制）,B,未审计；内容已在本库,已在库跳过
10-统一场论核心公式/公式验证论文/常数 f 的量纲最终裁定/code/test/dimension_verification.py,5978,（内容已在 openuft，不重复复制）,B,未审计；内容已在本库,已在库跳过
10-统一场论核心公式/公式验证论文/常数 f 的量纲最终裁定/code/test/equation_dimension_verification.py,5424,（内容已在 openuft，不重复复制）,B,未审计；内容已在本库,已在库跳过
10-统一场论核心公式/公式验证论文/常数 f 的量纲最终裁定/code/test/equation_dimension_verification_fixed.py,6854,（内容已在 openuft，不重复复制）,B,未审计；内容已在本库,已在库跳过
10-统一场论核心公式/公式验证论文/常数 f 的量纲最终裁定/code/test/exact_step_by_step.py,3338,（内容已在 openuft，不重复复制）,B,未审计；内容已在本库,已在库跳过
10-统一场论核心公式/公式验证论文/常数 f 的量纲最终裁定/code/test/final_verdict.md,4062,（内容已在 openuft，不重复复制）,B,未审计；内容已在本库,已在库跳过
10-统一场论核心公式/公式验证论文/常数 f 的量纲最终裁定/code/test/final_权威分析.py,5667,（内容已在 openuft，不重复复制）,B,未审计；内容已在本库,已在库跳过
10-统一场论核心公式/公式验证论文/常数 f 的量纲最终裁定/code/test/f_comparison.py,2655,（内容已在 openuft，不重复复制）,B,未审计；内容已在本库,已在库跳过
10-统一场论核心公式/公式验证论文/常数 f 的量纲最终裁定/code/test/f_correct_analysis.py,2792,（内容已在 openuft，不重复复制）,B,未审计；内容已在本库,已在库跳过
10-统一场论核心公式/公式验证论文/常数 f 的量纲最终裁定/code/test/f_definition_background.md,5300,（内容已在 openuft，不重复复制）,B,未审计；内容已在本库,已在库跳过
10-统一场论核心公式/公式验证论文/常数 f 的量纲最终裁定/code/test/result_comparison.py,1986,（内容已在 openuft，不重复复制）,B,未审计；内容已在本库,已在库跳过
10-统一场论核心公式/公式验证论文/常数 f 的量纲最终裁定/code/test/simple_validation.py,2380,（内容已在 openuft，不重复复制）,B,未审计；内容已在本库,已在库跳过
10-统一场论核心公式/公式验证论文/常数 f 的量纲最终裁定/code/test/simple_verify.py,6540,（内容已在 openuft，不重复复制）,B,未审计；内容已在本库,已在库跳过
10-统一场论核心公式/公式验证论文/常数 f 的量纲最终裁定/code/test/step_by_step_calculation.py,12218,（内容已在 openuft，不重复复制）,B,未审计；内容已在本库,已在库跳过
10-统一场论核心公式/公式验证论文/常数 f 的量纲最终裁定/code/test/test_verify_f.py,5287,（内容已在 openuft，不重复复制）,B,未审计；内容已在本库,已在库跳过
10-统一场论核心公式/公式验证论文/常数 f 的量纲最终裁定/code/test/validation_analysis.py,518,（内容已在 openuft，不重复复制）,B,未审计；内容已在本库,已在库跳过
10-统一场论核心公式/公式验证论文/常数 f 的量纲最终裁定/code/test/verify_equations.py,4204,（内容已在 openuft，不重复复制）,B,未审计；内容已在本库,已在库跳过
10-统一场论核心公式/公式验证论文/常数 f 的量纲最终裁定/code/test/verify_f.py,39026,（内容已在 openuft，不重复复制）,B,未审计；内容已在本库,已在库跳过
10-统一场论核心公式/公式验证论文/常数 f 的量纲最终裁定/code/test/verify_f_dimensions.py,6786,（内容已在 openuft，不重复复制）,B,未审计；内容已在本库,已在库跳过
10-统一场论核心公式/公式验证论文/常数 f 的量纲最终裁定/code/test/verify_f_relation.py,2732,（内容已在 openuft，不重复复制）,B,未审计；内容已在本库,已在库跳过
10-统一场论核心公式/公式验证论文/常数 f 的量纲最终裁定/code/test/verify_Z_prime.py,2661,（内容已在 openuft，不重复复制）,B,未审计；内容已在本库,已在库跳过
10-统一场论核心公式/公式验证论文/常数 f 的量纲最终裁定/code/test/量纲分析异常解释.md,2589,（内容已在 openuft，不重复复制）,B,未审计；内容已在本库,已在库跳过
10-统一场论核心公式/公式验证论文/常数 f 的量纲最终裁定/f求导出各个力/验证/1.md,12760,90_历史归档\来源语料_utf_20261009\语料\10-统一场论核心公式\公式验证论文\常数 f 的量纲最终裁定\f求导出各个力\验证\1.md,B,未审计，待逐件裁定,已复制
10-统一场论核心公式/公式验证论文/常数 f 的量纲最终裁定/f的值/f值详细分析验证报告.md,13002,（内容已在 openuft，不重复复制）,B,未审计；内容已在本库,已在库跳过
10-统一场论核心公式/公式验证论文/常数 f 的量纲最终裁定/f的值/verify_derivatives.py,7292,（内容已在 openuft，不重复复制）,B,未审计；内容已在本库,已在库跳过
10-统一场论核心公式/公式验证论文/常数 f 的量纲最终裁定/f的值/verify_results.txt,0,（内容已在 openuft，不重复复制）,B,未审计；内容已在本库,已在库跳过
10-统一场论核心公式/公式验证论文/常数 f 的量纲最终裁定/f的值/常数f的值.md,49455,（内容已在 openuft，不重复复制）,B,未审计；内容已在本库,已在库跳过
10-统一场论核心公式/公式验证论文/常数 f 的量纲最终裁定/f的值/耦合系数f系统性验证摘要.md,3126,（内容已在 openuft，不重复复制）,B,未审计；内容已在本库,已在库跳过
10-统一场论核心公式/公式验证论文/常数 f 的量纲最终裁定/传统物理的f/1.md,9377,（内容已在 openuft，不重复复制）,B,未审计；内容已在本库,已在库跳过
10-统一场论核心公式/公式验证论文/常数 f 的量纲最终裁定/传统物理的f/2.md,6425,（内容已在 openuft，不重复复制）,B,未审计；内容已在本库,已在库跳过
10-统一场论核心公式/公式验证论文/常数 f 的量纲最终裁定/传统物理的f/3.md,1180,（内容已在 openuft，不重复复制）,B,未审计；内容已在本库,已在库跳过
10-统一场论核心公式/公式验证论文/常数 f 的量纲最终裁定/传统物理的f/4.md,991,（内容已在 openuft，不重复复制）,B,未审计；内容已在本库,已在库跳过
10-统一场论核心公式/公式验证论文/常数 f 的量纲最终裁定/修复后的论文/张祥前统一场论耦合常数f的全面验证：量纲分析、数值计算与多维向量导数证明（修复版）.md,37132,（内容已在 openuft，不重复复制）,B,未审计；内容已在本库,已在库跳过
10-统一场论核心公式/公式验证论文/常数 f 的量纲最终裁定/修复方案/与经典物理对应关系.md,10395,（内容已在 openuft，不重复复制）,B,未审计；内容已在本库,已在库跳过
10-统一场论核心公式/公式验证论文/常数 f 的量纲最终裁定/修复方案/基本物理量定义.md,4667,（内容已在 openuft，不重复复制）,B,未审计；内容已在本库,已在库跳过
10-统一场论核心公式/公式验证论文/常数 f 的量纲最终裁定/修复方案/实验验证可行性评估.md,11185,（内容已在 openuft，不重复复制）,B,未审计；内容已在本库,已在库跳过
10-统一场论核心公式/公式验证论文/常数 f 的量纲最终裁定/修复方案/数学推导修复.md,10742,（内容已在 openuft，不重复复制）,B,未审计；内容已在本库,已在库跳过
10-统一场论核心公式/公式验证论文/常数 f 的量纲最终裁定/分析验证/1.md,8371,（内容已在 openuft，不重复复制）,B,未审计；内容已在本库,已在库跳过
10-统一场论核心公式/公式验证论文/常数 f 的量纲最终裁定/分析验证/2.md,4501,（内容已在 openuft，不重复复制）,B,未审计；内容已在本库,已在库跳过
10-统一场论核心公式/公式验证论文/常数 f 的量纲最终裁定/分析验证/3个方程的量纲.md,6447,90_历史归档\来源语料_utf_20261009\语料\10-统一场论核心公式\公式验证论文\常数 f 的量纲最终裁定\分析验证\3个方程的量纲.md,B,未审计，待逐件裁定,已复制
10-统一场论核心公式/公式验证论文/常数 f 的量纲最终裁定/分析验证/comprehensive_analysis.md,16710,90_历史归档\来源语料_utf_20261009\语料\10-统一场论核心公式\公式验证论文\常数 f 的量纲最终裁定\分析验证\comprehensive_analysis.md,B,未审计，待逐件裁定,已复制
10-统一场论核心公式/公式验证论文/常数 f 的量纲最终裁定/分析验证/Z.md,10802,（内容已在 openuft，不重复复制）,B,未审计；内容已在本库,已在库跳过
10-统一场论核心公式/公式验证论文/常数 f 的量纲最终裁定/分析验证/传统物理与张祥前对比分析.md,7962,（内容已在 openuft，不重复复制）,B,未审计；内容已在本库,已在库跳过
10-统一场论核心公式/公式验证论文/常数 f 的量纲最终裁定/分析验证/常数 f 的正确量纲.md,2994,（内容已在 openuft，不重复复制）,B,未审计；内容已在本库,已在库跳过
10-统一场论核心公式/公式验证论文/常数 f 的量纲最终裁定/分析验证/常数 f 的验证报告.md,8889,（内容已在 openuft，不重复复制）,B,未审计；内容已在本库,已在库跳过
10-统一场论核心公式/公式验证论文/常数 f 的量纲最终裁定/分析验证/张祥前统一场论中耦合常数f的物理本质分析.md,5392,（内容已在 openuft，不重复复制）,B,未审计；内容已在本库,已在库跳过
10-统一场论核心公式/公式验证论文/常数 f 的量纲最终裁定/分析验证/张祥前统一场论中耦合常数f的理论推导、量纲分析与数值验证.md,16862,（内容已在 openuft，不重复复制）,B,未审计；内容已在本库,已在库跳过
10-统一场论核心公式/公式验证论文/常数 f 的量纲最终裁定/分析验证/张祥前统一场论常数 f 量纲验证：Python 计算分析与推导.md,15804,（内容已在 openuft，不重复复制）,B,未审计；内容已在本库,已在库跳过
10-统一场论核心公式/公式验证论文/常数 f 的量纲最终裁定/分析验证/统一场论常数 f 量纲的重新分析与最终裁定.md,5492,（内容已在 openuft，不重复复制）,B,未审计；内容已在本库,已在库跳过
10-统一场论核心公式/公式验证论文/常数 f 的量纲最终裁定/分析验证/统一场论耦合常数f的作用、量纲与数值研究.md,13580,90_历史归档\来源语料_utf_20261009\语料\10-统一场论核心公式\公式验证论文\常数 f 的量纲最终裁定\分析验证\统一场论耦合常数f的作用、量纲与数值研究.md,B,未审计，待逐件裁定,已复制
10-统一场论核心公式/公式验证论文/常数 f 的量纲最终裁定/分析验证/耦合常数的物理意义及应用价值.md,23722,（内容已在 openuft，不重复复制）,B,未审计；内容已在本库,已在库跳过
10-统一场论核心公式/公式验证论文/常数 f 的量纲最终裁定/分析验证/量纲一致性验证报告.md,3276,（内容已在 openuft，不重复复制）,B,未审计；内容已在本库,已在库跳过
10-统一场论核心公式/公式验证论文/常数 f 的量纲最终裁定/分析验证/验证 f 在经典物理公式中的合理性.md,12520,（内容已在 openuft，不重复复制）,B,未审计；内容已在本库,已在库跳过
10-统一场论核心公式/公式验证论文/常数 f 的量纲最终裁定/张祥前/analysis_report.md,2299,（内容已在 openuft，不重复复制）,B,未审计；内容已在本库,已在库跳过
10-统一场论核心公式/公式验证论文/常数 f 的量纲最终裁定/论文/v1/验证/1.md,20069,90_历史归档\来源语料_utf_20261009\语料\10-统一场论核心公式\公式验证论文\常数 f 的量纲最终裁定\论文\v1\验证\1.md,B,未审计，待逐件裁定,已复制
10-统一场论核心公式/公式验证论文/常数 f 的量纲最终裁定/论文/v1/验证/1.md分析报告.md,5664,（内容已在 openuft，不重复复制）,B,未审计；内容已在本库,已在库跳过
10-统一场论核心公式/公式验证论文/常数 f 的量纲最终裁定/论文/v1/验证/优化建议总结.txt,5777,（内容已在 openuft，不重复复制）,B,未审计；内容已在本库,已在库跳过
10-统一场论核心公式/公式验证论文/常数 f 的量纲最终裁定/论文/v1/验证/分析报告.md,7397,（内容已在 openuft，不重复复制）,B,未审计；内容已在本库,已在库跳过
10-统一场论核心公式/公式验证论文/常数 f 的量纲最终裁定/论文/v1/验证/参考文献比较.txt,3694,90_历史归档\来源语料_utf_20261009\语料\10-统一场论核心公式\公式验证论文\常数 f 的量纲最终裁定\论文\v1\验证\参考文献比较.txt,B,未审计，待逐件裁定,已复制
10-统一场论核心公式/公式验证论文/常数 f 的量纲最终裁定/论文/v1/验证/多维求导比较.txt,2705,（内容已在 openuft，不重复复制）,B,未审计；内容已在本库,已在库跳过
10-统一场论核心公式/公式验证论文/常数 f 的量纲最终裁定/论文/v1/验证/实验验证比较.txt,4624,（内容已在 openuft，不重复复制）,B,未审计；内容已在本库,已在库跳过
10-统一场论核心公式/公式验证论文/常数 f 的量纲最终裁定/论文/v1/验证/张祥前统一场论常数f论文评估报告.md,8218,（内容已在 openuft，不重复复制）,B,未审计；内容已在本库,已在库跳过
10-统一场论核心公式/公式验证论文/常数 f 的量纲最终裁定/论文/v1/验证/张祥前统一场论耦合常数f的全面验证：量纲分析、数值计算与多维向量导数证明.md,62977,（内容已在 openuft，不重复复制）,B,未审计；内容已在本库,已在库跳过
10-统一场论核心公式/公式验证论文/常数 f 的量纲最终裁定/论文/v1/验证/张祥前统一场论耦合常数f的力的精确性验证：基于核心方程的数值计算与自洽性证明.md,11200,（内容已在 openuft，不重复复制）,B,未审计；内容已在本库,已在库跳过
10-统一场论核心公式/公式验证论文/常数 f 的量纲最终裁定/论文/v1/验证/结构比较.txt,2336,（内容已在 openuft，不重复复制）,B,未审计；内容已在本库,已在库跳过
10-统一场论核心公式/公式验证论文/常数 f 的量纲最终裁定/论文/v1/验证/跨场耦合比较.txt,3793,（内容已在 openuft，不重复复制）,B,未审计；内容已在本库,已在库跳过
10-统一场论核心公式/公式验证论文/常数 f 的量纲最终裁定/论文/v1/验证/量纲分析比较.txt,2409,（内容已在 openuft，不重复复制）,B,未审计；内容已在本库,已在库跳过
10-统一场论核心公式/公式验证论文/常数 f 的量纲最终裁定/论文/v2/1.md,10772,（内容已在 openuft，不重复复制）,B,未审计；内容已在本库,已在库跳过
10-统一场论核心公式/公式验证论文/常数 f 的量纲最终裁定/论文/v2/verification_report.md,5704,（内容已在 openuft，不重复复制）,B,未审计；内容已在本库,已在库跳过
10-统一场论核心公式/公式验证论文/常数 f 的量纲最终裁定/论文/v2/verify_f.py,2703,（内容已在 openuft，不重复复制）,B,未审计；内容已在本库,已在库跳过
10-统一场论核心公式/公式验证论文/常数 f 的量纲最终裁定/论文/v2/verify_force_ratios.py,11178,（内容已在 openuft，不重复复制）,B,未审计；内容已在本库,已在库跳过
10-统一场论核心公式/公式验证论文/常数 f 的量纲最终裁定/论文/v2/张祥前统一场论耦合常数f的全面验证：量纲分析、数值计算与多维向量导数证明.md,49820,（内容已在 openuft，不重复复制）,B,未审计；内容已在本库,已在库跳过
10-统一场论核心公式/公式验证论文/常数 f 的量纲最终裁定/论文/v2/法拉第定律求导对比表.md,7473,（内容已在 openuft，不重复复制）,B,未审计；内容已在本库,已在库跳过
10-统一场论核心公式/公式验证论文/常数 f 的量纲最终裁定/论文/v2/code/1.py,5560,（内容已在 openuft，不重复复制）,B,未审计；内容已在本库,已在库跳过
10-统一场论核心公式/公式验证论文/常数 f 的量纲最终裁定/论文/v3/引力-电磁统一的几何动力学：基于几何不变量f的协变求导、普适法拉第定律与全维度验证.md,14580,90_历史归档\来源语料_utf_20261009\语料\10-统一场论核心公式\公式验证论文\常数 f 的量纲最终裁定\论文\v3\引力-电磁统一的几何动力学：基于几何不变量f的协变求导、普适法拉第定律与全维度验证.md,B,未审计，待逐件裁定,已复制
10-统一场论核心公式/公式验证论文/常数 f 的量纲最终裁定/量纲/1.md,15724,90_历史归档\来源语料_utf_20261009\语料\10-统一场论核心公式\公式验证论文\常数 f 的量纲最终裁定\量纲\1.md,B,未审计，待逐件裁定,已复制
10-统一场论核心公式/公式验证论文/常数 f 的量纲最终裁定/量纲/张祥前统一场论（ZXUFT）中引力场加速度$_vec{A}$与耦合系数$f$的量纲标定及核心方程求导证明.md,44433,（内容已在 openuft，不重复复制）,B,未审计；内容已在本库,已在库跳过
10-统一场论核心公式/公式验证论文/常数 f 的量纲最终裁定/量纲/code/1.py,9021,（内容已在 openuft，不重复复制）,B,未审计；内容已在本库,已在库跳过
10-统一场论核心公式/公式验证论文/常数 f 的量纲最终裁定/量纲/code/comprehensive_analysis.py,6930,（内容已在 openuft，不重复复制）,B,未审计；内容已在本库,已在库跳过
10-统一场论核心公式/公式验证论文/常数 f 的量纲最终裁定/量纲/code/derivative_proof.py,6356,（内容已在 openuft，不重复复制）,B,未审计；内容已在本库,已在库跳过
10-统一场论核心公式/公式验证论文/常数 f 的量纲最终裁定/量纲/code/ZUFT理论数据值大小和力的比例深度验证.py,10241,（内容已在 openuft，不重复复制）,B,未审计；内容已在本库,已在库跳过
10-统一场论核心公式/公式验证论文/常数 f 的量纲最终裁定/量纲/code/数值验证.py,8384,（内容已在 openuft，不重复复制）,B,未审计；内容已在本库,已在库跳过
10-统一场论核心公式/公式验证论文/常数 f 的量纲最终裁定/量纲/code/量化验证ZXUFT框架下圆周运动正电荷引力场方程对应算法联盟分析报告.py,5831,90_历史归档\来源语料_utf_20261009\语料\10-统一场论核心公式\公式验证论文\常数 f 的量纲最终裁定\量纲\code\量化验证ZXUFT框架下圆周运动正电荷引力场方程对应算法联盟分析报告.py,B,未审计，待逐件裁定,已复制
10-统一场论核心公式/公式验证论文/常数 f 的量纲最终裁定/量纲/code/验证报告.md,8834,（内容已在 openuft，不重复复制）,B,未审计；内容已在本库,已在库跳过
10-统一场论核心公式/公式验证论文/常数 f 的量纲最终裁定/量纲/分析/$f$量纲出现差异的核心原因解析.md,13869,（内容已在 openuft，不重复复制）,B,未审计；内容已在本库,已在库跳过
10-统一场论核心公式/公式验证论文/常数 f 的量纲最终裁定/量纲/分析/基于两种$_vec{A}$物理定义的$f$量纲推导、验证及跨场耦合意义分析 (1).md,16760,90_历史归档\来源语料_utf_20261009\语料\10-统一场论核心公式\公式验证论文\常数 f 的量纲最终裁定\量纲\分析\基于两种$_vec{A}$物理定义的$f$量纲推导、验证及跨场耦合意义分析 (1).md,B,未审计，待逐件裁定,已复制
10-统一场论核心公式/公式验证论文/常数 k' 的量纲最终裁定/公式.md,479,（内容已在 openuft，不重复复制）,B,未审计；内容已在本库,已在库跳过
10-统一场论核心公式/公式验证论文/常数 k' 的量纲最终裁定/v1/1.md,15466,90_历史归档\来源语料_utf_20261009\语料\10-统一场论核心公式\公式验证论文\常数 k' 的量纲最终裁定\v1\1.md,B,未审计，待逐件裁定,已复制
10-统一场论核心公式/公式验证论文/常数 k' 的量纲最终裁定/v1/几何与现象学的桥梁：张祥前统一场论与经典电磁学等价性的系统性证明.md,15461,90_历史归档\来源语料_utf_20261009\语料\10-统一场论核心公式\公式验证论文\常数 k' 的量纲最终裁定\v1\几何与现象学的桥梁：张祥前统一场论与经典电磁学等价性的系统性证明.md,B,未审计，待逐件裁定,已复制
10-统一场论核心公式/公式验证论文/常数 k' 的量纲最终裁定/v1/基于空间几何化的统一场论及经典电磁学交叉验证.md,35422,（内容已在 openuft，不重复复制）,B,未审计；内容已在本库,已在库跳过
10-统一场论核心公式/公式验证论文/常数 k' 的量纲最终裁定/v1/常数 k' 的量纲最终裁定.md,4938,90_历史归档\来源语料_utf_20261009\语料\10-统一场论核心公式\公式验证论文\常数 k' 的量纲最终裁定\v1\常数 k' 的量纲最终裁定.md,B,未审计，待逐件裁定,已复制
10-统一场论核心公式/公式验证论文/常数 k' 的量纲最终裁定/v1/统一场论核心公式量纲验证与求导证明.md,32921,（内容已在 openuft，不重复复制）,B,未审计；内容已在本库,已在库跳过
10-统一场论核心公式/公式验证论文/常数 k' 的量纲最终裁定/v2/统一场论核心公式量纲验证与求导证明.md,24956,（内容已在 openuft，不重复复制）,B,未审计；内容已在本库,已在库跳过
10-统一场论核心公式/公式验证论文/常数 k' 的量纲最终裁定/v2/code/1.py,8155,（内容已在 openuft，不重复复制）,B,未审计；内容已在本库,已在库跳过
10-统一场论核心公式/公式验证论文/常数 k' 的量纲最终裁定/v2/code/verification_report.md,4146,（内容已在 openuft，不重复复制）,B,未审计；内容已在本库,已在库跳过
10-统一场论核心公式/公式验证论文/常数 k' 的量纲最终裁定/v2/code/verify_derivatives.py,2154,（内容已在 openuft，不重复复制）,B,未审计；内容已在本库,已在库跳过
10-统一场论核心公式/公式验证论文/常数 k' 的量纲最终裁定/v2/code/verify_formulas.py,13188,（内容已在 openuft，不重复复制）,B,未审计；内容已在本库,已在库跳过
10-统一场论核心公式/公式验证论文/常数 k' 的量纲最终裁定/v2/code/verify_k_value.py,3766,（内容已在 openuft，不重复复制）,B,未审计；内容已在本库,已在库跳过
10-统一场论核心公式/公式验证论文/常数 k' 的量纲最终裁定/v2/code/全面验证.py,3916,（内容已在 openuft，不重复复制）,B,未审计；内容已在本库,已在库跳过
10-统一场论核心公式/公式验证论文/常数 k' 的量纲最终裁定/v2/code/数值验证.py,9550,（内容已在 openuft，不重复复制）,B,未审计；内容已在本库,已在库跳过
10-统一场论核心公式/公式验证论文/常数 k' 的量纲最终裁定/v2/code/统一场论（ZXUFT）核心公式验证脚本.py,12492,（内容已在 openuft，不重复复制）,B,未审计；内容已在本库,已在库跳过
10-统一场论核心公式/公式验证论文/常数 k' 的量纲最终裁定/v2/验证/全面验证.md,20283,（内容已在 openuft，不重复复制）,B,未审计；内容已在本库,已在库跳过
10-统一场论核心公式/公式验证论文/常数 k' 的量纲最终裁定/v2/验证/统一场论中电荷与电场的 k 值推导.md,31395,（内容已在 openuft，不重复复制）,B,未审计；内容已在本库,已在库跳过
10-统一场论核心公式/公式验证论文/常数 k' 的量纲最终裁定/v3/验证/1.md,21304,（内容已在 openuft，不重复复制）,B,未审计；内容已在本库,已在库跳过
10-统一场论核心公式/公式验证论文/常数 k' 的量纲最终裁定/v3/验证/k_prime_verification.py,7669,（内容已在 openuft，不重复复制）,B,未审计；内容已在本库,已在库跳过
10-统一场论核心公式/公式验证论文/常数 k' 的量纲最终裁定/v4/1.md,10559,90_历史归档\来源语料_utf_20261009\语料\10-统一场论核心公式\公式验证论文\常数 k' 的量纲最终裁定\v4\1.md,B,未审计，待逐件裁定,已复制
10-统一场论核心公式/公式验证论文/常数 k' 的量纲最终裁定/v4/code/verify_k_prime.py,4064,（内容已在 openuft，不重复复制）,B,未审计；内容已在本库,已在库跳过
10-统一场论核心公式/公式验证论文/常数 k' 的量纲最终裁定/v5/1.md,15350,（内容已在 openuft，不重复复制）,B,未审计；内容已在本库,已在库跳过
10-统一场论核心公式/公式验证论文/常数 k' 的量纲最终裁定/v5/code/verify_k_prime.py,4711,（内容已在 openuft，不重复复制）,B,未审计；内容已在本库,已在库跳过
10-统一场论核心公式/公式验证论文/常数 k' 的量纲最终裁定/v6/comprehensive_derivation_verification.py,10389,（内容已在 openuft，不重复复制）,B,未审计；内容已在本库,已在库跳过
10-统一场论核心公式/公式验证论文/常数 k' 的量纲最终裁定/v6/张祥前统一场论核心场方程的经典验证——基于电子与质子的求导溯源及力的精确计算.md,30157,90_历史归档\来源语料_utf_20261009\语料\10-统一场论核心公式\公式验证论文\常数 k' 的量纲最终裁定\v6\张祥前统一场论核心场方程的经典验证——基于电子与质子的求导溯源及力的精确计算.md,B,未审计，待逐件裁定,已复制
10-统一场论核心公式/公式验证论文/常数 k' 的量纲最终裁定/v6/张祥前统一场论核心场方程的经典验证——整合版.md,37084,（内容已在 openuft，不重复复制）,B,未审计；内容已在本库,已在库跳过
10-统一场论核心公式/公式验证论文/常数 k' 的量纲最终裁定/v6/code/1.py,11250,90_历史归档\来源语料_utf_20261009\语料\10-统一场论核心公式\公式验证论文\常数 k' 的量纲最终裁定\v6\code\1.py,B,未审计，待逐件裁定,已复制
10-统一场论核心公式/公式验证论文/常数 k' 的量纲最终裁定/v6/code/2.py,8078,（内容已在 openuft，不重复复制）,B,未审计；内容已在本库,已在库跳过
10-统一场论核心公式/公式验证论文/常数 k' 的量纲最终裁定/v6/code/calculate_k_prime.py,1142,（内容已在 openuft，不重复复制）,B,未审计；内容已在本库,已在库跳过
10-统一场论核心公式/公式验证论文/常数 k' 的量纲最终裁定/v6/code/k_prime_verification.py,11113,90_历史归档\来源语料_utf_20261009\语料\10-统一场论核心公式\公式验证论文\常数 k' 的量纲最终裁定\v6\code\k_prime_verification.py,B,未审计，待逐件裁定,已复制
10-统一场论核心公式/公式验证论文/常数 k' 的量纲最终裁定/v6/code/verify_dimensions.py,1890,（内容已在 openuft，不重复复制）,B,未审计；内容已在本库,已在库跳过
10-统一场论核心公式/公式验证论文/常数 k' 的量纲最终裁定/v6/code/直观展示两个k_e公式的差异形成过程.py,6878,（内容已在 openuft，不重复复制）,B,未审计；内容已在本库,已在库跳过
10-统一场论核心公式/公式验证论文/常数 k' 的量纲最终裁定/v6/code/验证k'.py,6380,（内容已在 openuft，不重复复制）,B,未审计；内容已在本库,已在库跳过
10-统一场论核心公式/公式验证论文/常数 k' 的量纲最终裁定/v6/传统物理/SI单位制.md,11559,（内容已在 openuft，不重复复制）,B,未审计；内容已在本库,已在库跳过
10-统一场论核心公式/公式验证论文/常数 k' 的量纲最终裁定/v6/传统物理/传统物理对比.md,13324,（内容已在 openuft，不重复复制）,B,未审计；内容已在本库,已在库跳过
10-统一场论核心公式/公式验证论文/常数 k' 的量纲最终裁定/v6/传统物理/公式适用体系不同对比.md,10806,（内容已在 openuft，不重复复制）,B,未审计；内容已在本库,已在库跳过
10-统一场论核心公式/公式验证论文/常数 k' 的量纲最终裁定/v6/公式验证/1.md,10026,90_历史归档\来源语料_utf_20261009\语料\10-统一场论核心公式\公式验证论文\常数 k' 的量纲最终裁定\v6\公式验证\1.md,B,未审计，待逐件裁定,已复制
10-统一场论核心公式/公式验证论文/常数 k' 的量纲最终裁定/v6/公式验证/2.md,10026,90_历史归档\来源语料_utf_20261009\语料\10-统一场论核心公式\公式验证论文\常数 k' 的量纲最终裁定\v6\公式验证\2.md,B,未审计，待逐件裁定,已复制
10-统一场论核心公式/公式验证论文/常数 k' 的量纲最终裁定/v6/公式验证/3.md,3552,（内容已在 openuft，不重复复制）,B,未审计；内容已在本库,已在库跳过
10-统一场论核心公式/公式验证论文/常数 k' 的量纲最终裁定/v6/公式验证/comprehensive_verification.py,7861,（内容已在 openuft，不重复复制）,B,未审计；内容已在本库,已在库跳过
10-统一场论核心公式/公式验证论文/常数 k' 的量纲最终裁定/v6/公式验证/verify_all.py,5910,（内容已在 openuft，不重复复制）,B,未审计；内容已在本库,已在库跳过
10-统一场论核心公式/公式验证论文/常数 k' 的量纲最终裁定/v6/公式验证/verify_ZXUFT.py,10010,（内容已在 openuft，不重复复制）,B,未审计；内容已在本库,已在库跳过
10-统一场论核心公式/公式验证论文/常数 k' 的量纲最终裁定/v6/公式验证/数据计算.md,15054,（内容已在 openuft，不重复复制）,B,未审计；内容已在本库,已在库跳过
10-统一场论核心公式/公式验证论文/常数 k' 的量纲最终裁定/v6/公式验证/电子质子代入计算.md,12292,（内容已在 openuft，不重复复制）,B,未审计；内容已在本库,已在库跳过
10-统一场论核心公式/公式验证论文/常数 k' 的量纲最终裁定/v6/验证/1.md,12811,90_历史归档\来源语料_utf_20261009\语料\10-统一场论核心公式\公式验证论文\常数 k' 的量纲最终裁定\v6\验证\1.md,B,未审计，待逐件裁定,已复制
10-统一场论核心公式/公式验证论文/常数 k' 的量纲最终裁定/v6/验证/10.md,4939,（内容已在 openuft，不重复复制）,B,未审计；内容已在本库,已在库跳过
10-统一场论核心公式/公式验证论文/常数 k' 的量纲最终裁定/v6/验证/11.md,11152,（内容已在 openuft，不重复复制）,B,未审计；内容已在本库,已在库跳过
10-统一场论核心公式/公式验证论文/常数 k' 的量纲最终裁定/v6/验证/12.md,12851,90_历史归档\来源语料_utf_20261009\语料\10-统一场论核心公式\公式验证论文\常数 k' 的量纲最终裁定\v6\验证\12.md,B,未审计，待逐件裁定,已复制
10-统一场论核心公式/公式验证论文/常数 k' 的量纲最终裁定/v6/验证/13.md,18754,90_历史归档\来源语料_utf_20261009\语料\10-统一场论核心公式\公式验证论文\常数 k' 的量纲最终裁定\v6\验证\13.md,B,未审计，待逐件裁定,已复制
10-统一场论核心公式/公式验证论文/常数 k' 的量纲最终裁定/v6/验证/2.md,7419,90_历史归档\来源语料_utf_20261009\语料\10-统一场论核心公式\公式验证论文\常数 k' 的量纲最终裁定\v6\验证\2.md,B,未审计，待逐件裁定,已复制
10-统一场论核心公式/公式验证论文/常数 k' 的量纲最终裁定/v6/验证/3.md,9634,（内容已在 openuft，不重复复制）,B,未审计；内容已在本库,已在库跳过
10-统一场论核心公式/公式验证论文/常数 k' 的量纲最终裁定/v6/验证/4.md,6871,90_历史归档\来源语料_utf_20261009\语料\10-统一场论核心公式\公式验证论文\常数 k' 的量纲最终裁定\v6\验证\4.md,B,未审计，待逐件裁定,已复制
10-统一场论核心公式/公式验证论文/常数 k' 的量纲最终裁定/v6/验证/5.md,5752,90_历史归档\来源语料_utf_20261009\语料\10-统一场论核心公式\公式验证论文\常数 k' 的量纲最终裁定\v6\验证\5.md,B,未审计，待逐件裁定,已复制
10-统一场论核心公式/公式验证论文/常数 k' 的量纲最终裁定/v6/验证/6.md,17362,（内容已在 openuft，不重复复制）,B,未审计；内容已在本库,已在库跳过
10-统一场论核心公式/公式验证论文/常数 k' 的量纲最终裁定/v6/验证/7.md,7644,90_历史归档\来源语料_utf_20261009\语料\10-统一场论核心公式\公式验证论文\常数 k' 的量纲最终裁定\v6\验证\7.md,B,未审计，待逐件裁定,已复制
10-统一场论核心公式/公式验证论文/常数 k' 的量纲最终裁定/v6/验证/8.md,18138,（内容已在 openuft，不重复复制）,B,未审计；内容已在本库,已在库跳过
10-统一场论核心公式/公式验证论文/常数 k' 的量纲最终裁定/v6/验证/9.md,6511,90_历史归档\来源语料_utf_20261009\语料\10-统一场论核心公式\公式验证论文\常数 k' 的量纲最终裁定\v6\验证\9.md,B,未审计，待逐件裁定,已复制
10-统一场论核心公式/公式验证论文/常数 k' 的量纲最终裁定/v6/验证/full_validation.py,21923,90_历史归档\来源语料_utf_20261009\语料\10-统一场论核心公式\公式验证论文\常数 k' 的量纲最终裁定\v6\验证\full_validation.py,B,未审计，待逐件裁定,已复制
10-统一场论核心公式/公式验证论文/常数 k' 的量纲最终裁定/v6/验证/validate_all_formulas.py,4851,（内容已在 openuft，不重复复制）,B,未审计；内容已在本库,已在库跳过
10-统一场论核心公式/公式验证论文/常数 k' 的量纲最终裁定/v6/验证/validate_electric_field.py,1768,（内容已在 openuft，不重复复制）,B,未审计；内容已在本库,已在库跳过
10-统一场论核心公式/公式验证论文/常数 k' 的量纲最终裁定/v6/验证/validation_report.md,5901,90_历史归档\来源语料_utf_20261009\语料\10-统一场论核心公式\公式验证论文\常数 k' 的量纲最终裁定\v6\验证\validation_report.md,B,未审计，待逐件裁定,已复制
10-统一场论核心公式/公式验证论文/常数 k' 的量纲最终裁定/v6/验证/validation_summary.py,3628,（内容已在 openuft，不重复复制）,B,未审计；内容已在本库,已在库跳过
10-统一场论核心公式/公式验证论文/常数 k' 的量纲最终裁定/v6/验证/verify_alpha.py,1702,（内容已在 openuft，不重复复制）,B,未审计；内容已在本库,已在库跳过
10-统一场论核心公式/公式验证论文/常数 k' 的量纲最终裁定/v6/验证/verify_ke.py,4231,（内容已在 openuft，不重复复制）,B,未审计；内容已在本库,已在库跳过
10-统一场论核心公式/公式验证论文/常数 k' 的量纲最终裁定/v6/验证/verify_k_prime.py,1862,（内容已在 openuft，不重复复制）,B,未审计；内容已在本库,已在库跳过
10-统一场论核心公式/公式验证论文/常数 k' 的量纲最终裁定/v6/验证/verify_k_prime_z_prime.py,2834,（内容已在 openuft，不重复复制）,B,未审计；内容已在本库,已在库跳过
10-统一场论核心公式/公式验证论文/常数 k' 的量纲最终裁定/v6/验证/验证报告.md,7793,90_历史归档\来源语料_utf_20261009\语料\10-统一场论核心公式\公式验证论文\常数 k' 的量纲最终裁定\v6\验证\验证报告.md,B,未审计，待逐件裁定,已复制
10-统一场论核心公式/历史版本/README.md,4741,90_历史归档\来源语料_utf_20261009\语料\10-统一场论核心公式\历史版本\README.md,B,未审计，待逐件裁定,已复制
10-统一场论核心公式/历史版本/verify_formulas.py,7782,90_历史归档\来源语料_utf_20261009\语料\10-统一场论核心公式\历史版本\verify_formulas.py,B,未审计，待逐件裁定,已复制
10-统一场论核心公式/历史版本/常数验证结果分析.md,5915,90_历史归档\来源语料_utf_20261009\语料\10-统一场论核心公式\历史版本\常数验证结果分析.md,B,未审计，待逐件裁定,已复制
10-统一场论核心公式/历史版本/常数验证脚本.py,10871,90_历史归档\来源语料_utf_20261009\语料\10-统一场论核心公式\历史版本\常数验证脚本.py,B,未审计，待逐件裁定,已复制
10-统一场论核心公式/历史版本/张祥前统一场论公式层次分析与逻辑引用重排.md,21958,90_历史归档\来源语料_utf_20261009\语料\10-统一场论核心公式\历史版本\张祥前统一场论公式层次分析与逻辑引用重排.md,B,未审计，待逐件裁定,已复制
10-统一场论核心公式/历史版本/张祥前统一场论整合文档.md,44226,90_历史归档\来源语料_utf_20261009\语料\10-统一场论核心公式\历史版本\张祥前统一场论整合文档.md,B,未审计，待逐件裁定,已复制
10-统一场论核心公式/历史版本/张祥前统一场论核心重要公式方程.md,40953,90_历史归档\来源语料_utf_20261009\语料\10-统一场论核心公式\历史版本\张祥前统一场论核心重要公式方程.md,B,未审计，待逐件裁定,已复制
10-统一场论核心公式/历史版本/张祥前统一场论综合文档.md,58877,90_历史归档\来源语料_utf_20261009\语料\10-统一场论核心公式\历史版本\张祥前统一场论综合文档.md,B,未审计，待逐件裁定,已复制
10-统一场论核心公式/历史版本/核心公式索引.md,4204,90_历史归档\来源语料_utf_20261009\语料\10-统一场论核心公式\历史版本\核心公式索引.md,B,未审计，待逐件裁定,已复制
10-统一场论核心公式/历史版本/量纲验证.py,5654,90_历史归档\来源语料_utf_20261009\语料\10-统一场论核心公式\历史版本\量纲验证.py,B,未审计，待逐件裁定,已复制
10-统一场论核心公式/历史版本/20260110/张祥前统一场论核心重要公式方程.md,49907,90_历史归档\来源语料_utf_20261009\语料\10-统一场论核心公式\历史版本\20260110\张祥前统一场论核心重要公式方程.md,B,未审计，待逐件裁定,已复制
10-统一场论核心公式/可视化/debug_speedup.py,819,90_历史归档\来源语料_utf_20261009\语料\10-统一场论核心公式\可视化\debug_speedup.py,B,未审计，待逐件裁定,已复制
10-统一场论核心公式/可视化/enhanced_visualizations.py,15508,90_历史归档\来源语料_utf_20261009\语料\10-统一场论核心公式\可视化\enhanced_visualizations.py,B,未审计，待逐件裁定,已复制
10-统一场论核心公式/可视化/field_visualizations.py,24811,90_历史归档\来源语料_utf_20261009\语料\10-统一场论核心公式\可视化\field_visualizations.py,B,未审计，待逐件裁定,已复制
10-统一场论核心公式/可视化/fix_fonts_and_latex.py,10573,90_历史归档\来源语料_utf_20261009\语料\10-统一场论核心公式\可视化\fix_fonts_and_latex.py,B,未审计，待逐件裁定,已复制
10-统一场论核心公式/可视化/font_and_latex_fix_log.txt,604,90_历史归档\来源语料_utf_20261009\语料\10-统一场论核心公式\可视化\font_and_latex_fix_log.txt,B,未审计，待逐件裁定,已复制
10-统一场论核心公式/可视化/high_performance_optimization.py,24686,90_历史归档\来源语料_utf_20261009\语料\10-统一场论核心公式\可视化\high_performance_optimization.py,B,未审计，待逐件裁定,已复制
10-统一场论核心公式/可视化/manim_visualizations.py,34879,90_历史归档\来源语料_utf_20261009\语料\10-统一场论核心公式\可视化\manim_visualizations.py,B,未审计，待逐件裁定,已复制
10-统一场论核心公式/可视化/missing_formulas_visualization.py,15227,90_历史归档\来源语料_utf_20261009\语料\10-统一场论核心公式\可视化\missing_formulas_visualization.py,B,未审计，待逐件裁定,已复制
10-统一场论核心公式/可视化/performance_benchmark.py,13571,90_历史归档\来源语料_utf_20261009\语料\10-统一场论核心公式\可视化\performance_benchmark.py,B,未审计，待逐件裁定,已复制
10-统一场论核心公式/可视化/performance_benchmark_20260117_043532.json,3226,90_历史归档\来源语料_utf_20261009\语料\10-统一场论核心公式\可视化\performance_benchmark_20260117_043532.json,B,未审计，待逐件裁定,已复制
10-统一场论核心公式/可视化/performance_test.py,13013,90_历史归档\来源语料_utf_20261009\语料\10-统一场论核心公式\可视化\performance_test.py,B,未审计，待逐件裁定,已复制
10-统一场论核心公式/可视化/README.md,12767,90_历史归档\来源语料_utf_20261009\语料\10-统一场论核心公式\可视化\README.md,B,未审计，待逐件裁定,已复制
10-统一场论核心公式/可视化/remaining_formulas_visualization.py,15076,90_历史归档\来源语料_utf_20261009\语料\10-统一场论核心公式\可视化\remaining_formulas_visualization.py,B,未审计，待逐件裁定,已复制
10-统一场论核心公式/可视化/standardized_textbook_visualizer.py,30522,90_历史归档\来源语料_utf_20261009\语料\10-统一场论核心公式\可视化\standardized_textbook_visualizer.py,B,未审计，待逐件裁定,已复制
10-统一场论核心公式/可视化/test_visualizer.py,386,90_历史归档\来源语料_utf_20261009\语料\10-统一场论核心公式\可视化\test_visualizer.py,B,未审计，待逐件裁定,已复制
10-统一场论核心公式/可视化/textbook_visualization_master.py,15156,90_历史归档\来源语料_utf_20261009\语料\10-统一场论核心公式\可视化\textbook_visualization_master.py,B,未审计，待逐件裁定,已复制
10-统一场论核心公式/可视化/unified_field_visualizer.py,12339,90_历史归档\来源语料_utf_20261009\语料\10-统一场论核心公式\可视化\unified_field_visualizer.py,B,未审计，待逐件裁定,已复制
10-统一场论核心公式/可视化/高级可视化系统.py,57455,90_历史归档\来源语料_utf_20261009\语料\10-统一场论核心公式\可视化\高级可视化系统.py,B,未审计，待逐件裁定,已复制
10-统一场论核心公式/可视化/01-时空同一化方程/m1.py,5243,90_历史归档\来源语料_utf_20261009\语料\10-统一场论核心公式\可视化\01-时空同一化方程\m1.py,B,未审计，待逐件裁定,已复制
10-统一场论核心公式/可视化/01-时空同一化方程/m2.py,12424,90_历史归档\来源语料_utf_20261009\语料\10-统一场论核心公式\可视化\01-时空同一化方程\m2.py,B,未审计，待逐件裁定,已复制
10-统一场论核心公式/可视化/01-时空同一化方程/m3.py,13831,90_历史归档\来源语料_utf_20261009\语料\10-统一场论核心公式\可视化\01-时空同一化方程\m3.py,B,未审计，待逐件裁定,已复制
10-统一场论核心公式/可视化/01-时空同一化方程/matplotlib_visualization.py,9075,90_历史归档\来源语料_utf_20261009\语料\10-统一场论核心公式\可视化\01-时空同一化方程\matplotlib_visualization.py,B,未审计，待逐件裁定,已复制
10-统一场论核心公式/可视化/01-时空同一化方程/spacetime_bubble_visualization.py,9330,90_历史归档\来源语料_utf_20261009\语料\10-统一场论核心公式\可视化\01-时空同一化方程\spacetime_bubble_visualization.py,B,未审计，待逐件裁定,已复制
10-统一场论核心公式/可视化/02三维螺旋时空方程/1.py,4054,90_历史归档\来源语料_utf_20261009\语料\10-统一场论核心公式\可视化\02三维螺旋时空方程\1.py,B,未审计，待逐件裁定,已复制
10-统一场论核心公式/可视化/03质量定义方程/1.py,6965,90_历史归档\来源语料_utf_20261009\语料\10-统一场论核心公式\可视化\03质量定义方程\1.py,B,未审计，待逐件裁定,已复制
10-统一场论核心公式/可视化/05静止动量方程/1.py,8135,90_历史归档\来源语料_utf_20261009\语料\10-统一场论核心公式\可视化\05静止动量方程\1.py,B,未审计，待逐件裁定,已复制
10-统一场论核心公式/可视化/06运动动量方程/1.py,9840,90_历史归档\来源语料_utf_20261009\语料\10-统一场论核心公式\可视化\06运动动量方程\1.py,B,未审计，待逐件裁定,已复制
10-统一场论核心公式/可视化/07宇宙大统一方程/1.py,11622,90_历史归档\来源语料_utf_20261009\语料\10-统一场论核心公式\可视化\07宇宙大统一方程\1.py,B,未审计，待逐件裁定,已复制
10-统一场论核心公式/可视化/07宇宙大统一方程/spiral_force_visualization.py,18319,90_历史归档\来源语料_utf_20261009\语料\10-统一场论核心公式\可视化\07宇宙大统一方程\spiral_force_visualization.py,B,未审计，待逐件裁定,已复制
10-统一场论核心公式/可视化/08三维空间波动方程/1.py,20745,90_历史归档\来源语料_utf_20261009\语料\10-统一场论核心公式\可视化\08三维空间波动方程\1.py,B,未审计，待逐件裁定,已复制
10-统一场论核心公式/可视化/08三维空间波动方程/光速传播.py,13139,90_历史归档\来源语料_utf_20261009\语料\10-统一场论核心公式\可视化\08三维空间波动方程\光速传播.py,B,未审计，待逐件裁定,已复制
10-统一场论核心公式/可视化/09引力场与旋转速度关系/1.py,12143,90_历史归档\来源语料_utf_20261009\语料\10-统一场论核心公式\可视化\09引力场与旋转速度关系\1.py,B,未审计，待逐件裁定,已复制
10-统一场论核心公式/可视化/09引力场与旋转速度关系/light_speed_verification.py,10449,90_历史归档\来源语料_utf_20261009\语料\10-统一场论核心公式\可视化\09引力场与旋转速度关系\light_speed_verification.py,B,未审计，待逐件裁定,已复制
10-统一场论核心公式/可视化/09引力场与旋转速度关系/README.md,3758,90_历史归档\来源语料_utf_20261009\语料\10-统一场论核心公式\可视化\09引力场与旋转速度关系\README.md,B,未审计，待逐件裁定,已复制
10-统一场论核心公式/可视化/10电场定义方程/1.py,12710,90_历史归档\来源语料_utf_20261009\语料\10-统一场论核心公式\可视化\10电场定义方程\1.py,B,未审计，待逐件裁定,已复制
10-统一场论核心公式/可视化/11磁场定义方程/1.py,13626,90_历史归档\来源语料_utf_20261009\语料\10-统一场论核心公式\可视化\11磁场定义方程\1.py,B,未审计，待逐件裁定,已复制
10-统一场论核心公式/可视化/12电磁场能量方程/1.py,12970,90_历史归档\来源语料_utf_20261009\语料\10-统一场论核心公式\可视化\12电磁场能量方程\1.py,B,未审计，待逐件裁定,已复制
10-统一场论核心公式/可视化/13能量方程/1.py,13027,90_历史归档\来源语料_utf_20261009\语料\10-统一场论核心公式\可视化\13能量方程\1.py,B,未审计，待逐件裁定,已复制
10-统一场论核心公式/可视化/14动量能量方程/1.py,13370,90_历史归档\来源语料_utf_20261009\语料\10-统一场论核心公式\可视化\14动量能量方程\1.py,B,未审计，待逐件裁定,已复制
10-统一场论核心公式/可视化/15时空波动方程/1.py,13138,90_历史归档\来源语料_utf_20261009\语料\10-统一场论核心公式\可视化\15时空波动方程\1.py,B,未审计，待逐件裁定,已复制
10-统一场论核心公式/可视化/16时间的本质方程/1.py,14258,90_历史归档\来源语料_utf_20261009\语料\10-统一场论核心公式\可视化\16时间的本质方程\1.py,B,未审计，待逐件裁定,已复制
10-统一场论核心公式/可视化/17电荷定义方程/1.py,16592,90_历史归档\来源语料_utf_20261009\语料\10-统一场论核心公式\可视化\17电荷定义方程\1.py,B,未审计，待逐件裁定,已复制
10-统一场论核心公式/可视化/知识图谱关联关系可视化/README.md,5885,90_历史归档\来源语料_utf_20261009\语料\10-统一场论核心公式\可视化\知识图谱关联关系可视化\README.md,B,未审计，待逐件裁定,已复制
10-统一场论核心公式/可视化/知识图谱关联关系可视化/关联关系分析报告.md,12417,90_历史归档\来源语料_utf_20261009\语料\10-统一场论核心公式\可视化\知识图谱关联关系可视化\关联关系分析报告.md,B,未审计，待逐件裁定,已复制
10-统一场论核心公式/可视化/知识图谱关联关系可视化/data/knowledge_graph.json,10402,90_历史归档\来源语料_utf_20261009\语料\10-统一场论核心公式\可视化\知识图谱关联关系可视化\data\knowledge_graph.json,B,未审计，待逐件裁定,已复制
10-统一场论核心公式/可视化工具/spacetime_visualization.py,6546,90_历史归档\来源语料_utf_20261009\语料\10-统一场论核心公式\可视化工具\spacetime_visualization.py,B,未审计，待逐件裁定,已复制
10-统一场论核心公式/应用拓展/技术应用指南.md,9613,90_历史归档\来源语料_utf_20261009\语料\10-统一场论核心公式\应用拓展\技术应用指南.md,B,未审计，待逐件裁定,已复制
10-统一场论核心公式/应用拓展/理论拓展框架.md,9045,90_历史归档\来源语料_utf_20261009\语料\10-统一场论核心公式\应用拓展\理论拓展框架.md,B,未审计，待逐件裁定,已复制
10-统一场论核心公式/核心公式的元数据/10电场定义方程.md,16580,（内容已在 openuft，不重复复制）,B,未审计；内容已在本库,已在库跳过
10-统一场论核心公式/核心公式的元数据/11磁场定义方程.md,15850,（内容已在 openuft，不重复复制）,B,未审计；内容已在本库,已在库跳过
10-统一场论核心公式/核心公式的元数据/12变化的引力场产生电磁场.md,13705,（内容已在 openuft，不重复复制）,B,未审计；内容已在本库,已在库跳过
10-统一场论核心公式/核心公式的元数据/13磁矢势方程.md,12138,（内容已在 openuft，不重复复制）,B,未审计；内容已在本库,已在库跳过
10-统一场论核心公式/核心公式的元数据/14变化的引力场产生电场.md,14729,（内容已在 openuft，不重复复制）,B,未审计；内容已在本库,已在库跳过
10-统一场论核心公式/核心公式的元数据/15变化的磁场产生引力场和电场.md,22571,（内容已在 openuft，不重复复制）,B,未审计；内容已在本库,已在库跳过
10-统一场论核心公式/核心公式的元数据/16统一场论能量方程.md,12602,（内容已在 openuft，不重复复制）,B,未审计；内容已在本库,已在库跳过
10-统一场论核心公式/核心公式的元数据/17光速飞行器动力学方程.md,22665,90_历史归档\来源语料_utf_20261009\语料\10-统一场论核心公式\核心公式的元数据\17光速飞行器动力学方程.md,B,未审计，待逐件裁定,已复制
10-统一场论核心公式/核心公式的元数据/18核力场定义方程.md,14618,90_历史归档\来源语料_utf_20261009\语料\10-统一场论核心公式\核心公式的元数据\18核力场定义方程.md,B,未审计，待逐件裁定,已复制
10-统一场论核心公式/核心公式的元数据/19引力光速统一方程.md,11814,（内容已在 openuft，不重复复制）,B,未审计；内容已在本库,已在库跳过
10-统一场论核心公式/核心公式的元数据/1时空同一化方程.md,17308,（内容已在 openuft，不重复复制）,B,未审计；内容已在本库,已在库跳过
10-统一场论核心公式/核心公式的元数据/20电磁耦合常数 Z'.md,12605,（内容已在 openuft，不重复复制）,B,未审计；内容已在本库,已在库跳过
10-统一场论核心公式/核心公式的元数据/2三维螺旋时空方程.md,13573,（内容已在 openuft，不重复复制）,B,未审计；内容已在本库,已在库跳过
10-统一场论核心公式/核心公式的元数据/3质量定义方程.md,14312,（内容已在 openuft，不重复复制）,B,未审计；内容已在本库,已在库跳过
10-统一场论核心公式/核心公式的元数据/4引力场定义方程.md,13615,（内容已在 openuft，不重复复制）,B,未审计；内容已在本库,已在库跳过
10-统一场论核心公式/核心公式的元数据/5静止动量方程.md,12113,（内容已在 openuft，不重复复制）,B,未审计；内容已在本库,已在库跳过
10-统一场论核心公式/核心公式的元数据/6运动动量方程.md,14082,（内容已在 openuft，不重复复制）,B,未审计；内容已在本库,已在库跳过
10-统一场论核心公式/核心公式的元数据/7宇宙大统一方程.md,10709,（内容已在 openuft，不重复复制）,B,未审计；内容已在本库,已在库跳过
10-统一场论核心公式/核心公式的元数据/8空间波动方程.md,10861,（内容已在 openuft，不重复复制）,B,未审计；内容已在本库,已在库跳过
10-统一场论核心公式/核心公式的元数据/9电荷定义方程.md,12776,（内容已在 openuft，不重复复制）,B,未审计；内容已在本库,已在库跳过
10-统一场论核心公式/核心公式的元数据/核心公式的元数据.json,30106,（内容已在 openuft，不重复复制）,B,未审计；内容已在本库,已在库跳过
10-统一场论核心公式/核心公式的元数据/核心公式的元数据.md,17078,（内容已在 openuft，不重复复制）,B,未审计；内容已在本库,已在库跳过
10-统一场论核心公式/核心算法/统一场论核心算法整合模块.py,24114,90_历史归档\来源语料_utf_20261009\语料\10-统一场论核心公式\核心算法\统一场论核心算法整合模块.py,B,未审计，待逐件裁定,已复制
10-统一场论核心公式/核心算法/人工智能与机器学习/artificial_intelligence_core.py,7473,90_历史归档\来源语料_utf_20261009\语料\10-统一场论核心公式\核心算法\人工智能与机器学习\artificial_intelligence_core.py,B,未审计，待逐件裁定,已复制
10-统一场论核心公式/核心算法/复杂系统与非线性动力学/complex_systems_core.py,7460,90_历史归档\来源语料_utf_20261009\语料\10-统一场论核心公式\核心算法\复杂系统与非线性动力学\complex_systems_core.py,B,未审计，待逐件裁定,已复制
10-统一场论核心公式/核心算法/多维时空/multidimensional_spacetime_core.py,16801,90_历史归档\来源语料_utf_20261009\语料\10-统一场论核心公式\核心算法\多维时空\multidimensional_spacetime_core.py,B,未审计，待逐件裁定,已复制
10-统一场论核心公式/核心算法/宇宙学与天体物理/cosmology_astrophysics_core.py,8720,90_历史归档\来源语料_utf_20261009\语料\10-统一场论核心公式\核心算法\宇宙学与天体物理\cosmology_astrophysics_core.py,B,未审计，待逐件裁定,已复制
10-统一场论核心公式/核心算法/弦理论/string_theory_core.py,16422,90_历史归档\来源语料_utf_20261009\语料\10-统一场论核心公式\核心算法\弦理论\string_theory_core.py,B,未审计，待逐件裁定,已复制
10-统一场论核心公式/核心算法/暗物质与暗能量/dark_matter_energy_core.py,13815,90_历史归档\来源语料_utf_20261009\语料\10-统一场论核心公式\核心算法\暗物质与暗能量\dark_matter_energy_core.py,B,未审计，待逐件裁定,已复制
10-统一场论核心公式/核心算法/材料科学与凝聚态物理/materials_science_core.py,6488,90_历史归档\来源语料_utf_20261009\语料\10-统一场论核心公式\核心算法\材料科学与凝聚态物理\materials_science_core.py,B,未审计，待逐件裁定,已复制
10-统一场论核心公式/核心算法/热力学与统计物理/thermodynamics_statistical_physics_core.py,0,（内容已在 openuft，不重复复制）,B,未审计；内容已在本库,已在库跳过
10-统一场论核心公式/核心算法/粒子物理/particle_physics_core.py,16744,90_历史归档\来源语料_utf_20261009\语料\10-统一场论核心公式\核心算法\粒子物理\particle_physics_core.py,B,未审计，待逐件裁定,已复制
10-统一场论核心公式/核心算法/量子信息与量子计算/quantum_information_core.py,5818,90_历史归档\来源语料_utf_20261009\语料\10-统一场论核心公式\核心算法\量子信息与量子计算\quantum_information_core.py,B,未审计，待逐件裁定,已复制
10-统一场论核心公式/核心算法/量子场论/quantum_field_theory_core.py,13821,90_历史归档\来源语料_utf_20261009\语料\10-统一场论核心公式\核心算法\量子场论\quantum_field_theory_core.py,B,未审计，待逐件裁定,已复制
10-统一场论核心公式/核心算法/量子引力/quantum_gravity_core.py,16620,90_历史归档\来源语料_utf_20261009\语料\10-统一场论核心公式\核心算法\量子引力\quantum_gravity_core.py,B,未审计，待逐件裁定,已复制
10-统一场论核心公式/求导验证/1-时空同一化方程/求导验证.md,5687,90_历史归档\来源语料_utf_20261009\语料\10-统一场论核心公式\求导验证\1-时空同一化方程\求导验证.md,B,未审计，待逐件裁定,已复制
10-统一场论核心公式/求导验证/2-三维螺旋时空方程/求导验证.md,7399,90_历史归档\来源语料_utf_20261009\语料\10-统一场论核心公式\求导验证\2-三维螺旋时空方程\求导验证.md,B,未审计，待逐件裁定,已复制
10-统一场论核心公式/求导验证/3-质量定义方程/求导验证.md,7425,90_历史归档\来源语料_utf_20261009\语料\10-统一场论核心公式\求导验证\3-质量定义方程\求导验证.md,B,未审计，待逐件裁定,已复制
10-统一场论核心公式/求导验证/4-引力场定义方程/求导验证.md,11502,90_历史归档\来源语料_utf_20261009\语料\10-统一场论核心公式\求导验证\4-引力场定义方程\求导验证.md,B,未审计，待逐件裁定,已复制
10-统一场论核心公式/求导验证/5-静止动量方程/求导验证.md,8844,90_历史归档\来源语料_utf_20261009\语料\10-统一场论核心公式\求导验证\5-静止动量方程\求导验证.md,B,未审计，待逐件裁定,已复制
10-统一场论核心公式/求导验证/6-运动动量方程/求导验证.md,9777,90_历史归档\来源语料_utf_20261009\语料\10-统一场论核心公式\求导验证\6-运动动量方程\求导验证.md,B,未审计，待逐件裁定,已复制
10-统一场论核心公式/求导验证/7-宇宙大统一方程/求导验证.md,9357,90_历史归档\来源语料_utf_20261009\语料\10-统一场论核心公式\求导验证\7-宇宙大统一方程\求导验证.md,B,未审计，待逐件裁定,已复制
10-统一场论核心公式/求导验证/8-空间波动方程/求导验证.md,6857,90_历史归档\来源语料_utf_20261009\语料\10-统一场论核心公式\求导验证\8-空间波动方程\求导验证.md,B,未审计，待逐件裁定,已复制
10-统一场论核心公式/求导验证/9-电荷定义方程/求导验证.md,8483,90_历史归档\来源语料_utf_20261009\语料\10-统一场论核心公式\求导验证\9-电荷定义方程\求导验证.md,B,未审计，待逐件裁定,已复制
10-统一场论核心公式/物理方程的表述形式/物理方程的表述形式：全谱系梳理与核心规律解析.md,23590,90_历史归档\来源语料_utf_20261009\语料\10-统一场论核心公式\物理方程的表述形式\物理方程的表述形式：全谱系梳理与核心规律解析.md,B,未审计，待逐件裁定,已复制
10-统一场论核心公式/统一场论公式论文集/nature_style_figures/Nature图表引用指南.md,28078,90_历史归档\来源语料_utf_20261009\语料\10-统一场论核心公式\统一场论公式论文集\nature_style_figures\Nature图表引用指南.md,B,未审计，待逐件裁定,已复制
10-统一场论核心公式/统一场论公式论文集/Nature格式论文/Cover_Letter.md,3047,90_历史归档\来源语料_utf_20261009\语料\10-统一场论核心公式\统一场论公式论文集\Nature格式论文\Cover_Letter.md,B,未审计，待逐件裁定,已复制
10-统一场论核心公式/统一场论公式论文集/Nature格式论文/generate_all_visualizations.py,7390,90_历史归档\来源语料_utf_20261009\语料\10-统一场论核心公式\统一场论公式论文集\Nature格式论文\generate_all_visualizations.py,B,未审计，待逐件裁定,已复制
10-统一场论核心公式/统一场论公式论文集/Nature格式论文/README.md,3771,90_历史归档\来源语料_utf_20261009\语料\10-统一场论核心公式\统一场论公式论文集\Nature格式论文\README.md,B,未审计，待逐件裁定,已复制
10-统一场论核心公式/统一场论公式论文集/Nature格式论文/Supplementary_Information.md,11645,90_历史归档\来源语料_utf_20261009\语料\10-统一场论核心公式\统一场论公式论文集\Nature格式论文\Supplementary_Information.md,B,未审计，待逐件裁定,已复制
10-统一场论核心公式/统一场论公式论文集/Nature格式论文/引力光速统一方程：从空间动力学原理到常数统一的理论推导与验证.md,13184,90_历史归档\来源语料_utf_20261009\语料\10-统一场论核心公式\统一场论公式论文集\Nature格式论文\引力光速统一方程：从空间动力学原理到常数统一的理论推导与验证.md,B,未审计，待逐件裁定,已复制
10-统一场论核心公式/统一场论公式论文集/Nature格式论文/.matplotlib/fontlist-v330.json,127488,90_历史归档\来源语料_utf_20261009\语料\10-统一场论核心公式\统一场论公式论文集\Nature格式论文\.matplotlib\fontlist-v330.json,B,未审计，待逐件裁定,已复制
10-统一场论核心公式/统一场论公式论文集/Nature格式论文/visualization_scripts/grand_unification_visualization.py,17963,90_历史归档\来源语料_utf_20261009\语料\10-统一场论核心公式\统一场论公式论文集\Nature格式论文\visualization_scripts\grand_unification_visualization.py,B,未审计，待逐件裁定,已复制
10-统一场论核心公式/统一场论公式论文集/Nature格式论文/visualization_scripts/unified_field_equation_visualization.py,17216,90_历史归档\来源语料_utf_20261009\语料\10-统一场论核心公式\统一场论公式论文集\Nature格式论文\visualization_scripts\unified_field_equation_visualization.py,B,未审计，待逐件裁定,已复制
10-统一场论核心公式/统一场论公式论文集/Nature格式论文/visualization_scripts/vector_potential_visualization.py,12395,90_历史归档\来源语料_utf_20261009\语料\10-统一场论核心公式\统一场论公式论文集\Nature格式论文\visualization_scripts\vector_potential_visualization.py,B,未审计，待逐件裁定,已复制
10-统一场论核心公式/统一场论公式论文集/论文求导分析/01-时空同一化方程推导与验证.md,7245,90_历史归档\来源语料_utf_20261009\语料\10-统一场论核心公式\统一场论公式论文集\论文求导分析\01-时空同一化方程推导与验证.md,B,未审计，待逐件裁定,已复制
10-统一场论核心公式/统一场论公式论文集/论文求导分析/02-三维螺旋时空方程推导与验证.md,13601,90_历史归档\来源语料_utf_20261009\语料\10-统一场论核心公式\统一场论公式论文集\论文求导分析\02-三维螺旋时空方程推导与验证.md,B,未审计，待逐件裁定,已复制
10-统一场论核心公式/统一场论公式论文集/论文求导分析/03-质量定义方程推导与验证.md,14612,90_历史归档\来源语料_utf_20261009\语料\10-统一场论核心公式\统一场论公式论文集\论文求导分析\03-质量定义方程推导与验证.md,B,未审计，待逐件裁定,已复制
10-统一场论核心公式/统一场论公式论文集/论文求导分析/04-引力场定义方程推导与验证.md,12249,90_历史归档\来源语料_utf_20261009\语料\10-统一场论核心公式\统一场论公式论文集\论文求导分析\04-引力场定义方程推导与验证.md,B,未审计，待逐件裁定,已复制
10-统一场论核心公式/统一场论公式论文集/论文求导分析/05-静止动量方程推导与验证.md,16189,90_历史归档\来源语料_utf_20261009\语料\10-统一场论核心公式\统一场论公式论文集\论文求导分析\05-静止动量方程推导与验证.md,B,未审计，待逐件裁定,已复制
10-统一场论核心公式/统一场论公式论文集/论文求导分析/06-运动动量方程推导与验证.md,16474,90_历史归档\来源语料_utf_20261009\语料\10-统一场论核心公式\统一场论公式论文集\论文求导分析\06-运动动量方程推导与验证.md,B,未审计，待逐件裁定,已复制
10-统一场论核心公式/统一场论公式论文集/论文求导分析/07-宇宙大统一方程推导与验证.md,11108,90_历史归档\来源语料_utf_20261009\语料\10-统一场论核心公式\统一场论公式论文集\论文求导分析\07-宇宙大统一方程推导与验证.md,B,未审计，待逐件裁定,已复制
10-统一场论核心公式/统一场论公式论文集/论文求导分析/08-空间波动方程推导与验证.md,8534,90_历史归档\来源语料_utf_20261009\语料\10-统一场论核心公式\统一场论公式论文集\论文求导分析\08-空间波动方程推导与验证.md,B,未审计，待逐件裁定,已复制
10-统一场论核心公式/统一场论公式论文集/论文求导分析/09-电荷定义方程推导与验证.md,9238,90_历史归档\来源语料_utf_20261009\语料\10-统一场论核心公式\统一场论公式论文集\论文求导分析\09-电荷定义方程推导与验证.md,B,未审计，待逐件裁定,已复制
10-统一场论核心公式/统一场论公式论文集/论文求导分析/10-电场定义方程推导与验证.md,9804,90_历史归档\来源语料_utf_20261009\语料\10-统一场论核心公式\统一场论公式论文集\论文求导分析\10-电场定义方程推导与验证.md,B,未审计，待逐件裁定,已复制
10-统一场论核心公式/统一场论公式论文集/论文求导分析/11-磁场定义方程推导与验证.md,10638,90_历史归档\来源语料_utf_20261009\语料\10-统一场论核心公式\统一场论公式论文集\论文求导分析\11-磁场定义方程推导与验证.md,B,未审计，待逐件裁定,已复制
10-统一场论核心公式/统一场论公式论文集/论文求导分析/12-变化的引力场产生电磁场方程推导与验证.md,12605,90_历史归档\来源语料_utf_20261009\语料\10-统一场论核心公式\统一场论公式论文集\论文求导分析\12-变化的引力场产生电磁场方程推导与验证.md,B,未审计，待逐件裁定,已复制
10-统一场论核心公式/统一场论公式论文集/论文求导分析/13-磁矢势方程推导与验证.md,12199,90_历史归档\来源语料_utf_20261009\语料\10-统一场论核心公式\统一场论公式论文集\论文求导分析\13-磁矢势方程推导与验证.md,B,未审计，待逐件裁定,已复制
10-统一场论核心公式/统一场论公式论文集/论文求导分析/14-变化的引力场产生电场方程推导与验证.md,11924,90_历史归档\来源语料_utf_20261009\语料\10-统一场论核心公式\统一场论公式论文集\论文求导分析\14-变化的引力场产生电场方程推导与验证.md,B,未审计，待逐件裁定,已复制
10-统一场论核心公式/统一场论公式论文集/论文求导分析/15-变化的磁场产生引力场和电场方程推导与验证.md,12671,90_历史归档\来源语料_utf_20261009\语料\10-统一场论核心公式\统一场论公式论文集\论文求导分析\15-变化的磁场产生引力场和电场方程推导与验证.md,B,未审计，待逐件裁定,已复制
10-统一场论核心公式/统一场论公式论文集/论文求导分析/16-电磁波传播方程推导与验证.md,11822,90_历史归档\来源语料_utf_20261009\语料\10-统一场论核心公式\统一场论公式论文集\论文求导分析\16-电磁波传播方程推导与验证.md,B,未审计，待逐件裁定,已复制
10-统一场论核心公式/统一场论公式论文集/论文求导分析/17-引力场与电磁场的统一方程推导与验证.md,13849,90_历史归档\来源语料_utf_20261009\语料\10-统一场论核心公式\统一场论公式论文集\论文求导分析\17-引力场与电磁场的统一方程推导与验证.md,B,未审计，待逐件裁定,已复制
10-统一场论核心公式/统一场论公式论文集/证明验证论文/Unified_Field_Theory_Core_Formulas_Proof_Nature.md,13679,90_历史归档\来源语料_utf_20261009\语料\10-统一场论核心公式\统一场论公式论文集\证明验证论文\Unified_Field_Theory_Core_Formulas_Proof_Nature.md,B,未审计，待逐件裁定,已复制
10-统一场论核心公式/统一场论公式论文集/证明验证论文/code/核力场公式验证.py,3170,90_历史归档\来源语料_utf_20261009\语料\10-统一场论核心公式\统一场论公式论文集\证明验证论文\code\核力场公式验证.py,B,未审计，待逐件裁定,已复制
10-统一场论核心公式/统一场论公式论文集/证明验证论文/code/核力场公式验证与可视化.py,25971,90_历史归档\来源语料_utf_20261009\语料\10-统一场论核心公式\统一场论公式论文集\证明验证论文\code\核力场公式验证与可视化.py,B,未审计，待逐件裁定,已复制
10-统一场论核心公式/统一场论公式论文集/证明验证论文/code/01/1.py,861,90_历史归档\来源语料_utf_20261009\语料\10-统一场论核心公式\统一场论公式论文集\证明验证论文\code\01\1.py,B,未审计，待逐件裁定,已复制
10-统一场论核心公式/统一场论公式论文集/证明验证论文/code/01/1d_position_time_visualization.py,1353,90_历史归档\来源语料_utf_20261009\语料\10-统一场论核心公式\统一场论公式论文集\证明验证论文\code\01\1d_position_time_visualization.py,B,未审计，待逐件裁定,已复制
10-统一场论核心公式/统一场论公式论文集/证明验证论文/code/01/3d_space_trajectory_visualization.py,1529,90_历史归档\来源语料_utf_20261009\语料\10-统一场论核心公式\统一场论公式论文集\证明验证论文\code\01\3d_space_trajectory_visualization.py,B,未审计，待逐件裁定,已复制
10-统一场论核心公式/统一场论公式论文集/证明验证论文/code/01/multiscale_analysis_visualization.py,1361,90_历史归档\来源语料_utf_20261009\语料\10-统一场论核心公式\统一场论公式论文集\证明验证论文\code\01\multiscale_analysis_visualization.py,B,未审计，待逐件裁定,已复制
10-统一场论核心公式/统一场论公式论文集/证明验证论文/code/01/numpy_numerical_verification.py,1000,90_历史归档\来源语料_utf_20261009\语料\10-统一场论核心公式\统一场论公式论文集\证明验证论文\code\01\numpy_numerical_verification.py,B,未审计，待逐件裁定,已复制
10-统一场论核心公式/统一场论公式论文集/证明验证论文/code/01/relativity_comparison_visualization.py,1433,90_历史归档\来源语料_utf_20261009\语料\10-统一场论核心公式\统一场论公式论文集\证明验证论文\code\01\relativity_comparison_visualization.py,B,未审计，待逐件裁定,已复制
10-统一场论核心公式/统一场论公式论文集/证明验证论文/code/01/sympy_derivative_verification.py,1016,90_历史归档\来源语料_utf_20261009\语料\10-统一场论核心公式\统一场论公式论文集\证明验证论文\code\01\sympy_derivative_verification.py,B,未审计，待逐件裁定,已复制
10-统一场论核心公式/统一场论公式论文集/证明验证论文/code/01/test_spacetime_eq.py,4248,90_历史归档\来源语料_utf_20261009\语料\10-统一场论核心公式\统一场论公式论文集\证明验证论文\code\01\test_spacetime_eq.py,B,未审计，待逐件裁定,已复制
10-统一场论核心公式/统一场论公式论文集/证明验证论文/code/01/时空同一化方程验证与可视化.py,7609,90_历史归档\来源语料_utf_20261009\语料\10-统一场论核心公式\统一场论公式论文集\证明验证论文\code\01\时空同一化方程验证与可视化.py,B,未审计，待逐件裁定,已复制
10-统一场论核心公式/统一场论公式论文集/证明验证论文/code/01/output/多尺度分析结果.csv,307,90_历史归档\来源语料_utf_20261009\语料\10-统一场论核心公式\统一场论公式论文集\证明验证论文\code\01\output\多尺度分析结果.csv,B,未审计，待逐件裁定,已复制
10-统一场论核心公式/统一场论公式论文集/证明验证论文/code/01/output/天文尺度_验证结果.csv,4603,90_历史归档\来源语料_utf_20261009\语料\10-统一场论核心公式\统一场论公式论文集\证明验证论文\code\01\output\天文尺度_验证结果.csv,B,未审计，待逐件裁定,已复制
10-统一场论核心公式/统一场论公式论文集/证明验证论文/code/01/output/宏观尺度_验证结果.csv,6336,90_历史归档\来源语料_utf_20261009\语料\10-统一场论核心公式\统一场论公式论文集\证明验证论文\code\01\output\宏观尺度_验证结果.csv,B,未审计，待逐件裁定,已复制
10-统一场论核心公式/统一场论公式论文集/证明验证论文/code/01/output/宏观尺度详细数据.csv,4121,90_历史归档\来源语料_utf_20261009\语料\10-统一场论核心公式\统一场论公式论文集\证明验证论文\code\01\output\宏观尺度详细数据.csv,B,未审计，待逐件裁定,已复制
10-统一场论核心公式/统一场论公式论文集/证明验证论文/code/01/output/微观尺度_验证结果.csv,6487,90_历史归档\来源语料_utf_20261009\语料\10-统一场论核心公式\统一场论公式论文集\证明验证论文\code\01\output\微观尺度_验证结果.csv,B,未审计，待逐件裁定,已复制
10-统一场论核心公式/统一场论公式论文集/证明验证论文/code/02/numpy_numerical_verification.py,1449,90_历史归档\来源语料_utf_20261009\语料\10-统一场论核心公式\统一场论公式论文集\证明验证论文\code\02\numpy_numerical_verification.py,B,未审计，待逐件裁定,已复制
10-统一场论核心公式/统一场论公式论文集/证明验证论文/code/02/sympy_spiral_derivative_verification.py,1152,90_历史归档\来源语料_utf_20261009\语料\10-统一场论核心公式\统一场论公式论文集\证明验证论文\code\02\sympy_spiral_derivative_verification.py,B,未审计，待逐件裁定,已复制
10-统一场论核心公式/统一场论公式论文集/证明验证论文/code/02/三维螺旋时空方程验证与可视化.py,8117,90_历史归档\来源语料_utf_20261009\语料\10-统一场论核心公式\统一场论公式论文集\证明验证论文\code\02\三维螺旋时空方程验证与可视化.py,B,未审计，待逐件裁定,已复制
10-统一场论核心公式/统一场论公式论文集/证明验证论文/code/03/质量定义方程兼容性验证.py,10910,90_历史归档\来源语料_utf_20261009\语料\10-统一场论核心公式\统一场论公式论文集\证明验证论文\code\03\质量定义方程兼容性验证.py,B,未审计，待逐件裁定,已复制
10-统一场论核心公式/统一场论公式论文集/证明验证论文/code/03/质量定义方程验证与可视化.py,18037,90_历史归档\来源语料_utf_20261009\语料\10-统一场论核心公式\统一场论公式论文集\证明验证论文\code\03\质量定义方程验证与可视化.py,B,未审计，待逐件裁定,已复制
10-统一场论核心公式/统一场论公式论文集/证明验证论文/code/04/引力场定义方程验证与可视化.py,3849,90_历史归档\来源语料_utf_20261009\语料\10-统一场论核心公式\统一场论公式论文集\证明验证论文\code\04\引力场定义方程验证与可视化.py,B,未审计，待逐件裁定,已复制
10-统一场论核心公式/统一场论公式论文集/证明验证论文/code/05/静止动量方程验证.py,3898,90_历史归档\来源语料_utf_20261009\语料\10-统一场论核心公式\统一场论公式论文集\证明验证论文\code\05\静止动量方程验证.py,B,未审计，待逐件裁定,已复制
10-统一场论核心公式/统一场论公式论文集/证明验证论文/code/05/静止动量方程验证与可视化.py,15116,90_历史归档\来源语料_utf_20261009\语料\10-统一场论核心公式\统一场论公式论文集\证明验证论文\code\05\静止动量方程验证与可视化.py,B,未审计，待逐件裁定,已复制
10-统一场论核心公式/统一场论公式论文集/证明验证论文/code/06/1.py,9807,90_历史归档\来源语料_utf_20261009\语料\10-统一场论核心公式\统一场论公式论文集\证明验证论文\code\06\1.py,B,未审计，待逐件裁定,已复制
10-统一场论核心公式/统一场论公式论文集/证明验证论文/code/06/运动动量方程验证.py,4529,90_历史归档\来源语料_utf_20261009\语料\10-统一场论核心公式\统一场论公式论文集\证明验证论文\code\06\运动动量方程验证.py,B,未审计，待逐件裁定,已复制
10-统一场论核心公式/统一场论公式论文集/证明验证论文/code/06/运动动量方程验证与可视化.py,26287,90_历史归档\来源语料_utf_20261009\语料\10-统一场论核心公式\统一场论公式论文集\证明验证论文\code\06\运动动量方程验证与可视化.py,B,未审计，待逐件裁定,已复制
10-统一场论核心公式/统一场论公式论文集/证明验证论文/code/07/宇宙大统一方程验证与可视化.py,16660,90_历史归档\来源语料_utf_20261009\语料\10-统一场论核心公式\统一场论公式论文集\证明验证论文\code\07\宇宙大统一方程验证与可视化.py,B,未审计，待逐件裁定,已复制
10-统一场论核心公式/统一场论公式论文集/证明验证论文/code/07/能量方程验证.py,4585,90_历史归档\来源语料_utf_20261009\语料\10-统一场论核心公式\统一场论公式论文集\证明验证论文\code\07\能量方程验证.py,B,未审计，待逐件裁定,已复制
10-统一场论核心公式/统一场论公式论文集/证明验证论文/code/08/空间波动方程数值模拟验证.py,5786,90_历史归档\来源语料_utf_20261009\语料\10-统一场论核心公式\统一场论公式论文集\证明验证论文\code\08\空间波动方程数值模拟验证.py,B,未审计，待逐件裁定,已复制
10-统一场论核心公式/统一场论公式论文集/证明验证论文/code/08/空间波动方程符号计算验证.py,2254,90_历史归档\来源语料_utf_20261009\语料\10-统一场论核心公式\统一场论公式论文集\证明验证论文\code\08\空间波动方程符号计算验证.py,B,未审计，待逐件裁定,已复制
10-统一场论核心公式/统一场论公式论文集/证明验证论文/code/08/空间波动方程验证.py,6785,90_历史归档\来源语料_utf_20261009\语料\10-统一场论核心公式\统一场论公式论文集\证明验证论文\code\08\空间波动方程验证.py,B,未审计，待逐件裁定,已复制
10-统一场论核心公式/统一场论公式论文集/证明验证论文/code/08/空间波动方程验证与可视化.py,15553,90_历史归档\来源语料_utf_20261009\语料\10-统一场论核心公式\统一场论公式论文集\证明验证论文\code\08\空间波动方程验证与可视化.py,B,未审计，待逐件裁定,已复制
10-统一场论核心公式/统一场论公式论文集/证明验证论文/code/09/时间本质方程验证与可视化.py,15474,90_历史归档\来源语料_utf_20261009\语料\10-统一场论核心公式\统一场论公式论文集\证明验证论文\code\09\时间本质方程验证与可视化.py,B,未审计，待逐件裁定,已复制
10-统一场论核心公式/统一场论公式论文集/证明验证论文/code/09/电荷定义方程数值验证.py,5142,90_历史归档\来源语料_utf_20261009\语料\10-统一场论核心公式\统一场论公式论文集\证明验证论文\code\09\电荷定义方程数值验证.py,B,未审计，待逐件裁定,已复制
10-统一场论核心公式/统一场论公式论文集/证明验证论文/code/09/电荷定义方程符号计算验证.py,2383,90_历史归档\来源语料_utf_20261009\语料\10-统一场论核心公式\统一场论公式论文集\证明验证论文\code\09\电荷定义方程符号计算验证.py,B,未审计，待逐件裁定,已复制
10-统一场论核心公式/统一场论公式论文集/证明验证论文/code/10/电场定义方程数值验证.py,6747,90_历史归档\来源语料_utf_20261009\语料\10-统一场论核心公式\统一场论公式论文集\证明验证论文\code\10\电场定义方程数值验证.py,B,未审计，待逐件裁定,已复制
10-统一场论核心公式/统一场论公式论文集/证明验证论文/code/10/电场定义方程符号计算验证.py,2991,90_历史归档\来源语料_utf_20261009\语料\10-统一场论核心公式\统一场论公式论文集\证明验证论文\code\10\电场定义方程符号计算验证.py,B,未审计，待逐件裁定,已复制
10-统一场论核心公式/统一场论公式论文集/证明验证论文/code/10/能量动量守恒方程验证与可视化.py,18835,90_历史归档\来源语料_utf_20261009\语料\10-统一场论核心公式\统一场论公式论文集\证明验证论文\code\10\能量动量守恒方程验证与可视化.py,B,未审计，待逐件裁定,已复制
10-统一场论核心公式/统一场论公式论文集/证明验证论文/code/11/电磁场方程验证与可视化.py,18357,90_历史归档\来源语料_utf_20261009\语料\10-统一场论核心公式\统一场论公式论文集\证明验证论文\code\11\电磁场方程验证与可视化.py,B,未审计，待逐件裁定,已复制
10-统一场论核心公式/统一场论公式论文集/证明验证论文/code/11/磁场定义方程数值验证.py,8362,90_历史归档\来源语料_utf_20261009\语料\10-统一场论核心公式\统一场论公式论文集\证明验证论文\code\11\磁场定义方程数值验证.py,B,未审计，待逐件裁定,已复制
10-统一场论核心公式/统一场论公式论文集/证明验证论文/code/11/磁场定义方程符号计算验证.py,3407,90_历史归档\来源语料_utf_20261009\语料\10-统一场论核心公式\统一场论公式论文集\证明验证论文\code\11\磁场定义方程符号计算验证.py,B,未审计，待逐件裁定,已复制
10-统一场论核心公式/统一场论公式论文集/证明验证论文/code/12/变化的引力场产生电磁场方程数值验证.py,7782,90_历史归档\来源语料_utf_20261009\语料\10-统一场论核心公式\统一场论公式论文集\证明验证论文\code\12\变化的引力场产生电磁场方程数值验证.py,B,未审计，待逐件裁定,已复制
10-统一场论核心公式/统一场论公式论文集/证明验证论文/code/12/变化的引力场产生电磁场方程符号计算验证.py,4961,90_历史归档\来源语料_utf_20261009\语料\10-统一场论核心公式\统一场论公式论文集\证明验证论文\code\12\变化的引力场产生电磁场方程符号计算验证.py,B,未审计，待逐件裁定,已复制
10-统一场论核心公式/统一场论公式论文集/证明验证论文/code/12/引力与电磁力统一方程验证与可视化.py,20290,90_历史归档\来源语料_utf_20261009\语料\10-统一场论核心公式\统一场论公式论文集\证明验证论文\code\12\引力与电磁力统一方程验证与可视化.py,B,未审计，待逐件裁定,已复制
10-统一场论核心公式/统一场论公式论文集/证明验证论文/code/13/磁矢势方程数值验证.py,5042,90_历史归档\来源语料_utf_20261009\语料\10-统一场论核心公式\统一场论公式论文集\证明验证论文\code\13\磁矢势方程数值验证.py,B,未审计，待逐件裁定,已复制
10-统一场论核心公式/统一场论公式论文集/证明验证论文/code/13/磁矢势方程符号计算验证.py,3654,90_历史归档\来源语料_utf_20261009\语料\10-统一场论核心公式\统一场论公式论文集\证明验证论文\code\13\磁矢势方程符号计算验证.py,B,未审计，待逐件裁定,已复制
10-统一场论核心公式/统一场论公式论文集/证明验证论文/code/13/量子效应统一方程验证与可视化.py,19854,90_历史归档\来源语料_utf_20261009\语料\10-统一场论核心公式\统一场论公式论文集\证明验证论文\code\13\量子效应统一方程验证与可视化.py,B,未审计，待逐件裁定,已复制
10-统一场论核心公式/统一场论公式论文集/证明验证论文/code/14/变化的引力场产生电场方程符号计算验证.py,3170,90_历史归档\来源语料_utf_20261009\语料\10-统一场论核心公式\统一场论公式论文集\证明验证论文\code\14\变化的引力场产生电场方程符号计算验证.py,B,未审计，待逐件裁定,已复制
10-统一场论核心公式/统一场论公式论文集/证明验证论文/code/14/惯性场方程验证与可视化.py,23327,90_历史归档\来源语料_utf_20261009\语料\10-统一场论核心公式\统一场论公式论文集\证明验证论文\code\14\惯性场方程验证与可视化.py,B,未审计，待逐件裁定,已复制
10-统一场论核心公式/统一场论公式论文集/证明验证论文/code/15/变化的磁场产生引力场和电场方程数值验证.py,6789,90_历史归档\来源语料_utf_20261009\语料\10-统一场论核心公式\统一场论公式论文集\证明验证论文\code\15\变化的磁场产生引力场和电场方程数值验证.py,B,未审计，待逐件裁定,已复制
10-统一场论核心公式/统一场论公式论文集/证明验证论文/code/15/变化的磁场产生引力场和电场方程符号计算验证.py,3092,90_历史归档\来源语料_utf_20261009\语料\10-统一场论核心公式\统一场论公式论文集\证明验证论文\code\15\变化的磁场产生引力场和电场方程符号计算验证.py,B,未审计，待逐件裁定,已复制
10-统一场论核心公式/统一场论公式论文集/证明验证论文/code/15/电荷与电场方程验证与可视化.py,21226,90_历史归档\来源语料_utf_20261009\语料\10-统一场论核心公式\统一场论公式论文集\证明验证论文\code\15\电荷与电场方程验证与可视化.py,B,未审计，待逐件裁定,已复制
10-统一场论核心公式/统一场论公式论文集/证明验证论文/code/16/统一场论能量方程数值验证.py,6609,90_历史归档\来源语料_utf_20261009\语料\10-统一场论核心公式\统一场论公式论文集\证明验证论文\code\16\统一场论能量方程数值验证.py,B,未审计，待逐件裁定,已复制
10-统一场论核心公式/统一场论公式论文集/证明验证论文/code/16/统一场论能量方程符号计算验证.py,3664,90_历史归档\来源语料_utf_20261009\语料\10-统一场论核心公式\统一场论公式论文集\证明验证论文\code\16\统一场论能量方程符号计算验证.py,B,未审计，待逐件裁定,已复制
10-统一场论核心公式/统一场论公式论文集/证明验证论文/code/16/统一场论能量方程验证与可视化.py,33511,90_历史归档\来源语料_utf_20261009\语料\10-统一场论核心公式\统一场论公式论文集\证明验证论文\code\16\统一场论能量方程验证与可视化.py,B,未审计，待逐件裁定,已复制
10-统一场论核心公式/统一场论公式论文集/证明验证论文/code/17/引力场与电磁场的统一方程数值验证.py,4525,90_历史归档\来源语料_utf_20261009\语料\10-统一场论核心公式\统一场论公式论文集\证明验证论文\code\17\引力场与电磁场的统一方程数值验证.py,B,未审计，待逐件裁定,已复制
10-统一场论核心公式/统一场论公式论文集/证明验证论文/code/17/引力场与电磁场的统一方程符号计算验证.py,4313,90_历史归档\来源语料_utf_20261009\语料\10-统一场论核心公式\统一场论公式论文集\证明验证论文\code\17\引力场与电磁场的统一方程符号计算验证.py,B,未审计，待逐件裁定,已复制
10-统一场论核心公式/统一场论公式论文集/证明验证论文/code/17/物质结构方程验证与可视化.py,22527,90_历史归档\来源语料_utf_20261009\语料\10-统一场论核心公式\统一场论公式论文集\证明验证论文\code\17\物质结构方程验证与可视化.py,B,未审计，待逐件裁定,已复制
10-统一场论核心公式/统一场论公式论文集/证明验证论文/code/18/宇宙演化方程验证与可视化.py,26296,90_历史归档\来源语料_utf_20261009\语料\10-统一场论核心公式\统一场论公式论文集\证明验证论文\code\18\宇宙演化方程验证与可视化.py,B,未审计，待逐件裁定,已复制
10-统一场论核心公式/统一场论公式论文集/证明验证论文/code/18/核力场定义方程数值验证.py,5537,90_历史归档\来源语料_utf_20261009\语料\10-统一场论核心公式\统一场论公式论文集\证明验证论文\code\18\核力场定义方程数值验证.py,B,未审计，待逐件裁定,已复制
10-统一场论核心公式/统一场论公式论文集/证明验证论文/code/18/核力场定义方程符号计算验证.py,3200,90_历史归档\来源语料_utf_20261009\语料\10-统一场论核心公式\统一场论公式论文集\证明验证论文\code\18\核力场定义方程符号计算验证.py,B,未审计，待逐件裁定,已复制
10-统一场论核心公式/统一场论公式论文集/证明验证论文/code/19/黑洞方程验证与可视化.py,26786,90_历史归档\来源语料_utf_20261009\语料\10-统一场论核心公式\统一场论公式论文集\证明验证论文\code\19\黑洞方程验证与可视化.py,B,未审计，待逐件裁定,已复制
10-统一场论核心公式/统一场论公式论文集/证明验证论文/code/20/宇宙微波背景方程验证与可视化.py,29936,90_历史归档\来源语料_utf_20261009\语料\10-统一场论核心公式\统一场论公式论文集\证明验证论文\code\20\宇宙微波背景方程验证与可视化.py,B,未审计，待逐件裁定,已复制
10-统一场论核心公式/统一场论公式论文集/证明验证论文/derivation_papers/nature_format/01-时空同一化方程推导与验证_Nature版.md,11675,90_历史归档\来源语料_utf_20261009\语料\10-统一场论核心公式\统一场论公式论文集\证明验证论文\derivation_papers\nature_format\01-时空同一化方程推导与验证_Nature版.md,B,未审计，待逐件裁定,已复制
10-统一场论核心公式/统一场论公式论文集/证明验证论文/derivation_papers/nature_format/02-三维螺旋时空方程推导与验证_Nature版.md,13824,90_历史归档\来源语料_utf_20261009\语料\10-统一场论核心公式\统一场论公式论文集\证明验证论文\derivation_papers\nature_format\02-三维螺旋时空方程推导与验证_Nature版.md,B,未审计，待逐件裁定,已复制
10-统一场论核心公式/统一场论公式论文集/证明验证论文/derivation_papers/nature_format/03-质量定义方程推导与验证_Nature版.md,9244,90_历史归档\来源语料_utf_20261009\语料\10-统一场论核心公式\统一场论公式论文集\证明验证论文\derivation_papers\nature_format\03-质量定义方程推导与验证_Nature版.md,B,未审计，待逐件裁定,已复制
10-统一场论核心公式/统一场论公式论文集/证明验证论文/derivation_papers/nature_format/04-引力场定义方程推导与验证_Nature版.md,11534,90_历史归档\来源语料_utf_20261009\语料\10-统一场论核心公式\统一场论公式论文集\证明验证论文\derivation_papers\nature_format\04-引力场定义方程推导与验证_Nature版.md,B,未审计，待逐件裁定,已复制
10-统一场论核心公式/统一场论公式论文集/证明验证论文/derivation_papers/nature_format/05-静止动量方程推导与验证_Nature版.md,12280,90_历史归档\来源语料_utf_20261009\语料\10-统一场论核心公式\统一场论公式论文集\证明验证论文\derivation_papers\nature_format\05-静止动量方程推导与验证_Nature版.md,B,未审计，待逐件裁定,已复制
10-统一场论核心公式/统一场论公式论文集/证明验证论文/derivation_papers/nature_format/06-运动动量方程推导与验证_Nature版.md,12203,90_历史归档\来源语料_utf_20261009\语料\10-统一场论核心公式\统一场论公式论文集\证明验证论文\derivation_papers\nature_format\06-运动动量方程推导与验证_Nature版.md,B,未审计，待逐件裁定,已复制
10-统一场论核心公式/统一场论公式论文集/证明验证论文/derivation_papers/nature_format/07-宇宙大统一方程推导与验证_Nature版.md,11252,90_历史归档\来源语料_utf_20261009\语料\10-统一场论核心公式\统一场论公式论文集\证明验证论文\derivation_papers\nature_format\07-宇宙大统一方程推导与验证_Nature版.md,B,未审计，待逐件裁定,已复制
10-统一场论核心公式/统一场论公式论文集/证明验证论文/derivation_papers/nature_format/07-能量方程推导与验证_Nature版.md,10521,90_历史归档\来源语料_utf_20261009\语料\10-统一场论核心公式\统一场论公式论文集\证明验证论文\derivation_papers\nature_format\07-能量方程推导与验证_Nature版.md,B,未审计，待逐件裁定,已复制
10-统一场论核心公式/统一场论公式论文集/证明验证论文/derivation_papers/nature_format/08-空间波动方程推导与验证_Nature版.md,10520,90_历史归档\来源语料_utf_20261009\语料\10-统一场论核心公式\统一场论公式论文集\证明验证论文\derivation_papers\nature_format\08-空间波动方程推导与验证_Nature版.md,B,未审计，待逐件裁定,已复制
10-统一场论核心公式/统一场论公式论文集/证明验证论文/derivation_papers/nature_format/09-电荷定义方程推导与验证_Nature版.md,8929,90_历史归档\来源语料_utf_20261009\语料\10-统一场论核心公式\统一场论公式论文集\证明验证论文\derivation_papers\nature_format\09-电荷定义方程推导与验证_Nature版.md,B,未审计，待逐件裁定,已复制
10-统一场论核心公式/统一场论公式论文集/证明验证论文/derivation_papers/nature_format/10-电场定义方程推导与验证_Nature版.md,13190,90_历史归档\来源语料_utf_20261009\语料\10-统一场论核心公式\统一场论公式论文集\证明验证论文\derivation_papers\nature_format\10-电场定义方程推导与验证_Nature版.md,B,未审计，待逐件裁定,已复制
10-统一场论核心公式/统一场论公式论文集/证明验证论文/derivation_papers/nature_format/11-磁场定义方程推导与验证_Nature版.md,13944,90_历史归档\来源语料_utf_20261009\语料\10-统一场论核心公式\统一场论公式论文集\证明验证论文\derivation_papers\nature_format\11-磁场定义方程推导与验证_Nature版.md,B,未审计，待逐件裁定,已复制
10-统一场论核心公式/统一场论公式论文集/证明验证论文/derivation_papers/nature_format/12-变化的引力场产生电磁场方程推导与验证_Nature版.md,12288,90_历史归档\来源语料_utf_20261009\语料\10-统一场论核心公式\统一场论公式论文集\证明验证论文\derivation_papers\nature_format\12-变化的引力场产生电磁场方程推导与验证_Nature版.md,B,未审计，待逐件裁定,已复制
10-统一场论核心公式/统一场论公式论文集/证明验证论文/derivation_papers/nature_format/13-磁矢势方程推导与验证_Nature版.md,11978,90_历史归档\来源语料_utf_20261009\语料\10-统一场论核心公式\统一场论公式论文集\证明验证论文\derivation_papers\nature_format\13-磁矢势方程推导与验证_Nature版.md,B,未审计，待逐件裁定,已复制
10-统一场论核心公式/统一场论公式论文集/证明验证论文/derivation_papers/nature_format/14-变化的引力场产生电场方程推导与验证_Nature版.md,13181,90_历史归档\来源语料_utf_20261009\语料\10-统一场论核心公式\统一场论公式论文集\证明验证论文\derivation_papers\nature_format\14-变化的引力场产生电场方程推导与验证_Nature版.md,B,未审计，待逐件裁定,已复制
10-统一场论核心公式/统一场论公式论文集/证明验证论文/derivation_papers/nature_format/15-变化的磁场产生引力场和电场方程推导与验证_Nature版.md,14240,90_历史归档\来源语料_utf_20261009\语料\10-统一场论核心公式\统一场论公式论文集\证明验证论文\derivation_papers\nature_format\15-变化的磁场产生引力场和电场方程推导与验证_Nature版.md,B,未审计，待逐件裁定,已复制
10-统一场论核心公式/统一场论公式论文集/证明验证论文/derivation_papers/nature_format/16-统一场论能量方程推导与验证_Nature版.md,11416,90_历史归档\来源语料_utf_20261009\语料\10-统一场论核心公式\统一场论公式论文集\证明验证论文\derivation_papers\nature_format\16-统一场论能量方程推导与验证_Nature版.md,B,未审计，待逐件裁定,已复制
10-统一场论核心公式/统一场论公式论文集/证明验证论文/derivation_papers/nature_format/17-引力场与电磁场的统一方程推导与验证_Nature版.md,14009,90_历史归档\来源语料_utf_20261009\语料\10-统一场论核心公式\统一场论公式论文集\证明验证论文\derivation_papers\nature_format\17-引力场与电磁场的统一方程推导与验证_Nature版.md,B,未审计，待逐件裁定,已复制
10-统一场论核心公式/统一场论公式论文集/证明验证论文/derivation_papers/nature_format/18-核力场定义方程推导与验证_Nature版.md,12672,90_历史归档\来源语料_utf_20261009\语料\10-统一场论核心公式\统一场论公式论文集\证明验证论文\derivation_papers\nature_format\18-核力场定义方程推导与验证_Nature版.md,B,未审计，待逐件裁定,已复制
10-统一场论核心公式/统一场论公式论文集/证明验证论文/derivation_papers/nature_format/最伟大的论文_Nature版.md,13206,90_历史归档\来源语料_utf_20261009\语料\10-统一场论核心公式\统一场论公式论文集\证明验证论文\derivation_papers\nature_format\最伟大的论文_Nature版.md,B,未审计，待逐件裁定,已复制
10-统一场论核心公式/统一场论公式论文集/证明验证论文/derivation_papers/standard_format/00-统一场论核心公式全维度推导与验证.md,23474,90_历史归档\来源语料_utf_20261009\语料\10-统一场论核心公式\统一场论公式论文集\证明验证论文\derivation_papers\standard_format\00-统一场论核心公式全维度推导与验证.md,B,未审计，待逐件裁定,已复制
10-统一场论核心公式/统一场论公式论文集/证明验证论文/derivation_papers/standard_format/01-时空同一化方程推导与验证.md,15606,90_历史归档\来源语料_utf_20261009\语料\10-统一场论核心公式\统一场论公式论文集\证明验证论文\derivation_papers\standard_format\01-时空同一化方程推导与验证.md,B,未审计，待逐件裁定,已复制
10-统一场论核心公式/统一场论公式论文集/证明验证论文/derivation_papers/standard_format/02-三维螺旋时空方程推导与验证.md,21764,90_历史归档\来源语料_utf_20261009\语料\10-统一场论核心公式\统一场论公式论文集\证明验证论文\derivation_papers\standard_format\02-三维螺旋时空方程推导与验证.md,B,未审计，待逐件裁定,已复制
10-统一场论核心公式/统一场论公式论文集/证明验证论文/derivation_papers/standard_format/03-质量定义方程推导与验证.md,20593,90_历史归档\来源语料_utf_20261009\语料\10-统一场论核心公式\统一场论公式论文集\证明验证论文\derivation_papers\standard_format\03-质量定义方程推导与验证.md,B,未审计，待逐件裁定,已复制
10-统一场论核心公式/统一场论公式论文集/证明验证论文/derivation_papers/standard_format/04-引力场定义方程推导与验证.md,41274,90_历史归档\来源语料_utf_20261009\语料\10-统一场论核心公式\统一场论公式论文集\证明验证论文\derivation_papers\standard_format\04-引力场定义方程推导与验证.md,B,未审计，待逐件裁定,已复制
10-统一场论核心公式/统一场论公式论文集/证明验证论文/derivation_papers/standard_format/05-静止动量方程推导与验证.md,27888,90_历史归档\来源语料_utf_20261009\语料\10-统一场论核心公式\统一场论公式论文集\证明验证论文\derivation_papers\standard_format\05-静止动量方程推导与验证.md,B,未审计，待逐件裁定,已复制
10-统一场论核心公式/统一场论公式论文集/证明验证论文/derivation_papers/standard_format/06-运动动量方程推导与验证.md,15067,90_历史归档\来源语料_utf_20261009\语料\10-统一场论核心公式\统一场论公式论文集\证明验证论文\derivation_papers\standard_format\06-运动动量方程推导与验证.md,B,未审计，待逐件裁定,已复制
10-统一场论核心公式/统一场论公式论文集/证明验证论文/derivation_papers/standard_format/07-宇宙大统一方程推导与验证.md,34925,90_历史归档\来源语料_utf_20261009\语料\10-统一场论核心公式\统一场论公式论文集\证明验证论文\derivation_papers\standard_format\07-宇宙大统一方程推导与验证.md,B,未审计，待逐件裁定,已复制
10-统一场论核心公式/统一场论公式论文集/证明验证论文/derivation_papers/standard_format/07-能量方程推导与验证.md,37407,90_历史归档\来源语料_utf_20261009\语料\10-统一场论核心公式\统一场论公式论文集\证明验证论文\derivation_papers\standard_format\07-能量方程推导与验证.md,B,未审计，待逐件裁定,已复制
10-统一场论核心公式/统一场论公式论文集/证明验证论文/derivation_papers/standard_format/08-空间波动方程推导与验证.md,78114,90_历史归档\来源语料_utf_20261009\语料\10-统一场论核心公式\统一场论公式论文集\证明验证论文\derivation_papers\standard_format\08-空间波动方程推导与验证.md,B,未审计，待逐件裁定,已复制
10-统一场论核心公式/统一场论公式论文集/证明验证论文/derivation_papers/standard_format/09-电荷定义方程推导与验证.md,17878,90_历史归档\来源语料_utf_20261009\语料\10-统一场论核心公式\统一场论公式论文集\证明验证论文\derivation_papers\standard_format\09-电荷定义方程推导与验证.md,B,未审计，待逐件裁定,已复制
10-统一场论核心公式/统一场论公式论文集/证明验证论文/derivation_papers/standard_format/10-电场定义方程推导与验证.md,14271,90_历史归档\来源语料_utf_20261009\语料\10-统一场论核心公式\统一场论公式论文集\证明验证论文\derivation_papers\standard_format\10-电场定义方程推导与验证.md,B,未审计，待逐件裁定,已复制
10-统一场论核心公式/统一场论公式论文集/证明验证论文/derivation_papers/standard_format/11-磁场定义方程推导与验证.md,16037,90_历史归档\来源语料_utf_20261009\语料\10-统一场论核心公式\统一场论公式论文集\证明验证论文\derivation_papers\standard_format\11-磁场定义方程推导与验证.md,B,未审计，待逐件裁定,已复制
10-统一场论核心公式/统一场论公式论文集/证明验证论文/derivation_papers/standard_format/12-变化的引力场产生电磁场方程推导与验证.md,18932,90_历史归档\来源语料_utf_20261009\语料\10-统一场论核心公式\统一场论公式论文集\证明验证论文\derivation_papers\standard_format\12-变化的引力场产生电磁场方程推导与验证.md,B,未审计，待逐件裁定,已复制
10-统一场论核心公式/统一场论公式论文集/证明验证论文/derivation_papers/standard_format/13-磁矢势方程推导与验证.md,12396,90_历史归档\来源语料_utf_20261009\语料\10-统一场论核心公式\统一场论公式论文集\证明验证论文\derivation_papers\standard_format\13-磁矢势方程推导与验证.md,B,未审计，待逐件裁定,已复制
10-统一场论核心公式/统一场论公式论文集/证明验证论文/derivation_papers/standard_format/14-变化的引力场产生电场方程推导与验证.md,20724,90_历史归档\来源语料_utf_20261009\语料\10-统一场论核心公式\统一场论公式论文集\证明验证论文\derivation_papers\standard_format\14-变化的引力场产生电场方程推导与验证.md,B,未审计，待逐件裁定,已复制
10-统一场论核心公式/统一场论公式论文集/证明验证论文/derivation_papers/standard_format/15-变化的磁场产生引力场和电场方程推导与验证.md,32892,90_历史归档\来源语料_utf_20261009\语料\10-统一场论核心公式\统一场论公式论文集\证明验证论文\derivation_papers\standard_format\15-变化的磁场产生引力场和电场方程推导与验证.md,B,未审计，待逐件裁定,已复制
10-统一场论核心公式/统一场论公式论文集/证明验证论文/derivation_papers/standard_format/16-统一场论能量方程推导与验证.md,15318,90_历史归档\来源语料_utf_20261009\语料\10-统一场论核心公式\统一场论公式论文集\证明验证论文\derivation_papers\standard_format\16-统一场论能量方程推导与验证.md,B,未审计，待逐件裁定,已复制
10-统一场论核心公式/统一场论公式论文集/证明验证论文/derivation_papers/standard_format/17-引力场与电磁场的统一方程推导与验证.md,24016,90_历史归档\来源语料_utf_20261009\语料\10-统一场论核心公式\统一场论公式论文集\证明验证论文\derivation_papers\standard_format\17-引力场与电磁场的统一方程推导与验证.md,B,未审计，待逐件裁定,已复制
10-统一场论核心公式/统一场论公式论文集/证明验证论文/derivation_papers/standard_format/18-核力场定义方程推导与验证.md,31366,90_历史归档\来源语料_utf_20261009\语料\10-统一场论核心公式\统一场论公式论文集\证明验证论文\derivation_papers\standard_format\18-核力场定义方程推导与验证.md,B,未审计，待逐件裁定,已复制
10-统一场论核心公式/统一场论公式论文集/证明验证论文/derivation_papers/standard_format/引力本质的几何动力学统一理论：从第一性原理到宇宙级应用的终极阐释.md,15559,90_历史归档\来源语料_utf_20261009\语料\10-统一场论核心公式\统一场论公式论文集\证明验证论文\derivation_papers\standard_format\引力本质的几何动力学统一理论：从第一性原理到宇宙级应用的终极阐释.md,B,未审计，待逐件裁定,已复制
10-统一场论核心公式/统一场论公式论文集/证明验证论文/derivation_papers/standard_format/正引力场与反引力场扫描效果的根本差异：基于统一场论的严格对比分析.md,11363,90_历史归档\来源语料_utf_20261009\语料\10-统一场论核心公式\统一场论公式论文集\证明验证论文\derivation_papers\standard_format\正引力场与反引力场扫描效果的根本差异：基于统一场论的严格对比分析.md,B,未审计，待逐件裁定,已复制
10-统一场论核心公式/统一场论公式论文集/证明验证论文/derivation_papers/standard_format/电荷几何定义与库仑定律推导.md,5051,90_历史归档\来源语料_utf_20261009\语料\10-统一场论核心公式\统一场论公式论文集\证明验证论文\derivation_papers\standard_format\电荷几何定义与库仑定律推导.md,B,未审计，待逐件裁定,已复制
10-统一场论核心公式/统一场论公式论文集/证明验证论文/derivation_papers/standard_format/电荷定义方程与库仑定律推导整合版.md,10814,90_历史归档\来源语料_utf_20261009\语料\10-统一场论核心公式\统一场论公式论文集\证明验证论文\derivation_papers\standard_format\电荷定义方程与库仑定律推导整合版.md,B,未审计，待逐件裁定,已复制
10-统一场论核心公式/统一场论公式论文集/证明验证论文/reports/核力场公式验证分析报告.md,8330,90_历史归档\来源语料_utf_20261009\语料\10-统一场论核心公式\统一场论公式论文集\证明验证论文\reports\核力场公式验证分析报告.md,B,未审计，待逐件裁定,已复制
10-统一场论核心公式/统一场论公式论文集/证明验证论文/rewritten_nature_format/00-统一场论核心公式全维度推导与验证_Nature版.md,30713,90_历史归档\来源语料_utf_20261009\语料\10-统一场论核心公式\统一场论公式论文集\证明验证论文\rewritten_nature_format\00-统一场论核心公式全维度推导与验证_Nature版.md,B,未审计，待逐件裁定,已复制
10-统一场论核心公式/统一场论公式论文集/证明验证论文/rewritten_nature_format/01-时空同一化方程推导与验证_Nature版.md,13155,90_历史归档\来源语料_utf_20261009\语料\10-统一场论核心公式\统一场论公式论文集\证明验证论文\rewritten_nature_format\01-时空同一化方程推导与验证_Nature版.md,B,未审计，待逐件裁定,已复制
10-统一场论核心公式/统一场论公式论文集/证明验证论文/rewritten_nature_format/02-三维螺旋时空方程推导与验证_Nature版.md,17289,90_历史归档\来源语料_utf_20261009\语料\10-统一场论核心公式\统一场论公式论文集\证明验证论文\rewritten_nature_format\02-三维螺旋时空方程推导与验证_Nature版.md,B,未审计，待逐件裁定,已复制
10-统一场论核心公式/统一场论公式论文集/证明验证论文/rewritten_nature_format/03-质量定义方程推导与验证_Nature版.md,13870,90_历史归档\来源语料_utf_20261009\语料\10-统一场论核心公式\统一场论公式论文集\证明验证论文\rewritten_nature_format\03-质量定义方程推导与验证_Nature版.md,B,未审计，待逐件裁定,已复制
10-统一场论核心公式/统一场论公式论文集/证明验证论文/rewritten_nature_format/04-引力场定义方程推导与验证_Nature版.md,12568,90_历史归档\来源语料_utf_20261009\语料\10-统一场论核心公式\统一场论公式论文集\证明验证论文\rewritten_nature_format\04-引力场定义方程推导与验证_Nature版.md,B,未审计，待逐件裁定,已复制
10-统一场论核心公式/统一场论公式论文集/证明验证论文/rewritten_nature_format/05-静止动量方程推导与验证_Nature版.md,12348,90_历史归档\来源语料_utf_20261009\语料\10-统一场论核心公式\统一场论公式论文集\证明验证论文\rewritten_nature_format\05-静止动量方程推导与验证_Nature版.md,B,未审计，待逐件裁定,已复制
10-统一场论核心公式/统一场论公式论文集/证明验证论文/rewritten_nature_format/06-运动动量方程推导与验证_Nature版.md,15124,90_历史归档\来源语料_utf_20261009\语料\10-统一场论核心公式\统一场论公式论文集\证明验证论文\rewritten_nature_format\06-运动动量方程推导与验证_Nature版.md,B,未审计，待逐件裁定,已复制
10-统一场论核心公式/统一场论公式论文集/证明验证论文/rewritten_nature_format/07-宇宙大统一方程推导与验证_Nature版.md,20715,90_历史归档\来源语料_utf_20261009\语料\10-统一场论核心公式\统一场论公式论文集\证明验证论文\rewritten_nature_format\07-宇宙大统一方程推导与验证_Nature版.md,B,未审计，待逐件裁定,已复制
10-统一场论核心公式/统一场论公式论文集/证明验证论文/rewritten_nature_format/08-空间波动方程推导与验证_Nature版.md,19347,90_历史归档\来源语料_utf_20261009\语料\10-统一场论核心公式\统一场论公式论文集\证明验证论文\rewritten_nature_format\08-空间波动方程推导与验证_Nature版.md,B,未审计，待逐件裁定,已复制
10-统一场论核心公式/统一场论公式论文集/证明验证论文/rewritten_nature_format/09-电荷定义方程推导与验证_Nature版.md,18614,90_历史归档\来源语料_utf_20261009\语料\10-统一场论核心公式\统一场论公式论文集\证明验证论文\rewritten_nature_format\09-电荷定义方程推导与验证_Nature版.md,B,未审计，待逐件裁定,已复制
10-统一场论核心公式/统一场论公式论文集/证明验证论文/rewritten_nature_format/10-电场定义方程推导与验证_Nature版.md,18905,90_历史归档\来源语料_utf_20261009\语料\10-统一场论核心公式\统一场论公式论文集\证明验证论文\rewritten_nature_format\10-电场定义方程推导与验证_Nature版.md,B,未审计，待逐件裁定,已复制
10-统一场论核心公式/统一场论公式论文集/证明验证论文/rewritten_nature_format/11-磁场定义方程推导与验证_Nature版.md,21356,90_历史归档\来源语料_utf_20261009\语料\10-统一场论核心公式\统一场论公式论文集\证明验证论文\rewritten_nature_format\11-磁场定义方程推导与验证_Nature版.md,B,未审计，待逐件裁定,已复制
10-统一场论核心公式/统一场论公式论文集/证明验证论文/rewritten_nature_format/12-变化的引力场产生电磁场方程推导与验证_Nature版.md,21853,90_历史归档\来源语料_utf_20261009\语料\10-统一场论核心公式\统一场论公式论文集\证明验证论文\rewritten_nature_format\12-变化的引力场产生电磁场方程推导与验证_Nature版.md,B,未审计，待逐件裁定,已复制
10-统一场论核心公式/统一场论公式论文集/证明验证论文/rewritten_nature_format/13-磁矢势方程推导与验证_Nature版.md,24092,90_历史归档\来源语料_utf_20261009\语料\10-统一场论核心公式\统一场论公式论文集\证明验证论文\rewritten_nature_format\13-磁矢势方程推导与验证_Nature版.md,B,未审计，待逐件裁定,已复制
10-统一场论核心公式/统一场论公式论文集/证明验证论文/rewritten_nature_format/14-变化的引力场产生电场方程推导与验证_Nature版.md,24150,90_历史归档\来源语料_utf_20261009\语料\10-统一场论核心公式\统一场论公式论文集\证明验证论文\rewritten_nature_format\14-变化的引力场产生电场方程推导与验证_Nature版.md,B,未审计，待逐件裁定,已复制
10-统一场论核心公式/统一场论公式论文集/证明验证论文/rewritten_nature_format/15-变化的磁场产生引力场和电场方程推导与验证_Nature版.md,26749,90_历史归档\来源语料_utf_20261009\语料\10-统一场论核心公式\统一场论公式论文集\证明验证论文\rewritten_nature_format\15-变化的磁场产生引力场和电场方程推导与验证_Nature版.md,B,未审计，待逐件裁定,已复制
10-统一场论核心公式/统一场论公式论文集/证明验证论文/rewritten_nature_format/16-统一场论能量方程推导与验证_Nature版.md,20773,90_历史归档\来源语料_utf_20261009\语料\10-统一场论核心公式\统一场论公式论文集\证明验证论文\rewritten_nature_format\16-统一场论能量方程推导与验证_Nature版.md,B,未审计，待逐件裁定,已复制
10-统一场论核心公式/统一场论公式论文集/证明验证论文/rewritten_nature_format/17-引力场与电磁场的统一方程推导与验证_Nature版.md,22945,90_历史归档\来源语料_utf_20261009\语料\10-统一场论核心公式\统一场论公式论文集\证明验证论文\rewritten_nature_format\17-引力场与电磁场的统一方程推导与验证_Nature版.md,B,未审计，待逐件裁定,已复制
10-统一场论核心公式/统一场论公式论文集/证明验证论文/rewritten_nature_format/18-核力场定义方程推导与验证_Nature版.md,39450,90_历史归档\来源语料_utf_20261009\语料\10-统一场论核心公式\统一场论公式论文集\证明验证论文\rewritten_nature_format\18-核力场定义方程推导与验证_Nature版.md,B,未审计，待逐件裁定,已复制
10-统一场论核心公式/统一场论公式论文集/证明验证论文/templates/Nature格式标准模板.md,3827,90_历史归档\来源语料_utf_20261009\语料\10-统一场论核心公式\统一场论公式论文集\证明验证论文\templates\Nature格式标准模板.md,B,未审计，待逐件裁定,已复制
10-统一场论核心公式/统一场论公式论文集/证明验证论文/templates/论文优化标准模板.md,4198,90_历史归档\来源语料_utf_20261009\语料\10-统一场论核心公式\统一场论公式论文集\证明验证论文\templates\论文优化标准模板.md,B,未审计，待逐件裁定,已复制
10-统一场论核心公式/统一场论公式论文集/证明验证论文/templates/论文优化说明.md,2024,90_历史归档\来源语料_utf_20261009\语料\10-统一场论核心公式\统一场论公式论文集\证明验证论文\templates\论文优化说明.md,B,未审计，待逐件裁定,已复制
10-统一场论核心公式/统一场论公式论文集/证明验证论文/verification_scripts/变化的引力场产生电场方程验证.py,12404,90_历史归档\来源语料_utf_20261009\语料\10-统一场论核心公式\统一场论公式论文集\证明验证论文\verification_scripts\变化的引力场产生电场方程验证.py,B,未审计，待逐件裁定,已复制
10-统一场论核心公式/统一场论公式论文集/证明验证论文/verification_scripts/变化的引力场产生电磁场方程验证.py,17042,90_历史归档\来源语料_utf_20261009\语料\10-统一场论核心公式\统一场论公式论文集\证明验证论文\verification_scripts\变化的引力场产生电磁场方程验证.py,B,未审计，待逐件裁定,已复制
10-统一场论核心公式/统一场论公式论文集/证明验证论文/verification_scripts/变化的磁场产生引力场和电场方程验证.py,13881,90_历史归档\来源语料_utf_20261009\语料\10-统一场论核心公式\统一场论公式论文集\证明验证论文\verification_scripts\变化的磁场产生引力场和电场方程验证.py,B,未审计，待逐件裁定,已复制
10-统一场论核心公式/统一场论公式论文集/证明验证论文/verification_scripts/引力场与电磁场的统一方程验证.py,11409,90_历史归档\来源语料_utf_20261009\语料\10-统一场论核心公式\统一场论公式论文集\证明验证论文\verification_scripts\引力场与电磁场的统一方程验证.py,B,未审计，待逐件裁定,已复制
10-统一场论核心公式/统一场论公式论文集/证明验证论文/verification_scripts/核力场定义方程验证.py,10045,90_历史归档\来源语料_utf_20261009\语料\10-统一场论核心公式\统一场论公式论文集\证明验证论文\verification_scripts\核力场定义方程验证.py,B,未审计，待逐件裁定,已复制
10-统一场论核心公式/统一场论公式论文集/证明验证论文/verification_scripts/电场定义方程验证.py,13167,90_历史归档\来源语料_utf_20261009\语料\10-统一场论核心公式\统一场论公式论文集\证明验证论文\verification_scripts\电场定义方程验证.py,B,未审计，待逐件裁定,已复制
10-统一场论核心公式/统一场论公式论文集/证明验证论文/verification_scripts/电荷定义方程验证.py,7415,90_历史归档\来源语料_utf_20261009\语料\10-统一场论核心公式\统一场论公式论文集\证明验证论文\verification_scripts\电荷定义方程验证.py,B,未审计，待逐件裁定,已复制
10-统一场论核心公式/统一场论公式论文集/证明验证论文/verification_scripts/磁场定义方程验证.py,14595,90_历史归档\来源语料_utf_20261009\语料\10-统一场论核心公式\统一场论公式论文集\证明验证论文\verification_scripts\磁场定义方程验证.py,B,未审计，待逐件裁定,已复制
10-统一场论核心公式/统一场论公式论文集/证明验证论文/verification_scripts/磁矢势方程验证.py,12669,90_历史归档\来源语料_utf_20261009\语料\10-统一场论核心公式\统一场论公式论文集\证明验证论文\verification_scripts\磁矢势方程验证.py,B,未审计，待逐件裁定,已复制
10-统一场论核心公式/统一场论公式论文集/证明验证论文/verification_scripts/统一场论能量方程验证.py,10267,90_历史归档\来源语料_utf_20261009\语料\10-统一场论核心公式\统一场论公式论文集\证明验证论文\verification_scripts\统一场论能量方程验证.py,B,未审计，待逐件裁定,已复制
10-统一场论核心公式/统一场论公式论文集/辅助文件/统一场论核心公式-优化版.md,3926,90_历史归档\来源语料_utf_20261009\语料\10-统一场论核心公式\统一场论公式论文集\辅助文件\统一场论核心公式-优化版.md,B,未审计，待逐件裁定,已复制
10-统一场论核心公式/统一场论公式论文集/辅助文件/论文优化模板.md,5404,90_历史归档\来源语料_utf_20261009\语料\10-统一场论核心公式\统一场论公式论文集\辅助文件\论文优化模板.md,B,未审计，待逐件裁定,已复制
10-统一场论核心公式/统一场论公式论文集/辅助文件/论文优化自动化脚本.py,20854,90_历史归档\来源语料_utf_20261009\语料\10-统一场论核心公式\统一场论公式论文集\辅助文件\论文优化自动化脚本.py,B,未审计，待逐件裁定,已复制
10-统一场论核心公式/统一场论公式论文集/验证数据/方程01_时空同一化方程验证数据.csv,7811,90_历史归档\来源语料_utf_20261009\语料\10-统一场论核心公式\统一场论公式论文集\验证数据\方程01_时空同一化方程验证数据.csv,B,未审计，待逐件裁定,已复制
10-统一场论核心公式/统一场论公式论文集/验证数据/方程02_三维螺旋时空方程验证数据.csv,16111,90_历史归档\来源语料_utf_20261009\语料\10-统一场论核心公式\统一场论公式论文集\验证数据\方程02_三维螺旋时空方程验证数据.csv,B,未审计，待逐件裁定,已复制
10-统一场论核心公式/统一场论公式论文集/验证数据/方程03_质量定义方程验证数据.csv,10633,90_历史归档\来源语料_utf_20261009\语料\10-统一场论核心公式\统一场论公式论文集\验证数据\方程03_质量定义方程验证数据.csv,B,未审计，待逐件裁定,已复制
10-统一场论核心公式/统一场论公式论文集/验证数据/方程04_引力场定义方程验证数据.csv,10888,90_历史归档\来源语料_utf_20261009\语料\10-统一场论核心公式\统一场论公式论文集\验证数据\方程04_引力场定义方程验证数据.csv,B,未审计，待逐件裁定,已复制
10-统一场论核心公式/统一场论公式论文集/验证数据/方程05_静止动量方程验证数据.csv,3913,90_历史归档\来源语料_utf_20261009\语料\10-统一场论核心公式\统一场论公式论文集\验证数据\方程05_静止动量方程验证数据.csv,B,未审计，待逐件裁定,已复制
10-统一场论核心公式/统一场论公式论文集/验证数据/方程06_运动动量方程验证数据.csv,9447,90_历史归档\来源语料_utf_20261009\语料\10-统一场论核心公式\统一场论公式论文集\验证数据\方程06_运动动量方程验证数据.csv,B,未审计，待逐件裁定,已复制
10-统一场论核心公式/统一场论公式论文集/验证数据/方程07_宇宙大统一方程验证数据.csv,159,90_历史归档\来源语料_utf_20261009\语料\10-统一场论核心公式\统一场论公式论文集\验证数据\方程07_宇宙大统一方程验证数据.csv,B,未审计，待逐件裁定,已复制
10-统一场论核心公式/统一场论公式论文集/验证数据/方程08_空间波动方程验证数据.csv,8831,90_历史归档\来源语料_utf_20261009\语料\10-统一场论核心公式\统一场论公式论文集\验证数据\方程08_空间波动方程验证数据.csv,B,未审计，待逐件裁定,已复制
10-统一场论核心公式/统一场论公式论文集/验证数据/方程09_电荷定义方程验证数据.csv,7782,90_历史归档\来源语料_utf_20261009\语料\10-统一场论核心公式\统一场论公式论文集\验证数据\方程09_电荷定义方程验证数据.csv,B,未审计，待逐件裁定,已复制
10-统一场论核心公式/统一场论公式论文集/验证数据/方程10_电场定义方程验证数据.csv,6347,90_历史归档\来源语料_utf_20261009\语料\10-统一场论核心公式\统一场论公式论文集\验证数据\方程10_电场定义方程验证数据.csv,B,未审计，待逐件裁定,已复制
10-统一场论核心公式/统一场论公式论文集/验证数据/方程11_磁场定义方程验证数据.csv,6381,90_历史归档\来源语料_utf_20261009\语料\10-统一场论核心公式\统一场论公式论文集\验证数据\方程11_磁场定义方程验证数据.csv,B,未审计，待逐件裁定,已复制
10-统一场论核心公式/统一场论公式论文集/验证数据/方程12_变化的引力场产生电磁场方程验证数据.csv,7848,90_历史归档\来源语料_utf_20261009\语料\10-统一场论核心公式\统一场论公式论文集\验证数据\方程12_变化的引力场产生电磁场方程验证数据.csv,B,未审计，待逐件裁定,已复制
10-统一场论核心公式/统一场论公式论文集/验证数据/方程13_磁矢势方程验证数据.csv,4099,90_历史归档\来源语料_utf_20261009\语料\10-统一场论核心公式\统一场论公式论文集\验证数据\方程13_磁矢势方程验证数据.csv,B,未审计，待逐件裁定,已复制
10-统一场论核心公式/统一场论公式论文集/验证数据/方程14_变化的引力场产生电场方程验证数据.csv,7865,90_历史归档\来源语料_utf_20261009\语料\10-统一场论核心公式\统一场论公式论文集\验证数据\方程14_变化的引力场产生电场方程验证数据.csv,B,未审计，待逐件裁定,已复制
10-统一场论核心公式/统一场论公式论文集/验证数据/方程15_变化的磁场产生引力场和电场方程验证数据.csv,7836,90_历史归档\来源语料_utf_20261009\语料\10-统一场论核心公式\统一场论公式论文集\验证数据\方程15_变化的磁场产生引力场和电场方程验证数据.csv,B,未审计，待逐件裁定,已复制
10-统一场论核心公式/统一场论公式论文集/验证数据/方程16_统一场论能量方程验证数据.csv,6633,90_历史归档\来源语料_utf_20261009\语料\10-统一场论核心公式\统一场论公式论文集\验证数据\方程16_统一场论能量方程验证数据.csv,B,未审计，待逐件裁定,已复制
10-统一场论核心公式/统一场论公式论文集/验证数据/方程17_引力场与电磁场的统一方程验证数据.csv,3606,90_历史归档\来源语料_utf_20261009\语料\10-统一场论核心公式\统一场论公式论文集\验证数据\方程17_引力场与电磁场的统一方程验证数据.csv,B,未审计，待逐件裁定,已复制
10-统一场论核心公式/统一场论公式论文集/验证数据/方程18_核力场定义方程验证数据.csv,4027,90_历史归档\来源语料_utf_20261009\语料\10-统一场论核心公式\统一场论公式论文集\验证数据\方程18_核力场定义方程验证数据.csv,B,未审计，待逐件裁定,已复制
10-统一场论核心公式/统一场论公式论文集/验证数据/统一场论公式验证总报告.json,3937,90_历史归档\来源语料_utf_20261009\语料\10-统一场论核心公式\统一场论公式论文集\验证数据\统一场论公式验证总报告.json,B,未审计，待逐件裁定,已复制
10-统一场论核心公式/统一场论公式论文集/验证数据/统一场论公式验证总报告.txt,1817,90_历史归档\来源语料_utf_20261009\语料\10-统一场论核心公式\统一场论公式论文集\验证数据\统一场论公式验证总报告.txt,B,未审计，待逐件裁定,已复制
10-统一场论核心公式/统一场论公式论文集/验证脚本/multidimensional_test_optimization_system.py,99137,90_历史归档\来源语料_utf_20261009\语料\10-统一场论核心公式\统一场论公式论文集\验证脚本\multidimensional_test_optimization_system.py,B,未审计，待逐件裁定,已复制
10-统一场论核心公式/统一场论公式论文集/验证脚本/multidimensional_test_optimization_system_fixed.py,4482,90_历史归档\来源语料_utf_20261009\语料\10-统一场论核心公式\统一场论公式论文集\验证脚本\multidimensional_test_optimization_system_fixed.py,B,未审计，待逐件裁定,已复制
10-统一场论核心公式/统一场论公式论文集/验证脚本/multidimensional_test_optimizer_standalone.py,21366,90_历史归档\来源语料_utf_20261009\语料\10-统一场论核心公式\统一场论公式论文集\验证脚本\multidimensional_test_optimizer_standalone.py,B,未审计，待逐件裁定,已复制
10-统一场论核心公式/统一场论公式论文集/验证脚本/nature_style_visualization_generator.py,45219,90_历史归档\来源语料_utf_20261009\语料\10-统一场论核心公式\统一场论公式论文集\验证脚本\nature_style_visualization_generator.py,B,未审计，待逐件裁定,已复制
10-统一场论核心公式/统一场论公式论文集/验证脚本/公式15修复专用.py,5988,90_历史归档\来源语料_utf_20261009\语料\10-统一场论核心公式\统一场论公式论文集\验证脚本\公式15修复专用.py,B,未审计，待逐件裁定,已复制
10-统一场论核心公式/统一场论公式论文集/验证脚本/统一场论公式可视化验证.py,27153,90_历史归档\来源语料_utf_20261009\语料\10-统一场论核心公式\统一场论公式论文集\验证脚本\统一场论公式可视化验证.py,B,未审计，待逐件裁定,已复制
10-统一场论核心公式/统一场论公式论文集/验证脚本/统一场论公式可视化验证_simple.py,26988,90_历史归档\来源语料_utf_20261009\语料\10-统一场论核心公式\统一场论公式论文集\验证脚本\统一场论公式可视化验证_simple.py,B,未审计，待逐件裁定,已复制
10-统一场论核心公式/统一场论公式论文集/验证脚本/统一场论公式求导验证.py,66376,90_历史归档\来源语料_utf_20261009\语料\10-统一场论核心公式\统一场论公式论文集\验证脚本\统一场论公式求导验证.py,B,未审计，待逐件裁定,已复制
10-统一场论核心公式/统一场论公式论文集/验证脚本/统一场论公式验证简化版.py,36750,90_历史归档\来源语料_utf_20261009\语料\10-统一场论核心公式\统一场论公式论文集\验证脚本\统一场论公式验证简化版.py,B,未审计，待逐件裁定,已复制
10-统一场论核心公式/统一场论公式论文集/验证脚本/统一场论所有公式可视化系统.py,48705,90_历史归档\来源语料_utf_20261009\语料\10-统一场论核心公式\统一场论公式论文集\验证脚本\统一场论所有公式可视化系统.py,B,未审计，待逐件裁定,已复制
10-统一场论核心公式/统一场论公式论文集/验证脚本/统一场论所有公式可视化系统_修复版.py,49257,90_历史归档\来源语料_utf_20261009\语料\10-统一场论核心公式\统一场论公式论文集\验证脚本\统一场论所有公式可视化系统_修复版.py,B,未审计，待逐件裁定,已复制
10-统一场论核心公式/统一场论用到的所有数学符号/张祥前统一场论中出现的所有数学符号梳理解析.md,18339,90_历史归档\来源语料_utf_20261009\语料\10-统一场论核心公式\统一场论用到的所有数学符号\张祥前统一场论中出现的所有数学符号梳理解析.md,B,未审计，待逐件裁定,已复制
10-统一场论核心公式/范畴论驱动的统一场论知识体系构建/README.md,7771,90_历史归档\来源语料_utf_20261009\语料\10-统一场论核心公式\范畴论驱动的统一场论知识体系构建\README.md,B,未审计，待逐件裁定,已复制
10-统一场论核心公式/范畴论驱动的统一场论知识体系构建/参考文献与学术脉络.md,11757,90_历史归档\来源语料_utf_20261009\语料\10-统一场论核心公式\范畴论驱动的统一场论知识体系构建\参考文献与学术脉络.md,B,未审计，待逐件裁定,已复制
10-统一场论核心公式/范畴论驱动的统一场论知识体系构建/可视化指南.md,8315,90_历史归档\来源语料_utf_20261009\语料\10-统一场论核心公式\范畴论驱动的统一场论知识体系构建\可视化指南.md,B,未审计，待逐件裁定,已复制
10-统一场论核心公式/范畴论驱动的统一场论知识体系构建/应用前景与未来发展.md,13915,90_历史归档\来源语料_utf_20261009\语料\10-统一场论核心公式\范畴论驱动的统一场论知识体系构建\应用前景与未来发展.md,B,未审计，待逐件裁定,已复制
10-统一场论核心公式/范畴论驱动的统一场论知识体系构建/张祥前统一场论20个核心重要公式方程.md,23251,90_历史归档\来源语料_utf_20261009\语料\10-统一场论核心公式\范畴论驱动的统一场论知识体系构建\张祥前统一场论20个核心重要公式方程.md,B,未审计，待逐件裁定,已复制
10-统一场论核心公式/范畴论驱动的统一场论知识体系构建/文档结构优化指南.md,7784,90_历史归档\来源语料_utf_20261009\语料\10-统一场论核心公式\范畴论驱动的统一场论知识体系构建\文档结构优化指南.md,B,未审计，待逐件裁定,已复制
10-统一场论核心公式/范畴论驱动的统一场论知识体系构建/核心公式数学推导与物理意义.md,14103,90_历史归档\来源语料_utf_20261009\语料\10-统一场论核心公式\范畴论驱动的统一场论知识体系构建\核心公式数学推导与物理意义.md,B,未审计，待逐件裁定,已复制
10-统一场论核心公式/范畴论驱动的统一场论知识体系构建/格式规范指南.md,4834,90_历史归档\来源语料_utf_20261009\语料\10-统一场论核心公式\范畴论驱动的统一场论知识体系构建\格式规范指南.md,B,未审计，待逐件裁定,已复制
10-统一场论核心公式/范畴论驱动的统一场论知识体系构建/理论验证与实验方法.md,10816,90_历史归档\来源语料_utf_20261009\语料\10-统一场论核心公式\范畴论驱动的统一场论知识体系构建\理论验证与实验方法.md,B,未审计，待逐件裁定,已复制
10-统一场论核心公式/范畴论驱动的统一场论知识体系构建/范畴论驱动的统一场论知识体系构建-完整扩展版.md,13875,90_历史归档\来源语料_utf_20261009\语料\10-统一场论核心公式\范畴论驱动的统一场论知识体系构建\范畴论驱动的统一场论知识体系构建-完整扩展版.md,B,未审计，待逐件裁定,已复制
10-统一场论核心公式/范畴论驱动的统一场论知识体系构建/范畴论驱动的统一场论知识体系构建.md,5027,90_历史归档\来源语料_utf_20261009\语料\10-统一场论核心公式\范畴论驱动的统一场论知识体系构建\范畴论驱动的统一场论知识体系构建.md,B,未审计，待逐件裁定,已复制
10-统一场论核心公式/范畴论驱动的统一场论知识体系构建/code/comprehensive_validation.py,29007,90_历史归档\来源语料_utf_20261009\语料\10-统一场论核心公式\范畴论驱动的统一场论知识体系构建\code\comprehensive_validation.py,B,未审计，待逐件裁定,已复制
10-统一场论核心公式/范畴论驱动的统一场论知识体系构建/code/comprehensive_validation_report.md,3461,90_历史归档\来源语料_utf_20261009\语料\10-统一场论核心公式\范畴论驱动的统一场论知识体系构建\code\comprehensive_validation_report.md,B,未审计，待逐件裁定,已复制
10-统一场论核心公式/范畴论驱动的统一场论知识体系构建/code/dimension_validation.py,19128,90_历史归档\来源语料_utf_20261009\语料\10-统一场论核心公式\范畴论驱动的统一场论知识体系构建\code\dimension_validation.py,B,未审计，待逐件裁定,已复制
10-统一场论核心公式/范畴论驱动的统一场论知识体系构建/code/doubac.py,28295,90_历史归档\来源语料_utf_20261009\语料\10-统一场论核心公式\范畴论驱动的统一场论知识体系构建\code\doubac.py,B,未审计，待逐件裁定,已复制
10-统一场论核心公式/范畴论驱动的统一场论知识体系构建/code/formula_analysis.py,32269,90_历史归档\来源语料_utf_20261009\语料\10-统一场论核心公式\范畴论驱动的统一场论知识体系构建\code\formula_analysis.py,B,未审计，待逐件裁定,已复制
10-统一场论核心公式/范畴论驱动的统一场论知识体系构建/code/formula_analysis_improved.py,41380,90_历史归档\来源语料_utf_20261009\语料\10-统一场论核心公式\范畴论驱动的统一场论知识体系构建\code\formula_analysis_improved.py,B,未审计，待逐件裁定,已复制
10-统一场论核心公式/范畴论驱动的统一场论知识体系构建/code/formula_analysis_optimized.py,47309,90_历史归档\来源语料_utf_20261009\语料\10-统一场论核心公式\范畴论驱动的统一场论知识体系构建\code\formula_analysis_optimized.py,B,未审计，待逐件裁定,已复制
10-统一场论核心公式/范畴论驱动的统一场论知识体系构建/code/formula_analysis_refactored.py,55156,90_历史归档\来源语料_utf_20261009\语料\10-统一场论核心公式\范畴论驱动的统一场论知识体系构建\code\formula_analysis_refactored.py,B,未审计，待逐件裁定,已复制
10-统一场论核心公式/范畴论驱动的统一场论知识体系构建/code/formula_analysis_report.md,10800,90_历史归档\来源语料_utf_20261009\语料\10-统一场论核心公式\范畴论驱动的统一场论知识体系构建\code\formula_analysis_report.md,B,未审计，待逐件裁定,已复制
10-统一场论核心公式/范畴论驱动的统一场论知识体系构建/code/formula_analysis_verification.md,4159,90_历史归档\来源语料_utf_20261009\语料\10-统一场论核心公式\范畴论驱动的统一场论知识体系构建\code\formula_analysis_verification.md,B,未审计，待逐件裁定,已复制
10-统一场论核心公式/范畴论驱动的统一场论知识体系构建/code/formula_logic_validation.py,25011,90_历史归档\来源语料_utf_20261009\语料\10-统一场论核心公式\范畴论驱动的统一场论知识体系构建\code\formula_logic_validation.py,B,未审计，待逐件裁定,已复制
10-统一场论核心公式/范畴论驱动的统一场论知识体系构建/code/interactive_visualization.py,40422,90_历史归档\来源语料_utf_20261009\语料\10-统一场论核心公式\范畴论驱动的统一场论知识体系构建\code\interactive_visualization.py,B,未审计，待逐件裁定,已复制
10-统一场论核心公式/范畴论驱动的统一场论知识体系构建/code/mathematical_structure_validation.py,43985,90_历史归档\来源语料_utf_20261009\语料\10-统一场论核心公式\范畴论驱动的统一场论知识体系构建\code\mathematical_structure_validation.py,B,未审计，待逐件裁定,已复制
10-统一场论核心公式/范畴论驱动的统一场论知识体系构建/code/module_relation_validation.py,22599,90_历史归档\来源语料_utf_20261009\语料\10-统一场论核心公式\范畴论驱动的统一场论知识体系构建\code\module_relation_validation.py,B,未审计，待逐件裁定,已复制
10-统一场论核心公式/范畴论驱动的统一场论知识体系构建/code/physical_meaning_validation.py,29625,90_历史归档\来源语料_utf_20261009\语料\10-统一场论核心公式\范畴论驱动的统一场论知识体系构建\code\physical_meaning_validation.py,B,未审计，待逐件裁定,已复制
10-统一场论核心公式/范畴论驱动的统一场论知识体系构建/code/report_optimization.py,27346,90_历史归档\来源语料_utf_20261009\语料\10-统一场论核心公式\范畴论驱动的统一场论知识体系构建\code\report_optimization.py,B,未审计，待逐件裁定,已复制
10-统一场论核心公式/范畴论驱动的统一场论知识体系构建/code/test_validation.py,7055,90_历史归档\来源语料_utf_20261009\语料\10-统一场论核心公式\范畴论驱动的统一场论知识体系构建\code\test_validation.py,B,未审计，待逐件裁定,已复制
10-统一场论核心公式/范畴论驱动的统一场论知识体系构建/code/output/comprehensive_validation_report.md,26068,90_历史归档\来源语料_utf_20261009\语料\10-统一场论核心公式\范畴论驱动的统一场论知识体系构建\code\output\comprehensive_validation_report.md,B,未审计，待逐件裁定,已复制
10-统一场论核心公式/范畴论驱动的统一场论知识体系构建/code/output/derivative_proof_example.md,769,90_历史归档\来源语料_utf_20261009\语料\10-统一场论核心公式\范畴论驱动的统一场论知识体系构建\code\output\derivative_proof_example.md,B,未审计，待逐件裁定,已复制
10-统一场论核心公式/范畴论驱动的统一场论知识体系构建/code/output/dimension_validation_report.md,6755,90_历史归档\来源语料_utf_20261009\语料\10-统一场论核心公式\范畴论驱动的统一场论知识体系构建\code\output\dimension_validation_report.md,B,未审计，待逐件裁定,已复制
10-统一场论核心公式/范畴论驱动的统一场论知识体系构建/code/output/formula_analysis_report.md,2511,90_历史归档\来源语料_utf_20261009\语料\10-统一场论核心公式\范畴论驱动的统一场论知识体系构建\code\output\formula_analysis_report.md,B,未审计，待逐件裁定,已复制
10-统一场论核心公式/范畴论驱动的统一场论知识体系构建/code/output/formula_logic_validation_report.md,3499,90_历史归档\来源语料_utf_20261009\语料\10-统一场论核心公式\范畴论驱动的统一场论知识体系构建\code\output\formula_logic_validation_report.md,B,未审计，待逐件裁定,已复制
10-统一场论核心公式/范畴论驱动的统一场论知识体系构建/code/output/mathematical_structure_validation_report.md,6362,90_历史归档\来源语料_utf_20261009\语料\10-统一场论核心公式\范畴论驱动的统一场论知识体系构建\code\output\mathematical_structure_validation_report.md,B,未审计，待逐件裁定,已复制
10-统一场论核心公式/范畴论驱动的统一场论知识体系构建/code/output/module_relation_validation_report.md,4333,90_历史归档\来源语料_utf_20261009\语料\10-统一场论核心公式\范畴论驱动的统一场论知识体系构建\code\output\module_relation_validation_report.md,B,未审计，待逐件裁定,已复制
10-统一场论核心公式/范畴论驱动的统一场论知识体系构建/code/output/physical_meaning_validation_report.md,4503,90_历史归档\来源语料_utf_20261009\语料\10-统一场论核心公式\范畴论驱动的统一场论知识体系构建\code\output\physical_meaning_validation_report.md,B,未审计，待逐件裁定,已复制
10-统一场论核心公式/范畴论驱动的统一场论知识体系构建/modules/applications/01-applications-and-future-directions.md,16749,90_历史归档\来源语料_utf_20261009\语料\10-统一场论核心公式\范畴论驱动的统一场论知识体系构建\modules\applications\01-applications-and-future-directions.md,B,未审计，待逐件裁定,已复制
10-统一场论核心公式/范畴论驱动的统一场论知识体系构建/modules/applications/09-verification-application.md,599,90_历史归档\来源语料_utf_20261009\语料\10-统一场论核心公式\范畴论驱动的统一场论知识体系构建\modules\applications\09-verification-application.md,B,未审计，待逐件裁定,已复制
10-统一场论核心公式/范畴论驱动的统一场论知识体系构建/modules/basic-concepts/01-object-definitions-extended.md,12770,90_历史归档\来源语料_utf_20261009\语料\10-统一场论核心公式\范畴论驱动的统一场论知识体系构建\modules\basic-concepts\01-object-definitions-extended.md,B,未审计，待逐件裁定,已复制
10-统一场论核心公式/范畴论驱动的统一场论知识体系构建/modules/basic-concepts/01-object-definitions.md,5332,90_历史归档\来源语料_utf_20261009\语料\10-统一场论核心公式\范畴论驱动的统一场论知识体系构建\modules\basic-concepts\01-object-definitions.md,B,未审计，待逐件裁定,已复制
10-统一场论核心公式/范畴论驱动的统一场论知识体系构建/modules/conclusion-references/10-conclusion.md,641,90_历史归档\来源语料_utf_20261009\语料\10-统一场论核心公式\范畴论驱动的统一场论知识体系构建\modules\conclusion-references\10-conclusion.md,B,未审计，待逐件裁定,已复制
10-统一场论核心公式/范畴论驱动的统一场论知识体系构建/modules/conclusion-references/11-references.md,391,90_历史归档\来源语料_utf_20261009\语料\10-统一场论核心公式\范畴论驱动的统一场论知识体系构建\modules\conclusion-references\11-references.md,B,未审计，待逐件裁定,已复制
10-统一场论核心公式/范畴论驱动的统一场论知识体系构建/modules/dynamics/06-energy-dynamics.md,1770,90_历史归档\来源语料_utf_20261009\语料\10-统一场论核心公式\范畴论驱动的统一场论知识体系构建\modules\dynamics\06-energy-dynamics.md,B,未审计，待逐件裁定,已复制
10-统一场论核心公式/范畴论驱动的统一场论知识体系构建/modules/experimental-verification/01-experimental-verification-guide.md,16791,90_历史归档\来源语料_utf_20261009\语料\10-统一场论核心公式\范畴论驱动的统一场论知识体系构建\modules\experimental-verification\01-experimental-verification-guide.md,B,未审计，待逐件裁定,已复制
10-统一场论核心公式/范畴论驱动的统一场论知识体系构建/modules/field-theory/04-unified-force.md,1467,90_历史归档\来源语料_utf_20261009\语料\10-统一场论核心公式\范畴论驱动的统一场论知识体系构建\modules\field-theory\04-unified-force.md,B,未审计，待逐件裁定,已复制
10-统一场论核心公式/范畴论驱动的统一场论知识体系构建/modules/field-theory/05-electromagnetic.md,4438,90_历史归档\来源语料_utf_20261009\语料\10-统一场论核心公式\范畴论驱动的统一场论知识体系构建\modules\field-theory\05-electromagnetic.md,B,未审计，待逐件裁定,已复制
10-统一场论核心公式/范畴论驱动的统一场论知识体系构建/modules/introduction/00-core-category.md,5183,90_历史归档\来源语料_utf_20261009\语料\10-统一场论核心公式\范畴论驱动的统一场论知识体系构建\modules\introduction\00-core-category.md,B,未审计，待逐件裁定,已复制
10-统一场论核心公式/范畴论驱动的统一场论知识体系构建/modules/introduction/00-intro.md,544,90_历史归档\来源语料_utf_20261009\语料\10-统一场论核心公式\范畴论驱动的统一场论知识体系构建\modules\introduction\00-intro.md,B,未审计，待逐件裁定,已复制
10-统一场论核心公式/范畴论驱动的统一场论知识体系构建/modules/introduction/06-guidelines-extended.md,21003,90_历史归档\来源语料_utf_20261009\语料\10-统一场论核心公式\范畴论驱动的统一场论知识体系构建\modules\introduction\06-guidelines-extended.md,B,未审计，待逐件裁定,已复制
10-统一场论核心公式/范畴论驱动的统一场论知识体系构建/modules/introduction/06-guidelines.md,10640,90_历史归档\来源语料_utf_20261009\语料\10-统一场论核心公式\范畴论驱动的统一场论知识体系构建\modules\introduction\06-guidelines.md,B,未审计，待逐件裁定,已复制
10-统一场论核心公式/范畴论驱动的统一场论知识体系构建/modules/mathematical-foundations/01-formula-overview.md,5766,90_历史归档\来源语料_utf_20261009\语料\10-统一场论核心公式\范畴论驱动的统一场论知识体系构建\modules\mathematical-foundations\01-formula-overview.md,B,未审计，待逐件裁定,已复制
10-统一场论核心公式/范畴论驱动的统一场论知识体系构建/modules/mathematical-foundations/02-morphism-network-extended.md,16681,90_历史归档\来源语料_utf_20261009\语料\10-统一场论核心公式\范畴论驱动的统一场论知识体系构建\modules\mathematical-foundations\02-morphism-network-extended.md,B,未审计，待逐件裁定,已复制
10-统一场论核心公式/范畴论驱动的统一场论知识体系构建/modules/mathematical-foundations/02-morphism-network.md,7602,90_历史归档\来源语料_utf_20261009\语料\10-统一场论核心公式\范畴论驱动的统一场论知识体系构建\modules\mathematical-foundations\02-morphism-network.md,B,未审计，待逐件裁定,已复制
10-统一场论核心公式/范畴论驱动的统一场论知识体系构建/modules/mathematical-foundations/03-commutative-diagram-extended.md,19760,90_历史归档\来源语料_utf_20261009\语料\10-统一场论核心公式\范畴论驱动的统一场论知识体系构建\modules\mathematical-foundations\03-commutative-diagram-extended.md,B,未审计，待逐件裁定,已复制
10-统一场论核心公式/范畴论驱动的统一场论知识体系构建/modules/mathematical-foundations/03-commutative-diagram.md,8309,90_历史归档\来源语料_utf_20261009\语料\10-统一场论核心公式\范畴论驱动的统一场论知识体系构建\modules\mathematical-foundations\03-commutative-diagram.md,B,未审计，待逐件裁定,已复制
10-统一场论核心公式/范畴论驱动的统一场论知识体系构建/modules/mathematical-foundations/04-functor-mapping-extended.md,22009,90_历史归档\来源语料_utf_20261009\语料\10-统一场论核心公式\范畴论驱动的统一场论知识体系构建\modules\mathematical-foundations\04-functor-mapping-extended.md,B,未审计，待逐件裁定,已复制
10-统一场论核心公式/范畴论驱动的统一场论知识体系构建/modules/mathematical-foundations/04-functor-mapping.md,11261,90_历史归档\来源语料_utf_20261009\语料\10-统一场论核心公式\范畴论驱动的统一场论知识体系构建\modules\mathematical-foundations\04-functor-mapping.md,B,未审计，待逐件裁定,已复制
10-统一场论核心公式/范畴论驱动的统一场论知识体系构建/modules/mathematical-foundations/05-universal-properties-extended.md,22423,90_历史归档\来源语料_utf_20261009\语料\10-统一场论核心公式\范畴论驱动的统一场论知识体系构建\modules\mathematical-foundations\05-universal-properties-extended.md,B,未审计，待逐件裁定,已复制
10-统一场论核心公式/范畴论驱动的统一场论知识体系构建/modules/mathematical-foundations/05-universal-properties.md,9944,90_历史归档\来源语料_utf_20261009\语料\10-统一场论核心公式\范畴论驱动的统一场论知识体系构建\modules\mathematical-foundations\05-universal-properties.md,B,未审计，待逐件裁定,已复制
10-统一场论核心公式/范畴论驱动的统一场论知识体系构建/modules/mathematical-foundations/08-formula-network.md,825,90_历史归档\来源语料_utf_20261009\语料\10-统一场论核心公式\范畴论驱动的统一场论知识体系构建\modules\mathematical-foundations\08-formula-network.md,B,未审计，待逐件裁定,已复制
10-统一场论核心公式/范畴论驱动的统一场论知识体系构建/modules/physical-quantities/02-spacetime.md,1239,90_历史归档\来源语料_utf_20261009\语料\10-统一场论核心公式\范畴论驱动的统一场论知识体系构建\modules\physical-quantities\02-spacetime.md,B,未审计，待逐件裁定,已复制
10-统一场论核心公式/范畴论驱动的统一场论知识体系构建/modules/physical-quantities/03-mass-momentum.md,2367,90_历史归档\来源语料_utf_20261009\语料\10-统一场论核心公式\范畴论驱动的统一场论知识体系构建\modules\physical-quantities\03-mass-momentum.md,B,未审计，待逐件裁定,已复制
10-统一场论核心公式/范畴论驱动的统一场论知识体系构建/modules/physical-quantities/07-coupling-constants.md,926,90_历史归档\来源语料_utf_20261009\语料\10-统一场论核心公式\范畴论驱动的统一场论知识体系构建\modules\physical-quantities\07-coupling-constants.md,B,未审计，待逐件裁定,已复制
10-统一场论核心公式/范畴论驱动的统一场论知识体系构建/output/formula_analysis_report.md,11805,90_历史归档\来源语料_utf_20261009\语料\10-统一场论核心公式\范畴论驱动的统一场论知识体系构建\output\formula_analysis_report.md,B,未审计，待逐件裁定,已复制
10-统一场论核心公式/范畴论驱动的统一场论知识体系构建/书籍/范畴论驱动的统一场论知识体系构建.md,122975,90_历史归档\来源语料_utf_20261009\语料\10-统一场论核心公式\范畴论驱动的统一场论知识体系构建\书籍\范畴论驱动的统一场论知识体系构建.md,B,未审计，待逐件裁定,已复制
10-统一场论核心公式/范畴论驱动的统一场论知识体系构建/验证报告/公式分析准确性验证.md,5026,90_历史归档\来源语料_utf_20261009\语料\10-统一场论核心公式\范畴论驱动的统一场论知识体系构建\验证报告\公式分析准确性验证.md,B,未审计，待逐件裁定,已复制
10-统一场论核心公式/范畴论驱动的统一场论知识体系构建/验证报告/分析完整性验证报告.md,6900,90_历史归档\来源语料_utf_20261009\语料\10-统一场论核心公式\范畴论驱动的统一场论知识体系构建\验证报告\分析完整性验证报告.md,B,未审计，待逐件裁定,已复制
10-统一场论核心公式/范畴论驱动的统一场论知识体系构建/验证报告/张祥前统一场论公式积木模块分析.md,6579,90_历史归档\来源语料_utf_20261009\语料\10-统一场论核心公式\范畴论驱动的统一场论知识体系构建\验证报告\张祥前统一场论公式积木模块分析.md,B,未审计，待逐件裁定,已复制
10-统一场论核心公式/范畴论驱动的统一场论知识体系构建/验证报告/统一场论公式内部通用模块分析.md,9396,90_历史归档\来源语料_utf_20261009\语料\10-统一场论核心公式\范畴论驱动的统一场论知识体系构建\验证报告\统一场论公式内部通用模块分析.md,B,未审计，待逐件裁定,已复制
10-统一场论核心公式/范畴论驱动的统一场论知识体系构建/验证报告/统一场论公式积木分解详解.md,10847,90_历史归档\来源语料_utf_20261009\语料\10-统一场论核心公式\范畴论驱动的统一场论知识体系构建\验证报告\统一场论公式积木分解详解.md,B,未审计，待逐件裁定,已复制
10-统一场论核心公式/范畴论驱动的统一场论知识体系构建/验证报告/统一场论公式积木模块分析.md,16371,90_历史归档\来源语料_utf_20261009\语料\10-统一场论核心公式\范畴论驱动的统一场论知识体系构建\验证报告\统一场论公式积木模块分析.md,B,未审计，待逐件裁定,已复制
10-统一场论核心公式/范畴论驱动的统一场论知识体系构建/验证报告/质量定义方程应用分析报告.md,4056,90_历史归档\来源语料_utf_20261009\语料\10-统一场论核心公式\范畴论驱动的统一场论知识体系构建\验证报告\质量定义方程应用分析报告.md,B,未审计，待逐件裁定,已复制
10-统一场论核心公式/记录/统一场论核心公式全面验证完成纪念文章.md,11595,（内容已在 openuft，不重复复制）,B,未审计；内容已在本库,已在库跳过
10-统一场论核心公式/量纲验证/最终修复报告.md,4700,90_历史归档\来源语料_utf_20261009\语料\10-统一场论核心公式\量纲验证\最终修复报告.md,B,未审计，待逐件裁定,已复制
10-统一场论核心公式/量纲验证/最终验证与修复报告.py,8167,90_历史归档\来源语料_utf_20261009\语料\10-统一场论核心公式\量纲验证\最终验证与修复报告.py,B,未审计，待逐件裁定,已复制
10-统一场论核心公式/量纲验证/1-时空同一化方程/量纲验证.md,821,90_历史归档\来源语料_utf_20261009\语料\10-统一场论核心公式\量纲验证\1-时空同一化方程\量纲验证.md,B,未审计，待逐件裁定,已复制
10-统一场论核心公式/量纲验证/10-电场定义方程/量纲验证.md,1709,90_历史归档\来源语料_utf_20261009\语料\10-统一场论核心公式\量纲验证\10-电场定义方程\量纲验证.md,B,未审计，待逐件裁定,已复制
10-统一场论核心公式/量纲验证/11-磁场定义方程/量纲验证.md,1993,90_历史归档\来源语料_utf_20261009\语料\10-统一场论核心公式\量纲验证\11-磁场定义方程\量纲验证.md,B,未审计，待逐件裁定,已复制
10-统一场论核心公式/量纲验证/12-变化的引力场产生电磁场/量纲验证.md,1710,90_历史归档\来源语料_utf_20261009\语料\10-统一场论核心公式\量纲验证\12-变化的引力场产生电磁场\量纲验证.md,B,未审计，待逐件裁定,已复制
10-统一场论核心公式/量纲验证/13-磁矢势方程/量纲验证.md,857,90_历史归档\来源语料_utf_20261009\语料\10-统一场论核心公式\量纲验证\13-磁矢势方程\量纲验证.md,B,未审计，待逐件裁定,已复制
10-统一场论核心公式/量纲验证/14-变化的引力场产生电场/量纲验证.md,892,90_历史归档\来源语料_utf_20261009\语料\10-统一场论核心公式\量纲验证\14-变化的引力场产生电场\量纲验证.md,B,未审计，待逐件裁定,已复制
10-统一场论核心公式/量纲验证/15-变化的磁场产生引力场和电场/量纲验证.md,1614,90_历史归档\来源语料_utf_20261009\语料\10-统一场论核心公式\量纲验证\15-变化的磁场产生引力场和电场\量纲验证.md,B,未审计，待逐件裁定,已复制
10-统一场论核心公式/量纲验证/16-统一场论能量方程/量纲验证.md,972,90_历史归档\来源语料_utf_20261009\语料\10-统一场论核心公式\量纲验证\16-统一场论能量方程\量纲验证.md,B,未审计，待逐件裁定,已复制
10-统一场论核心公式/量纲验证/17-光速飞行器动力学方程/量纲验证.md,889,90_历史归档\来源语料_utf_20261009\语料\10-统一场论核心公式\量纲验证\17-光速飞行器动力学方程\量纲验证.md,B,未审计，待逐件裁定,已复制
10-统一场论核心公式/量纲验证/18-核力场定义方程/量纲验证.md,1183,90_历史归档\来源语料_utf_20261009\语料\10-统一场论核心公式\量纲验证\18-核力场定义方程\量纲验证.md,B,未审计，待逐件裁定,已复制
10-统一场论核心公式/量纲验证/19-引力光速统一方程/量纲验证.md,882,90_历史归档\来源语料_utf_20261009\语料\10-统一场论核心公式\量纲验证\19-引力光速统一方程\量纲验证.md,B,未审计，待逐件裁定,已复制
10-统一场论核心公式/量纲验证/2-三维螺旋时空方程/量纲验证.md,948,90_历史归档\来源语料_utf_20261009\语料\10-统一场论核心公式\量纲验证\2-三维螺旋时空方程\量纲验证.md,B,未审计，待逐件裁定,已复制
10-统一场论核心公式/量纲验证/20-电磁耦合常数/量纲验证.md,1067,90_历史归档\来源语料_utf_20261009\语料\10-统一场论核心公式\量纲验证\20-电磁耦合常数\量纲验证.md,B,未审计，待逐件裁定,已复制
10-统一场论核心公式/量纲验证/3-质量定义方程/量纲验证.md,749,90_历史归档\来源语料_utf_20261009\语料\10-统一场论核心公式\量纲验证\3-质量定义方程\量纲验证.md,B,未审计，待逐件裁定,已复制
10-统一场论核心公式/量纲验证/4-引力场定义方程/量纲验证.md,1233,90_历史归档\来源语料_utf_20261009\语料\10-统一场论核心公式\量纲验证\4-引力场定义方程\量纲验证.md,B,未审计，待逐件裁定,已复制
10-统一场论核心公式/量纲验证/5-静止动量方程/量纲验证.md,776,90_历史归档\来源语料_utf_20261009\语料\10-统一场论核心公式\量纲验证\5-静止动量方程\量纲验证.md,B,未审计，待逐件裁定,已复制
10-统一场论核心公式/量纲验证/6-运动动量方程/量纲验证.md,834,90_历史归档\来源语料_utf_20261009\语料\10-统一场论核心公式\量纲验证\6-运动动量方程\量纲验证.md,B,未审计，待逐件裁定,已复制
10-统一场论核心公式/量纲验证/7-宇宙大统一方程/量纲验证.md,1174,90_历史归档\来源语料_utf_20261009\语料\10-统一场论核心公式\量纲验证\7-宇宙大统一方程\量纲验证.md,B,未审计，待逐件裁定,已复制
10-统一场论核心公式/量纲验证/8-空间波动方程/量纲验证.md,864,90_历史归档\来源语料_utf_20261009\语料\10-统一场论核心公式\量纲验证\8-空间波动方程\量纲验证.md,B,未审计，待逐件裁定,已复制
10-统一场论核心公式/量纲验证/9-电荷定义方程/量纲验证.md,1120,90_历史归档\来源语料_utf_20261009\语料\10-统一场论核心公式\量纲验证\9-电荷定义方程\量纲验证.md,B,未审计，待逐件裁定,已复制
10-统一场论核心公式/量纲验证/code/audit_test.py,14510,90_历史归档\来源语料_utf_20261009\语料\10-统一场论核心公式\量纲验证\code\audit_test.py,B,未审计，待逐件裁定,已复制
10-统一场论核心公式/量纲验证/code/dimension_analysis_final.py,28301,90_历史归档\来源语料_utf_20261009\语料\10-统一场论核心公式\量纲验证\code\dimension_analysis_final.py,B,未审计，待逐件裁定,已复制
10-统一场论核心公式/量纲验证/code/output/formula_analysis_report.md,13975,90_历史归档\来源语料_utf_20261009\语料\10-统一场论核心公式\量纲验证\code\output\formula_analysis_report.md,B,未审计，待逐件裁定,已复制
10-统一场论核心公式/验证报告/2.md,22891,90_历史归档\来源语料_utf_20261009\语料\10-统一场论核心公式\验证报告\2.md,B,未审计，待逐件裁定,已复制
10-统一场论核心公式/验证报告/常数验证结果分析.md,5915,90_历史归档\来源语料_utf_20261009\语料\10-统一场论核心公式\验证报告\常数验证结果分析.md,B,未审计，待逐件裁定,已复制
10-统一场论核心公式/验证报告/张祥前统一场论整合文档.md,42097,90_历史归档\来源语料_utf_20261009\语料\10-统一场论核心公式\验证报告\张祥前统一场论整合文档.md,B,未审计，待逐件裁定,已复制
10-统一场论核心公式/验证报告/张祥前统一场论核心公式整合优化版.md,29142,90_历史归档\来源语料_utf_20261009\语料\10-统一场论核心公式\验证报告\张祥前统一场论核心公式整合优化版.md,B,未审计，待逐件裁定,已复制
10-统一场论核心公式/验证报告/张祥前统一场论综合文档.md,58326,90_历史归档\来源语料_utf_20261009\语料\10-统一场论核心公式\验证报告\张祥前统一场论综合文档.md,B,未审计，待逐件裁定,已复制
10-统一场论核心公式/验证报告/最终验证报告.md,5972,90_历史归档\来源语料_utf_20261009\语料\10-统一场论核心公式\验证报告\最终验证报告.md,B,未审计，待逐件裁定,已复制
10-统一场论核心公式/验证报告/核心公式索引.md,4204,90_历史归档\来源语料_utf_20261009\语料\10-统一场论核心公式\验证报告\核心公式索引.md,B,未审计，待逐件裁定,已复制
10-统一场论核心公式/验证报告/统一场论验证报告.md,12809,90_历史归档\来源语料_utf_20261009\语料\10-统一场论核心公式\验证报告\统一场论验证报告.md,B,未审计，待逐件裁定,已复制
10-统一场论核心公式/验证报告/量纲分析验证.md,2420,90_历史归档\来源语料_utf_20261009\语料\10-统一场论核心公式\验证报告\量纲分析验证.md,B,未审计，待逐件裁定,已复制
10-统一场论核心公式/验证系统/dimension_verification_system.py,8275,90_历史归档\来源语料_utf_20261009\语料\10-统一场论核心公式\验证系统\dimension_verification_system.py,B,未审计，待逐件裁定,已复制
10-统一场论核心公式/验证系统/field_transformation_simulation.py,4274,90_历史归档\来源语料_utf_20261009\语料\10-统一场论核心公式\验证系统\field_transformation_simulation.py,B,未审计，待逐件裁定,已复制
10-统一场论核心公式/验证系统/spacetime_visualization.py,7683,90_历史归档\来源语料_utf_20261009\语料\10-统一场论核心公式\验证系统\spacetime_visualization.py,B,未审计，待逐件裁定,已复制
10-统一场论核心公式/验证系统/unified_field_theory_complete_verification.py,21452,90_历史归档\来源语料_utf_20261009\语料\10-统一场论核心公式\验证系统\unified_field_theory_complete_verification.py,B,未审计，待逐件裁定,已复制
10-统一场论核心公式/验证系统/validation_framework.py,12239,90_历史归档\来源语料_utf_20261009\语料\10-统一场论核心公式\验证系统\validation_framework.py,B,未审计，待逐件裁定,已复制
10-统一场论核心公式/验证系统/validation_report_20260120_193705.json,41014,90_历史归档\来源语料_utf_20261009\语料\10-统一场论核心公式\验证系统\validation_report_20260120_193705.json,B,未审计，待逐件裁定,已复制
11-实验/35kV 10线路同步启动模块选型清单+接线示意图.md,6545,90_历史归档\来源语料_utf_20261009\语料\11-实验\35kV 10线路同步启动模块选型清单+接线示意图.md,B,未审计，待逐件裁定,已复制
11-实验/图表集说明.md,3897,90_历史归档\来源语料_utf_20261009\语料\11-实验\图表集说明.md,B,未审计，待逐件裁定,已复制
11-实验/完整图表集说明文档.md,5293,90_历史归档\来源语料_utf_20261009\语料\11-实验\完整图表集说明文档.md,B,未审计，待逐件裁定,已复制
11-实验/引力多路叠加实验方案.md,5773,90_历史归档\来源语料_utf_20261009\语料\11-实验\引力多路叠加实验方案.md,B,未审计，待逐件裁定,已复制
11-实验/实验总结/10kV 离子风枪使用手册.md,9854,90_历史归档\来源语料_utf_20261009\语料\11-实验\实验总结\10kV 离子风枪使用手册.md,B,未审计，待逐件裁定,已复制
11-实验/实验总结/10kV 离子风枪电荷类型与加速原理.md,3633,90_历史归档\来源语料_utf_20261009\语料\11-实验\实验总结\10kV 离子风枪电荷类型与加速原理.md,B,未审计，待逐件裁定,已复制
11-实验/实验总结/130kV离子风枪电荷加速路径COMSOL专属仿真配置.md,10772,90_历史归档\来源语料_utf_20261009\语料\11-实验\实验总结\130kV离子风枪电荷加速路径COMSOL专属仿真配置.md,B,未审计，待逐件裁定,已复制
11-实验/实验总结/__主题__：“10kV 离子风枪 + 120kV 高压模块”专属电荷加速路径分析顶尖教程，包括装置核心参数定义、电场分布与电离区定位、专属分析表、实操优化与风险控制、COMSOL 仿真验证教程及双极性加速改造方案.md,16221,90_历史归档\来源语料_utf_20261009\语料\11-实验\实验总结\__主题__：“10kV 离子风枪 + 120kV 高压模块”专属电荷加速路径分析顶尖教程，包括装置核心参数定义、电场分布与电离区定位、专属分析表、实操优化与风险控制、COMSOL 仿真验证教程及双极性加速改造方案.md,B,未审计，待逐件裁定,已复制
11-实验/实验总结/__主题__：制作“10kV 离子风枪 + 120kV 高压模块”专属的电荷加速路径分析顶尖教程，包括确定装置核心参数、电场分布与电离区定位、制作专属分析表、实操优化与风险控制、COMSOL 仿真验证教程以及双极性加速改造方案.md,16239,90_历史归档\来源语料_utf_20261009\语料\11-实验\实验总结\__主题__：制作“10kV 离子风枪 + 120kV 高压模块”专属的电荷加速路径分析顶尖教程，包括确定装置核心参数、电场分布与电离区定位、制作专属分析表、实操优化与风险控制、COMSOL 仿真验证教程以及双极性加速改造方案.md,B,未审计，待逐件裁定,已复制
11-实验/实验总结/三个引力实验优化.md,3463,90_历史归档\来源语料_utf_20261009\语料\11-实验\实验总结\三个引力实验优化.md,B,未审计，待逐件裁定,已复制
11-实验/实验总结/人工场实验总结.md,7262,90_历史归档\来源语料_utf_20261009\语料\11-实验\实验总结\人工场实验总结.md,B,未审计，待逐件裁定,已复制
11-实验/实验总结/家用材料屏蔽三种干扰力实验.md,5150,90_历史归档\来源语料_utf_20261009\语料\11-实验\实验总结\家用材料屏蔽三种干扰力实验.md,B,未审计，待逐件裁定,已复制
11-实验/实验总结/真空环境下离子流能量特性与实现方案 copy.md,4900,90_历史归档\来源语料_utf_20261009\语料\11-实验\实验总结\真空环境下离子流能量特性与实现方案 copy.md,B,未审计，待逐件裁定,已复制
11-实验/实验总结/真空环境下离子流能量特性与实现方案.md,4900,90_历史归档\来源语料_utf_20261009\语料\11-实验\实验总结\真空环境下离子流能量特性与实现方案.md,B,未审计，待逐件裁定,已复制
11-实验/实验总结/真空罐与高压静电发生器关联实操方案.md,5805,90_历史归档\来源语料_utf_20261009\语料\11-实验\实验总结\真空罐与高压静电发生器关联实操方案.md,B,未审计，待逐件裁定,已复制
11-实验/引力场实验/人工场扫描技术工程化方案框架.md,22665,90_历史归档\来源语料_utf_20261009\语料\11-实验\引力场实验\人工场扫描技术工程化方案框架.md,B,未审计，待逐件裁定,已复制
11-实验/引力场实验/相位几何视角下张祥前统一场论光速螺旋的严格推导与物理未解之谜破解.md,23123,90_历史归档\来源语料_utf_20261009\语料\11-实验\引力场实验\相位几何视角下张祥前统一场论光速螺旋的严格推导与物理未解之谜破解.md,B,未审计，待逐件裁定,已复制
12-书籍/prompt.md,1214,90_历史归档\来源语料_utf_20261009\语料\12-书籍\prompt.md,B,未审计，待逐件裁定,已复制
12-书籍/人人都能理解统一场论/auto_analyze_fix_optimize.py,36126,（内容已在 openuft，不重复复制）,B,未审计；内容已在本库,已在库跳过
12-书籍/人人都能理解统一场论/check_appendices.py,3045,（内容已在 openuft，不重复复制）,B,未审计；内容已在本库,已在库跳过
12-书籍/人人都能理解统一场论/书籍深度优化计划.md,8225,90_历史归档\来源语料_utf_20261009\语料\12-书籍\人人都能理解统一场论\书籍深度优化计划.md,B,未审计，待逐件裁定,已复制
12-书籍/人人都能理解统一场论/优化实施计划.md,6020,（内容已在 openuft，不重复复制）,B,未审计；内容已在本库,已在库跳过
12-书籍/人人都能理解统一场论/优化方案.md,7288,（内容已在 openuft，不重复复制）,B,未审计；内容已在本库,已在库跳过
12-书籍/人人都能理解统一场论/优化方案验证报告.md,6530,（内容已在 openuft，不重复复制）,B,未审计；内容已在本库,已在库跳过
12-书籍/人人都能理解统一场论/最优目录结构设计.md,9602,（内容已在 openuft，不重复复制）,B,未审计；内容已在本库,已在库跳过
12-书籍/人人都能理解统一场论/最终修复完成报告.md,2933,（内容已在 openuft，不重复复制）,B,未审计；内容已在本库,已在库跳过
12-书籍/人人都能理解统一场论/章节结构.md,17507,（内容已在 openuft，不重复复制）,B,未审计；内容已在本库,已在库跳过
12-书籍/人人都能理解统一场论/V1/auto_optimize_chapters.py,9122,（内容已在 openuft，不重复复制）,B,未审计；内容已在本库,已在库跳过
12-书籍/人人都能理解统一场论/V1/batch_optimizer_v2.py,7247,（内容已在 openuft，不重复复制）,B,未审计；内容已在本库,已在库跳过
12-书籍/人人都能理解统一场论/V1/batch_optimize_v2.py,8526,（内容已在 openuft，不重复复制）,B,未审计；内容已在本库,已在库跳过
12-书籍/人人都能理解统一场论/V1/bulk_optimization_plan.md,2708,（内容已在 openuft，不重复复制）,B,未审计；内容已在本库,已在库跳过
12-书籍/人人都能理解统一场论/V1/check_chapters.py,2303,（内容已在 openuft，不重复复制）,B,未审计；内容已在本库,已在库跳过
12-书籍/人人都能理解统一场论/V1/check_latex_formulas.py,6692,（内容已在 openuft，不重复复制）,B,未审计；内容已在本库,已在库跳过
12-书籍/人人都能理解统一场论/V1/fix_chapter10.py,1716,（内容已在 openuft，不重复复制）,B,未审计；内容已在本库,已在库跳过
12-书籍/人人都能理解统一场论/V1/fix_chapter40.py,2760,（内容已在 openuft，不重复复制）,B,未审计；内容已在本库,已在库跳过
12-书籍/人人都能理解统一场论/V1/formula_latex_check_report.md,91221,90_历史归档\来源语料_utf_20261009\语料\12-书籍\人人都能理解统一场论\V1\formula_latex_check_report.md,B,未审计，待逐件裁定,已复制
12-书籍/人人都能理解统一场论/V1/书籍优化完成报告.md,12566,（内容已在 openuft，不重复复制）,B,未审计；内容已在本库,已在库跳过
12-书籍/人人都能理解统一场论/V1/书籍优化状态报告.md,9382,（内容已在 openuft，不重复复制）,B,未审计；内容已在本库,已在库跳过
12-书籍/人人都能理解统一场论/V1/书籍全面优化方案.md,6237,（内容已在 openuft，不重复复制）,B,未审计；内容已在本库,已在库跳过
12-书籍/人人都能理解统一场论/V1/书籍深度分析报告.md,14737,（内容已在 openuft，不重复复制）,B,未审计；内容已在本库,已在库跳过
12-书籍/人人都能理解统一场论/V1/优化完成报告.md,4945,（内容已在 openuft，不重复复制）,B,未审计；内容已在本库,已在库跳过
12-书籍/人人都能理解统一场论/V1/优化快速参考指南.md,6377,（内容已在 openuft，不重复复制）,B,未审计；内容已在本库,已在库跳过
12-书籍/人人都能理解统一场论/V1/优化指南.md,7464,（内容已在 openuft，不重复复制）,B,未审计；内容已在本库,已在库跳过
12-书籍/人人都能理解统一场论/V1/优化状态报告.md,8892,（内容已在 openuft，不重复复制）,B,未审计；内容已在本库,已在库跳过
12-书籍/人人都能理解统一场论/V1/优化现状与后续计划报告.md,7931,（内容已在 openuft，不重复复制）,B,未审计；内容已在本库,已在库跳过
12-书籍/人人都能理解统一场论/V1/优化进度实时报告.md,4076,（内容已在 openuft，不重复复制）,B,未审计；内容已在本库,已在库跳过
12-书籍/人人都能理解统一场论/V1/优化进度报告_v4.1.md,12301,（内容已在 openuft，不重复复制）,B,未审计；内容已在本库,已在库跳过
12-书籍/人人都能理解统一场论/V1/优化进度报告_v4.md,8485,（内容已在 openuft，不重复复制）,B,未审计；内容已在本库,已在库跳过
12-书籍/人人都能理解统一场论/V1/优化进度汇总_20260110.md,6819,（内容已在 openuft，不重复复制）,B,未审计；内容已在本库,已在库跳过
12-书籍/人人都能理解统一场论/V1/优化进度汇总_20260110_v2.md,4238,（内容已在 openuft，不重复复制）,B,未审计；内容已在本库,已在库跳过
12-书籍/人人都能理解统一场论/V1/全自动优化执行报告.md,5901,（内容已在 openuft，不重复复制）,B,未审计；内容已在本库,已在库跳过
12-书籍/人人都能理解统一场论/V1/全自动优化最终完成报告.md,7692,（内容已在 openuft，不重复复制）,B,未审计；内容已在本库,已在库跳过
12-书籍/人人都能理解统一场论/V1/全自动补充完成报告.md,7159,90_历史归档\来源语料_utf_20261009\语料\12-书籍\人人都能理解统一场论\V1\全自动补充完成报告.md,B,未审计，待逐件裁定,已复制
12-书籍/人人都能理解统一场论/V1/全部优化最终报告.md,8239,（内容已在 openuft，不重复复制）,B,未审计；内容已在本库,已在库跳过
12-书籍/人人都能理解统一场论/V1/全部章节优化执行报告_v6.1.md,5735,（内容已在 openuft，不重复复制）,B,未审计；内容已在本库,已在库跳过
12-书籍/人人都能理解统一场论/V1/全部章节优化计划_v6.0.md,7511,（内容已在 openuft，不重复复制）,B,未审计；内容已在本库,已在库跳过
12-书籍/人人都能理解统一场论/V1/全面优化方案_v4.md,11129,（内容已在 openuft，不重复复制）,B,未审计；内容已在本库,已在库跳过
12-书籍/人人都能理解统一场论/V1/全面优化方案_v7.0_细节优化.md,14805,（内容已在 openuft，不重复复制）,B,未审计；内容已在本库,已在库跳过
12-书籍/人人都能理解统一场论/V1/公式与量纲验证报告_v4.3.md,7951,（内容已在 openuft，不重复复制）,B,未审计；内容已在本库,已在库跳过
12-书籍/人人都能理解统一场论/V1/分步优化执行方案.md,8592,（内容已在 openuft，不重复复制）,B,未审计；内容已在本库,已在库跳过
12-书籍/人人都能理解统一场论/V1/前言：学习指南.md,10334,（内容已在 openuft，不重复复制）,B,未审计；内容已在本库,已在库跳过
12-书籍/人人都能理解统一场论/V1/参考文献.md,8625,（内容已在 openuft，不重复复制）,B,未审计；内容已在本库,已在库跳过
12-书籍/人人都能理解统一场论/V1/常用符号表.md,9575,（内容已在 openuft，不重复复制）,B,未审计；内容已在本库,已在库跳过
12-书籍/人人都能理解统一场论/V1/常见问题解答.md,15223,（内容已在 openuft，不重复复制）,B,未审计；内容已在本库,已在库跳过
12-书籍/人人都能理解统一场论/V1/序：为什么要学习统一场论？.md,6269,（内容已在 openuft，不重复复制）,B,未审计；内容已在本库,已在库跳过
12-书籍/人人都能理解统一场论/V1/张祥前统一场论20个核心公式_v3.1.md,22452,（内容已在 openuft，不重复复制）,B,未审计；内容已在本库,已在库跳过
12-书籍/人人都能理解统一场论/V1/张祥前统一场论核心内容整理.md,7382,（内容已在 openuft，不重复复制）,B,未审计；内容已在本库,已在库跳过
12-书籍/人人都能理解统一场论/V1/张祥前统一场论补充完成报告.md,13933,（内容已在 openuft，不重复复制）,B,未审计；内容已在本库,已在库跳过
12-书籍/人人都能理解统一场论/V1/所有章节优化方案.md,6235,（内容已在 openuft，不重复复制）,B,未审计；内容已在本库,已在库跳过
12-书籍/人人都能理解统一场论/V1/批量优化工具.md,5849,（内容已在 openuft，不重复复制）,B,未审计；内容已在本库,已在库跳过
12-书籍/人人都能理解统一场论/V1/拓展阅读推荐.md,5740,（内容已在 openuft，不重复复制）,B,未审计；内容已在本库,已在库跳过
12-书籍/人人都能理解统一场论/V1/最终优化状态总结.md,7568,（内容已在 openuft，不重复复制）,B,未审计；内容已在本库,已在库跳过
12-书籍/人人都能理解统一场论/V1/术语表.md,6348,（内容已在 openuft，不重复复制）,B,未审计；内容已在本库,已在库跳过
12-书籍/人人都能理解统一场论/V1/核心公式汇总.md,14213,（内容已在 openuft，不重复复制）,B,未审计；内容已在本库,已在库跳过
12-书籍/人人都能理解统一场论/V1/核心公式缺失分析与补充方案.md,7831,90_历史归档\来源语料_utf_20261009\语料\12-书籍\人人都能理解统一场论\V1\核心公式缺失分析与补充方案.md,B,未审计，待逐件裁定,已复制
12-书籍/人人都能理解统一场论/V1/格式与量纲优化完成报告_v4.4.md,9203,90_历史归档\来源语料_utf_20261009\语料\12-书籍\人人都能理解统一场论\V1\格式与量纲优化完成报告_v4.4.md,B,未审计，待逐件裁定,已复制
12-书籍/人人都能理解统一场论/V1/目录.md,4477,（内容已在 openuft，不重复复制）,B,未审计；内容已在本库,已在库跳过
12-书籍/人人都能理解统一场论/V1/知识结构图集.md,11916,（内容已在 openuft，不重复复制）,B,未审计；内容已在本库,已在库跳过
12-书籍/人人都能理解统一场论/V1/章节优化分析报告_v4.md,9393,（内容已在 openuft，不重复复制）,B,未审计；内容已在本库,已在库跳过
12-书籍/人人都能理解统一场论/V1/第10章：空间的几何属性.md,19030,（内容已在 openuft，不重复复制）,B,未审计；内容已在本库,已在库跳过
12-书籍/人人都能理解统一场论/V1/第11章：质量的本质.md,16995,（内容已在 openuft，不重复复制）,B,未审计；内容已在本库,已在库跳过
12-书籍/人人都能理解统一场论/V1/第12章：力的本质.md,17347,（内容已在 openuft，不重复复制）,B,未审计；内容已在本库,已在库跳过
12-书籍/人人都能理解统一场论/V1/第13章：场的概念.md,11589,（内容已在 openuft，不重复复制）,B,未审计；内容已在本库,已在库跳过
12-书籍/人人都能理解统一场论/V1/第14章：四种基本相互作用.md,11307,（内容已在 openuft，不重复复制）,B,未审计；内容已在本库,已在库跳过
12-书籍/人人都能理解统一场论/V1/第15章：统一场论的基本假设.md,17395,（内容已在 openuft，不重复复制）,B,未审计；内容已在本库,已在库跳过
12-书籍/人人都能理解统一场论/V1/第16章：统一场论的研究方法.md,18646,（内容已在 openuft，不重复复制）,B,未审计；内容已在本库,已在库跳过
12-书籍/人人都能理解统一场论/V1/第17章：统一场论与传统物理学的关系.md,18120,（内容已在 openuft，不重复复制）,B,未审计；内容已在本库,已在库跳过
12-书籍/人人都能理解统一场论/V1/第18章：统一场论的发展历程.md,13429,（内容已在 openuft，不重复复制）,B,未审计；内容已在本库,已在库跳过
12-书籍/人人都能理解统一场论/V1/第19章：学习统一场论的意义.md,16616,（内容已在 openuft，不重复复制）,B,未审计；内容已在本库,已在库跳过
12-书籍/人人都能理解统一场论/V1/第1章：统一场论概述.md,46094,（内容已在 openuft，不重复复制）,B,未审计；内容已在本库,已在库跳过
12-书籍/人人都能理解统一场论/V1/第20章：第一部分总结.md,12977,（内容已在 openuft，不重复复制）,B,未审计；内容已在本库,已在库跳过
12-书籍/人人都能理解统一场论/V1/第21章：时空同一化原理.md,16928,（内容已在 openuft，不重复复制）,B,未审计；内容已在本库,已在库跳过
12-书籍/人人都能理解统一场论/V1/第22章：空间的运动特性.md,16884,（内容已在 openuft，不重复复制）,B,未审计；内容已在本库,已在库跳过
12-书籍/人人都能理解统一场论/V1/第23章：物理量的几何化.md,22020,（内容已在 openuft，不重复复制）,B,未审计；内容已在本库,已在库跳过
12-书籍/人人都能理解统一场论/V1/第24章：观察者与物理实在.md,15285,（内容已在 openuft，不重复复制）,B,未审计；内容已在本库,已在库跳过
12-书籍/人人都能理解统一场论/V1/第25章：空间单元的深入探讨.md,17991,（内容已在 openuft，不重复复制）,B,未审计；内容已在本库,已在库跳过
12-书籍/人人都能理解统一场论/V1/第26章：时间几何化的深入分析.md,17178,（内容已在 openuft，不重复复制）,B,未审计；内容已在本库,已在库跳过
12-书籍/人人都能理解统一场论/V1/第27章：光速的几何意义.md,17052,（内容已在 openuft，不重复复制）,B,未审计；内容已在本库,已在库跳过
12-书籍/人人都能理解统一场论/V1/第28章：空间的波动特性.md,16571,（内容已在 openuft，不重复复制）,B,未审计；内容已在本库,已在库跳过
12-书籍/人人都能理解统一场论/V1/第29章：运动的统一性.md,17086,（内容已在 openuft，不重复复制）,B,未审计；内容已在本库,已在库跳过
12-书籍/人人都能理解统一场论/V1/第2章：空间的本质.md,40340,（内容已在 openuft，不重复复制）,B,未审计；内容已在本库,已在库跳过
12-书籍/人人都能理解统一场论/V1/第30章：质量与空间运动.md,26956,（内容已在 openuft，不重复复制）,B,未审计；内容已在本库,已在库跳过
12-书籍/人人都能理解统一场论/V1/第31章：电荷与空间运动.md,27958,（内容已在 openuft，不重复复制）,B,未审计；内容已在本库,已在库跳过
12-书籍/人人都能理解统一场论/V1/第32章：能量与空间运动.md,30862,（内容已在 openuft，不重复复制）,B,未审计；内容已在本库,已在库跳过
12-书籍/人人都能理解统一场论/V1/第33章：动量与空间运动.md,18228,（内容已在 openuft，不重复复制）,B,未审计；内容已在本库,已在库跳过
12-书籍/人人都能理解统一场论/V1/第34章：力与空间运动.md,17780,（内容已在 openuft，不重复复制）,B,未审计；内容已在本库,已在库跳过
12-书籍/人人都能理解统一场论/V1/第35章：场的几何本质.md,12124,（内容已在 openuft，不重复复制）,B,未审计；内容已在本库,已在库跳过
12-书籍/人人都能理解统一场论/V1/第36章补充：张祥前引力公式推导.md,13376,90_历史归档\来源语料_utf_20261009\语料\12-书籍\人人都能理解统一场论\V1\第36章补充：张祥前引力公式推导.md,B,未审计，待逐件裁定,已复制
12-书籍/人人都能理解统一场论/V1/第36章：引力场的几何本质.md,20919,（内容已在 openuft，不重复复制）,B,未审计；内容已在本库,已在库跳过
12-书籍/人人都能理解统一场论/V1/第37章：电磁场的几何本质.md,16571,（内容已在 openuft，不重复复制）,B,未审计；内容已在本库,已在库跳过
12-书籍/人人都能理解统一场论/V1/第38章：核力的基本特性.md,16172,（内容已在 openuft，不重复复制）,B,未审计；内容已在本库,已在库跳过
12-书籍/人人都能理解统一场论/V1/第39章：核力的几何解释.md,14062,（内容已在 openuft，不重复复制）,B,未审计；内容已在本库,已在库跳过
12-书籍/人人都能理解统一场论/V1/第3章：空间的基本构成.md,25711,（内容已在 openuft，不重复复制）,B,未审计；内容已在本库,已在库跳过
12-书籍/人人都能理解统一场论/V1/第40章：四种力的统一.md,18917,（内容已在 openuft，不重复复制）,B,未审计；内容已在本库,已在库跳过
12-书籍/人人都能理解统一场论/V1/第41章：静止与运动的相对性.md,25461,（内容已在 openuft，不重复复制）,B,未审计；内容已在本库,已在库跳过
12-书籍/人人都能理解统一场论/V1/第42章：静止动量.md,12630,（内容已在 openuft，不重复复制）,B,未审计；内容已在本库,已在库跳过
12-书籍/人人都能理解统一场论/V1/第43章：运动动量.md,12051,（内容已在 openuft，不重复复制）,B,未审计；内容已在本库,已在库跳过
12-书籍/人人都能理解统一场论/V1/第44章：动量的转化.md,10985,（内容已在 openuft，不重复复制）,B,未审计；内容已在本库,已在库跳过
12-书籍/人人都能理解统一场论/V1/第45章：质量与速度的关系.md,12376,（内容已在 openuft，不重复复制）,B,未审计；内容已在本库,已在库跳过
12-书籍/人人都能理解统一场论/V1/第46章：能量的基本概念.md,11018,（内容已在 openuft，不重复复制）,B,未审计；内容已在本库,已在库跳过
12-书籍/人人都能理解统一场论/V1/第47章：静止能量.md,12746,（内容已在 openuft，不重复复制）,B,未审计；内容已在本库,已在库跳过
12-书籍/人人都能理解统一场论/V1/第4章：时间的本质.md,38218,（内容已在 openuft，不重复复制）,B,未审计；内容已在本库,已在库跳过
12-书籍/人人都能理解统一场论/V1/第5章：时间的几何化.md,19045,（内容已在 openuft，不重复复制）,B,未审计；内容已在本库,已在库跳过
12-书籍/人人都能理解统一场论/V1/第6章：观察者的角色.md,18869,（内容已在 openuft，不重复复制）,B,未审计；内容已在本库,已在库跳过
12-书籍/人人都能理解统一场论/V1/第7章：运动的本质.md,18216,（内容已在 openuft，不重复复制）,B,未审计；内容已在本库,已在库跳过
12-书籍/人人都能理解统一场论/V1/第8章：空间的基本运动形式.md,16865,（内容已在 openuft，不重复复制）,B,未审计；内容已在本库,已在库跳过
12-书籍/人人都能理解统一场论/V1/第9章：光速的奥秘.md,19224,（内容已在 openuft，不重复复制）,B,未审计；内容已在本库,已在库跳过
12-书籍/人人都能理解统一场论/V1/索引.md,17576,（内容已在 openuft，不重复复制）,B,未审计；内容已在本库,已在库跳过
12-书籍/人人都能理解统一场论/V1/细节优化完成报告.md,11228,（内容已在 openuft，不重复复制）,B,未审计；内容已在本库,已在库跳过
12-书籍/人人都能理解统一场论/V1/细节优化完成报告_v4.6.md,8748,90_历史归档\来源语料_utf_20261009\语料\12-书籍\人人都能理解统一场论\V1\细节优化完成报告_v4.6.md,B,未审计，待逐件裁定,已复制
12-书籍/人人都能理解统一场论/V1/细节优化完成报告_v5.0_最终版.md,8490,（内容已在 openuft，不重复复制）,B,未审计；内容已在本库,已在库跳过
12-书籍/人人都能理解统一场论/V1/细节优化执行报告_v7.1.md,11699,（内容已在 openuft，不重复复制）,B,未审计；内容已在本库,已在库跳过
12-书籍/人人都能理解统一场论/V1/细节优化进度报告_v4.3.md,7737,（内容已在 openuft，不重复复制）,B,未审计；内容已在本库,已在库跳过
12-书籍/人人都能理解统一场论/V1/细节分析与深度优化方案_v4.5.md,11718,（内容已在 openuft，不重复复制）,B,未审计；内容已在本库,已在库跳过
12-书籍/人人都能理解统一场论/V1/细节分析报告_v4.2.md,14744,（内容已在 openuft，不重复复制）,B,未审计；内容已在本库,已在库跳过
12-书籍/人人都能理解统一场论/V1/自动优化执行脚本.md,4167,（内容已在 openuft，不重复复制）,B,未审计；内容已在本库,已在库跳过
12-书籍/人人都能理解统一场论/V1/详细大纲.md,29006,（内容已在 openuft，不重复复制）,B,未审计；内容已在本库,已在库跳过
12-书籍/人人都能理解统一场论/V1/进一步学习资源.md,7707,（内容已在 openuft，不重复复制）,B,未审计；内容已在本库,已在库跳过
12-书籍/人人都能理解统一场论/V1/重要物理常数表.md,4421,（内容已在 openuft，不重复复制）,B,未审计；内容已在本库,已在库跳过
12-书籍/人人都能理解统一场论/V1/附录11：核心公式推导.md,9801,（内容已在 openuft，不重复复制）,B,未审计；内容已在本库,已在库跳过
12-书籍/人人都能理解统一场论/V1/🎉全部优化完成最终报告.md,16884,（内容已在 openuft，不重复复制）,B,未审计；内容已在本库,已在库跳过
12-书籍/人人都能理解统一场论/V1/🎯优化计划.md,14358,（内容已在 openuft，不重复复制）,B,未审计；内容已在本库,已在库跳过
12-书籍/人人都能理解统一场论/V1/优化文档/书籍优化建议.md,8147,（内容已在 openuft，不重复复制）,B,未审计；内容已在本库,已在库跳过
12-书籍/人人都能理解统一场论/V1/优化文档/从简单到复杂优化分析.md,7311,（内容已在 openuft，不重复复制）,B,未审计；内容已在本库,已在库跳过
12-书籍/人人都能理解统一场论/V1/优化文档/前5章优化成果报告.md,5540,（内容已在 openuft，不重复复制）,B,未审计；内容已在本库,已在库跳过
12-书籍/人人都能理解统一场论/V1/优化文档/目录优化建议.md,8570,90_历史归档\来源语料_utf_20261009\语料\12-书籍\人人都能理解统一场论\V1\优化文档\目录优化建议.md,B,未审计，待逐件裁定,已复制
12-书籍/人人都能理解统一场论/V1/优化文档/章节优化详细计划.md,5577,（内容已在 openuft，不重复复制）,B,未审计；内容已在本库,已在库跳过
12-书籍/人人都能理解统一场论/V1/优化文档/章节分析与优化建议.md,8296,（内容已在 openuft，不重复复制）,B,未审计；内容已在本库,已在库跳过
12-书籍/人人都能理解统一场论/V1/优化文档/章节映射表.md,5383,（内容已在 openuft，不重复复制）,B,未审计；内容已在本库,已在库跳过
12-书籍/人人都能理解统一场论/V1/优化文档/章节结构调整方案.md,5770,（内容已在 openuft，不重复复制）,B,未审计；内容已在本库,已在库跳过
12-书籍/人人都能理解统一场论/V1/优化文档/第21-29章优化汇总.md,1847,（内容已在 openuft，不重复复制）,B,未审计；内容已在本库,已在库跳过
12-书籍/人人都能理解统一场论/V1/优化文档/第33章添加内容.txt,859,（内容已在 openuft，不重复复制）,B,未审计；内容已在本库,已在库跳过
12-书籍/人人都能理解统一场论/V1/优化文档/第40章修改内容.txt,3276,（内容已在 openuft，不重复复制）,B,未审计；内容已在本库,已在库跳过
12-书籍/人人都能理解统一场论/V1/优化文档/第5-9章批量优化计划.md,1214,（内容已在 openuft，不重复复制）,B,未审计；内容已在本库,已在库跳过
12-书籍/人人都能理解统一场论/V1/待删除文件/第10章：时间的本质.md,14007,（内容已在 openuft，不重复复制）,B,未审计；内容已在本库,已在库跳过
12-书籍/人人都能理解统一场论/V1/待删除文件/第10章：时间的物理定义.md,14758,（内容已在 openuft，不重复复制）,B,未审计；内容已在本库,已在库跳过
12-书籍/人人都能理解统一场论/V1/待删除文件/第12章：光速的几何意义.md,18409,（内容已在 openuft，不重复复制）,B,未审计；内容已在本库,已在库跳过
12-书籍/人人都能理解统一场论/V1/待删除文件/第13章：运动与观测者.md,17838,（内容已在 openuft，不重复复制）,B,未审计；内容已在本库,已在库跳过
12-书籍/人人都能理解统一场论/V1/待删除文件/第13章：运动与观测者的关系.md,16848,（内容已在 openuft，不重复复制）,B,未审计；内容已在本库,已在库跳过
12-书籍/人人都能理解统一场论/V1/待删除文件/第14章：运动的原因.md,14699,（内容已在 openuft，不重复复制）,B,未审计；内容已在本库,已在库跳过
12-书籍/人人都能理解统一场论/V1/待删除文件/第14章：运动的根本原因.md,19262,（内容已在 openuft，不重复复制）,B,未审计；内容已在本库,已在库跳过
12-书籍/人人都能理解统一场论/V1/待删除文件/第15章：空间的基本运动形式.md,11206,（内容已在 openuft，不重复复制）,B,未审计；内容已在本库,已在库跳过
12-书籍/人人都能理解统一场论/V1/待删除文件/第18章：统一场论与传统物理学的关系.md,11341,（内容已在 openuft，不重复复制）,B,未审计；内容已在本库,已在库跳过
12-书籍/人人都能理解统一场论/V1/待删除文件/第18章：统一场论的基本假设.md,6921,（内容已在 openuft，不重复复制）,B,未审计；内容已在本库,已在库跳过
12-书籍/人人都能理解统一场论/V1/待删除文件/第19章：统一场论的研究方法.md,7177,（内容已在 openuft，不重复复制）,B,未审计；内容已在本库,已在库跳过
12-书籍/人人都能理解统一场论/V1/待删除文件/第20章：统一场论与传统物理学的关系.md,12522,（内容已在 openuft，不重复复制）,B,未审计；内容已在本库,已在库跳过
12-书籍/人人都能理解统一场论/V1/待删除文件/第21章：统一场论的发展历程.md,11691,（内容已在 openuft，不重复复制）,B,未审计；内容已在本库,已在库跳过
12-书籍/人人都能理解统一场论/V1/待删除文件/第22章：学习统一场论的意义.md,10573,（内容已在 openuft，不重复复制）,B,未审计；内容已在本库,已在库跳过
12-书籍/人人都能理解统一场论/V1/待删除文件/第22章：时空同一化方程.md,10945,（内容已在 openuft，不重复复制）,B,未审计；内容已在本库,已在库跳过
12-书籍/人人都能理解统一场论/V1/待删除文件/第23章：时间的几何化.md,11914,（内容已在 openuft，不重复复制）,B,未审计；内容已在本库,已在库跳过
12-书籍/人人都能理解统一场论/V1/待删除文件/第23章：第一部分总结.md,7699,（内容已在 openuft，不重复复制）,B,未审计；内容已在本库,已在库跳过
12-书籍/人人都能理解统一场论/V1/待删除文件/第24章：时空同一化原理.md,13341,（内容已在 openuft，不重复复制）,B,未审计；内容已在本库,已在库跳过
12-书籍/人人都能理解统一场论/V1/待删除文件/第24章：时间几何化的深入分析.md,14351,（内容已在 openuft，不重复复制）,B,未审计；内容已在本库,已在库跳过
12-书籍/人人都能理解统一场论/V1/待删除文件/第25章：空间的运动特性.md,6787,（内容已在 openuft，不重复复制）,B,未审计；内容已在本库,已在库跳过
12-书籍/人人都能理解统一场论/V1/待删除文件/第25章：螺旋时空.md,15079,（内容已在 openuft，不重复复制）,B,未审计；内容已在本库,已在库跳过
12-书籍/人人都能理解统一场论/V1/待删除文件/第26章：物理量的几何化.md,6502,（内容已在 openuft，不重复复制）,B,未审计；内容已在本库,已在库跳过
12-书籍/人人都能理解统一场论/V1/待删除文件/第27章：描述空间运动.md,13222,（内容已在 openuft，不重复复制）,B,未审计；内容已在本库,已在库跳过
12-书籍/人人都能理解统一场论/V1/待删除文件/第27章：观察者与物理实在.md,10748,（内容已在 openuft，不重复复制）,B,未审计；内容已在本库,已在库跳过
12-书籍/人人都能理解统一场论/V1/待删除文件/第28章：螺旋运动规律.md,14826,（内容已在 openuft，不重复复制）,B,未审计；内容已在本库,已在库跳过
12-书籍/人人都能理解统一场论/V1/待删除文件/第29章：螺旋时空波动方程.md,15516,（内容已在 openuft，不重复复制）,B,未审计；内容已在本库,已在库跳过
12-书籍/人人都能理解统一场论/V1/待删除文件/第2章：物理概念的产生.md,12956,（内容已在 openuft，不重复复制）,B,未审计；内容已在本库,已在库跳过
12-书籍/人人都能理解统一场论/V1/待删除文件/第30章：平行原理.md,16398,（内容已在 openuft，不重复复制）,B,未审计；内容已在本库,已在库跳过
12-书籍/人人都能理解统一场论/V1/待删除文件/第31章：对称性与守恒性.md,28399,（内容已在 openuft，不重复复制）,B,未审计；内容已在本库,已在库跳过
12-书籍/人人都能理解统一场论/V1/待删除文件/第38章：光速的本质.md,26496,（内容已在 openuft，不重复复制）,B,未审计；内容已在本库,已在库跳过
12-书籍/人人都能理解统一场论/V1/待删除文件/第39章：洛伦茨变换与光速不变.md,27707,（内容已在 openuft，不重复复制）,B,未审计；内容已在本库,已在库跳过
12-书籍/人人都能理解统一场论/V1/待删除文件/第3章：基本物理概念与导出物理概念.md,11745,（内容已在 openuft，不重复复制）,B,未审计；内容已在本库,已在库跳过
12-书籍/人人都能理解统一场论/V1/待删除文件/第41章：四大场的定义.md,30370,（内容已在 openuft，不重复复制）,B,未审计；内容已在本库,已在库跳过
12-书籍/人人都能理解统一场论/V1/待删除文件/第43章：引力场与质量方程.md,26243,（内容已在 openuft，不重复复制）,B,未审计；内容已在本库,已在库跳过
12-书籍/人人都能理解统一场论/V1/待删除文件/第47章：电荷与电场方程.md,27414,（内容已在 openuft，不重复复制）,B,未审计；内容已在本库,已在库跳过
12-书籍/人人都能理解统一场论/V1/待删除文件/第48章：磁场方程.md,25121,（内容已在 openuft，不重复复制）,B,未审计；内容已在本库,已在库跳过
12-书籍/人人都能理解统一场论/V1/待删除文件/第49章：引力场产生电场.md,8440,（内容已在 openuft，不重复复制）,B,未审计；内容已在本库,已在库跳过
12-书籍/人人都能理解统一场论/V1/待删除文件/第4章：物理世界的本质.md,16005,（内容已在 openuft，不重复复制）,B,未审计；内容已在本库,已在库跳过
12-书籍/人人都能理解统一场论/V1/待删除文件/第4章：空间单元的深入探讨.md,11610,（内容已在 openuft，不重复复制）,B,未审计；内容已在本库,已在库跳过
12-书籍/人人都能理解统一场论/V1/待删除文件/第50章：电场产生引力场.md,12095,（内容已在 openuft，不重复复制）,B,未审计；内容已在本库,已在库跳过
12-书籍/人人都能理解统一场论/V1/待删除文件/第50章：运动物体引力场与电场.md,11037,（内容已在 openuft，不重复复制）,B,未审计；内容已在本库,已在库跳过
12-书籍/人人都能理解统一场论/V1/待删除文件/第51章：核力场方程.md,10737,（内容已在 openuft，不重复复制）,B,未审计；内容已在本库,已在库跳过
12-书籍/人人都能理解统一场论/V1/待删除文件/第51章：磁场产生引力场.md,13450,（内容已在 openuft，不重复复制）,B,未审计；内容已在本库,已在库跳过
12-书籍/人人都能理解统一场论/V1/待删除文件/第52章：动量公式.md,12447,（内容已在 openuft，不重复复制）,B,未审计；内容已在本库,已在库跳过
12-书籍/人人都能理解统一场论/V1/待删除文件/第52章：引力场产生磁场.md,12983,（内容已在 openuft，不重复复制）,B,未审计；内容已在本库,已在库跳过
12-书籍/人人都能理解统一场论/V1/待删除文件/第53章：四大场的统一.md,11868,（内容已在 openuft，不重复复制）,B,未审计；内容已在本库,已在库跳过
12-书籍/人人都能理解统一场论/V1/待删除文件/第54章：统一场论的实验验证与未来展望.md,11876,（内容已在 openuft，不重复复制）,B,未审计；内容已在本库,已在库跳过
12-书籍/人人都能理解统一场论/V1/待删除文件/第57章：动力学方程.md,12934,（内容已在 openuft，不重复复制）,B,未审计；内容已在本库,已在库跳过
12-书籍/人人都能理解统一场论/V1/待删除文件/第5章：时间的本质.md,19504,（内容已在 openuft，不重复复制）,B,未审计；内容已在本库,已在库跳过
12-书籍/人人都能理解统一场论/V1/待删除文件/第5章：空间的本质.md,16925,（内容已在 openuft，不重复复制）,B,未审计；内容已在本库,已在库跳过
12-书籍/人人都能理解统一场论/V1/待删除文件/第6章：空间的基本构成.md,19107,（内容已在 openuft，不重复复制）,B,未审计；内容已在本库,已在库跳过
12-书籍/人人都能理解统一场论/V1/待删除文件/第70章：统一场论展望.md,11510,（内容已在 openuft，不重复复制）,B,未审计；内容已在本库,已在库跳过
12-书籍/人人都能理解统一场论/V1/待删除文件/第7章：时间几何化的深入分析.md,18582,（内容已在 openuft，不重复复制）,B,未审计；内容已在本库,已在库跳过
12-书籍/人人都能理解统一场论/V1/待删除文件/第7章：空间的连续与不连续.md,17460,（内容已在 openuft，不重复复制）,B,未审计；内容已在本库,已在库跳过
12-书籍/人人都能理解统一场论/V1/待删除文件/第8章：空间为什么是三维的.md,16697,（内容已在 openuft，不重复复制）,B,未审计；内容已在本库,已在库跳过
12-书籍/人人都能理解统一场论/V1/待删除文件/第9章：空间单元的深入探讨.md,13102,（内容已在 openuft，不重复复制）,B,未审计；内容已在本库,已在库跳过
12-书籍/人人都能理解统一场论/V1/报告文件/第6-7章优化成果报告.md,4880,（内容已在 openuft，不重复复制）,B,未审计；内容已在本库,已在库跳过
12-书籍/人人都能理解统一场论/V1/报告文件/统一场论书籍异常与优化分析报告.md,8108,（内容已在 openuft，不重复复制）,B,未审计；内容已在本库,已在库跳过
12-书籍/人人都能理解统一场论/V1/报告文件/缺失内容分析报告.md,4037,（内容已在 openuft，不重复复制）,B,未审计；内容已在本库,已在库跳过
12-书籍/人人都能理解统一场论/V1/脚本工具/check_format.py,2775,（内容已在 openuft，不重复复制）,B,未审计；内容已在本库,已在库跳过
12-书籍/人人都能理解统一场论/V2/前言：我们为什么要关心统一场论？.md,4191,（内容已在 openuft，不重复复制）,B,未审计；内容已在本库,已在库跳过
12-书籍/人人都能理解统一场论/V2/目录.md,2704,（内容已在 openuft，不重复复制）,B,未审计；内容已在本库,已在库跳过
12-书籍/人人都能理解统一场论/V2/第10章 从理论到现实：统一场论的应用展望.md,8721,（内容已在 openuft，不重复复制）,B,未审计；内容已在本库,已在库跳过
12-书籍/人人都能理解统一场论/V2/第11章 常见问题与迷思破解.md,8128,（内容已在 openuft，不重复复制）,B,未审计；内容已在本库,已在库跳过
12-书籍/人人都能理解统一场论/V2/第12章 统一场论的哲学启示.md,6875,（内容已在 openuft，不重复复制）,B,未审计；内容已在本库,已在库跳过
12-书籍/人人都能理解统一场论/V2/第1章 宇宙里到底有什么？.md,7047,（内容已在 openuft，不重复复制）,B,未审计；内容已在本库,已在库跳过
12-书籍/人人都能理解统一场论/V2/第2章 运动是什么？.md,6918,（内容已在 openuft，不重复复制）,B,未审计；内容已在本库,已在库跳过
12-书籍/人人都能理解统一场论/V2/第3章 时间之谜.md,7036,（内容已在 openuft，不重复复制）,B,未审计；内容已在本库,已在库跳过
12-书籍/人人都能理解统一场论/V2/第4章 引力：空间的下坡路.md,6889,（内容已在 openuft，不重复复制）,B,未审计；内容已在本库,已在库跳过
12-书籍/人人都能理解统一场论/V2/第5章 电场与电荷.md,6527,（内容已在 openuft，不重复复制）,B,未审计；内容已在本库,已在库跳过
12-书籍/人人都能理解统一场论/V2/第6章 磁场：电场的“侧影”.md,7658,（内容已在 openuft，不重复复制）,B,未审计；内容已在本库,已在库跳过
12-书籍/人人都能理解统一场论/V2/第7章 核力：最亲密的拥抱.md,7533,（内容已在 openuft，不重复复制）,B,未审计；内容已在本库,已在库跳过
12-书籍/人人都能理解统一场论/V2/第8章 光速：宇宙的绝对速度.md,8110,（内容已在 openuft，不重复复制）,B,未审计；内容已在本库,已在库跳过
12-书籍/人人都能理解统一场论/V2/第9章 相对论与量子力学的桥梁.md,6589,（内容已在 openuft，不重复复制）,B,未审计；内容已在本库,已在库跳过
12-书籍/人人都能理解统一场论/V2/结语：每个人的宇宙观.md,5335,（内容已在 openuft，不重复复制）,B,未审计；内容已在本库,已在库跳过
12-书籍/人人都能理解统一场论/V2/附录：关键概念与进一步阅读.md,6884,90_历史归档\来源语料_utf_20261009\语料\12-书籍\人人都能理解统一场论\V2\附录：关键概念与进一步阅读.md,B,未审计，待逐件裁定,已复制
12-书籍/人人都能理解统一场论/V3/前言：我们为什么要关心统一场论？.md,4013,（内容已在 openuft，不重复复制）,B,未审计；内容已在本库,已在库跳过
12-书籍/人人都能理解统一场论/V3/目录.md,4808,（内容已在 openuft，不重复复制）,B,未审计；内容已在本库,已在库跳过
12-书籍/人人都能理解统一场论/V3/目录优化版.md,4808,（内容已在 openuft，不重复复制）,B,未审计；内容已在本库,已在库跳过
12-书籍/人人都能理解统一场论/V3/第10章 从理论到现实：统一场论的应用展望.md,6893,（内容已在 openuft，不重复复制）,B,未审计；内容已在本库,已在库跳过
12-书籍/人人都能理解统一场论/V3/第11章 常见问题与迷思破解.md,6942,（内容已在 openuft，不重复复制）,B,未审计；内容已在本库,已在库跳过
12-书籍/人人都能理解统一场论/V3/第12章 统一场论的哲学启示.md,6654,（内容已在 openuft，不重复复制）,B,未审计；内容已在本库,已在库跳过
12-书籍/人人都能理解统一场论/V3/第1章 宇宙里到底有什么？.md,9113,（内容已在 openuft，不重复复制）,B,未审计；内容已在本库,已在库跳过
12-书籍/人人都能理解统一场论/V3/第2章 运动是什么？.md,9384,（内容已在 openuft，不重复复制）,B,未审计；内容已在本库,已在库跳过
12-书籍/人人都能理解统一场论/V3/第3章 时间之谜.md,12259,（内容已在 openuft，不重复复制）,B,未审计；内容已在本库,已在库跳过
12-书籍/人人都能理解统一场论/V3/第4章 引力：空间的下坡路.md,9458,（内容已在 openuft，不重复复制）,B,未审计；内容已在本库,已在库跳过
12-书籍/人人都能理解统一场论/V3/第5章 电场与电荷.md,6523,（内容已在 openuft，不重复复制）,B,未审计；内容已在本库,已在库跳过
12-书籍/人人都能理解统一场论/V3/第6章 磁场：电场的“侧影”.md,6952,（内容已在 openuft，不重复复制）,B,未审计；内容已在本库,已在库跳过
12-书籍/人人都能理解统一场论/V3/第7章 核力：最亲密的拥抱.md,6630,（内容已在 openuft，不重复复制）,B,未审计；内容已在本库,已在库跳过
12-书籍/人人都能理解统一场论/V3/第8章 光速：宇宙的绝对速度.md,5700,（内容已在 openuft，不重复复制）,B,未审计；内容已在本库,已在库跳过
12-书籍/人人都能理解统一场论/V3/第9章 相对论与量子力学的桥梁.md,7224,（内容已在 openuft，不重复复制）,B,未审计；内容已在本库,已在库跳过
12-书籍/人人都能理解统一场论/V3/结语：每个人的宇宙观.md,3437,（内容已在 openuft，不重复复制）,B,未审计；内容已在本库,已在库跳过
12-书籍/人人都能理解统一场论/V3/附录：作者的故事.md,5110,（内容已在 openuft，不重复复制）,B,未审计；内容已在本库,已在库跳过
12-书籍/人人都能理解统一场论/V3/附录：关键概念速查表.md,3551,（内容已在 openuft，不重复复制）,B,未审计；内容已在本库,已在库跳过
12-书籍/人人都能理解统一场论/V3/附录：统一场论的实验验证方案.md,7384,（内容已在 openuft，不重复复制）,B,未审计；内容已在本库,已在库跳过
12-书籍/人人都能理解统一场论/V3/附录：进一步阅读推荐.md,6056,（内容已在 openuft，不重复复制）,B,未审计；内容已在本库,已在库跳过
12-书籍/人人都能理解统一场论/V4/前言：宇宙等待我们解码.md,4412,（内容已在 openuft，不重复复制）,B,未审计；内容已在本库,已在库跳过
12-书籍/人人都能理解统一场论/V4/多模态内容规划.md,15842,（内容已在 openuft，不重复复制）,B,未审计；内容已在本库,已在库跳过
12-书籍/人人都能理解统一场论/V4/应用案例与未来展望.md,20246,（内容已在 openuft，不重复复制）,B,未审计；内容已在本库,已在库跳过
12-书籍/人人都能理解统一场论/V4/目录.md,5701,（内容已在 openuft，不重复复制）,B,未审计；内容已在本库,已在库跳过
12-书籍/人人都能理解统一场论/V4/第10章 相对论与量子力学的统一.md,10315,（内容已在 openuft，不重复复制）,B,未审计；内容已在本库,已在库跳过
12-书籍/人人都能理解统一场论/V4/第11章 统一场论的数学框架.md,9196,（内容已在 openuft，不重复复制）,B,未审计；内容已在本库,已在库跳过
12-书籍/人人都能理解统一场论/V4/第12章 从理论到现实：统一场论的应用展望.md,7257,（内容已在 openuft，不重复复制）,B,未审计；内容已在本库,已在库跳过
12-书籍/人人都能理解统一场论/V4/第13章 科技革命：人工场的奇迹.md,10749,（内容已在 openuft，不重复复制）,B,未审计；内容已在本库,已在库跳过
12-书籍/人人都能理解统一场论/V4/第14章 宇宙的起源与演化.md,11752,（内容已在 openuft，不重复复制）,B,未审计；内容已在本库,已在库跳过
12-书籍/人人都能理解统一场论/V4/第15章 暗物质与暗能量之谜.md,9830,（内容已在 openuft，不重复复制）,B,未审计；内容已在本库,已在库跳过
12-书籍/人人都能理解统一场论/V4/第16章 物理学的新范式.md,10636,（内容已在 openuft，不重复复制）,B,未审计；内容已在本库,已在库跳过
12-书籍/人人都能理解统一场论/V4/第17章 统一场论的哲学启示.md,13709,（内容已在 openuft，不重复复制）,B,未审计；内容已在本库,已在库跳过
12-书籍/人人都能理解统一场论/V4/第18章 科学的本质.md,13837,（内容已在 openuft，不重复复制）,B,未审计；内容已在本库,已在库跳过
12-书籍/人人都能理解统一场论/V4/第19章 每个人的宇宙观.md,13124,（内容已在 openuft，不重复复制）,B,未审计；内容已在本库,已在库跳过
12-书籍/人人都能理解统一场论/V4/第1章 宇宙里到底有什么？.md,8906,（内容已在 openuft，不重复复制）,B,未审计；内容已在本库,已在库跳过
12-书籍/人人都能理解统一场论/V4/第20章 未来的邀请.md,11368,（内容已在 openuft，不重复复制）,B,未审计；内容已在本库,已在库跳过
12-书籍/人人都能理解统一场论/V4/第2章 运动的本质.md,9293,（内容已在 openuft，不重复复制）,B,未审计；内容已在本库,已在库跳过
12-书籍/人人都能理解统一场论/V4/第3章 时间之谜.md,12479,（内容已在 openuft，不重复复制）,B,未审计；内容已在本库,已在库跳过
12-书籍/人人都能理解统一场论/V4/第4章 空间的秘密.md,9403,（内容已在 openuft，不重复复制）,B,未审计；内容已在本库,已在库跳过
12-书籍/人人都能理解统一场论/V4/第5章 引力：空间的拥抱.md,7630,（内容已在 openuft，不重复复制）,B,未审计；内容已在本库,已在库跳过
12-书籍/人人都能理解统一场论/V4/第6章 电场与电荷：空间的旋转.md,7353,（内容已在 openuft，不重复复制）,B,未审计；内容已在本库,已在库跳过
12-书籍/人人都能理解统一场论/V4/第7章 磁场：电场的影子.md,7353,（内容已在 openuft，不重复复制）,B,未审计；内容已在本库,已在库跳过
12-书籍/人人都能理解统一场论/V4/第8章 核力：最亲密的接触.md,6987,（内容已在 openuft，不重复复制）,B,未审计；内容已在本库,已在库跳过
12-书籍/人人都能理解统一场论/V4/第9章 光速：宇宙的节奏.md,7757,（内容已在 openuft，不重复复制）,B,未审计；内容已在本库,已在库跳过
12-书籍/人人都能理解统一场论/V4/索引.md,13204,（内容已在 openuft，不重复复制）,B,未审计；内容已在本库,已在库跳过
12-书籍/人人都能理解统一场论/V4/视觉元素设计规范.md,10901,（内容已在 openuft，不重复复制）,B,未审计；内容已在本库,已在库跳过
12-书籍/人人都能理解统一场论/V4/附录10：知识结构图集.md,45588,（内容已在 openuft，不重复复制）,B,未审计；内容已在本库,已在库跳过
12-书籍/人人都能理解统一场论/V4/附录1：关键概念速查表.md,5892,（内容已在 openuft，不重复复制）,B,未审计；内容已在本库,已在库跳过
12-书籍/人人都能理解统一场论/V4/附录2：统一场论核心公式汇总.md,6947,（内容已在 openuft，不重复复制）,B,未审计；内容已在本库,已在库跳过
12-书籍/人人都能理解统一场论/V4/附录3：进一步阅读推荐.md,12133,（内容已在 openuft，不重复复制）,B,未审计；内容已在本库,已在库跳过
12-书籍/人人都能理解统一场论/V4/附录4：统一场论的实验验证方案.md,18418,（内容已在 openuft，不重复复制）,B,未审计；内容已在本库,已在库跳过
12-书籍/人人都能理解统一场论/V4/附录5：常见问题解答.md,23205,（内容已在 openuft，不重复复制）,B,未审计；内容已在本库,已在库跳过
12-书籍/人人都能理解统一场论/V4/附录6：作者的故事：为什么探索统一场论？.md,8645,（内容已在 openuft，不重复复制）,B,未审计；内容已在本库,已在库跳过
12-书籍/人人都能理解统一场论/V4/附录7：数学附录（供有兴趣的读者）.md,16926,（内容已在 openuft，不重复复制）,B,未审计；内容已在本库,已在库跳过
12-书籍/人人都能理解统一场论/V4/附录8：术语表.md,14412,（内容已在 openuft，不重复复制）,B,未审计；内容已在本库,已在库跳过
12-书籍/人人都能理解统一场论/V4/附录9：重要物理常数表.md,8320,（内容已在 openuft，不重复复制）,B,未审计；内容已在本库,已在库跳过
12-书籍/人人都能理解统一场论/V4/项目总结.md,5988,（内容已在 openuft，不重复复制）,B,未审计；内容已在本库,已在库跳过
12-书籍/人人都能理解统一场论/V5/V5版本分析报告.md,4158,（内容已在 openuft，不重复复制）,B,未审计；内容已在本库,已在库跳过
12-书籍/人人都能理解统一场论/V5/《人人都能理解统一场论》内容大纲.md,20185,（内容已在 openuft，不重复复制）,B,未审计；内容已在本库,已在库跳过
12-书籍/人人都能理解统一场论/V5/《人人都能理解统一场论》目录结构设计.md,9810,（内容已在 openuft，不重复复制）,B,未审计；内容已在本库,已在库跳过
12-书籍/人人都能理解统一场论/V6/check_chapters.py,2609,（内容已在 openuft，不重复复制）,B,未审计；内容已在本库,已在库跳过
12-书籍/人人都能理解统一场论/V6/fix_missing_chapters.py,2942,（内容已在 openuft，不重复复制）,B,未审计；内容已在本库,已在库跳过
12-书籍/人人都能理解统一场论/V6/V6版本最终优化总结.md,11723,（内容已在 openuft，不重复复制）,B,未审计；内容已在本库,已在库跳过
12-书籍/人人都能理解统一场论/V6/V6版本目录结构评估报告.md,7640,90_历史归档\来源语料_utf_20261009\语料\12-书籍\人人都能理解统一场论\V6\V6版本目录结构评估报告.md,B,未审计，待逐件裁定,已复制
12-书籍/人人都能理解统一场论/V6/V6版本章节内容优化方案.md,36457,（内容已在 openuft，不重复复制）,B,未审计；内容已在本库,已在库跳过
12-书籍/人人都能理解统一场论/V6/V6版本细节优化方案.md,11366,（内容已在 openuft，不重复复制）,B,未审计；内容已在本库,已在库跳过
12-书籍/人人都能理解统一场论/V6/《人人都能理解统一场论》V6版本目录结构.md,9348,90_历史归档\来源语料_utf_20261009\语料\12-书籍\人人都能理解统一场论\V6\《人人都能理解统一场论》V6版本目录结构.md,B,未审计，待逐件裁定,已复制
12-书籍/人人都能理解统一场论/V6/修复完成报告.md,4535,（内容已在 openuft，不重复复制）,B,未审计；内容已在本库,已在库跳过
12-书籍/人人都能理解统一场论/V6/大众版内容大纲.md,23516,（内容已在 openuft，不重复复制）,B,未审计；内容已在本库,已在库跳过
12-书籍/人人都能理解统一场论/V6/大众版目录结构设计.md,7178,（内容已在 openuft，不重复复制）,B,未审计；内容已在本库,已在库跳过
12-书籍/人人都能理解统一场论/V6/引言.md,4027,（内容已在 openuft，不重复复制）,B,未审计；内容已在本库,已在库跳过
12-书籍/人人都能理解统一场论/V6/目录.md,3172,（内容已在 openuft，不重复复制）,B,未审计；内容已在本库,已在库跳过
12-书籍/人人都能理解统一场论/V6/第一章：宇宙的终极构成.md,7993,（内容已在 openuft，不重复复制）,B,未审计；内容已在本库,已在库跳过
12-书籍/人人都能理解统一场论/V6/第七章：引力场的几何定义.md,9846,（内容已在 openuft，不重复复制）,B,未审计；内容已在本库,已在库跳过
12-书籍/人人都能理解统一场论/V6/第三章：时空同一化原理.md,9397,（内容已在 openuft，不重复复制）,B,未审计；内容已在本库,已在库跳过
12-书籍/人人都能理解统一场论/V6/第九章：核心耦合常数.md,9815,（内容已在 openuft，不重复复制）,B,未审计；内容已在本库,已在库跳过
12-书籍/人人都能理解统一场论/V6/第二十一章：医疗与制造.md,19387,（内容已在 openuft，不重复复制）,B,未审计；内容已在本库,已在库跳过
12-书籍/人人都能理解统一场论/V6/第二十三章：数学自洽验证.md,17387,（内容已在 openuft，不重复复制）,B,未审计；内容已在本库,已在库跳过
12-书籍/人人都能理解统一场论/V6/第二十二章：反引力场.md,20610,（内容已在 openuft，不重复复制）,B,未审计；内容已在本库,已在库跳过
12-书籍/人人都能理解统一场论/V6/第二十五章：与主流理论的差异与冲突.md,14058,（内容已在 openuft，不重复复制）,B,未审计；内容已在本库,已在库跳过
12-书籍/人人都能理解统一场论/V6/第二十六章：理论的现状与未来.md,13039,（内容已在 openuft，不重复复制）,B,未审计；内容已在本库,已在库跳过
12-书籍/人人都能理解统一场论/V6/第二十四章：实验证据引用.md,17586,（内容已在 openuft，不重复复制）,B,未审计；内容已在本库,已在库跳过
12-书籍/人人都能理解统一场论/V6/第二十章：意识与生命.md,20600,（内容已在 openuft，不重复复制）,B,未审计；内容已在本库,已在库跳过
12-书籍/人人都能理解统一场论/V6/第二章：空间的本质运动.md,8690,（内容已在 openuft，不重复复制）,B,未审计；内容已在本库,已在库跳过
12-书籍/人人都能理解统一场论/V6/第五章：质量的几何定义.md,8906,（内容已在 openuft，不重复复制）,B,未审计；内容已在本库,已在库跳过
12-书籍/人人都能理解统一场论/V6/第八章：电磁场的几何起源.md,9408,（内容已在 openuft，不重复复制）,B,未审计；内容已在本库,已在库跳过
12-书籍/人人都能理解统一场论/V6/第六章：电荷的几何定义.md,8799,（内容已在 openuft，不重复复制）,B,未审计；内容已在本库,已在库跳过
12-书籍/人人都能理解统一场论/V6/第十一章：统一力方程.md,10938,（内容已在 openuft，不重复复制）,B,未审计；内容已在本库,已在库跳过
12-书籍/人人都能理解统一场论/V6/第十七章：人工场的本质.md,13120,（内容已在 openuft，不重复复制）,B,未审计；内容已在本库,已在库跳过
12-书籍/人人都能理解统一场论/V6/第十三章：时间势差效应.md,8516,（内容已在 openuft，不重复复制）,B,未审计；内容已在本库,已在库跳过
12-书籍/人人都能理解统一场论/V6/第十九章：能量革命.md,14688,（内容已在 openuft，不重复复制）,B,未审计；内容已在本库,已在库跳过
12-书籍/人人都能理解统一场论/V6/第十二章：引力-电磁统一机制.md,8759,（内容已在 openuft，不重复复制）,B,未审计；内容已在本库,已在库跳过
12-书籍/人人都能理解统一场论/V6/第十五章：量子现象的几何化尝试.md,20984,（内容已在 openuft，不重复复制）,B,未审计；内容已在本库,已在库跳过
12-书籍/人人都能理解统一场论/V6/第十八章：光速飞行与飞碟原理.md,21835,（内容已在 openuft，不重复复制）,B,未审计；内容已在本库,已在库跳过
12-书籍/人人都能理解统一场论/V6/第十六章：宇称不守恒的几何起源.md,19101,（内容已在 openuft，不重复复制）,B,未审计；内容已在本库,已在库跳过
12-书籍/人人都能理解统一场论/V6/第十四章：光速不变原理的几何解释.md,16802,（内容已在 openuft，不重复复制）,B,未审计；内容已在本库,已在库跳过
12-书籍/人人都能理解统一场论/V6/第十章：统一动量方程.md,2150,（内容已在 openuft，不重复复制）,B,未审计；内容已在本库,已在库跳过
12-书籍/人人都能理解统一场论/V6/第四章：观察者中心论.md,10516,（内容已在 openuft，不重复复制）,B,未审计；内容已在本库,已在库跳过
12-书籍/人人都能理解统一场论/V6/附录一：核心内容速查表.md,13314,（内容已在 openuft，不重复复制）,B,未审计；内容已在本库,已在库跳过
12-书籍/人人都能理解统一场论/V6/附录七：术语表.md,19195,（内容已在 openuft，不重复复制）,B,未审计；内容已在本库,已在库跳过
12-书籍/人人都能理解统一场论/V6/附录三：实验设计指南.md,28784,（内容已在 openuft，不重复复制）,B,未审计；内容已在本库,已在库跳过
12-书籍/人人都能理解统一场论/V6/附录二：数学附录.md,23513,（内容已在 openuft，不重复复制）,B,未审计；内容已在本库,已在库跳过
12-书籍/人人都能理解统一场论/V6/附录五：常见问题解答.md,53842,（内容已在 openuft，不重复复制）,B,未审计；内容已在本库,已在库跳过
12-书籍/人人都能理解统一场论/V6/附录八：作者的故事.md,21627,（内容已在 openuft，不重复复制）,B,未审计；内容已在本库,已在库跳过
12-书籍/人人都能理解统一场论/V6/附录六：进一步阅读推荐.md,15011,（内容已在 openuft，不重复复制）,B,未审计；内容已在本库,已在库跳过
12-书籍/人人都能理解统一场论/V6/附录四：技术应用展望.md,25399,（内容已在 openuft，不重复复制）,B,未审计；内容已在本库,已在库跳过
12-书籍/人人都能理解统一场论/优化版/前言.md,7375,（内容已在 openuft，不重复复制）,B,未审计；内容已在本库,已在库跳过
12-书籍/人人都能理解统一场论/优化版/最终优化版总结报告.md,7063,（内容已在 openuft，不重复复制）,B,未审计；内容已在本库,已在库跳过
12-书籍/人人都能理解统一场论/优化版/目录.md,1853,（内容已在 openuft，不重复复制）,B,未审计；内容已在本库,已在库跳过
12-书籍/人人都能理解统一场论/优化版/第一阶段优化总结报告.md,2979,（内容已在 openuft，不重复复制）,B,未审计；内容已在本库,已在库跳过
12-书籍/人人都能理解统一场论/优化版/1-理论基石/第1章：宇宙的终极构成.md,9575,（内容已在 openuft，不重复复制）,B,未审计；内容已在本库,已在库跳过
12-书籍/人人都能理解统一场论/优化版/1-理论基石/第2章：空间的本质运动.md,7606,（内容已在 openuft，不重复复制）,B,未审计；内容已在本库,已在库跳过
12-书籍/人人都能理解统一场论/优化版/1-理论基石/第3章：时空同一化原理.md,7859,（内容已在 openuft，不重复复制）,B,未审计；内容已在本库,已在库跳过
12-书籍/人人都能理解统一场论/优化版/1-理论基石/第4章：观察者中心论.md,7344,（内容已在 openuft，不重复复制）,B,未审计；内容已在本库,已在库跳过
12-书籍/人人都能理解统一场论/优化版/2-基本物理概念的几何化重定义/第5章：质量的几何定义.md,7656,（内容已在 openuft，不重复复制）,B,未审计；内容已在本库,已在库跳过
12-书籍/人人都能理解统一场论/优化版/2-基本物理概念的几何化重定义/第6章：电荷的几何定义.md,7928,（内容已在 openuft，不重复复制）,B,未审计；内容已在本库,已在库跳过
12-书籍/人人都能理解统一场论/优化版/2-基本物理概念的几何化重定义/第7章：引力场的几何定义.md,7733,（内容已在 openuft，不重复复制）,B,未审计；内容已在本库,已在库跳过
12-书籍/人人都能理解统一场论/优化版/2-基本物理概念的几何化重定义/第8章：电磁场的几何定义.md,6972,（内容已在 openuft，不重复复制）,B,未审计；内容已在本库,已在库跳过
12-书籍/人人都能理解统一场论/优化版/3-核心常数与统一方程/第10章：核心物理常数的几何意义.md,9081,（内容已在 openuft，不重复复制）,B,未审计；内容已在本库,已在库跳过
12-书籍/人人都能理解统一场论/优化版/3-核心常数与统一方程/第9章：统一动量方程.md,7752,（内容已在 openuft，不重复复制）,B,未审计；内容已在本库,已在库跳过
12-书籍/人人都能理解统一场论/优化版/4-关键推论与物理效应/第11章：物理效应的统一解释.md,12627,（内容已在 openuft，不重复复制）,B,未审计；内容已在本库,已在库跳过
12-书籍/人人都能理解统一场论/优化版/5-技术应用设想/第12章：人工场技术.md,10636,（内容已在 openuft，不重复复制）,B,未审计；内容已在本库,已在库跳过
12-书籍/人人都能理解统一场论/优化版/6-理论的自我验证与争议点/第13章：理论验证与实验建议.md,13031,（内容已在 openuft，不重复复制）,B,未审计；内容已在本库,已在库跳过
12-书籍/人人都能理解统一场论/优化版/附录/参考资料与进一步阅读.md,4129,（内容已在 openuft，不重复复制）,B,未审计；内容已在本库,已在库跳过
12-书籍/人人都能理解统一场论/优化版/附录/常见问题解答.md,14226,（内容已在 openuft，不重复复制）,B,未审计；内容已在本库,已在库跳过
12-书籍/人人都能理解统一场论/优化版/附录/数学基础与物理公式汇总.md,13157,（内容已在 openuft，不重复复制）,B,未审计；内容已在本库,已在库跳过
12-书籍/人人都能理解统一场论/优化版/附录/术语表.md,9085,（内容已在 openuft，不重复复制）,B,未审计；内容已在本库,已在库跳过
12-书籍/人人都能理解统一场论/分析报告/分析报告_20260206_201357.md,3677,（内容已在 openuft，不重复复制）,B,未审计；内容已在本库,已在库跳过
12-书籍/人人都能理解统一场论/分析报告/分析报告_20260206_202816.md,1099,（内容已在 openuft，不重复复制）,B,未审计；内容已在本库,已在库跳过
12-书籍/人人都能理解统一场论/宇宙最伟大版本/宇宙最伟大的统一场论书籍.md,8800,（内容已在 openuft，不重复复制）,B,未审计；内容已在本库,已在库跳过
12-书籍/人人都能理解统一场论/宇宙最伟大版本/数学附录：统一场论核心公式推导.md,10585,90_历史归档\来源语料_utf_20261009\语料\12-书籍\人人都能理解统一场论\宇宙最伟大版本\数学附录：统一场论核心公式推导.md,B,未审计，待逐件裁定,已复制
12-书籍/人人都能理解统一场论/宇宙最伟大版本/最终优化报告.md,11061,90_历史归档\来源语料_utf_20261009\语料\12-书籍\人人都能理解统一场论\宇宙最伟大版本\最终优化报告.md,B,未审计，待逐件裁定,已复制
12-书籍/人人都能理解统一场论/宇宙最伟大版本/视觉元素设计指南：让统一场论可视化.md,13694,（内容已在 openuft，不重复复制）,B,未审计；内容已在本库,已在库跳过
12-书籍/人人都能理解统一场论/宇宙最伟大版本/语言优化指南：让统一场论通俗易懂.md,12007,（内容已在 openuft，不重复复制）,B,未审计；内容已在本库,已在库跳过
12-书籍/人人都能理解统一场论/宇宙最伟大版本/宇宙的七个层级/1-宇宙的基本构成/1-宇宙的基本构成.md,23691,（内容已在 openuft，不重复复制）,B,未审计；内容已在本库,已在库跳过
12-书籍/人人都能理解统一场论/宇宙最伟大版本/宇宙的七个层级/2-空间的本质与运动/2-空间的本质与运动.md,15267,（内容已在 openuft，不重复复制）,B,未审计；内容已在本库,已在库跳过
12-书籍/人人都能理解统一场论/最终优化版/前言：宇宙等待我们解码.md,5112,（内容已在 openuft，不重复复制）,B,未审计；内容已在本库,已在库跳过
12-书籍/人人都能理解统一场论/最终优化版/最终优化报告.md,6434,90_历史归档\来源语料_utf_20261009\语料\12-书籍\人人都能理解统一场论\最终优化版\最终优化报告.md,B,未审计，待逐件裁定,已复制
12-书籍/人人都能理解统一场论/最终优化版/核心概念整合.md,4167,（内容已在 openuft，不重复复制）,B,未审计；内容已在本库,已在库跳过
12-书籍/人人都能理解统一场论/最终优化版/目录.md,6809,（内容已在 openuft，不重复复制）,B,未审计；内容已在本库,已在库跳过
12-书籍/人人都能理解统一场论/最终优化版/第一部分：理论基石/第一章：宇宙的终极构成.md,6824,（内容已在 openuft，不重复复制）,B,未审计；内容已在本库,已在库跳过
12-书籍/人人都能理解统一场论/最终优化版/第一部分：理论基石/第二章：空间的本质运动.md,6867,（内容已在 openuft，不重复复制）,B,未审计；内容已在本库,已在库跳过
12-书籍/人人都能理解统一场论/最终优化版/附录/附录三：知识结构图集.md,4159,（内容已在 openuft，不重复复制）,B,未审计；内容已在本库,已在库跳过
12-书籍/人人都能理解统一场论/最终优化版/附录/附录六：技术应用展望.md,7060,（内容已在 openuft，不重复复制）,B,未审计；内容已在本库,已在库跳过
12-书籍/人人都能理解统一场论/最终出版版/01-第一章：宇宙的终极构成.md,7993,（内容已在 openuft，不重复复制）,B,未审计；内容已在本库,已在库跳过
12-书籍/人人都能理解统一场论/最终出版版/02-第二章：空间的本质运动.md,8690,（内容已在 openuft，不重复复制）,B,未审计；内容已在本库,已在库跳过
12-书籍/人人都能理解统一场论/最终出版版/03-第三章：时空同一化原理.md,9397,（内容已在 openuft，不重复复制）,B,未审计；内容已在本库,已在库跳过
12-书籍/人人都能理解统一场论/最终出版版/04-第四章：观察者中心论.md,10516,（内容已在 openuft，不重复复制）,B,未审计；内容已在本库,已在库跳过
12-书籍/人人都能理解统一场论/最终出版版/05-第五章：质量的几何定义.md,8906,（内容已在 openuft，不重复复制）,B,未审计；内容已在本库,已在库跳过
12-书籍/人人都能理解统一场论/最终出版版/06-第六章：电荷的几何定义.md,8799,（内容已在 openuft，不重复复制）,B,未审计；内容已在本库,已在库跳过
12-书籍/人人都能理解统一场论/最终出版版/07-第七章：引力场的几何定义.md,9846,（内容已在 openuft，不重复复制）,B,未审计；内容已在本库,已在库跳过
12-书籍/人人都能理解统一场论/最终出版版/08-第八章：电磁场的几何起源.md,9408,（内容已在 openuft，不重复复制）,B,未审计；内容已在本库,已在库跳过
12-书籍/人人都能理解统一场论/最终出版版/09-第九章：核心耦合常数.md,9815,（内容已在 openuft，不重复复制）,B,未审计；内容已在本库,已在库跳过
12-书籍/人人都能理解统一场论/最终出版版/前言.md,4287,（内容已在 openuft，不重复复制）,B,未审计；内容已在本库,已在库跳过
12-书籍/人人都能理解统一场论/最终出版版/目录.md,3403,90_历史归档\来源语料_utf_20261009\语料\12-书籍\人人都能理解统一场论\最终出版版\目录.md,B,未审计，待逐件裁定,已复制
12-书籍/人人都能理解统一场论/最终版/前言与第一部分.md,44851,（内容已在 openuft，不重复复制）,B,未审计；内容已在本库,已在库跳过
12-书籍/人人都能理解统一场论/最终版/第三部分.md,49359,（内容已在 openuft，不重复复制）,B,未审计；内容已在本库,已在库跳过
12-书籍/人人都能理解统一场论/最终版/第二部分.md,31083,（内容已在 openuft，不重复复制）,B,未审计；内容已在本库,已在库跳过
12-书籍/人人都能理解统一场论/最终版/第五部分.md,37076,（内容已在 openuft，不重复复制）,B,未审计；内容已在本库,已在库跳过
12-书籍/人人都能理解统一场论/最终版/第六部分.md,20248,（内容已在 openuft，不重复复制）,B,未审计；内容已在本库,已在库跳过
12-书籍/人人都能理解统一场论/最终版/第四部分.md,57999,（内容已在 openuft，不重复复制）,B,未审计；内容已在本库,已在库跳过
12-书籍/人人都能理解统一场论/最终版/索引.md,9397,（内容已在 openuft，不重复复制）,B,未审计；内容已在本库,已在库跳过
12-书籍/人人都能理解统一场论/最终版/附录.md,19784,（内容已在 openuft，不重复复制）,B,未审计；内容已在本库,已在库跳过
12-书籍/人人都能理解统一场论/最终版/附录9：参考文献.md,8624,（内容已在 openuft，不重复复制）,B,未审计；内容已在本库,已在库跳过
12-书籍/人人都能理解统一场论demo/学习指南（前言）.md,7749,（内容已在 openuft，不重复复制）,B,未审计；内容已在本库,已在库跳过
12-书籍/人人都能理解统一场论demo/封面和版权页.md,1883,（内容已在 openuft，不重复复制）,B,未审计；内容已在本库,已在库跳过
12-书籍/人人都能理解统一场论demo/第一部分：基础概念.md,50250,（内容已在 openuft，不重复复制）,B,未审计；内容已在本库,已在库跳过
12-书籍/人人都能理解统一场论demo/第一部分：基础概念（续）.md,60758,（内容已在 openuft，不重复复制）,B,未审计；内容已在本库,已在库跳过
12-书籍/人人都能理解统一场论demo/第三部分：运动学.md,43707,（内容已在 openuft，不重复复制）,B,未审计；内容已在本库,已在库跳过
12-书籍/人人都能理解统一场论demo/第三部分：运动学（续）.md,64661,（内容已在 openuft，不重复复制）,B,未审计；内容已在本库,已在库跳过
12-书籍/人人都能理解统一场论demo/第二部分：核心原理.md,88632,（内容已在 openuft，不重复复制）,B,未审计；内容已在本库,已在库跳过
12-书籍/人人都能理解统一场论demo/第二部分：核心原理（续）.md,26922,（内容已在 openuft，不重复复制）,B,未审计；内容已在本库,已在库跳过
12-书籍/人人都能理解统一场论demo/第四部分：场论基础.md,29904,（内容已在 openuft，不重复复制）,B,未审计；内容已在本库,已在库跳过
12-书籍/人人都能理解统一场论demo/第四部分：场论基础（续）.md,40249,（内容已在 openuft，不重复复制）,B,未审计；内容已在本库,已在库跳过
12-书籍/人人都能理解统一场论demo/索引.md,16349,（内容已在 openuft，不重复复制）,B,未审计；内容已在本库,已在库跳过
12-书籍/人人都能理解统一场论demo/详细内容大纲.md,38086,（内容已在 openuft，不重复复制）,B,未审计；内容已在本库,已在库跳过
12-书籍/人人都能理解统一场论demo/附录.md,24306,（内容已在 openuft，不重复复制）,B,未审计；内容已在本库,已在库跳过
13AI辅助/latex_chinese_plot.py,11391,90_历史归档\来源语料_utf_20261009\语料\13AI辅助\latex_chinese_plot.py,B,未审计，待逐件裁定,已复制
13AI辅助/README.md,6207,90_历史归档\来源语料_utf_20261009\语料\13AI辅助\README.md,B,未审计，待逐件裁定,已复制
13AI辅助/公式提示词.md,10900,90_历史归档\来源语料_utf_20261009\语料\13AI辅助\公式提示词.md,B,未审计，待逐件裁定,已复制
13AI辅助/公式提示词简化版.md,2995,90_历史归档\来源语料_utf_20261009\语料\13AI辅助\公式提示词简化版.md,B,未审计，待逐件裁定,已复制
13AI辅助/论文提示词.md,9996,90_历史归档\来源语料_utf_20261009\语料\13AI辅助\论文提示词.md,B,未审计，待逐件裁定,已复制
13AI辅助/AI自动化/能直接引爆全球的颠覆性物理理论.md,9287,90_历史归档\来源语料_utf_20261009\语料\13AI辅助\AI自动化\能直接引爆全球的颠覆性物理理论.md,B,未审计，待逐件裁定,已复制
13AI辅助/code/doubao_aa.py,18335,90_历史归档\来源语料_utf_20261009\语料\13AI辅助\code\doubao_aa.py,B,未审计，待逐件裁定,已复制
13AI辅助/code/doubao_aa_optimized.py,17406,90_历史归档\来源语料_utf_20261009\语料\13AI辅助\code\doubao_aa_optimized.py,B,未审计，待逐件裁定,已复制
13AI辅助/code/playwright_demo.py,14191,90_历史归档\来源语料_utf_20261009\语料\13AI辅助\code\playwright_demo.py,B,未审计，待逐件裁定,已复制
14-待解决与问题的修正/unified_field_theory_paper_optimized.md,12336,90_历史归档\来源语料_utf_20261009\语料\14-待解决与问题的修正\unified_field_theory_paper_optimized.md,B,未审计，待逐件裁定,已复制
14-待解决与问题的修正/待解决问题/comprehensive_validation.py,13357,90_历史归档\来源语料_utf_20261009\语料\14-待解决与问题的修正\待解决问题\comprehensive_validation.py,B,未审计，待逐件裁定,已复制
14-待解决与问题的修正/待解决问题/helical_motion_validation.py,5416,90_历史归档\来源语料_utf_20261009\语料\14-待解决与问题的修正\待解决问题\helical_motion_validation.py,B,未审计，待逐件裁定,已复制
14-待解决与问题的修正/待解决问题/unified_space_equation_validation.py,6994,90_历史归档\来源语料_utf_20261009\语料\14-待解决与问题的修正\待解决问题\unified_space_equation_validation.py,B,未审计，待逐件裁定,已复制
14-待解决与问题的修正/待解决问题/validation_report.md,9589,90_历史归档\来源语料_utf_20261009\语料\14-待解决与问题的修正\待解决问题\validation_report.md,B,未审计，待逐件裁定,已复制
14-待解决与问题的修正/待解决问题/待解决问题.md,11166,90_历史归档\来源语料_utf_20261009\语料\14-待解决与问题的修正\待解决问题\待解决问题.md,B,未审计，待逐件裁定,已复制
14-待解决与问题的修正/待解决问题/论文/主流理论冲突解决验证论文.md,7233,90_历史归档\来源语料_utf_20261009\语料\14-待解决与问题的修正\待解决问题\论文\主流理论冲突解决验证论文.md,B,未审计，待逐件裁定,已复制
14-待解决与问题的修正/待解决问题/论文/关键理论预言与方程完善验证论文.md,10279,90_历史归档\来源语料_utf_20261009\语料\14-待解决与问题的修正\待解决问题\论文\关键理论预言与方程完善验证论文.md,B,未审计，待逐件裁定,已复制
14-待解决与问题的修正/待解决问题/论文/完全统一理论框架构建验证论文.md,10162,90_历史归档\来源语料_utf_20261009\语料\14-待解决与问题的修正\待解决问题\论文\完全统一理论框架构建验证论文.md,B,未审计，待逐件裁定,已复制
14-待解决与问题的修正/待解决问题/论文/数学基础与形式化修复验证论文.md,4722,90_历史归档\来源语料_utf_20261009\语料\14-待解决与问题的修正\待解决问题\论文\数学基础与形式化修复验证论文.md,B,未审计，待逐件裁定,已复制
14-待解决与问题的修正/问题修正/1.md,12104,90_历史归档\来源语料_utf_20261009\语料\14-待解决与问题的修正\问题修正\1.md,B,未审计，待逐件裁定,已复制
14-待解决与问题的修正/问题修正/compare_uft_classical.py,2054,90_历史归档\来源语料_utf_20261009\语料\14-待解决与问题的修正\问题修正\compare_uft_classical.py,B,未审计，待逐件裁定,已复制
14-待解决与问题的修正/问题修正/derivative_verification.py,4476,90_历史归档\来源语料_utf_20261009\语料\14-待解决与问题的修正\问题修正\derivative_verification.py,B,未审计，待逐件裁定,已复制
14-待解决与问题的修正/问题修正/geometric_factor_derivation.md,4941,90_历史归档\来源语料_utf_20261009\语料\14-待解决与问题的修正\问题修正\geometric_factor_derivation.md,B,未审计，待逐件裁定,已复制
14-待解决与问题的修正/问题修正/problem_correction_summary.md,5410,90_历史归档\来源语料_utf_20261009\语料\14-待解决与问题的修正\问题修正\problem_correction_summary.md,B,未审计，待逐件裁定,已复制
14-待解决与问题的修正/问题修正/README.md,1267,90_历史归档\来源语料_utf_20261009\语料\14-待解决与问题的修正\问题修正\README.md,B,未审计，待逐件裁定,已复制
14-待解决与问题的修正/问题修正/经典物理题与统一场论解法对比.md,26360,90_历史归档\来源语料_utf_20261009\语料\14-待解决与问题的修正\问题修正\经典物理题与统一场论解法对比.md,B,未审计，待逐件裁定,已复制
14-待解决与问题的修正/问题修正/经典物理题与统一场论解法对比：深度数学验证与Z'常数的关联.md,11272,90_历史归档\来源语料_utf_20261009\语料\14-待解决与问题的修正\问题修正\经典物理题与统一场论解法对比：深度数学验证与Z'常数的关联.md,B,未审计，待逐件裁定,已复制
15-灵魂思想意识/04-意识科学/意识拓扑锚定理论.md,2731,（内容已在 openuft，不重复复制）,B,未审计；内容已在本库,已在库跳过
15-灵魂思想意识/04-意识科学/高维观测者机制.md,2305,（内容已在 openuft，不重复复制）,B,未审计；内容已在本库,已在库跳过
15-灵魂思想意识/v1/空间的波动就是灵魂：基于时空几何动力学与全息信息场的意识宇宙学.md,13250,90_历史归档\来源语料_utf_20261009\语料\15-灵魂思想意识\v1\空间的波动就是灵魂：基于时空几何动力学与全息信息场的意识宇宙学.md,B,未审计，待逐件裁定,已复制
15-灵魂思想意识/v1/验证/1.md,5857,90_历史归档\来源语料_utf_20261009\语料\15-灵魂思想意识\v1\验证\1.md,B,未审计，待逐件裁定,已复制
15-灵魂思想意识/v2/思想意识的几何动力学方程、全宇宙二维连接证明与数值模拟验证.md,13276,90_历史归档\来源语料_utf_20261009\语料\15-灵魂思想意识\v2\思想意识的几何动力学方程、全宇宙二维连接证明与数值模拟验证.md,B,未审计，待逐件裁定,已复制
15-灵魂思想意识/v3/人工场如何“应用”于人体？——三大核心模式.md,6948,90_历史归档\来源语料_utf_20261009\语料\15-灵魂思想意识\v3\人工场如何“应用”于人体？——三大核心模式.md,B,未审计，待逐件裁定,已复制
17-空间光速螺旋引力理论/v_⊥²+v_z²=c²_统一分解与全维度分析.md,12293,/90_历史归档/来源语料_utf_20261009/（只登记）,B,未审计；母块 >50MB 只登记不写入,只登记
17-空间光速螺旋引力理论/ZUFT_V13_3_第一性原理最终总结.md,9817,/90_历史归档/来源语料_utf_20261009/（只登记）,B,未审计；母块 >50MB 只登记不写入,只登记
17-空间光速螺旋引力理论/与标准物理的逐项对应映射.md,14530,/90_历史归档/来源语料_utf_20261009/（只登记）,B,未审计；母块 >50MB 只登记不写入,只登记
17-空间光速螺旋引力理论/五维时空螺旋几何.md,10333,/90_历史归档/来源语料_utf_20261009/（只登记）,B,未审计；母块 >50MB 只登记不写入,只登记
17-空间光速螺旋引力理论/传统公式与几何公式双向转换手册.md,13855,/90_历史归档/来源语料_utf_20261009/（只登记）,B,未审计；母块 >50MB 只登记不写入,只登记
17-空间光速螺旋引力理论/全尺度场方程.md,11026,/90_历史归档/来源语料_utf_20261009/（只登记）,B,未审计；母块 >50MB 只登记不写入,只登记
17-空间光速螺旋引力理论/全常数体系闭环.md,13235,/90_历史归档/来源语料_utf_20261009/（只登记）,B,未审计；母块 >50MB 只登记不写入,只登记
17-空间光速螺旋引力理论/全物理未解之谜破解与人工引力场本质.md,14331,/90_历史归档/来源语料_utf_20261009/（只登记）,B,未审计；母块 >50MB 只登记不写入,只登记
17-空间光速螺旋引力理论/全相互作用耦合矩阵.md,12226,/90_历史归档/来源语料_utf_20261009/（只登记）,B,未审计；母块 >50MB 只登记不写入,只登记
17-空间光速螺旋引力理论/全统一场论验证审核报告.md,20737,/90_历史归档/来源语料_utf_20261009/（只登记）,B,未审计；母块 >50MB 只登记不写入,只登记
17-空间光速螺旋引力理论/全维修复方案.md,28023,/90_历史归档/来源语料_utf_20261009/（只登记）,B,未审计；母块 >50MB 只登记不写入,只登记
17-空间光速螺旋引力理论/全维分析报告_算法联盟最高权限.md,20951,/90_历史归档/来源语料_utf_20261009/（只登记）,B,未审计；母块 >50MB 只登记不写入,只登记
17-空间光速螺旋引力理论/全维度分析报告.md,9672,/90_历史归档/来源语料_utf_20261009/（只登记）,B,未审计；母块 >50MB 只登记不写入,只登记
17-空间光速螺旋引力理论/全维精算求导证明：从ωρ=c到统一场拉格朗日形式化.md,27894,/90_历史归档/来源语料_utf_20261009/（只登记）,B,未审计；母块 >50MB 只登记不写入,只登记
17-空间光速螺旋引力理论/六维螺旋几何与超对称统一.md,9875,/90_历史归档/来源语料_utf_20261009/（只登记）,B,未审计；母块 >50MB 只登记不写入,只登记
17-空间光速螺旋引力理论/几何本征频率_可证伪实验检验方案.md,14231,/90_历史归档/来源语料_utf_20261009/（只登记）,B,未审计；母块 >50MB 只登记不写入,只登记
17-空间光速螺旋引力理论/几何量子化突破V3_氢原子能级推导_分析修复报告.md,7763,/90_历史归档/来源语料_utf_20261009/（只登记）,B,未审计；母块 >50MB 只登记不写入,只登记
17-空间光速螺旋引力理论/宇宙学方程组.md,10150,/90_历史归档/来源语料_utf_20261009/（只登记）,B,未审计；母块 >50MB 只登记不写入,只登记
17-空间光速螺旋引力理论/宇宙学精确预测.md,8866,/90_历史归档/来源语料_utf_20261009/（只登记）,B,未审计；母块 >50MB 只登记不写入,只登记
17-空间光速螺旋引力理论/宇宙秘密宝典.md,8334,/90_历史归档/来源语料_utf_20261009/（只登记）,B,未审计；母块 >50MB 只登记不写入,只登记
17-空间光速螺旋引力理论/实验验证方案.md,11642,/90_历史归档/来源语料_utf_20261009/（只登记）,B,未审计；母块 >50MB 只登记不写入,只登记
17-空间光速螺旋引力理论/张祥前方程统一为频率空间螺旋.md,24761,/90_历史归档/来源语料_utf_20261009/（只登记）,B,未审计；母块 >50MB 只登记不写入,只登记
17-空间光速螺旋引力理论/循环论证_TAUT问题分析.md,6340,/90_历史归档/来源语料_utf_20261009/（只登记）,B,未审计；母块 >50MB 只登记不写入,只登记
17-空间光速螺旋引力理论/数学物理几何化.md,3063882,/90_历史归档/来源语料_utf_20261009/（只登记）,B,未审计；母块 >50MB 只登记不写入,只登记
17-空间光速螺旋引力理论/新实验验证方案.md,10482,/90_历史归档/来源语料_utf_20261009/（只登记）,B,未审计；母块 >50MB 只登记不写入,只登记
17-空间光速螺旋引力理论/最伟大理论_终极诚实报告.md,7807,/90_历史归档/来源语料_utf_20261009/（只登记）,B,未审计；母块 >50MB 只登记不写入,只登记
17-空间光速螺旋引力理论/最伟大理论_统一频率空间螺旋_终审报告.md,9419,/90_历史归档/来源语料_utf_20261009/（只登记）,B,未审计；母块 >50MB 只登记不写入,只登记
17-空间光速螺旋引力理论/最伟大理论_诚实边界报告.md,8717,/90_历史归档/来源语料_utf_20261009/（只登记）,B,未审计；母块 >50MB 只登记不写入,只登记
17-空间光速螺旋引力理论/核心公式理论体系.md,11826,/90_历史归档/来源语料_utf_20261009/（只登记）,B,未审计；母块 >50MB 只登记不写入,只登记
17-空间光速螺旋引力理论/核心公式理论体系_全维突破版.md,9615,/90_历史归档/来源语料_utf_20261009/（只登记）,B,未审计；母块 >50MB 只登记不写入,只登记
17-空间光速螺旋引力理论/核心公式理论体系_突破版.md,53870,/90_历史归档/来源语料_utf_20261009/（只登记）,B,未审计；母块 >50MB 只登记不写入,只登记
17-空间光速螺旋引力理论/深度研究方案.md,11645,/90_历史归档/来源语料_utf_20261009/（只登记）,B,未审计；母块 >50MB 只登记不写入,只登记
17-空间光速螺旋引力理论/物理圣杯终极破解：十大终极物理谜题全解.md,18118,/90_历史归档/来源语料_utf_20261009/（只登记）,B,未审计；母块 >50MB 只登记不写入,只登记
17-空间光速螺旋引力理论/理论突破报告.md,11927,/90_历史归档/来源语料_utf_20261009/（只登记）,B,未审计；母块 >50MB 只登记不写入,只登记
17-空间光速螺旋引力理论/空间光速螺旋引力理论：全维度统一场论终极总结与补充完善.md,19312,/90_历史归档/来源语料_utf_20261009/（只登记）,B,未审计；母块 >50MB 只登记不写入,只登记
17-空间光速螺旋引力理论/空间光速螺旋量子几何归一化统一场论：完整版.md,34210,/90_历史归档/来源语料_utf_20261009/（只登记）,B,未审计；母块 >50MB 只登记不写入,只登记
17-空间光速螺旋引力理论/突破方案.md,18808,/90_历史归档/来源语料_utf_20261009/（只登记）,B,未审计；母块 >50MB 只登记不写入,只登记
17-空间光速螺旋引力理论/粒子质量比预测与能量动量推导.md,9081,/90_历史归档/来源语料_utf_20261009/（只登记）,B,未审计；母块 >50MB 只登记不写入,只登记
17-空间光速螺旋引力理论/精算突破方案.md,18170,/90_历史归档/来源语料_utf_20261009/（只登记）,B,未审计；母块 >50MB 只登记不写入,只登记
17-空间光速螺旋引力理论/纤维丛几何基础.md,11588,/90_历史归档/来源语料_utf_20261009/（只登记）,B,未审计；母块 >50MB 只登记不写入,只登记
17-空间光速螺旋引力理论/终极突破核心公式报告.md,6155,/90_历史归档/来源语料_utf_20261009/（只登记）,B,未审计；母块 >50MB 只登记不写入,只登记
17-空间光速螺旋引力理论/统一场论全维度续篇：暗物质暗能量α推导CP破坏量子引力.md,15350,/90_历史归档/来源语料_utf_20261009/（只登记）,B,未审计；母块 >50MB 只登记不写入,只登记
17-空间光速螺旋引力理论/统一场论综述.md,13117,/90_历史归档/来源语料_utf_20261009/（只登记）,B,未审计；母块 >50MB 只登记不写入,只登记
17-空间光速螺旋引力理论/螺旋时空大统一场论_全物理领域覆盖矩阵与突破总结.md,18010,/90_历史归档/来源语料_utf_20261009/（只登记）,B,未审计；母块 >50MB 只登记不写入,只登记
17-空间光速螺旋引力理论/螺旋时空大统一场论_全维审核最终报告.md,11497,/90_历史归档/来源语料_utf_20261009/（只登记）,B,未审计；母块 >50MB 只登记不写入,只登记
17-空间光速螺旋引力理论/螺旋时空大统一场论_终极报告.md,11190,/90_历史归档/来源语料_utf_20261009/（只登记）,B,未审计；母块 >50MB 只登记不写入,只登记
17-空间光速螺旋引力理论/螺旋时空大统一场论_终极报告_修正版.md,9561,/90_历史归档/来源语料_utf_20261009/（只登记）,B,未审计；母块 >50MB 只登记不写入,只登记
17-空间光速螺旋引力理论/重整化群分析.md,9044,/90_历史归档/来源语料_utf_20261009/（只登记）,B,未审计；母块 >50MB 只登记不写入,只登记
17-空间光速螺旋引力理论/量子引力理论.md,11150,/90_历史归档/来源语料_utf_20261009/（只登记）,B,未审计；母块 >50MB 只登记不写入,只登记
17-空间光速螺旋引力理论/频率依赖_终极分析报告.md,6673,/90_历史归档/来源语料_utf_20261009/（只登记）,B,未审计；母块 >50MB 只登记不写入,只登记
17-空间光速螺旋引力理论/06-论文/Doubao-《空间螺旋统一物理全典》-2026-06-25.md,81422,/90_历史归档/来源语料_utf_20261009/（只登记）,B,未审计；母块 >50MB 只登记不写入,只登记
17-空间光速螺旋引力理论/06-论文/Doubao-万有引力常数的本源极简表达式-2026-06-25.md,10954,/90_历史归档/来源语料_utf_20261009/（只登记）,B,未审计；母块 >50MB 只登记不写入,只登记
17-空间光速螺旋引力理论/06-论文/Doubao-从 光速螺旋 导出拉格朗日 —— 人人都能看懂的推导-2026-06-25.md,8661,/90_历史归档/来源语料_utf_20261009/（只登记）,B,未审计；母块 >50MB 只登记不写入,只登记
17-空间光速螺旋引力理论/06-论文/Doubao-光子特性与电磁波本质研究-2026-06-25.md,13066,/90_历史归档/来源语料_utf_20261009/（只登记）,B,未审计；母块 >50MB 只登记不写入,只登记
17-空间光速螺旋引力理论/06-论文/Doubao-算法联盟最高权限下粒子内禀属性与光速关系的理论验证与精算分析-2026-06-25.md,1985,/90_历史归档/来源语料_utf_20261009/（只登记）,B,未审计；母块 >50MB 只登记不写入,只登记
17-空间光速螺旋引力理论/06-论文/Doubao-🎯 算法联盟最高权限 OMEGA 级：十万字学术专著定稿完成-2026-06-25.md,6942,/90_历史归档/来源语料_utf_20261009/（只登记）,B,未审计；母块 >50MB 只登记不写入,只登记
17-空间光速螺旋引力理论/06-论文/从_光速螺旋_导出拉格朗日——全维精算对比与深度解析.md,15298,/90_历史归档/来源语料_utf_20261009/（只登记）,B,未审计；母块 >50MB 只登记不写入,只登记
17-空间光速螺旋引力理论/06-论文/统一场论-完整论文.md,13185,/90_历史归档/来源语料_utf_20261009/（只登记）,B,未审计；母块 >50MB 只登记不写入,只登记
17-空间光速螺旋引力理论/06-论文/常数精算验证.py,5552,/90_历史归档/来源语料_utf_20261009/（只登记）,B,未审计；母块 >50MB 只登记不写入,只登记
17-空间光速螺旋引力理论/06-论文/所有常数.md,17830,/90_历史归档/来源语料_utf_20261009/（只登记）,B,未审计；母块 >50MB 只登记不写入,只登记
17-空间光速螺旋引力理论/06-论文/论粒子内禀螺旋运动的光速本质.md,257024,/90_历史归档/来源语料_utf_20261009/（只登记）,B,未审计；母块 >50MB 只登记不写入,只登记
17-空间光速螺旋引力理论/06-论文/论粒子内禀运动速度合成定理：v=c的公理化证明与全维度实验验证.md,249772,/90_历史归档/来源语料_utf_20261009/（只登记）,B,未审计；母块 >50MB 只登记不写入,只登记
17-空间光速螺旋引力理论/06-论文/202607/15/1.md,16396,/90_历史归档/来源语料_utf_20261009/（只登记）,B,未审计；母块 >50MB 只登记不写入,只登记
17-空间光速螺旋引力理论/06-论文/202607/15/2.md,238385,/90_历史归档/来源语料_utf_20261009/（只登记）,B,未审计；母块 >50MB 只登记不写入,只登记
17-空间光速螺旋引力理论/06-论文/202607/15/v40_unification.py,14766,/90_历史归档/来源语料_utf_20261009/（只登记）,B,未审计；母块 >50MB 只登记不写入,只登记
17-空间光速螺旋引力理论/06-论文/202607/15/双向分形统一场论_vs_传统理论体系_全维对比分析.md,13544,/90_历史归档/来源语料_utf_20261009/（只登记）,B,未审计；母块 >50MB 只登记不写入,只登记
17-空间光速螺旋引力理论/06-论文/202607/15/基于先秦道家叠字递归范式的全域双向分形统一场论.md,9851,/90_历史归档/来源语料_utf_20261009/（只登记）,B,未审计；母块 >50MB 只登记不写入,只登记
17-空间光速螺旋引力理论/06-论文/202607/15/核心算法理论体系_全维优化V2.0.md,22546,/90_历史归档/来源语料_utf_20261009/（只登记）,B,未审计；母块 >50MB 只登记不写入,只登记
17-空间光速螺旋引力理论/06-论文/202607/15/算法联盟OMEGA-PRIME_无穷套娃三位一体统一理论.md,15125,/90_历史归档/来源语料_utf_20261009/（只登记）,B,未审计；母块 >50MB 只登记不写入,只登记
17-空间光速螺旋引力理论/06-论文/202607/15/算法联盟最高权限_全加密算法理论突破分析.md,26129,/90_历史归档/来源语料_utf_20261009/（只登记）,B,未审计；母块 >50MB 只登记不写入,只登记
17-空间光速螺旋引力理论/06-论文/202607/15/算法联盟最高权限·全域统一场论顶尖总结论文_V3.1.md,55026,/90_历史归档/来源语料_utf_20261009/（只登记）,B,未审计；母块 >50MB 只登记不写入,只登记
17-空间光速螺旋引力理论/06-论文/202607/15/算法联盟最高权限验证书_五大工程突破全维教程.md,78467,/90_历史归档/来源语料_utf_20261009/（只登记）,B,未审计；母块 >50MB 只登记不写入,只登记
17-空间光速螺旋引力理论/06-论文/202607/15/code/audit_output.txt,20908,/90_历史归档/来源语料_utf_20261009/（只登记）,B,未审计；母块 >50MB 只登记不写入,只登记
17-空间光速螺旋引力理论/06-论文/202607/15/code/precision_audit.py,35627,/90_历史归档/来源语料_utf_20261009/（只登记）,B,未审计；母块 >50MB 只登记不写入,只登记
17-空间光速螺旋引力理论/06-论文/202607/18/算法联盟最高权限_全理论体系总验证证书.md,15038,/90_历史归档/来源语料_utf_20261009/（只登记）,B,未审计；母块 >50MB 只登记不写入,只登记
17-空间光速螺旋引力理论/06-论文/精细结构常数/20260616/拓扑残差理论（TRT）：基于v=c右手圆柱螺旋时空流场的纯几何统一场论.md,26785,/90_历史归档/来源语料_utf_20261009/（只登记）,B,未审计；母块 >50MB 只登记不写入,只登记
17-空间光速螺旋引力理论/06-论文/精细结构常数/20260616/code/trt_verification.py,11033,/90_历史归档/来源语料_utf_20261009/（只登记）,B,未审计；母块 >50MB 只登记不写入,只登记
17-空间光速螺旋引力理论/06-论文/精细结构常数/20260616/验证/1.md,9595,/90_历史归档/来源语料_utf_20261009/（只登记）,B,未审计；母块 >50MB 只登记不写入,只登记
17-空间光速螺旋引力理论/06-论文/精细结构常数/20260616/验证/失败项报告.md,7622,/90_历史归档/来源语料_utf_20261009/（只登记）,B,未审计；母块 >50MB 只登记不写入,只登记
17-空间光速螺旋引力理论/AI思想意识/1.md,25027,/90_历史归档/来源语料_utf_20261009/（只登记）,B,未审计；母块 >50MB 只登记不写入,只登记
17-空间光速螺旋引力理论/AI思想意识/空间光速螺旋AI系统说明书.md,13483,/90_历史归档/来源语料_utf_20261009/（只登记）,B,未审计；母块 >50MB 只登记不写入,只登记
17-空间光速螺旋引力理论/AI思想意识/code/1.py,3451,/90_历史归档/来源语料_utf_20261009/（只登记）,B,未审计；母块 >50MB 只登记不写入,只登记
17-空间光速螺旋引力理论/AI思想意识/code/spiral_ai_system.py,85634,/90_历史归档/来源语料_utf_20261009/（只登记）,B,未审计；母块 >50MB 只登记不写入,只登记
17-空间光速螺旋引力理论/AI思想意识/code/test_all.py,3912,/90_历史归档/来源语料_utf_20261009/（只登记）,B,未审计；母块 >50MB 只登记不写入,只登记
17-空间光速螺旋引力理论/AI思想意识/code/test_output.txt,2109,/90_历史归档/来源语料_utf_20261009/（只登记）,B,未审计；母块 >50MB 只登记不写入,只登记
17-空间光速螺旋引力理论/code/2.py,4715,/90_历史归档/来源语料_utf_20261009/（只登记）,B,未审计；母块 >50MB 只登记不写入,只登记
17-空间光速螺旋引力理论/code/3.py,3864,/90_历史归档/来源语料_utf_20261009/（只登记）,B,未审计；母块 >50MB 只登记不写入,只登记
17-空间光速螺旋引力理论/code/4.py,4947,/90_历史归档/来源语料_utf_20261009/（只登记）,B,未审计；母块 >50MB 只登记不写入,只登记
17-空间光速螺旋引力理论/code/algorithm_alliance_omega_prime.py,19781,/90_历史归档/来源语料_utf_20261009/（只登记）,B,未审计；母块 >50MB 只登记不写入,只登记
17-空间光速螺旋引力理论/code/ap_n10.py,1190,/90_历史归档/来源语料_utf_20261009/（只登记）,B,未审计；母块 >50MB 只登记不写入,只登记
17-空间光速螺旋引力理论/code/ap_n9.py,995,/90_历史归档/来源语料_utf_20261009/（只登记）,B,未审计；母块 >50MB 只登记不写入,只登记
17-空间光速螺旋引力理论/code/ap_s1.py,937,/90_历史归档/来源语料_utf_20261009/（只登记）,B,未审计；母块 >50MB 只登记不写入,只登记
17-空间光速螺旋引力理论/code/ap_s2.py,1123,/90_历史归档/来源语料_utf_20261009/（只登记）,B,未审计；母块 >50MB 只登记不写入,只登记
17-空间光速螺旋引力理论/code/ap_sum1.py,675,/90_历史归档/来源语料_utf_20261009/（只登记）,B,未审计；母块 >50MB 只登记不写入,只登记
17-空间光速螺旋引力理论/code/benchmark_comparison.py,39444,/90_历史归档/来源语料_utf_20261009/（只登记）,B,未审计；母块 >50MB 只登记不写入,只登记
17-空间光速螺旋引力理论/code/bifuf_core_algo_validation.py,21704,/90_历史归档/来源语料_utf_20261009/（只登记）,B,未审计；母块 >50MB 只登记不写入,只登记
17-空间光速螺旋引力理论/code/bifuf_full_rigorous_validation.py,29672,/90_历史归档/来源语料_utf_20261009/（只登记）,B,未审计；母块 >50MB 只登记不写入,只登记
17-空间光速螺旋引力理论/code/bifuf_validation_final.json,346,/90_历史归档/来源语料_utf_20261009/（只登记）,B,未审计；母块 >50MB 只登记不写入,只登记
17-空间光速螺旋引力理论/code/bifuf_validation_final.py,15299,/90_历史归档/来源语料_utf_20261009/（只登记）,B,未审计；母块 >50MB 只登记不写入,只登记
17-空间光速螺旋引力理论/code/breakthrough_theory.py,12184,/90_历史归档/来源语料_utf_20261009/（只登记）,B,未审计；母块 >50MB 只登记不写入,只登记
17-空间光速螺旋引力理论/code/breakthrough_theory_v2.py,12211,/90_历史归档/来源语料_utf_20261009/（只登记）,B,未审计；母块 >50MB 只登记不写入,只登记
17-空间光速螺旋引力理论/code/breakthrough_theory_v3.py,11633,/90_历史归档/来源语料_utf_20261009/（只登记）,B,未审计；母块 >50MB 只登记不写入,只登记
17-空间光速螺旋引力理论/code/breakthrough_theory_v4.py,24018,/90_历史归档/来源语料_utf_20261009/（只登记）,B,未审计；母块 >50MB 只登记不写入,只登记
17-空间光速螺旋引力理论/code/breakthrough_theory_v5.py,24874,/90_历史归档/来源语料_utf_20261009/（只登记）,B,未审计；母块 >50MB 只登记不写入,只登记
17-空间光速螺旋引力理论/code/breakthrough_theory_v6.py,29453,/90_历史归档/来源语料_utf_20261009/（只登记）,B,未审计；母块 >50MB 只登记不写入,只登记
17-空间光速螺旋引力理论/code/breakthrough_theory_v7.py,38110,/90_历史归档/来源语料_utf_20261009/（只登记）,B,未审计；母块 >50MB 只登记不写入,只登记
17-空间光速螺旋引力理论/code/breakthrough_theory_v8.py,17909,/90_历史归档/来源语料_utf_20261009/（只登记）,B,未审计；母块 >50MB 只登记不写入,只登记
17-空间光速螺旋引力理论/code/breakthrough_theory_v8_ultimate.py,49274,/90_历史归档/来源语料_utf_20261009/（只登记）,B,未审计；母块 >50MB 只登记不写入,只登记
17-空间光速螺旋引力理论/code/breakthrough_theory_v9.py,4408,/90_历史归档/来源语料_utf_20261009/（只登记）,B,未审计；母块 >50MB 只登记不写入,只登记
17-空间光速螺旋引力理论/code/breakthrough_theory_v9_ultimate_15branches.py,0,/90_历史归档/来源语料_utf_20261009/（只登记）,B,未审计；母块 >50MB 只登记不写入,只登记
17-空间光速螺旋引力理论/code/build_v11_part1.py,3880,/90_历史归档/来源语料_utf_20261009/（只登记）,B,未审计；母块 >50MB 只登记不写入,只登记
17-空间光速螺旋引力理论/code/check_const.py,1184,/90_历史归档/来源语料_utf_20261009/（只登记）,B,未审计；母块 >50MB 只登记不写入,只登记
17-空间光速螺旋引力理论/code/chk_tail.py,283,/90_历史归档/来源语料_utf_20261009/（只登记）,B,未审计；母块 >50MB 只登记不写入,只登记
17-空间光速螺旋引力理论/code/chk_tail2.py,277,/90_历史归档/来源语料_utf_20261009/（只登记）,B,未审计；母块 >50MB 只登记不写入,只登记
17-空间光速螺旋引力理论/code/classic_vs_dao_comparison.py,12032,/90_历史归档/来源语料_utf_20261009/（只登记）,B,未审计；母块 >50MB 只登记不写入,只登记
17-空间光速螺旋引力理论/code/complete_3d_visualization.py,30408,/90_历史归档/来源语料_utf_20261009/（只登记）,B,未审计；母块 >50MB 只登记不写入,只登记
17-空间光速螺旋引力理论/code/complete_fix.py,12982,/90_历史归档/来源语料_utf_20261009/（只登记）,B,未审计；母块 >50MB 只登记不写入,只登记
17-空间光速螺旋引力理论/code/complete_verification.py,6345,/90_历史归档/来源语料_utf_20261009/（只登记）,B,未审计；母块 >50MB 只登记不写入,只登记
17-空间光速螺旋引力理论/code/core_validation.py,7794,/90_历史归档/来源语料_utf_20261009/（只登记）,B,未审计；母块 >50MB 只登记不写入,只登记
17-空间光速螺旋引力理论/code/create_html.py,6953,/90_历史归档/来源语料_utf_20261009/（只登记）,B,未审计；母块 >50MB 只登记不写入,只登记
17-空间光速螺旋引力理论/code/curvature_torsion_scales.py,4542,/90_历史归档/来源语料_utf_20261009/（只登记）,B,未审计；母块 >50MB 只登记不写入,只登记
17-空间光速螺旋引力理论/code/curvature_torsion_scale_data.txt,1699,/90_历史归档/来源语料_utf_20261009/（只登记）,B,未审计；母块 >50MB 只登记不写入,只登记
17-空间光速螺旋引力理论/code/dao_equations_analysis.py,15226,/90_历史归档/来源语料_utf_20261009/（只登记）,B,未审计；母块 >50MB 只登记不写入,只登记
17-空间光速螺旋引力理论/code/dao_finf_full_validation.py,15787,/90_历史归档/来源语料_utf_20261009/（只登记）,B,未审计；母块 >50MB 只登记不写入,只登记
17-空间光速螺旋引力理论/code/dao_finf_validation_report.json,1825,/90_历史归档/来源语料_utf_20261009/（只登记）,B,未审计；母块 >50MB 只登记不写入,只登记
17-空间光速螺旋引力理论/code/dao_score_analysis.py,10359,/90_历史归档/来源语料_utf_20261009/（只登记）,B,未审计；母块 >50MB 只登记不写入,只登记
17-空间光速螺旋引力理论/code/findqec.py,276,/90_历史归档/来源语料_utf_20261009/（只登记）,B,未审计；母块 >50MB 只登记不写入,只登记
17-空间光速螺旋引力理论/code/find_hsg.py,199,/90_历史归档/来源语料_utf_20261009/（只登记）,B,未审计；母块 >50MB 只登记不写入,只登记
17-空间光速螺旋引力理论/code/first_principles_proof.py,14492,/90_历史归档/来源语料_utf_20261009/（只登记）,B,未审计；母块 >50MB 只登记不写入,只登记
17-空间光速螺旋引力理论/code/fixed_theory.py,10243,/90_历史归档/来源语料_utf_20261009/（只登记）,B,未审计；母块 >50MB 只登记不写入,只登记
17-空间光速螺旋引力理论/code/fixed_theory_final.py,12922,/90_历史归档/来源语料_utf_20261009/（只登记）,B,未审计；母块 >50MB 只登记不写入,只登记
17-空间光速螺旋引力理论/code/fixhsg.py,665,/90_历史归档/来源语料_utf_20261009/（只登记）,B,未审计；母块 >50MB 只登记不写入,只登记
17-空间光速螺旋引力理论/code/fixqec.py,616,/90_历史归档/来源语料_utf_20261009/（只登记）,B,未审计；母块 >50MB 只登记不写入,只登记
17-空间光速螺旋引力理论/code/fix_dup.py,1072,/90_历史归档/来源语料_utf_20261009/（只登记）,B,未审计；母块 >50MB 只登记不写入,只登记
17-空间光速螺旋引力理论/code/fix_syntax.py,701,/90_历史归档/来源语料_utf_20261009/（只登记）,B,未审计；母块 >50MB 只登记不写入,只登记
17-空间光速螺旋引力理论/code/fix_v8.py,0,/90_历史归档/来源语料_utf_20261009/（只登记）,B,未审计；母块 >50MB 只登记不写入,只登记
17-空间光速螺旋引力理论/code/fractal_knowledge_base_automation.py,118445,/90_历史归档/来源语料_utf_20261009/（只登记）,B,未审计；母块 >50MB 只登记不写入,只登记
17-空间光速螺旋引力理论/code/fractal_universe_ultimate_engine.py,53805,/90_历史归档/来源语料_utf_20261009/（只登记）,B,未审计；母块 >50MB 只登记不写入,只登记
17-空间光速螺旋引力理论/code/fractal_universe_ultimate_validation.json,3394,/90_历史归档/来源语料_utf_20261009/（只登记）,B,未审计；母块 >50MB 只登记不写入,只登记
17-空间光速螺旋引力理论/code/full_dimensional_analysis.py,36749,/90_历史归档/来源语料_utf_20261009/（只登记）,B,未审计；母块 >50MB 只登记不写入,只登记
17-空间光速螺旋引力理论/code/full_dimensional_verification.py,19318,/90_历史归档/来源语料_utf_20261009/（只登记）,B,未审计；母块 >50MB 只登记不写入,只登记
17-空间光速螺旋引力理论/code/gaq_uft_v10_motivic_langlands.py,62280,/90_历史归档/来源语料_utf_20261009/（只登记）,B,未审计；母块 >50MB 只登记不写入,只登记
17-空间光速螺旋引力理论/code/gaq_uft_v11_part1.py,8292,/90_历史归档/来源语料_utf_20261009/（只登记）,B,未审计；母块 >50MB 只登记不写入,只登记
17-空间光速螺旋引力理论/code/gaq_uft_v11_topological_quantum_unity.py,64704,/90_历史归档/来源语料_utf_20261009/（只登记）,B,未审计；母块 >50MB 只登记不写入,只登记
17-空间光速螺旋引力理论/code/gen_network.py,6922,/90_历史归档/来源语料_utf_20261009/（只登记）,B,未审计；母块 >50MB 只登记不写入,只登记
17-空间光速螺旋引力理论/code/gnn_knowledge_graph_engine.py,41414,/90_历史归档/来源语料_utf_20261009/（只登记）,B,未审计；母块 >50MB 只登记不写入,只登记
17-空间光速螺旋引力理论/code/make_final.py,2063,/90_历史归档/来源语料_utf_20261009/（只登记）,B,未审计；母块 >50MB 只登记不写入,只登记
17-空间光速螺旋引力理论/code/make_net.py,3568,/90_历史归档/来源语料_utf_20261009/（只登记）,B,未审计；母块 >50MB 只登记不写入,只登记
17-空间光速螺旋引力理论/code/mod_c1.py,1065,/90_历史归档/来源语料_utf_20261009/（只登记）,B,未审计；母块 >50MB 只登记不写入,只登记
17-空间光速螺旋引力理论/code/mod_c10.py,957,/90_历史归档/来源语料_utf_20261009/（只登记）,B,未审计；母块 >50MB 只登记不写入,只登记
17-空间光速螺旋引力理论/code/mod_c2.py,774,/90_历史归档/来源语料_utf_20261009/（只登记）,B,未审计；母块 >50MB 只登记不写入,只登记
17-空间光速螺旋引力理论/code/mod_c3.py,961,/90_历史归档/来源语料_utf_20261009/（只登记）,B,未审计；母块 >50MB 只登记不写入,只登记
17-空间光速螺旋引力理论/code/mod_c4.py,641,/90_历史归档/来源语料_utf_20261009/（只登记）,B,未审计；母块 >50MB 只登记不写入,只登记
17-空间光速螺旋引力理论/code/mod_c5.py,631,/90_历史归档/来源语料_utf_20261009/（只登记）,B,未审计；母块 >50MB 只登记不写入,只登记
17-空间光速螺旋引力理论/code/mod_c6.py,821,/90_历史归档/来源语料_utf_20261009/（只登记）,B,未审计；母块 >50MB 只登记不写入,只登记
17-空间光速螺旋引力理论/code/mod_c7.py,629,/90_历史归档/来源语料_utf_20261009/（只登记）,B,未审计；母块 >50MB 只登记不写入,只登记
17-空间光速螺旋引力理论/code/mod_c8.py,1162,/90_历史归档/来源语料_utf_20261009/（只登记）,B,未审计；母块 >50MB 只登记不写入,只登记
17-空间光速螺旋引力理论/code/mod_c9.py,516,/90_历史归档/来源语料_utf_20261009/（只登记）,B,未审计；母块 >50MB 只登记不写入,只登记
17-空间光速螺旋引力理论/code/mod_find.py,1030,/90_历史归档/来源语料_utf_20261009/（只登记）,B,未审计；母块 >50MB 只登记不写入,只登记
17-空间光速螺旋引力理论/code/mod_s1a.py,1165,/90_历史归档/来源语料_utf_20261009/（只登记）,B,未审计；母块 >50MB 只登记不写入,只登记
17-空间光速螺旋引力理论/code/mod_s1b.py,1728,/90_历史归档/来源语料_utf_20261009/（只登记）,B,未审计；母块 >50MB 只登记不写入,只登记
17-空间光速螺旋引力理论/code/mod_s2a.py,522,/90_历史归档/来源语料_utf_20261009/（只登记）,B,未审计；母块 >50MB 只登记不写入,只登记
17-空间光速螺旋引力理论/code/mod_step1.py,205,/90_历史归档/来源语料_utf_20261009/（只登记）,B,未审计；母块 >50MB 只登记不写入,只登记
17-空间光速螺旋引力理论/code/mod_v1.py,1302,/90_历史归档/来源语料_utf_20261009/（只登记）,B,未审计；母块 >50MB 只登记不写入,只登记
17-空间光速螺旋引力理论/code/mod_v2.py,1410,/90_历史归档/来源语料_utf_20261009/（只登记）,B,未审计；母块 >50MB 只登记不写入,只登记
17-空间光速螺旋引力理论/code/mod_v3.py,1406,/90_历史归档/来源语料_utf_20261009/（只登记）,B,未审计；母块 >50MB 只登记不写入,只登记
17-空间光速螺旋引力理论/code/mod_v4.py,1193,/90_历史归档/来源语料_utf_20261009/（只登记）,B,未审计；母块 >50MB 只登记不写入,只登记
17-空间光速螺旋引力理论/code/mod_v5.py,1277,/90_历史归档/来源语料_utf_20261009/（只登记）,B,未审计；母块 >50MB 只登记不写入,只登记
17-空间光速螺旋引力理论/code/mod_v6.py,1127,/90_历史归档/来源语料_utf_20261009/（只登记）,B,未审计；母块 >50MB 只登记不写入,只登记
17-空间光速螺旋引力理论/code/mod_v6b.py,492,/90_历史归档/来源语料_utf_20261009/（只登记）,B,未审计；母块 >50MB 只登记不写入,只登记
17-空间光速螺旋引力理论/code/mod_v7.py,1250,/90_历史归档/来源语料_utf_20261009/（只登记）,B,未审计；母块 >50MB 只登记不写入,只登记
17-空间光速螺旋引力理论/code/mod_v8.py,935,/90_历史归档/来源语料_utf_20261009/（只登记）,B,未审计；母块 >50MB 只登记不写入,只登记
17-空间光速螺旋引力理论/code/mod_vi.py,240,/90_历史归档/来源语料_utf_20261009/（只登记）,B,未审计；母块 >50MB 只登记不写入,只登记
17-空间光速螺旋引力理论/code/neutrino_gravity_memory_report.txt,731,/90_历史归档/来源语料_utf_20261009/（只登记）,B,未审计；母块 >50MB 只登记不写入,只登记
17-空间光速螺旋引力理论/code/neutrino_gravity_memory_verification.py,6395,/90_历史归档/来源语料_utf_20261009/（只登记）,B,未审计；母块 >50MB 只登记不写入,只登记
17-空间光速螺旋引力理论/code/output.txt,35853,/90_历史归档/来源语料_utf_20261009/（只登记）,B,未审计；母块 >50MB 只登记不写入,只登记
17-空间光速螺旋引力理论/code/output2.txt,35853,/90_历史归档/来源语料_utf_20261009/（只登记）,B,未审计；母块 >50MB 只登记不写入,只登记
17-空间光速螺旋引力理论/code/output3.txt,35852,/90_历史归档/来源语料_utf_20261009/（只登记）,B,未审计；母块 >50MB 只登记不写入,只登记
17-空间光速螺旋引力理论/code/output4.txt,35850,/90_历史归档/来源语料_utf_20261009/（只登记）,B,未审计；母块 >50MB 只登记不写入,只登记
17-空间光速螺旋引力理论/code/output5.txt,35934,/90_历史归档/来源语料_utf_20261009/（只登记）,B,未审计；母块 >50MB 只登记不写入,只登记
17-空间光速螺旋引力理论/code/output_v5_verify.txt,232,/90_历史归档/来源语料_utf_20261009/（只登记）,B,未审计；母块 >50MB 只登记不写入,只登记
17-空间光速螺旋引力理论/code/output_v6_result.txt,39959,/90_历史归档/来源语料_utf_20261009/（只登记）,B,未审计；母块 >50MB 只登记不写入,只登记
17-空间光速螺旋引力理论/code/physics_validation.py,14953,/90_历史归档/来源语料_utf_20261009/（只登记）,B,未审计；母块 >50MB 只登记不写入,只登记
17-空间光速螺旋引力理论/code/quick_verify.py,2389,/90_历史归档/来源语料_utf_20261009/（只登记）,B,未审计；母块 >50MB 只登记不写入,只登记
17-空间光速螺旋引力理论/code/running_alpha_verification.py,17755,/90_历史归档/来源语料_utf_20261009/（只登记）,B,未审计；母块 >50MB 只登记不写入,只登记
17-空间光速螺旋引力理论/code/simple_validation.py,3300,/90_历史归档/来源语料_utf_20261009/（只登记）,B,未审计；母块 >50MB 只登记不写入,只登记
17-空间光速螺旋引力理论/code/spiral_theory_validation.py,7880,/90_历史归档/来源语料_utf_20261009/（只登记）,B,未审计；母块 >50MB 只登记不写入,只登记
17-空间光速螺旋引力理论/code/spiral_validation.py,3995,/90_历史归档/来源语料_utf_20261009/（只登记）,B,未审计；母块 >50MB 只登记不写入,只登记
17-空间光速螺旋引力理论/code/spiral_validation_final.py,4712,/90_历史归档/来源语料_utf_20261009/（只登记）,B,未审计；母块 >50MB 只登记不写入,只登记
17-空间光速螺旋引力理论/code/strong_force_recalc.py,5501,/90_历史归档/来源语料_utf_20261009/（只登记）,B,未审计；母块 >50MB 只登记不写入,只登记
17-空间光速螺旋引力理论/code/test_mass.py,1732,/90_历史归档/来源语料_utf_20261009/（只登记）,B,未审计；母块 >50MB 只登记不写入,只登记
17-空间光速螺旋引力理论/code/ultimate_derivative_proof.py,15521,/90_历史归档/来源语料_utf_20261009/（只登记）,B,未审计；母块 >50MB 只登记不写入,只登记
17-空间光速螺旋引力理论/code/ultimate_fractal_engine.py,22520,/90_历史归档/来源语料_utf_20261009/（只登记）,B,未审计；母块 >50MB 只登记不写入,只登记
17-空间光速螺旋引力理论/code/ultimate_prime_engine.py,20385,/90_历史归档/来源语料_utf_20261009/（只登记）,B,未审计；母块 >50MB 只登记不写入,只登记
17-空间光速螺旋引力理论/code/ultimate_search_engine.py,22063,/90_历史归档/来源语料_utf_20261009/（只登记）,B,未审计；母块 >50MB 只登记不写入,只登记
17-空间光速螺旋引力理论/code/ultimate_verification.py,16060,/90_历史归档/来源语料_utf_20261009/（只登记）,B,未审计；母块 >50MB 只登记不写入,只登记
17-空间光速螺旋引力理论/code/ultimate_workflow_engine.py,27906,/90_历史归档/来源语料_utf_20261009/（只登记）,B,未审计；母块 >50MB 只登记不写入,只登记
17-空间光速螺旋引力理论/code/unified_field_equations.py,15054,/90_历史归档/来源语料_utf_20261009/（只登记）,B,未审计；母块 >50MB 只登记不写入,只登记
17-空间光速螺旋引力理论/code/unified_verification.py,5840,/90_历史归档/来源语料_utf_20261009/（只登记）,B,未审计；母块 >50MB 只登记不写入,只登记
17-空间光速螺旋引力理论/code/universal_math_engine.py,52062,/90_历史归档/来源语料_utf_20261009/（只登记）,B,未审计；母块 >50MB 只登记不写入,只登记
17-空间光速螺旋引力理论/code/v10_cert.json,312,/90_历史归档/来源语料_utf_20261009/（只登记）,B,未审计；母块 >50MB 只登记不写入,只登记
17-空间光速螺旋引力理论/code/v11_cert.json,727,/90_历史归档/来源语料_utf_20261009/（只登记）,B,未审计；母块 >50MB 只登记不写入,只登记
17-空间光速螺旋引力理论/code/v4_vs_v6_comparison_report.py,10184,/90_历史归档/来源语料_utf_20261009/（只登记）,B,未审计；母块 >50MB 只登记不写入,只登记
17-空间光速螺旋引力理论/code/v4_vs_v6_report.txt,11687,/90_历史归档/来源语料_utf_20261009/（只登记）,B,未审计；母块 >50MB 只登记不写入,只登记
17-空间光速螺旋引力理论/code/v9run.py,5511,/90_历史归档/来源语料_utf_20261009/（只登记）,B,未审计；母块 >50MB 只登记不写入,只登记
17-空间光速螺旋引力理论/code/v9_compact_verify.py,0,/90_历史归档/来源语料_utf_20261009/（只登记）,B,未审计；母块 >50MB 只登记不写入,只登记
17-空间光速螺旋引力理论/code/v9_core_part1.py,1871,/90_历史归档/来源语料_utf_20261009/（只登记）,B,未审计；母块 >50MB 只登记不写入,只登记
17-空间光速螺旋引力理论/code/v9_core_part2.py,5168,/90_历史归档/来源语料_utf_20261009/（只登记）,B,未审计；母块 >50MB 只登记不写入,只登记
17-空间光速螺旋引力理论/code/v9_core_part3.py,4601,/90_历史归档/来源语料_utf_20261009/（只登记）,B,未审计；母块 >50MB 只登记不写入,只登记
17-空间光速螺旋引力理论/code/v9_core_part4.py,0,/90_历史归档/来源语料_utf_20261009/（只登记）,B,未审计；母块 >50MB 只登记不写入,只登记
17-空间光速螺旋引力理论/code/v9_ultimate_master.py,0,/90_历史归档/来源语料_utf_20261009/（只登记）,B,未审计；母块 >50MB 只登记不写入,只登记
17-空间光速螺旋引力理论/code/validation_output.txt,10743,/90_历史归档/来源语料_utf_20261009/（只登记）,B,未审计；母块 >50MB 只登记不写入,只登记
17-空间光速螺旋引力理论/code/validation_report.txt,275,/90_历史归档/来源语料_utf_20261009/（只登记）,B,未审计；母块 >50MB 只登记不写入,只登记
17-空间光速螺旋引力理论/code/_body.txt,12466,/90_历史归档/来源语料_utf_20261009/（只登记）,B,未审计；母块 >50MB 只登记不写入,只登记
17-空间光速螺旋引力理论/code/_header.txt,5425,/90_历史归档/来源语料_utf_20261009/（只登记）,B,未审计；母块 >50MB 只登记不写入,只登记
17-空间光速螺旋引力理论/code/_tail.txt,18314,/90_历史归档/来源语料_utf_20261009/（只登记）,B,未审计；母块 >50MB 只登记不写入,只登记
17-空间光速螺旋引力理论/code/_write_helper.py,203,/90_历史归档/来源语料_utf_20261009/（只登记）,B,未审计；母块 >50MB 只登记不写入,只登记
17-空间光速螺旋引力理论/code/企业级汇总报告.md,1952,/90_历史归档/来源语料_utf_20261009/（只登记）,B,未审计；母块 >50MB 只登记不写入,只登记
17-空间光速螺旋引力理论/code/全维最终验收报告.json,21824,/90_历史归档/来源语料_utf_20261009/（只登记）,B,未审计；母块 >50MB 只登记不写入,只登记
17-空间光速螺旋引力理论/code/全维最终验收验证.py,15389,/90_历史归档/来源语料_utf_20261009/（只登记）,B,未审计；母块 >50MB 只登记不写入,只登记
17-空间光速螺旋引力理论/code/百公式全维验证脚本.py,62474,/90_历史归档/来源语料_utf_20261009/（只登记）,B,未审计；母块 >50MB 只登记不写入,只登记
17-空间光速螺旋引力理论/code/fractal_kb_data/knowledge_graph.json,70793,/90_历史归档/来源语料_utf_20261009/（只登记）,B,未审计；母块 >50MB 只登记不写入,只登记
17-空间光速螺旋引力理论/docs/V11.0_拓扑量子统一论_终极旗舰理论报告.md,15946,/90_历史归档/来源语料_utf_20261009/（只登记）,B,未审计；母块 >50MB 只登记不写入,只登记
17-空间光速螺旋引力理论/docs/V9.0_十五大新数学分支_终极旗舰理论报告.md,10535,/90_历史归档/来源语料_utf_20261009/（只登记）,B,未审计；母块 >50MB 只登记不写入,只登记
17-空间光速螺旋引力理论/docs/分形方程_全维分析对比报告.md,8719,/90_历史归档/来源语料_utf_20261009/（只登记）,B,未审计；母块 >50MB 只登记不写入,只登记
17-空间光速螺旋引力理论/docs/分形方程_补充完整版.md,11968,/90_历史归档/来源语料_utf_20261009/（只登记）,B,未审计；母块 >50MB 只登记不写入,只登记
17-空间光速螺旋引力理论/docs/分形系统与传统公式可视化对比矩阵.md,6049,/90_历史归档/来源语料_utf_20261009/（只登记）,B,未审计；母块 >50MB 只登记不写入,只登记
17-空间光速螺旋引力理论/docs/双向递归分形与传统分形深度对比.md,24333,/90_历史归档/来源语料_utf_20261009/（只登记）,B,未审计；母块 >50MB 只登记不写入,只登记
17-空间光速螺旋引力理论/html/0·1·∞宇宙本源——从真空到万物的第一性原理演绎/宇宙本源著作/封面与总序.md,5981,/90_历史归档/来源语料_utf_20261009/（只登记）,B,未审计；母块 >50MB 只登记不写入,只登记
17-空间光速螺旋引力理论/html/0·1·∞宇宙本源——从真空到万物的第一性原理演绎/宇宙本源著作/封面与总序/总序.md,8854,/90_历史归档/来源语料_utf_20261009/（只登记）,B,未审计；母块 >50MB 只登记不写入,只登记
17-空间光速螺旋引力理论/html/0·1·∞宇宙本源——从真空到万物的第一性原理演绎/宇宙本源著作/第一卷_公理体系/第一卷卷首语.md,1554,/90_历史归档/来源语料_utf_20261009/（只登记）,B,未审计；母块 >50MB 只登记不写入,只登记
17-空间光速螺旋引力理论/html/0·1·∞宇宙本源——从真空到万物的第一性原理演绎/宇宙本源著作/第一卷_公理体系/第一章_0·1·∞三元本体论.md,11829,/90_历史归档/来源语料_utf_20261009/（只登记）,B,未审计；母块 >50MB 只登记不写入,只登记
17-空间光速螺旋引力理论/html/0·1·∞宇宙本源——从真空到万物的第一性原理演绎/宇宙本源著作/第一卷_公理体系/第三章_128维超复数流形.md,11805,/90_历史归档/来源语料_utf_20261009/（只登记）,B,未审计；母块 >50MB 只登记不写入,只登记
17-空间光速螺旋引力理论/html/0·1·∞宇宙本源——从真空到万物的第一性原理演绎/宇宙本源著作/第一卷_公理体系/第二章_全域超复数系的代数结构.md,11363,/90_历史归档/来源语料_utf_20261009/（只登记）,B,未审计；母块 >50MB 只登记不写入,只登记
17-空间光速螺旋引力理论/html/0·1·∞宇宙本源——从真空到万物的第一性原理演绎/宇宙本源著作/第一卷_公理体系/第五章_分形几何自相似迭代.md,12054,/90_历史归档/来源语料_utf_20261009/（只登记）,B,未审计；母块 >50MB 只登记不写入,只登记
17-空间光速螺旋引力理论/html/0·1·∞宇宙本源——从真空到万物的第一性原理演绎/宇宙本源著作/第一卷_公理体系/第六章_五大基础公理.md,13745,/90_历史归档/来源语料_utf_20261009/（只登记）,B,未审计；母块 >50MB 只登记不写入,只登记
17-空间光速螺旋引力理论/html/0·1·∞宇宙本源——从真空到万物的第一性原理演绎/宇宙本源著作/第一卷_公理体系/第四章_双向对偶算子群.md,12721,/90_历史归档/来源语料_utf_20261009/（只登记）,B,未审计；母块 >50MB 只登记不写入,只登记
17-空间光速螺旋引力理论/html/0·1·∞宇宙本源——从真空到万物的第一性原理演绎/宇宙本源著作/第七卷_宇宙模型/第一章_大爆炸奇点与反弹.md,1449,/90_历史归档/来源语料_utf_20261009/（只登记）,B,未审计；母块 >50MB 只登记不写入,只登记
17-空间光速螺旋引力理论/html/0·1·∞宇宙本源——从真空到万物的第一性原理演绎/宇宙本源著作/第七卷_宇宙模型/第七卷卷首语.md,1500,/90_历史归档/来源语料_utf_20261009/（只登记）,B,未审计；母块 >50MB 只登记不写入,只登记
17-空间光速螺旋引力理论/html/0·1·∞宇宙本源——从真空到万物的第一性原理演绎/宇宙本源著作/第七卷_宇宙模型/第七章_宇宙未来与热寂.md,1481,/90_历史归档/来源语料_utf_20261009/（只登记）,B,未审计；母块 >50MB 只登记不写入,只登记
17-空间光速螺旋引力理论/html/0·1·∞宇宙本源——从真空到万物的第一性原理演绎/宇宙本源著作/第七卷_宇宙模型/第三章_宇宙热历史.md,1146,/90_历史归档/来源语料_utf_20261009/（只登记）,B,未审计；母块 >50MB 只登记不写入,只登记
17-空间光速螺旋引力理论/html/0·1·∞宇宙本源——从真空到万物的第一性原理演绎/宇宙本源著作/第七卷_宇宙模型/第二章_挠率驱动暴胀.md,1865,/90_历史归档/来源语料_utf_20261009/（只登记）,B,未审计；母块 >50MB 只登记不写入,只登记
17-空间光速螺旋引力理论/html/0·1·∞宇宙本源——从真空到万物的第一性原理演绎/宇宙本源著作/第七卷_宇宙模型/第五章_复合与CMB.md,877,/90_历史归档/来源语料_utf_20261009/（只登记）,B,未审计；母块 >50MB 只登记不写入,只登记
17-空间光速螺旋引力理论/html/0·1·∞宇宙本源——从真空到万物的第一性原理演绎/宇宙本源著作/第七卷_宇宙模型/第六章_结构形成与星系演化.md,901,/90_历史归档/来源语料_utf_20261009/（只登记）,B,未审计；母块 >50MB 只登记不写入,只登记
17-空间光速螺旋引力理论/html/0·1·∞宇宙本源——从真空到万物的第一性原理演绎/宇宙本源著作/第七卷_宇宙模型/第四章_原初核合成.md,925,/90_历史归档/来源语料_utf_20261009/（只登记）,B,未审计；母块 >50MB 只登记不写入,只登记
17-空间光速螺旋引力理论/html/0·1·∞宇宙本源——从真空到万物的第一性原理演绎/宇宙本源著作/第三卷_常数推导/第一章_真空势函数与物理量对应法则.md,6567,/90_历史归档/来源语料_utf_20261009/（只登记）,B,未审计；母块 >50MB 只登记不写入,只登记
17-空间光速螺旋引力理论/html/0·1·∞宇宙本源——从真空到万物的第一性原理演绎/宇宙本源著作/第三卷_常数推导/第一章_自然单位制.md,4895,/90_历史归档/来源语料_utf_20261009/（只登记）,B,未审计；母块 >50MB 只登记不写入,只登记
17-空间光速螺旋引力理论/html/0·1·∞宇宙本源——从真空到万物的第一性原理演绎/宇宙本源著作/第三卷_常数推导/第七章_F∞全维精算引擎.md,6698,/90_历史归档/来源语料_utf_20261009/（只登记）,B,未审计；母块 >50MB 只登记不写入,只登记
17-空间光速螺旋引力理论/html/0·1·∞宇宙本源——从真空到万物的第一性原理演绎/宇宙本源著作/第三卷_常数推导/第七章_质子质量m_p.md,2661,/90_历史归档/来源语料_utf_20261009/（只登记）,B,未审计；母块 >50MB 只登记不写入,只登记
17-空间光速螺旋引力理论/html/0·1·∞宇宙本源——从真空到万物的第一性原理演绎/宇宙本源著作/第三卷_常数推导/第三卷卷首语.md,2489,/90_历史归档/来源语料_utf_20261009/（只登记）,B,未审计；母块 >50MB 只登记不写入,只登记
17-空间光速螺旋引力理论/html/0·1·∞宇宙本源——从真空到万物的第一性原理演绎/宇宙本源著作/第三卷_常数推导/第三章_万有引力常数G.md,6527,/90_历史归档/来源语料_utf_20261009/（只登记）,B,未审计；母块 >50MB 只登记不写入,只登记
17-空间光速螺旋引力理论/html/0·1·∞宇宙本源——从真空到万物的第一性原理演绎/宇宙本源著作/第三卷_常数推导/第三章_精细结构常数推导.md,11276,/90_历史归档/来源语料_utf_20261009/（只登记）,B,未审计；母块 >50MB 只登记不写入,只登记
17-空间光速螺旋引力理论/html/0·1·∞宇宙本源——从真空到万物的第一性原理演绎/宇宙本源著作/第三卷_常数推导/第九章_宇宙学常数与希格斯vev.md,3684,/90_历史归档/来源语料_utf_20261009/（只登记）,B,未审计；母块 >50MB 只登记不写入,只登记
17-空间光速螺旋引力理论/html/0·1·∞宇宙本源——从真空到万物的第一性原理演绎/宇宙本源著作/第三卷_常数推导/第二章_c和ℏ的推导.md,5673,/90_历史归档/来源语料_utf_20261009/（只登记）,B,未审计；母块 >50MB 只登记不写入,只登记
17-空间光速螺旋引力理论/html/0·1·∞宇宙本源——从真空到万物的第一性原理演绎/宇宙本源著作/第三卷_常数推导/第二章_拓扑残差理论三大性质.md,8149,/90_历史归档/来源语料_utf_20261009/（只登记）,B,未审计；母块 >50MB 只登记不写入,只登记
17-空间光速螺旋引力理论/html/0·1·∞宇宙本源——从真空到万物的第一性原理演绎/宇宙本源著作/第三卷_常数推导/第五章_基本电荷e.md,3472,/90_历史归档/来源语料_utf_20261009/（只登记）,B,未审计；母块 >50MB 只登记不写入,只登记
17-空间光速螺旋引力理论/html/0·1·∞宇宙本源——从真空到万物的第一性原理演绎/宇宙本源著作/第三卷_常数推导/第五章_引力常数G推导.md,6949,/90_历史归档/来源语料_utf_20261009/（只登记）,B,未审计；母块 >50MB 只登记不写入,只登记
17-空间光速螺旋引力理论/html/0·1·∞宇宙本源——从真空到万物的第一性原理演绎/宇宙本源著作/第三卷_常数推导/第八章_中微子质量.md,2354,/90_历史归档/来源语料_utf_20261009/（只登记）,B,未审计；母块 >50MB 只登记不写入,只登记
17-空间光速螺旋引力理论/html/0·1·∞宇宙本源——从真空到万物的第一性原理演绎/宇宙本源著作/第三卷_常数推导/第八章_残差分析与精度验证.md,6076,/90_历史归档/来源语料_utf_20261009/（只登记）,B,未审计；母块 >50MB 只登记不写入,只登记
17-空间光速螺旋引力理论/html/0·1·∞宇宙本源——从真空到万物的第一性原理演绎/宇宙本源著作/第三卷_常数推导/第六章_电子电荷质量与耦合常数.md,7482,/90_历史归档/来源语料_utf_20261009/（只登记）,B,未审计；母块 >50MB 只登记不写入,只登记
17-空间光速螺旋引力理论/html/0·1·∞宇宙本源——从真空到万物的第一性原理演绎/宇宙本源著作/第三卷_常数推导/第六章_电子质量m_e.md,3033,/90_历史归档/来源语料_utf_20261009/（只登记）,B,未审计；母块 >50MB 只登记不写入,只登记
17-空间光速螺旋引力理论/html/0·1·∞宇宙本源——从真空到万物的第一性原理演绎/宇宙本源著作/第三卷_常数推导/第四章_ℏ和c的拓扑起源.md,7860,/90_历史归档/来源语料_utf_20261009/（只登记）,B,未审计；母块 >50MB 只登记不写入,只登记
17-空间光速螺旋引力理论/html/0·1·∞宇宙本源——从真空到万物的第一性原理演绎/宇宙本源著作/第三卷_常数推导/第四章_精细结构常数α.md,9409,/90_历史归档/来源语料_utf_20261009/（只登记）,B,未审计；母块 >50MB 只登记不写入,只登记
17-空间光速螺旋引力理论/html/0·1·∞宇宙本源——从真空到万物的第一性原理演绎/宇宙本源著作/第九卷_工程应用/第一章_反重力技术.md,3412,/90_历史归档/来源语料_utf_20261009/（只登记）,B,未审计；母块 >50MB 只登记不写入,只登记
17-空间光速螺旋引力理论/html/0·1·∞宇宙本源——从真空到万物的第一性原理演绎/宇宙本源著作/第九卷_工程应用/第七章_高维访问.md,2820,/90_历史归档/来源语料_utf_20261009/（只登记）,B,未审计；母块 >50MB 只登记不写入,只登记
17-空间光速螺旋引力理论/html/0·1·∞宇宙本源——从真空到万物的第一性原理演绎/宇宙本源著作/第九卷_工程应用/第三章_拓扑量子计算.md,2732,/90_历史归档/来源语料_utf_20261009/（只登记）,B,未审计；母块 >50MB 只登记不写入,只登记
17-空间光速螺旋引力理论/html/0·1·∞宇宙本源——从真空到万物的第一性原理演绎/宇宙本源著作/第九卷_工程应用/第九卷卷首语.md,1212,/90_历史归档/来源语料_utf_20261009/（只登记）,B,未审计；母块 >50MB 只登记不写入,只登记
17-空间光速螺旋引力理论/html/0·1·∞宇宙本源——从真空到万物的第一性原理演绎/宇宙本源著作/第九卷_工程应用/第二章_零点能利用.md,3287,/90_历史归档/来源语料_utf_20261009/（只登记）,B,未审计；母块 >50MB 只登记不写入,只登记
17-空间光速螺旋引力理论/html/0·1·∞宇宙本源——从真空到万物的第一性原理演绎/宇宙本源著作/第九卷_工程应用/第五章_挠场通信.md,3005,/90_历史归档/来源语料_utf_20261009/（只登记）,B,未审计；母块 >50MB 只登记不写入,只登记
17-空间光速螺旋引力理论/html/0·1·∞宇宙本源——从真空到万物的第一性原理演绎/宇宙本源著作/第九卷_工程应用/第八章_文明升级.md,3136,/90_历史归档/来源语料_utf_20261009/（只登记）,B,未审计；母块 >50MB 只登记不写入,只登记
17-空间光速螺旋引力理论/html/0·1·∞宇宙本源——从真空到万物的第一性原理演绎/宇宙本源著作/第九卷_工程应用/第六章_时间操控.md,3435,/90_历史归档/来源语料_utf_20261009/（只登记）,B,未审计；母块 >50MB 只登记不写入,只登记
17-空间光速螺旋引力理论/html/0·1·∞宇宙本源——从真空到万物的第一性原理演绎/宇宙本源著作/第九卷_工程应用/第四章_曲速航行.md,2686,/90_历史归档/来源语料_utf_20261009/（只登记）,B,未审计；母块 >50MB 只登记不写入,只登记
17-空间光速螺旋引力理论/html/0·1·∞宇宙本源——从真空到万物的第一性原理演绎/宇宙本源著作/第二卷_时空几何/第一章_嘉当几何基本公式.md,9807,/90_历史归档/来源语料_utf_20261009/（只登记）,B,未审计；母块 >50MB 只登记不写入,只登记
17-空间光速螺旋引力理论/html/0·1·∞宇宙本源——从真空到万物的第一性原理演绎/宇宙本源著作/第二卷_时空几何/第三章_4维时空唯一性.md,10845,/90_历史归档/来源语料_utf_20261009/（只登记）,B,未审计；母块 >50MB 只登记不写入,只登记
17-空间光速螺旋引力理论/html/0·1·∞宇宙本源——从真空到万物的第一性原理演绎/宇宙本源著作/第二卷_时空几何/第二卷卷首语.md,2216,/90_历史归档/来源语料_utf_20261009/（只登记）,B,未审计；母块 >50MB 只登记不写入,只登记
17-空间光速螺旋引力理论/html/0·1·∞宇宙本源——从真空到万物的第一性原理演绎/宇宙本源著作/第二卷_时空几何/第二章_维度分层定理.md,12107,/90_历史归档/来源语料_utf_20261009/（只登记）,B,未审计；母块 >50MB 只登记不写入,只登记
17-空间光速螺旋引力理论/html/0·1·∞宇宙本源——从真空到万物的第一性原理演绎/宇宙本源著作/第二卷_时空几何/第五章_洛伦兹对称性.md,9555,/90_历史归档/来源语料_utf_20261009/（只登记）,B,未审计；母块 >50MB 只登记不写入,只登记
17-空间光速螺旋引力理论/html/0·1·∞宇宙本源——从真空到万物的第一性原理演绎/宇宙本源著作/第二卷_时空几何/第六章_因果结构与光锥.md,9855,/90_历史归档/来源语料_utf_20261009/（只登记）,B,未审计；母块 >50MB 只登记不写入,只登记
17-空间光速螺旋引力理论/html/0·1·∞宇宙本源——从真空到万物的第一性原理演绎/宇宙本源著作/第二卷_时空几何/第四章_时间算子与相位本质.md,12089,/90_历史归档/来源语料_utf_20261009/（只登记）,B,未审计；母块 >50MB 只登记不写入,只登记
17-空间光速螺旋引力理论/html/0·1·∞宇宙本源——从真空到万物的第一性原理演绎/宇宙本源著作/第五卷_粒子模型/第一章_嘉当有挠引力.md,6424,/90_历史归档/来源语料_utf_20261009/（只登记）,B,未审计；母块 >50MB 只登记不写入,只登记
17-空间光速螺旋引力理论/html/0·1·∞宇宙本源——从真空到万物的第一性原理演绎/宇宙本源著作/第五卷_粒子模型/第七章_量子引力有限性.md,2929,/90_历史归档/来源语料_utf_20261009/（只登记）,B,未审计；母块 >50MB 只登记不写入,只登记
17-空间光速螺旋引力理论/html/0·1·∞宇宙本源——从真空到万物的第一性原理演绎/宇宙本源著作/第五卷_粒子模型/第三章_引力子自旋2螺旋.md,4138,/90_历史归档/来源语料_utf_20261009/（只登记）,B,未审计；母块 >50MB 只登记不写入,只登记
17-空间光速螺旋引力理论/html/0·1·∞宇宙本源——从真空到万物的第一性原理演绎/宇宙本源著作/第五卷_粒子模型/第二章_爱因斯坦方程低能近似.md,5560,/90_历史归档/来源语料_utf_20261009/（只登记）,B,未审计；母块 >50MB 只登记不写入,只登记
17-空间光速螺旋引力理论/html/0·1·∞宇宙本源——从真空到万物的第一性原理演绎/宇宙本源著作/第五卷_粒子模型/第五卷卷首语.md,1942,/90_历史归档/来源语料_utf_20261009/（只登记）,B,未审计；母块 >50MB 只登记不写入,只登记
17-空间光速螺旋引力理论/html/0·1·∞宇宙本源——从真空到万物的第一性原理演绎/宇宙本源著作/第五卷_粒子模型/第五章_引力波拓扑本质.md,2414,/90_历史归档/来源语料_utf_20261009/（只登记）,B,未审计；母块 >50MB 只登记不写入,只登记
17-空间光速螺旋引力理论/html/0·1·∞宇宙本源——从真空到万物的第一性原理演绎/宇宙本源著作/第五卷_粒子模型/第六章_牛顿近似与后牛顿修正.md,2222,/90_历史归档/来源语料_utf_20261009/（只登记）,B,未审计；母块 >50MB 只登记不写入,只登记
17-空间光速螺旋引力理论/html/0·1·∞宇宙本源——从真空到万物的第一性原理演绎/宇宙本源著作/第五卷_粒子模型/第四章_黑洞拓扑与奇点消解.md,3730,/90_历史归档/来源语料_utf_20261009/（只登记）,B,未审计；母块 >50MB 只登记不写入,只登记
17-空间光速螺旋引力理论/html/0·1·∞宇宙本源——从真空到万物的第一性原理演绎/宇宙本源著作/第八卷_宏观衍生/第一章_凝聚态拓扑现象.md,4440,/90_历史归档/来源语料_utf_20261009/（只登记）,B,未审计；母块 >50MB 只登记不写入,只登记
17-空间光速螺旋引力理论/html/0·1·∞宇宙本源——从真空到万物的第一性原理演绎/宇宙本源著作/第八卷_宏观衍生/第七章_意识拓扑解释.md,3923,/90_历史归档/来源语料_utf_20261009/（只登记）,B,未审计；母块 >50MB 只登记不写入,只登记
17-空间光速螺旋引力理论/html/0·1·∞宇宙本源——从真空到万物的第一性原理演绎/宇宙本源著作/第八卷_宏观衍生/第三章_拓扑绝缘体与半金属.md,5504,/90_历史归档/来源语料_utf_20261009/（只登记）,B,未审计；母块 >50MB 只登记不写入,只登记
17-空间光速螺旋引力理论/html/0·1·∞宇宙本源——从真空到万物的第一性原理演绎/宇宙本源著作/第八卷_宏观衍生/第二章_超流与超导拓扑解释.md,4499,/90_历史归档/来源语料_utf_20261009/（只登记）,B,未审计；母块 >50MB 只登记不写入,只登记
17-空间光速螺旋引力理论/html/0·1·∞宇宙本源——从真空到万物的第一性原理演绎/宇宙本源著作/第八卷_宏观衍生/第五章_生命拓扑起源.md,4361,/90_历史归档/来源语料_utf_20261009/（只登记）,B,未审计；母块 >50MB 只登记不写入,只登记
17-空间光速螺旋引力理论/html/0·1·∞宇宙本源——从真空到万物的第一性原理演绎/宇宙本源著作/第八卷_宏观衍生/第八卷卷首语.md,1071,/90_历史归档/来源语料_utf_20261009/（只登记）,B,未审计；母块 >50MB 只登记不写入,只登记
17-空间光速螺旋引力理论/html/0·1·∞宇宙本源——从真空到万物的第一性原理演绎/宇宙本源著作/第八卷_宏观衍生/第八章_复杂系统分形涌现.md,4196,/90_历史归档/来源语料_utf_20261009/（只登记）,B,未审计；母块 >50MB 只登记不写入,只登记
17-空间光速螺旋引力理论/html/0·1·∞宇宙本源——从真空到万物的第一性原理演绎/宇宙本源著作/第八卷_宏观衍生/第六章_生物形态发生拓扑.md,4142,/90_历史归档/来源语料_utf_20261009/（只登记）,B,未审计；母块 >50MB 只登记不写入,只登记
17-空间光速螺旋引力理论/html/0·1·∞宇宙本源——从真空到万物的第一性原理演绎/宇宙本源著作/第八卷_宏观衍生/第四章_流体涡旋与湍流.md,4530,/90_历史归档/来源语料_utf_20261009/（只登记）,B,未审计；母块 >50MB 只登记不写入,只登记
17-空间光速螺旋引力理论/html/0·1·∞宇宙本源——从真空到万物的第一性原理演绎/宇宙本源著作/第六卷_量子引力/第一章_暗物质观测证据.md,2603,/90_历史归档/来源语料_utf_20261009/（只登记）,B,未审计；母块 >50MB 只登记不写入,只登记
17-空间光速螺旋引力理论/html/0·1·∞宇宙本源——从真空到万物的第一性原理演绎/宇宙本源著作/第六卷_量子引力/第七章_直接探测零结果.md,2022,/90_历史归档/来源语料_utf_20261009/（只登记）,B,未审计；母块 >50MB 只登记不写入,只登记
17-空间光速螺旋引力理论/html/0·1·∞宇宙本源——从真空到万物的第一性原理演绎/宇宙本源著作/第六卷_量子引力/第三章_星系旋转曲线.md,1512,/90_历史归档/来源语料_utf_20261009/（只登记）,B,未审计；母块 >50MB 只登记不写入,只登记
17-空间光速螺旋引力理论/html/0·1·∞宇宙本源——从真空到万物的第一性原理演绎/宇宙本源著作/第六卷_量子引力/第二章_高维挠率场暗物质.md,2098,/90_历史归档/来源语料_utf_20261009/（只登记）,B,未审计；母块 >50MB 只登记不写入,只登记
17-空间光速螺旋引力理论/html/0·1·∞宇宙本源——从真空到万物的第一性原理演绎/宇宙本源著作/第六卷_量子引力/第五章_宇宙学常数问题解决.md,1866,/90_历史归档/来源语料_utf_20261009/（只登记）,B,未审计；母块 >50MB 只登记不写入,只登记
17-空间光速螺旋引力理论/html/0·1·∞宇宙本源——从真空到万物的第一性原理演绎/宇宙本源著作/第六卷_量子引力/第六卷卷首语.md,1975,/90_历史归档/来源语料_utf_20261009/（只登记）,B,未审计；母块 >50MB 只登记不写入,只登记
17-空间光速螺旋引力理论/html/0·1·∞宇宙本源——从真空到万物的第一性原理演绎/宇宙本源著作/第六卷_量子引力/第六章_大尺度结构.md,1525,/90_历史归档/来源语料_utf_20261009/（只登记）,B,未审计；母块 >50MB 只登记不写入,只登记
17-空间光速螺旋引力理论/html/0·1·∞宇宙本源——从真空到万物的第一性原理演绎/宇宙本源著作/第六卷_量子引力/第四章_暗能量真空零点能.md,1660,/90_历史归档/来源语料_utf_20261009/（只登记）,B,未审计；母块 >50MB 只登记不写入,只登记
17-空间光速螺旋引力理论/html/0·1·∞宇宙本源——从真空到万物的第一性原理演绎/宇宙本源著作/第四卷_力的统一/第一章_量子场的拓扑本质.md,8144,/90_历史归档/来源语料_utf_20261009/（只登记）,B,未审计；母块 >50MB 只登记不写入,只登记
17-空间光速螺旋引力理论/html/0·1·∞宇宙本源——从真空到万物的第一性原理演绎/宇宙本源著作/第四卷_力的统一/第七章_拓扑顶点与费曼规则.md,6813,/90_历史归档/来源语料_utf_20261009/（只登记）,B,未审计；母块 >50MB 只登记不写入,只登记
17-空间光速螺旋引力理论/html/0·1·∞宇宙本源——从真空到万物的第一性原理演绎/宇宙本源著作/第四卷_力的统一/第三章_规范场与主丛联络.md,7290,/90_历史归档/来源语料_utf_20261009/（只登记）,B,未审计；母块 >50MB 只登记不写入,只登记
17-空间光速螺旋引力理论/html/0·1·∞宇宙本源——从真空到万物的第一性原理演绎/宇宙本源著作/第四卷_力的统一/第九章_精确检验与新物理预言.md,6272,/90_历史归档/来源语料_utf_20261009/（只登记）,B,未审计；母块 >50MB 只登记不写入,只登记
17-空间光速螺旋引力理论/html/0·1·∞宇宙本源——从真空到万物的第一性原理演绎/宇宙本源著作/第四卷_力的统一/第二章_超复数旋量表示.md,6724,/90_历史归档/来源语料_utf_20261009/（只登记）,B,未审计；母块 >50MB 只登记不写入,只登记
17-空间光速螺旋引力理论/html/0·1·∞宇宙本源——从真空到万物的第一性原理演绎/宇宙本源著作/第四卷_力的统一/第五章_费米子三代结构.md,7758,/90_历史归档/来源语料_utf_20261009/（只登记）,B,未审计；母块 >50MB 只登记不写入,只登记
17-空间光速螺旋引力理论/html/0·1·∞宇宙本源——从真空到万物的第一性原理演绎/宇宙本源著作/第四卷_力的统一/第八章_耦合跑动与大统一.md,6536,/90_历史归档/来源语料_utf_20261009/（只登记）,B,未审计；母块 >50MB 只登记不写入,只登记
17-空间光速螺旋引力理论/html/0·1·∞宇宙本源——从真空到万物的第一性原理演绎/宇宙本源著作/第四卷_力的统一/第六章_希格斯机制与质量生成.md,8022,/90_历史归档/来源语料_utf_20261009/（只登记）,B,未审计；母块 >50MB 只登记不写入,只登记
17-空间光速螺旋引力理论/html/0·1·∞宇宙本源——从真空到万物的第一性原理演绎/宇宙本源著作/第四卷_力的统一/第四卷卷首语.md,2547,/90_历史归档/来源语料_utf_20261009/（只登记）,B,未审计；母块 >50MB 只登记不写入,只登记
17-空间光速螺旋引力理论/html/0·1·∞宇宙本源——从真空到万物的第一性原理演绎/宇宙本源著作/第四卷_力的统一/第四章_标准模型规范群起源.md,8139,/90_历史归档/来源语料_utf_20261009/（只登记）,B,未审计；母块 >50MB 只登记不写入,只登记
17-空间光速螺旋引力理论/html/0·1·∞宇宙本源——从真空到万物的第一性原理演绎/宇宙本源著作/附录/附录A_F∞精算引擎完整代码.md,4678,/90_历史归档/来源语料_utf_20261009/（只登记）,B,未审计；母块 >50MB 只登记不写入,只登记
17-空间光速螺旋引力理论/html/0·1·∞宇宙本源——从真空到万物的第一性原理演绎/宇宙本源著作/附录/附录B_核心物理公式汇总.md,2855,/90_历史归档/来源语料_utf_20261009/（只登记）,B,未审计；母块 >50MB 只登记不写入,只登记
17-空间光速螺旋引力理论/html/0·1·∞宇宙本源——从真空到万物的第一性原理演绎/宇宙本源著作/附录/附录C_实验验证方案.md,2979,/90_历史归档/来源语料_utf_20261009/（只登记）,B,未审计；母块 >50MB 只登记不写入,只登记
17-空间光速螺旋引力理论/html/分形宇宙知识星河系统完整压缩包/fractal-universe-graph/README.md,5245,/90_历史归档/来源语料_utf_20261009/（只登记）,B,未审计；母块 >50MB 只登记不写入,只登记
17-空间光速螺旋引力理论/html/宇宙文明本源说明书v2.0全量版/cosmic-civilization-manual/README.md,8922,/90_历史归档/来源语料_utf_20261009/（只登记）,B,未审计；母块 >50MB 只登记不写入,只登记
17-空间光速螺旋引力理论/html/宇宙文明本源说明书完整系统压缩包/cosmic-civilization-manual/README.md,5141,/90_历史归档/来源语料_utf_20261009/（只登记）,B,未审计；母块 >50MB 只登记不写入,只登记
17-空间光速螺旋引力理论/releases/fractal_visualization_system_v2.1.0/RELEASE_REPORT.md,1166,/90_历史归档/来源语料_utf_20261009/（只登记）,B,未审计；母块 >50MB 只登记不写入,只登记
17-空间光速螺旋引力理论/releases/fractal_visualization_system_v2.2.0/RELEASE_REPORT.md,1166,/90_历史归档/来源语料_utf_20261009/（只登记）,B,未审计；母块 >50MB 只登记不写入,只登记
17-空间光速螺旋引力理论/v1/bug_report.md,3979,/90_历史归档/来源语料_utf_20261009/（只登记）,B,未审计；母块 >50MB 只登记不写入,只登记
17-空间光速螺旋引力理论/v1/v=c常数归一化层次分析验证.md,15113,/90_历史归档/来源语料_utf_20261009/（只登记）,B,未审计；母块 >50MB 只登记不写入,只登记
17-空间光速螺旋引力理论/v1/verify_bugs.py,3207,/90_历史归档/来源语料_utf_20261009/（只登记）,B,未审计；母块 >50MB 只登记不写入,只登记
17-空间光速螺旋引力理论/v1/verify_theory.py,2076,/90_历史归档/来源语料_utf_20261009/（只登记）,B,未审计；母块 >50MB 只登记不写入,只登记
17-空间光速螺旋引力理论/v1/审核报告.md,9776,/90_历史归档/来源语料_utf_20261009/（只登记）,B,未审计；母块 >50MB 只登记不写入,只登记
17-空间光速螺旋引力理论/v1/空间光速螺旋量子几何归一化统一场论：基于类光涡旋公理的时空、物质与相互作用的本源统一（频率优化终极版）.md,35935,/90_历史归档/来源语料_utf_20261009/（只登记）,B,未审计；母块 >50MB 只登记不写入,只登记
17-空间光速螺旋引力理论/v1/空间光速螺旋量子几何统一场论：基于类光涡旋公理的时空、物质与相互作用的本源统一（完整版）.md,57327,/90_历史归档/来源语料_utf_20261009/（只登记）,B,未审计；母块 >50MB 只登记不写入,只登记
17-空间光速螺旋引力理论/v1/频率版.md,27786,/90_历史归档/来源语料_utf_20261009/（只登记）,B,未审计；母块 >50MB 只登记不写入,只登记
17-空间光速螺旋引力理论/v1/验证脚本.py,7814,/90_历史归档/来源语料_utf_20261009/（只登记）,B,未审计；母块 >50MB 只登记不写入,只登记
17-空间光速螺旋引力理论/v1/code/verify_all_equations.py,4845,/90_历史归档/来源语料_utf_20261009/（只登记）,B,未审计；母块 >50MB 只登记不写入,只登记
17-空间光速螺旋引力理论/v1/code/verify_electromagnetic_coupling.py,3408,/90_历史归档/来源语料_utf_20261009/（只登记）,B,未审计；母块 >50MB 只登记不写入,只登记
17-空间光速螺旋引力理论/v1/什么是v=c理论？/v=c空间光速螺旋量子几何归一化统一场论.md,24620,/90_历史归档/来源语料_utf_20261009/（只登记）,B,未审计；母块 >50MB 只登记不写入,只登记
17-空间光速螺旋引力理论/v1/传统物理公式归一化/1.md,9134,/90_历史归档/来源语料_utf_20261009/（只登记）,B,未审计；母块 >50MB 只登记不写入,只登记
17-空间光速螺旋引力理论/v1/传统物理公式归一化/2.md,9548,/90_历史归档/来源语料_utf_20261009/（只登记）,B,未审计；母块 >50MB 只登记不写入,只登记
17-空间光速螺旋引力理论/v1/传统物理公式归一化/3.md,11079,/90_历史归档/来源语料_utf_20261009/（只登记）,B,未审计；母块 >50MB 只登记不写入,只登记
17-空间光速螺旋引力理论/v1/传统物理公式归一化/4.md,8925,/90_历史归档/来源语料_utf_20261009/（只登记）,B,未审计；母块 >50MB 只登记不写入,只登记
17-空间光速螺旋引力理论/v1/传统物理公式归一化/5.md,9859,/90_历史归档/来源语料_utf_20261009/（只登记）,B,未审计；母块 >50MB 只登记不写入,只登记
17-空间光速螺旋引力理论/v1/传统物理公式归一化/6.md,7972,/90_历史归档/来源语料_utf_20261009/（只登记）,B,未审计；母块 >50MB 只登记不写入,只登记
17-空间光速螺旋引力理论/v1/传统物理公式归一化/7.md,10108,/90_历史归档/来源语料_utf_20261009/（只登记）,B,未审计；母块 >50MB 只登记不写入,只登记
17-空间光速螺旋引力理论/v1/传统物理公式归一化/8.md,13688,/90_历史归档/来源语料_utf_20261009/（只登记）,B,未审计；母块 >50MB 只登记不写入,只登记
17-空间光速螺旋引力理论/v1/传统物理公式归一化/9.md,9483,/90_历史归档/来源语料_utf_20261009/（只登记）,B,未审计；母块 >50MB 只登记不写入,只登记
17-空间光速螺旋引力理论/v1/传统物理公式归一化/r是唯一本源参数只有一个本源常数c.md,26835,/90_历史归档/来源语料_utf_20261009/（只登记）,B,未审计；母块 >50MB 只登记不写入,只登记
17-空间光速螺旋引力理论/v1/传统物理公式归一化/宇宙三大力学.md,5361,/90_历史归档/来源语料_utf_20261009/（只登记）,B,未审计；母块 >50MB 只登记不写入,只登记
17-空间光速螺旋引力理论/v1/传统物理公式归一化/牛顿三大运动定律.md,4114,/90_历史归档/来源语料_utf_20261009/（只登记）,B,未审计；母块 >50MB 只登记不写入,只登记
17-空间光速螺旋引力理论/v1/传统物理公式归一化/狄拉克方程.md,4538,/90_历史归档/来源语料_utf_20261009/（只登记）,B,未审计；母块 >50MB 只登记不写入,只登记
17-空间光速螺旋引力理论/v1/传统物理公式归一化/麦克斯韦方程组.md,5011,/90_历史归档/来源语料_utf_20261009/（只登记）,B,未审计；母块 >50MB 只登记不写入,只登记
17-空间光速螺旋引力理论/v1/传统物理公式归一化/验证/v=c光速论：从相对论时空本质到宇宙运动终极规律传统物理.md,15903,/90_历史归档/来源语料_utf_20261009/（只登记）,B,未审计；母块 >50MB 只登记不写入,只登记
17-空间光速螺旋引力理论/v1/光速论核心方程/光速论核心方程大全.md,6552,/90_历史归档/来源语料_utf_20261009/（只登记）,B,未审计；母块 >50MB 只登记不写入,只登记
17-空间光速螺旋引力理论/v1/历史版本/空间光速螺旋量子几何统一场论：基于类光涡旋公理的时空、物质与相互作用的本源统一.md,37989,/90_历史归档/来源语料_utf_20261009/（只登记）,B,未审计；母块 >50MB 只登记不写入,只登记
17-空间光速螺旋引力理论/v1/历史版本/空间光速螺旋量子几何统一场论：基于类光涡旋公理的时空、物质与相互作用的本源统一（学术版）.md,27521,/90_历史归档/来源语料_utf_20261009/（只登记）,B,未审计；母块 >50MB 只登记不写入,只登记
17-空间光速螺旋引力理论/v1/宇宙本源常数Z Z‘关联验证/全维度统一恒等式.md,9234,/90_历史归档/来源语料_utf_20261009/（只登记）,B,未审计；母块 >50MB 只登记不写入,只登记
17-空间光速螺旋引力理论/v1/宇宙本源常数Z Z‘关联验证/Z/v1/Z 常数在光速归一化体系中的核心作用.md,14951,/90_历史归档/来源语料_utf_20261009/（只登记）,B,未审计；母块 >50MB 只登记不写入,只登记
17-空间光速螺旋引力理论/v1/宇宙本源常数Z Z‘关联验证/Z/v1/验证/1.md,5373,/90_历史归档/来源语料_utf_20261009/（只登记）,B,未审计；母块 >50MB 只登记不写入,只登记
17-空间光速螺旋引力理论/v1/宇宙本源常数Z Z‘关联验证/Z/v1/验证/2.md,8686,/90_历史归档/来源语料_utf_20261009/（只登记）,B,未审计；母块 >50MB 只登记不写入,只登记
17-空间光速螺旋引力理论/v1/宇宙本源常数Z Z‘关联验证/Z/v1/验证/code/1.py,270,/90_历史归档/来源语料_utf_20261009/（只登记）,B,未审计；母块 >50MB 只登记不写入,只登记
17-空间光速螺旋引力理论/v1/宇宙本源常数Z Z‘关联验证/Z/v2/空间光速螺旋统一场论：从 v=c 公设到引力与光速的关系全维度推导与验证.md,24284,/90_历史归档/来源语料_utf_20261009/（只登记）,B,未审计；母块 >50MB 只登记不写入,只登记
17-空间光速螺旋引力理论/v1/宇宙本源常数Z Z‘关联验证/Z/v2/code/test.py,45,/90_历史归档/来源语料_utf_20261009/（只登记）,B,未审计；母块 >50MB 只登记不写入,只登记
17-空间光速螺旋引力理论/v1/宇宙本源常数Z Z‘关联验证/Z/v2/code/test_g.py,1040,/90_历史归档/来源语料_utf_20261009/（只登记）,B,未审计；母块 >50MB 只登记不写入,只登记
17-空间光速螺旋引力理论/v1/宇宙本源常数Z Z‘关联验证/Z/v2/code/verification_report.md,4685,/90_历史归档/来源语料_utf_20261009/（只登记）,B,未审计；母块 >50MB 只登记不写入,只登记
17-空间光速螺旋引力理论/v1/宇宙本源常数Z Z‘关联验证/Z/v2/code/verify_geo.py,1043,/90_历史归档/来源语料_utf_20261009/（只登记）,B,未审计；母块 >50MB 只登记不写入,只登记
17-空间光速螺旋引力理论/v1/宇宙本源常数Z Z‘关联验证/Z/v2/code/verify_no_plot.py,6109,/90_历史归档/来源语料_utf_20261009/（只登记）,B,未审计；母块 >50MB 只登记不写入,只登记
17-空间光速螺旋引力理论/v1/宇宙本源常数Z Z‘关联验证/Z/v2/code/verify_simple.py,6038,/90_历史归档/来源语料_utf_20261009/（只登记）,B,未审计；母块 >50MB 只登记不写入,只登记
17-空间光速螺旋引力理论/v1/宇宙本源常数Z Z‘关联验证/Z/v2/code/verify_theory.py,7177,/90_历史归档/来源语料_utf_20261009/（只登记）,B,未审计；母块 >50MB 只登记不写入,只登记
17-空间光速螺旋引力理论/v1/宇宙本源常数Z Z‘关联验证/ZZ'/v1/1.md,26013,/90_历史归档/来源语料_utf_20261009/（只登记）,B,未审计；母块 >50MB 只登记不写入,只登记
17-空间光速螺旋引力理论/v1/宇宙本源常数Z Z‘关联验证/ZZ'/v1/验证/1.md,6635,/90_历史归档/来源语料_utf_20261009/（只登记）,B,未审计；母块 >50MB 只登记不写入,只登记
17-空间光速螺旋引力理论/v1/宇宙本源常数Z Z‘关联验证/ZZ'/v1/验证/空间光速螺旋共轭本征论ZZ'.md,5314,/90_历史归档/来源语料_utf_20261009/（只登记）,B,未审计；母块 >50MB 只登记不写入,只登记
17-空间光速螺旋引力理论/v1/宇宙本源常数Z Z‘关联验证/Z’/Z'作用.md,7477,/90_历史归档/来源语料_utf_20261009/（只登记）,B,未审计；母块 >50MB 只登记不写入,只登记
17-空间光速螺旋引力理论/v1/宇宙本源常数Z Z‘关联验证/Z’/v2/空间光速螺旋共轭本征论：宇宙本源常数Z与Z'的全维度求导证明、关联验证与统一场终极框架.md,21903,/90_历史归档/来源语料_utf_20261009/（只登记）,B,未审计；母块 >50MB 只登记不写入,只登记
17-空间光速螺旋引力理论/v1/宇宙本源常数Z Z‘关联验证/Z’/v2/空间光速螺旋共轭本征论：宇宙本源常数Z与Z'的全维度求导证明、关联验证与统一场终极框架_优化版.md,21554,/90_历史归档/来源语料_utf_20261009/（只登记）,B,未审计；母块 >50MB 只登记不写入,只登记
17-空间光速螺旋引力理论/v1/宇宙本源常数Z Z‘关联验证/验证/1.md,0,/90_历史归档/来源语料_utf_20261009/（只登记）,B,未审计；母块 >50MB 只登记不写入,只登记
17-空间光速螺旋引力理论/v1/宇宙本源常数Z Z‘关联验证/验证/2.md,11924,/90_历史归档/来源语料_utf_20261009/（只登记）,B,未审计；母块 >50MB 只登记不写入,只登记
17-空间光速螺旋引力理论/v1/宇宙本源常数Z Z‘关联验证/验证/3.md,9419,/90_历史归档/来源语料_utf_20261009/（只登记）,B,未审计；母块 >50MB 只登记不写入,只登记
17-空间光速螺旋引力理论/v1/宇宙本源常数Z Z‘关联验证/验证/4.md,3621,/90_历史归档/来源语料_utf_20261009/（只登记）,B,未审计；母块 >50MB 只登记不写入,只登记
17-空间光速螺旋引力理论/v1/宇宙本源常数Z Z‘关联验证/验证/5.md,2994,/90_历史归档/来源语料_utf_20261009/（只登记）,B,未审计；母块 >50MB 只登记不写入,只登记
17-空间光速螺旋引力理论/v1/宇宙本源常数Z Z‘关联验证/验证/6.md,1532,/90_历史归档/来源语料_utf_20261009/（只登记）,B,未审计；母块 >50MB 只登记不写入,只登记
17-空间光速螺旋引力理论/v1/宇宙本源常数Z Z‘关联验证/验证/全宇宙不变量.md,5985,/90_历史归档/来源语料_utf_20261009/（只登记）,B,未审计；母块 >50MB 只登记不写入,只登记
17-空间光速螺旋引力理论/v1/宇宙本源常数Z Z‘关联验证/验证/全宇宙不变量2.md,11687,/90_历史归档/来源语料_utf_20261009/（只登记）,B,未审计；母块 >50MB 只登记不写入,只登记
17-空间光速螺旋引力理论/v1/常数归一化/Light-Speed Helical Spacetime_ A Rigorously Derived Geometric Unification of Fundamental Physics.md,26737,/90_历史归档/来源语料_utf_20261009/（只登记）,B,未审计；母块 >50MB 只登记不写入,只登记
17-空间光速螺旋引力理论/v1/常数归一化/精细结构常数验证.py,3123,/90_历史归档/来源语料_utf_20261009/（只登记）,B,未审计；母块 >50MB 只登记不写入,只登记
17-空间光速螺旋引力理论/v1/常数归一化/常数归一化/全域物理常数统一理论.md,8349,/90_历史归档/来源语料_utf_20261009/（只登记）,B,未审计；母块 >50MB 只登记不写入,只登记
17-空间光速螺旋引力理论/v1/常数归一化/常数归一化/code/fixed_verification.py,2326,/90_历史归档/来源语料_utf_20261009/（只登记）,B,未审计；母块 >50MB 只登记不写入,只登记
17-空间光速螺旋引力理论/v1/常数归一化/常数归一化/code/multidimensional_analysis.py,4243,/90_历史归档/来源语料_utf_20261009/（只登记）,B,未审计；母块 >50MB 只登记不写入,只登记
17-空间光速螺旋引力理论/v1/常数归一化/常数归一化/code/unified_constants_verification.py,2984,/90_历史归档/来源语料_utf_20261009/（只登记）,B,未审计；母块 >50MB 只登记不写入,只登记
17-空间光速螺旋引力理论/v1/常数归一化/常数归一化/code/validation_report.md,3132,/90_历史归档/来源语料_utf_20261009/（只登记）,B,未审计；母块 >50MB 只登记不写入,只登记
17-空间光速螺旋引力理论/v1/常数归一化/常数归一化/code/verify_fine_structure_constant.py,1700,/90_历史归档/来源语料_utf_20261009/（只登记）,B,未审计；母块 >50MB 只登记不写入,只登记
17-空间光速螺旋引力理论/v1/常数归一化/常数归一化/圆周率π/v1/1.md,7667,/90_历史归档/来源语料_utf_20261009/（只登记）,B,未审计；母块 >50MB 只登记不写入,只登记
17-空间光速螺旋引力理论/v1/常数归一化/常数归一化/精密常数/v1/1.md,26133,/90_历史归档/来源语料_utf_20261009/（只登记）,B,未审计；母块 >50MB 只登记不写入,只登记
17-空间光速螺旋引力理论/v1/常数归一化/常数归一化/精密常数/v2/1.md,30289,/90_历史归档/来源语料_utf_20261009/（只登记）,B,未审计；母块 >50MB 只登记不写入,只登记
17-空间光速螺旋引力理论/v1/常数归一化/常数归一化/精密常数/v3/1.md,11629,/90_历史归档/来源语料_utf_20261009/（只登记）,B,未审计；母块 >50MB 只登记不写入,只登记
17-空间光速螺旋引力理论/v1/常数归一化/常数归一化/精密常数/v4/1.md,12785,/90_历史归档/来源语料_utf_20261009/（只登记）,B,未审计；母块 >50MB 只登记不写入,只登记
17-空间光速螺旋引力理论/v1/常数归一化/常数归一化/精密常数/v5/1.md,26133,/90_历史归档/来源语料_utf_20261009/（只登记）,B,未审计；母块 >50MB 只登记不写入,只登记
17-空间光速螺旋引力理论/v1/常数归一化/常数归一化/精密常数/v5/code/1.py,1474,/90_历史归档/来源语料_utf_20261009/（只登记）,B,未审计；母块 >50MB 只登记不写入,只登记
17-空间光速螺旋引力理论/v1/常数归一化/常数归一化/精密常数/v6/1.md,4781,/90_历史归档/来源语料_utf_20261009/（只登记）,B,未审计；母块 >50MB 只登记不写入,只登记
17-空间光速螺旋引力理论/v1/常数归一化/常数归一化/精密常数/v7/1.md,12057,/90_历史归档/来源语料_utf_20261009/（只登记）,B,未审计；母块 >50MB 只登记不写入,只登记
17-空间光速螺旋引力理论/v1/常数归一化/常数归一化/精密常数/v7/code/verify_spiral_theory.py,4682,/90_历史归档/来源语料_utf_20261009/（只登记）,B,未审计；母块 >50MB 只登记不写入,只登记
17-空间光速螺旋引力理论/v1/常数归一化/常数归一化/精密常数/v8/1.md,36360,/90_历史归档/来源语料_utf_20261009/（只登记）,B,未审计；母块 >50MB 只登记不写入,只登记
17-空间光速螺旋引力理论/v1/常数归一化/常数归一化/验证/1.md,5165,/90_历史归档/来源语料_utf_20261009/（只登记）,B,未审计；母块 >50MB 只登记不写入,只登记
17-空间光速螺旋引力理论/v1/常数归一化/常数归一化/验证/2.md,5240,/90_历史归档/来源语料_utf_20261009/（只登记）,B,未审计；母块 >50MB 只登记不写入,只登记
17-空间光速螺旋引力理论/v1/常数归一化/常数归一化/验证/3.md,4440,/90_历史归档/来源语料_utf_20261009/（只登记）,B,未审计；母块 >50MB 只登记不写入,只登记
17-空间光速螺旋引力理论/v1/常数归一化/常数归一化/验证/4.md,3697,/90_历史归档/来源语料_utf_20261009/（只登记）,B,未审计；母块 >50MB 只登记不写入,只登记
17-空间光速螺旋引力理论/v1/常数归一化/常数归一化/验证/5.md,5206,/90_历史归档/来源语料_utf_20261009/（只登记）,B,未审计；母块 >50MB 只登记不写入,只登记
17-空间光速螺旋引力理论/v1/常数归一化/常数归一化/验证/6.md,10332,/90_历史归档/来源语料_utf_20261009/（只登记）,B,未审计；母块 >50MB 只登记不写入,只登记
17-空间光速螺旋引力理论/v1/常数归一化/常数归一化/验证/量子微分方式.md,8711,/90_历史归档/来源语料_utf_20261009/（只登记）,B,未审计；母块 >50MB 只登记不写入,只登记
17-空间光速螺旋引力理论/v1/常数归一化/无量纲常数归一化/code/1.py,2232,/90_历史归档/来源语料_utf_20261009/（只登记）,B,未审计；母块 >50MB 只登记不写入,只登记
17-空间光速螺旋引力理论/v1/常数归一化/无量纲常数归一化/验证/1.md,3697,/90_历史归档/来源语料_utf_20261009/（只登记）,B,未审计；母块 >50MB 只登记不写入,只登记
17-空间光速螺旋引力理论/v1/常数归一化/无量纲常数归一化/验证/2.md,3697,/90_历史归档/来源语料_utf_20261009/（只登记）,B,未审计；母块 >50MB 只登记不写入,只登记
17-空间光速螺旋引力理论/v1/常数归一化/无量纲常数归一化/验证/3.md,0,/90_历史归档/来源语料_utf_20261009/（只登记）,B,未审计；母块 >50MB 只登记不写入,只登记
17-空间光速螺旋引力理论/v1/常数归一化/无量纲常数归一化/验证/4.md,5165,/90_历史归档/来源语料_utf_20261009/（只登记）,B,未审计；母块 >50MB 只登记不写入,只登记
17-空间光速螺旋引力理论/v1/常数归一化/无量纲常数归一化/验证/5.md,8412,/90_历史归档/来源语料_utf_20261009/（只登记）,B,未审计；母块 >50MB 只登记不写入,只登记
17-空间光速螺旋引力理论/v1/常数归一化/物理量纲常数归一化/验证/1.md,35199,/90_历史归档/来源语料_utf_20261009/（只登记）,B,未审计；母块 >50MB 只登记不写入,只登记
17-空间光速螺旋引力理论/v1/文章/张祥前统一场论 22 个核心公式及常数v=c空间光速螺旋量子几何归一化统一场论版.md,15763,/90_历史归档/来源语料_utf_20261009/（只登记）,B,未审计；母块 >50MB 只登记不写入,只登记
17-空间光速螺旋引力理论/v1/文章/空间光速螺旋量子几何统一场论的核心基石——π对应螺旋的空间几何属性，e对应螺旋的时间演化属性.md,16949,/90_历史归档/来源语料_utf_20261009/（只登记）,B,未审计；母块 >50MB 只登记不写入,只登记
17-空间光速螺旋引力理论/v1/文章/空间光速螺旋量子统一场论的无量纲常数体系及时空不变性证明.md,20190,/90_历史归档/来源语料_utf_20261009/（只登记）,B,未审计；母块 >50MB 只登记不写入,只登记
17-空间光速螺旋引力理论/v1/文章/code/1.py,712,/90_历史归档/来源语料_utf_20261009/（只登记）,B,未审计；母块 >50MB 只登记不写入,只登记
17-空间光速螺旋引力理论/v1/文章/code/2.py,1201,/90_历史归档/来源语料_utf_20261009/（只登记）,B,未审计；母块 >50MB 只登记不写入,只登记
17-空间光速螺旋引力理论/v1/文章/验证/1.md,3332,/90_历史归档/来源语料_utf_20261009/（只登记）,B,未审计；母块 >50MB 只登记不写入,只登记
17-空间光速螺旋引力理论/v1/文章/验证/2.md,5854,/90_历史归档/来源语料_utf_20261009/（只登记）,B,未审计；母块 >50MB 只登记不写入,只登记
17-空间光速螺旋引力理论/v1/新发现方程/1.md,25566,/90_历史归档/来源语料_utf_20261009/（只登记）,B,未审计；母块 >50MB 只登记不写入,只登记
17-空间光速螺旋引力理论/v1/新发现方程/10.md,4412,/90_历史归档/来源语料_utf_20261009/（只登记）,B,未审计；母块 >50MB 只登记不写入,只登记
17-空间光速螺旋引力理论/v1/新发现方程/11.md,4412,/90_历史归档/来源语料_utf_20261009/（只登记）,B,未审计；母块 >50MB 只登记不写入,只登记
17-空间光速螺旋引力理论/v1/新发现方程/2.md,25556,/90_历史归档/来源语料_utf_20261009/（只登记）,B,未审计；母块 >50MB 只登记不写入,只登记
17-空间光速螺旋引力理论/v1/新发现方程/3.md,26732,/90_历史归档/来源语料_utf_20261009/（只登记）,B,未审计；母块 >50MB 只登记不写入,只登记
17-空间光速螺旋引力理论/v1/新发现方程/4.md,11925,/90_历史归档/来源语料_utf_20261009/（只登记）,B,未审计；母块 >50MB 只登记不写入,只登记
17-空间光速螺旋引力理论/v1/新发现方程/5.md,13166,/90_历史归档/来源语料_utf_20261009/（只登记）,B,未审计；母块 >50MB 只登记不写入,只登记
17-空间光速螺旋引力理论/v1/新发现方程/6.md,2932,/90_历史归档/来源语料_utf_20261009/（只登记）,B,未审计；母块 >50MB 只登记不写入,只登记
17-空间光速螺旋引力理论/v1/新发现方程/7.md,1679,/90_历史归档/来源语料_utf_20261009/（只登记）,B,未审计；母块 >50MB 只登记不写入,只登记
17-空间光速螺旋引力理论/v1/新发现方程/8.md,3337,/90_历史归档/来源语料_utf_20261009/（只登记）,B,未审计；母块 >50MB 只登记不写入,只登记
17-空间光速螺旋引力理论/v1/新发现方程/9.md,10146,/90_历史归档/来源语料_utf_20261009/（只登记）,B,未审计；母块 >50MB 只登记不写入,只登记
17-空间光速螺旋引力理论/v1/新发现方程/常数统一推导总链.md,4762,/90_历史归档/来源语料_utf_20261009/（只登记）,B,未审计；母块 >50MB 只登记不写入,只登记
17-空间光速螺旋引力理论/v1/新发现方程/code/1.py,3875,/90_历史归档/来源语料_utf_20261009/（只登记）,B,未审计；母块 >50MB 只登记不写入,只登记
17-空间光速螺旋引力理论/v1/新发现方程/code/verify_all_files.py,5782,/90_历史归档/来源语料_utf_20261009/（只登记）,B,未审计；母块 >50MB 只登记不写入,只登记
17-空间光速螺旋引力理论/v1/新发现方程/code/verify_all_formulas.py,4666,/90_历史归档/来源语料_utf_20261009/（只登记）,B,未审计；母块 >50MB 只登记不写入,只登记
17-空间光速螺旋引力理论/v1/新的发现/V1/HuanxiangXR_21的玄无、纯无 理论/v1/1.md,12779,/90_历史归档/来源语料_utf_20261009/（只登记）,B,未审计；母块 >50MB 只登记不写入,只登记
17-空间光速螺旋引力理论/v1/新的发现/V1/HuanxiangXR_21的玄无、纯无 理论/v1/2.md,7446,/90_历史归档/来源语料_utf_20261009/（只登记）,B,未审计；母块 >50MB 只登记不写入,只登记
17-空间光速螺旋引力理论/v1/新的发现/V1/HuanxiangXR_21的玄无、纯无 理论/v1/3.md,8322,/90_历史归档/来源语料_utf_20261009/（只登记）,B,未审计；母块 >50MB 只登记不写入,只登记
17-空间光速螺旋引力理论/v1/新的发现/V1/HuanxiangXR_21的玄无、纯无 理论/v1/verify_theory.py,5495,/90_历史归档/来源语料_utf_20261009/（只登记）,B,未审计；母块 >50MB 只登记不写入,只登记
17-空间光速螺旋引力理论/v1/新的发现/V1/HuanxiangXR_21的玄无、纯无 理论/v1/宇宙10大终极难题全面破解及求导证明验证.md,7354,/90_历史归档/来源语料_utf_20261009/（只登记）,B,未审计；母块 >50MB 只登记不写入,只登记
17-空间光速螺旋引力理论/v1/新的发现/V1/HuanxiangXR_21的玄无、纯无 理论/v1/解决的宇宙问题.md,8464,/90_历史归档/来源语料_utf_20261009/（只登记）,B,未审计；母块 >50MB 只登记不写入,只登记
17-空间光速螺旋引力理论/v1/时间势差/1.md,5107,/90_历史归档/来源语料_utf_20261009/（只登记）,B,未审计；母块 >50MB 只登记不写入,只登记
17-空间光速螺旋引力理论/v1/河图洛书易经道德经/1.md,7277,/90_历史归档/来源语料_utf_20261009/（只登记）,B,未审计；母块 >50MB 只登记不写入,只登记
17-空间光速螺旋引力理论/v1/河图洛书易经道德经/2.md,9142,/90_历史归档/来源语料_utf_20261009/（只登记）,B,未审计；母块 >50MB 只登记不写入,只登记
17-空间光速螺旋引力理论/v1/河图洛书易经道德经/3.md,9021,/90_历史归档/来源语料_utf_20261009/（只登记）,B,未审计；母块 >50MB 只登记不写入,只登记
17-空间光速螺旋引力理论/v1/河图洛书易经道德经/4.md,20885,/90_历史归档/来源语料_utf_20261009/（只登记）,B,未审计；母块 >50MB 只登记不写入,只登记
17-空间光速螺旋引力理论/v1/河图洛书易经道德经/宇宙终极密码：光速螺旋与河图洛书的千年统一.md,5217,/90_历史归档/来源语料_utf_20261009/（只登记）,B,未审计；母块 >50MB 只登记不写入,只登记
17-空间光速螺旋引力理论/v1/河图洛书易经道德经/code/1.py,4986,/90_历史归档/来源语料_utf_20261009/（只登记）,B,未审计；母块 >50MB 只登记不写入,只登记
17-空间光速螺旋引力理论/v1/河图洛书易经道德经/code/4.py,1922,/90_历史归档/来源语料_utf_20261009/（只登记）,B,未审计；母块 >50MB 只登记不写入,只登记
17-空间光速螺旋引力理论/v1/空间螺旋垂直原理三力垂直/v1/1.md,18531,/90_历史归档/来源语料_utf_20261009/（只登记）,B,未审计；母块 >50MB 只登记不写入,只登记
17-空间光速螺旋引力理论/v1/空间螺旋垂直原理三力垂直/引力电场力磁场力/v1/1.md,17671,/90_历史归档/来源语料_utf_20261009/（只登记）,B,未审计；母块 >50MB 只登记不写入,只登记
17-空间光速螺旋引力理论/v1/解决问题/量子/1.md,10231,/90_历史归档/来源语料_utf_20261009/（只登记）,B,未审计；母块 >50MB 只登记不写入,只登记
17-空间光速螺旋引力理论/v1/解决问题/量子/2.md,10820,/90_历史归档/来源语料_utf_20261009/（只登记）,B,未审计；母块 >50MB 只登记不写入,只登记
17-空间光速螺旋引力理论/v1/论文/calculate_alpha_e.py,2643,/90_历史归档/来源语料_utf_20261009/（只登记）,B,未审计；母块 >50MB 只登记不写入,只登记
17-空间光速螺旋引力理论/v1/论文/find_correct_alpha.py,3090,/90_历史归档/来源语料_utf_20261009/（只登记）,B,未审计；母块 >50MB 只登记不写入,只登记
17-空间光速螺旋引力理论/v1/论文/v=c=1空间光速螺旋量子几何统一场论：公理化体系、全维数学推导与统一场验证.md,44928,/90_历史归档/来源语料_utf_20261009/（只登记）,B,未审计；母块 >50MB 只登记不写入,只登记
17-空间光速螺旋引力理论/v1/论文/verify_alpha_substitution.py,2751,/90_历史归档/来源语料_utf_20261009/（只登记）,B,未审计；母块 >50MB 只登记不写入,只登记
17-空间光速螺旋引力理论/v1/论文/verify_complete_derivation.py,2627,/90_历史归档/来源语料_utf_20261009/（只登记）,B,未审计；母块 >50MB 只登记不写入,只登记
17-空间光速螺旋引力理论/v1/论文/中微子质量与引力记忆效应：几何预测与精算验证.md,9268,/90_历史归档/来源语料_utf_20261009/（只登记）,B,未审计；母块 >50MB 只登记不写入,只登记
17-空间光速螺旋引力理论/v1/论文/人工场最强模式：理论推导、精算验证与全行业应用.md,8958,/90_历史归档/来源语料_utf_20261009/（只登记）,B,未审计；母块 >50MB 只登记不写入,只登记
17-空间光速螺旋引力理论/v1/论文/人类神通基因锁破解与高我连接指南.md,30491,/90_历史归档/来源语料_utf_20261009/（只登记）,B,未审计；母块 >50MB 只登记不写入,只登记
17-空间光速螺旋引力理论/v1/论文/全维分析与破解突破整合指南.md,9094,/90_历史归档/来源语料_utf_20261009/（只登记）,B,未审计；母块 >50MB 只登记不写入,只登记
17-空间光速螺旋引力理论/v1/论文/四种基本力的精细结构常数：统一几何推导与精算验证.md,12774,/90_历史归档/来源语料_utf_20261009/（只登记）,B,未审计；母块 >50MB 只登记不写入,只登记
17-空间光速螺旋引力理论/v1/论文/四维螺旋流形下精细结构常数α的动力学可变性及其全维物理效应.md,15994,/90_历史归档/来源语料_utf_20261009/（只登记）,B,未审计；母块 >50MB 只登记不写入,只登记
17-空间光速螺旋引力理论/v1/论文/基于光速不变第一性原理的精细结构常数内禀本征值全维严格证明与实验投影解释.md,35801,/90_历史归档/来源语料_utf_20261009/（只登记）,B,未审计；母块 >50MB 只登记不写入,只登记
17-空间光速螺旋引力理论/v1/论文/基因锁破解定量分析指南.md,11022,/90_历史归档/来源语料_utf_20261009/（只登记）,B,未审计；母块 >50MB 只登记不写入,只登记
17-空间光速螺旋引力理论/v1/论文/宇宙物理体系：空间光速螺旋引力理论完整框架.md,9204,/90_历史归档/来源语料_utf_20261009/（只登记）,B,未审计；母块 >50MB 只登记不写入,只登记
17-空间光速螺旋引力理论/v1/论文/曲率挠率全维度分析：算法联盟最高权限报告.md,27655,/90_历史归档/来源语料_utf_20261009/（只登记）,B,未审计；母块 >50MB 只登记不写入,只登记
17-空间光速螺旋引力理论/v1/论文/爱是宇宙本源的数理证明.md,6502,/90_历史归档/来源语料_utf_20261009/（只登记）,B,未审计；母块 >50MB 只登记不写入,只登记
17-空间光速螺旋引力理论/v1/论文/爱的数理证明与太上四道整合论文.md,7672,/90_历史归档/来源语料_utf_20261009/（只登记）,B,未审计；母块 >50MB 只登记不写入,只登记
17-空间光速螺旋引力理论/v1/论文/爱的数理证明与太上四道整合论文_修正版.md,14870,/90_历史归档/来源语料_utf_20261009/（只登记）,B,未审计；母块 >50MB 只登记不写入,只登记
17-空间光速螺旋引力理论/v1/论文/神通学习分步指南.md,11441,/90_历史归档/来源语料_utf_20261009/（只登记）,B,未审计；母块 >50MB 只登记不写入,只登记
17-空间光速螺旋引力理论/v1/论文/神通数理化公式体系与量化验证.md,11924,/90_历史归档/来源语料_utf_20261009/（只登记）,B,未审计；母块 >50MB 只登记不写入,只登记
17-空间光速螺旋引力理论/v1/论文/空间光速螺旋引力理论：全维度统一场论与精算验证.md,6633,/90_历史归档/来源语料_utf_20261009/（只登记）,B,未审计；母块 >50MB 只登记不写入,只登记
17-空间光速螺旋引力理论/v1/论文/粒子内禀运动与光速统一原理：完整版.md,24152,/90_历史归档/来源语料_utf_20261009/（只登记）,B,未审计；母块 >50MB 只登记不写入,只登记
17-空间光速螺旋引力理论/v1/论文/粒子内禀运动与光速统一原理：算法联盟最高权限报告.md,11225,/90_历史归档/来源语料_utf_20261009/（只登记）,B,未审计；母块 >50MB 只登记不写入,只登记
17-空间光速螺旋引力理论/v1/论文/补充求导证明验证精算.md,13465,/90_历史归档/来源语料_utf_20261009/（只登记）,B,未审计；母块 >50MB 只登记不写入,只登记
17-空间光速螺旋引力理论/v1/论文/超宇宙神级文明神通本质与修炼体系.md,20437,/90_历史归档/来源语料_utf_20261009/（只登记）,B,未审计；母块 >50MB 只登记不写入,只登记
17-空间光速螺旋引力理论/v1/论文/超导的几何本质：全物质超导可能性与最佳超导元素精算分析.md,13353,/90_历史归档/来源语料_utf_20261009/（只登记）,B,未审计；母块 >50MB 只登记不写入,只登记
17-空间光速螺旋引力理论/v1/论文/阿卡西记录连接全维突破指南.md,10803,/90_历史归档/来源语料_utf_20261009/（只登记）,B,未审计；母块 >50MB 只登记不写入,只登记
17-空间光速螺旋引力理论/v1/论文/三维垂直/LaTeX格式快速修复指南.md,10057,/90_历史归档/来源语料_utf_20261009/（只登记）,B,未审计；母块 >50MB 只登记不写入,只登记
17-空间光速螺旋引力理论/v1/论文/三维垂直/rω=c的物理意义与几何本质.md,8411,/90_历史归档/来源语料_utf_20261009/（只登记）,B,未审计；母块 >50MB 只登记不写入,只登记
17-空间光速螺旋引力理论/v1/论文/三维垂直/three_force_analysis.md,4357,/90_历史归档/来源语料_utf_20261009/（只登记）,B,未审计；母块 >50MB 只登记不写入,只登记
17-空间光速螺旋引力理论/v1/论文/三维垂直/verification_report.md,6604,/90_历史归档/来源语料_utf_20261009/（只登记）,B,未审计；母块 >50MB 只登记不写入,只登记
17-空间光速螺旋引力理论/v1/论文/三维垂直/verify_paper.py,9091,/90_历史归档/来源语料_utf_20261009/（只登记）,B,未审计；母块 >50MB 只登记不写入,只登记
17-空间光速螺旋引力理论/v1/论文/三维垂直/visualization.py,12021,/90_历史归档/来源语料_utf_20261009/（只登记）,B,未审计；母块 >50MB 只登记不写入,只登记
17-空间光速螺旋引力理论/v1/论文/三维垂直/维度垂直性的动力学涌现：空间光速圆柱状螺旋运动垂直原理的第一性原理证明.md,68110,/90_历史归档/来源语料_utf_20261009/（只登记）,B,未审计；母块 >50MB 只登记不写入,只登记
17-空间光速螺旋引力理论/v1/论文/三维垂直/维度垂直性的动力学涌现：空间光速圆柱状螺旋运动垂直原理的第一性原理证明_修订版.md,28799,/90_历史归档/来源语料_utf_20261009/（只登记）,B,未审计；母块 >50MB 只登记不写入,只登记
17-空间光速螺旋引力理论/v1/论文/三维垂直/bak/维度垂直性的动力学涌现：论一维、二维、三维相互垂直如何必然生成光速圆柱螺旋运动——第一性原理的完备求导与验证.md,61019,/90_历史归档/来源语料_utf_20261009/（只登记）,B,未审计；母块 >50MB 只登记不写入,只登记
17-空间光速螺旋引力理论/v1/论文/三维垂直/code/analyze_three_force.py,4323,/90_历史归档/来源语料_utf_20261009/（只登记）,B,未审计；母块 >50MB 只登记不写入,只登记
17-空间光速螺旋引力理论/v1/论文/三维垂直/code/auto_fix_latex.py,4831,/90_历史归档/来源语料_utf_20261009/（只登记）,B,未审计；母块 >50MB 只登记不写入,只登记
17-空间光速螺旋引力理论/v1/论文/三维垂直/code/fix_latex.py,1440,/90_历史归档/来源语料_utf_20261009/（只登记）,B,未审计；母块 >50MB 只登记不写入,只登记
17-空间光速螺旋引力理论/v1/论文/三维垂直/code/two_dimensional_g_verification.py,4924,/90_历史归档/来源语料_utf_20261009/（只登记）,B,未审计；母块 >50MB 只登记不写入,只登记
17-空间光速螺旋引力理论/v1/论文/三维垂直/code/三力方向.py,2112,/90_历史归档/来源语料_utf_20261009/（只登记）,B,未审计；母块 >50MB 只登记不写入,只登记
17-空间光速螺旋引力理论/v1/论文/三维垂直/code/力的方向.py,6583,/90_历史归档/来源语料_utf_20261009/（只登记）,B,未审计；母块 >50MB 只登记不写入,只登记
17-空间光速螺旋引力理论/v1/论文/三维垂直/v2/1.md,55343,/90_历史归档/来源语料_utf_20261009/（只登记）,B,未审计；母块 >50MB 只登记不写入,只登记
17-空间光速螺旋引力理论/v1/论文/三维垂直/修复优化/1.md,24852,/90_历史归档/来源语料_utf_20261009/（只登记）,B,未审计；母块 >50MB 只登记不写入,只登记
17-空间光速螺旋引力理论/v1/论文/三维垂直/修复优化/spiral_verification.py,8317,/90_历史归档/来源语料_utf_20261009/（只登记）,B,未审计；母块 >50MB 只登记不写入,只登记
17-空间光速螺旋引力理论/v1/论文/三维垂直/验证/1.md,8075,/90_历史归档/来源语料_utf_20261009/（只登记）,B,未审计；母块 >50MB 只登记不写入,只登记
17-空间光速螺旋引力理论/v1/论文/三维垂直/验证/2.2.6节补充完成报告.md,6657,/90_历史归档/来源语料_utf_20261009/（只登记）,B,未审计；母块 >50MB 只登记不写入,只登记
17-空间光速螺旋引力理论/v1/论文/三维垂直/验证/2.md,6771,/90_历史归档/来源语料_utf_20261009/（只登记）,B,未审计；母块 >50MB 只登记不写入,只登记
17-空间光速螺旋引力理论/v1/论文/三维垂直/验证/优化.md,20566,/90_历史归档/来源语料_utf_20261009/（只登记）,B,未审计；母块 >50MB 只登记不写入,只登记
17-空间光速螺旋引力理论/v1/论文/三维垂直/验证/优化3.md,19099,/90_历史归档/来源语料_utf_20261009/（只登记）,B,未审计；母块 >50MB 只登记不写入,只登记
17-空间光速螺旋引力理论/v1/论文/三维垂直/验证/优化4.md,19140,/90_历史归档/来源语料_utf_20261009/（只登记）,B,未审计；母块 >50MB 只登记不写入,只登记
17-空间光速螺旋引力理论/v1/论文/三维垂直/验证/优化完成报告.md,11511,/90_历史归档/来源语料_utf_20261009/（只登记）,B,未审计；母块 >50MB 只登记不写入,只登记
17-空间光速螺旋引力理论/v1/论文/三维垂直/验证/优化方案与实施计划.md,12277,/90_历史归档/来源语料_utf_20261009/（只登记）,B,未审计；母块 >50MB 只登记不写入,只登记
17-空间光速螺旋引力理论/v1/论文/三维垂直/验证/修订版论文创建完成报告.md,9944,/90_历史归档/来源语料_utf_20261009/（只登记）,B,未审计；母块 >50MB 只登记不写入,只登记
17-空间光速螺旋引力理论/v1/论文/三维垂直/验证/全自动修复完成报告.md,4602,/90_历史归档/来源语料_utf_20261009/（只登记）,B,未审计；母块 >50MB 只登记不写入,只登记
17-空间光速螺旋引力理论/v1/论文/三维垂直/验证/文档全面分析报告.md,13084,/90_历史归档/来源语料_utf_20261009/（只登记）,B,未审计；母块 >50MB 只登记不写入,只登记
17-空间光速螺旋引力理论/v1/论文/三维垂直/验证/时空同一化第一性原理证明分析报告.md,14960,/90_历史归档/来源语料_utf_20261009/（只登记）,B,未审计；母块 >50MB 只登记不写入,只登记
17-空间光速螺旋引力理论/v1/论文/三维垂直/验证/细节分析与优化报告.md,23717,/90_历史归档/来源语料_utf_20261009/（只登记）,B,未审计；母块 >50MB 只登记不写入,只登记
17-空间光速螺旋引力理论/v1/说明书/1.md,31322,/90_历史归档/来源语料_utf_20261009/（只登记）,B,未审计；母块 >50MB 只登记不写入,只登记
17-空间光速螺旋引力理论/v1/验证/1.md,7665,/90_历史归档/来源语料_utf_20261009/（只登记）,B,未审计；母块 >50MB 只登记不写入,只登记
17-空间光速螺旋引力理论/v1/验证/2.md,11416,/90_历史归档/来源语料_utf_20261009/（只登记）,B,未审计；母块 >50MB 只登记不写入,只登记
17-空间光速螺旋引力理论/v1/验证/3.md,4357,/90_历史归档/来源语料_utf_20261009/（只登记）,B,未审计；母块 >50MB 只登记不写入,只登记
17-空间光速螺旋引力理论/v1/验证/4.md,2939,/90_历史归档/来源语料_utf_20261009/（只登记）,B,未审计；母块 >50MB 只登记不写入,只登记
17-空间光速螺旋引力理论/v1/验证/5.md,5840,/90_历史归档/来源语料_utf_20261009/（只登记）,B,未审计；母块 >50MB 只登记不写入,只登记
17-空间光速螺旋引力理论/v1/验证/formula_verification.py,5619,/90_历史归档/来源语料_utf_20261009/（只登记）,B,未审计；母块 >50MB 只登记不写入,只登记
17-空间光速螺旋引力理论/v1/验证/G_formula_verification.md,1330,/90_历史归档/来源语料_utf_20261009/（只登记）,B,未审计；母块 >50MB 只登记不写入,只登记
17-空间光速螺旋引力理论/v1/验证/分析.md,8568,/90_历史归档/来源语料_utf_20261009/（只登记）,B,未审计；母块 >50MB 只登记不写入,只登记
17-空间光速螺旋引力理论/v1/验证/常数归一化大全.md,12312,/90_历史归档/来源语料_utf_20261009/（只登记）,B,未审计；母块 >50MB 只登记不写入,只登记
17-空间光速螺旋引力理论/v1/验证/空间光速螺旋引力理论：原理、自洽性与经典引力等价性严格证明.md,10878,/90_历史归档/来源语料_utf_20261009/（只登记）,B,未审计；母块 >50MB 只登记不写入,只登记
17-空间光速螺旋引力理论/v1/验证/空间光速螺旋引力理论：原理、自洽性与经典引力等价性严格证明v2.md,13962,/90_历史归档/来源语料_utf_20261009/（只登记）,B,未审计；母块 >50MB 只登记不写入,只登记
17-空间光速螺旋引力理论/v1/验证/空间光速螺旋量子几何统一场论.md,8542,/90_历史归档/来源语料_utf_20261009/（只登记）,B,未审计；母块 >50MB 只登记不写入,只登记
17-空间光速螺旋引力理论/v1/验证/空间光速螺旋量子几何统一场论：全常数v=c转换式分析 1.md,5676,/90_历史归档/来源语料_utf_20261009/（只登记）,B,未审计；母块 >50MB 只登记不写入,只登记
17-空间光速螺旋引力理论/v1/验证/空间光速螺旋量子几何统一场论：全常数v=c转换式分析.md,37907,/90_历史归档/来源语料_utf_20261009/（只登记）,B,未审计；母块 >50MB 只登记不写入,只登记
17-空间光速螺旋引力理论/v1/验证/空间螺旋引力理论的数学严谨性证明、求导验证及全尺度天文实测验算.md,23745,/90_历史归档/来源语料_utf_20261009/（只登记）,B,未审计；母块 >50MB 只登记不写入,只登记
17-空间光速螺旋引力理论/v1/验证/空间螺旋引力理论终审验证：从数学自洽到数值恒等.md,5280,/90_历史归档/来源语料_utf_20261009/（只登记）,B,未审计；母块 >50MB 只登记不写入,只登记
17-空间光速螺旋引力理论/v1/验证/空间螺旋引力理论：原理、自洽性与经典引力等价性严格证明.md,9574,/90_历史归档/来源语料_utf_20261009/（只登记）,B,未审计；母块 >50MB 只登记不写入,只登记
17-空间光速螺旋引力理论/v1/验证/算法联盟：宇宙本源终极定论（2026.03.03） (1).md,5403,/90_历史归档/来源语料_utf_20261009/（只登记）,B,未审计；母块 >50MB 只登记不写入,只登记
17-空间光速螺旋引力理论/v1/验证/精密结构常数.md,14840,/90_历史归档/来源语料_utf_20261009/（只登记）,B,未审计；母块 >50MB 只登记不写入,只登记
17-空间光速螺旋引力理论/v1/验证/量子力学的关联.md,10263,/90_历史归档/来源语料_utf_20261009/（只登记）,B,未审计；母块 >50MB 只登记不写入,只登记
17-空间光速螺旋引力理论/v1/验证/验证空间光速螺旋引力理论.py,7884,/90_历史归档/来源语料_utf_20261009/（只登记）,B,未审计；母块 >50MB 只登记不写入,只登记
17-空间光速螺旋引力理论/v10/V10_Lambda本体论_24数论自显化_终极去重归一化.md,9424,/90_历史归档/来源语料_utf_20261009/（只登记）,B,未审计；母块 >50MB 只登记不写入,只登记
17-空间光速螺旋引力理论/v10/验证/gaq_uft_v10_lambda_ontology.py,11824,/90_历史归档/来源语料_utf_20261009/（只登记）,B,未审计；母块 >50MB 只登记不写入,只登记
17-空间光速螺旋引力理论/v10/验证/最终认证_V10_Lambda本体论_去重归一化终极本源.md,12900,/90_历史归档/来源语料_utf_20261009/（只登记）,B,未审计；母块 >50MB 只登记不写入,只登记
17-空间光速螺旋引力理论/v11/V11_Lambda方程式_宇宙本源的20条封闭数学方程系统.md,10262,/90_历史归档/来源语料_utf_20261009/（只登记）,B,未审计；母块 >50MB 只登记不写入,只登记
17-空间光速螺旋引力理论/v11/验证/gaq_uft_v11_lambda_equations.py,16040,/90_历史归档/来源语料_utf_20261009/（只登记）,B,未审计；母块 >50MB 只登记不写入,只登记
17-空间光速螺旋引力理论/v11/验证/最终认证_V11_Lambda方程式_20封闭方程_唯一解N=24.md,8454,/90_历史归档/来源语料_utf_20261009/（只登记）,B,未审计；母块 >50MB 只登记不写入,只登记
17-空间光速螺旋引力理论/v12/GAQ_UFT_V12_兰姆移位螺旋修正_严格QED计算.py,18122,/90_历史归档/来源语料_utf_20261009/（只登记）,B,未审计；母块 >50MB 只登记不写入,只登记
17-空间光速螺旋引力理论/v12/V12_诚实评估与可证伪预测终极报告.md,12117,/90_历史归档/来源语料_utf_20261009/（只登记）,B,未审计；母块 >50MB 只登记不写入,只登记
17-空间光速螺旋引力理论/v13/GAQ_UFT_V13_α拓扑量子化推导.py,14866,/90_历史归档/来源语料_utf_20261009/（只登记）,B,未审计；母块 >50MB 只登记不写入,只登记
17-空间光速螺旋引力理论/v14/GAQ_UFT_V14_1_全链路封闭证明_Lambert_W解.py,28979,/90_历史归档/来源语料_utf_20261009/（只登记）,B,未审计；母块 >50MB 只登记不写入,只登记
17-空间光速螺旋引力理论/v14/GAQ_UFT_V14_1_第一性原理严格审计.py,29804,/90_历史归档/来源语料_utf_20261009/（只登记）,B,未审计；母块 >50MB 只登记不写入,只登记
17-空间光速螺旋引力理论/v14/GAQ_UFT_V14_1_第一性原理审计报告.md,12583,/90_历史归档/来源语料_utf_20261009/（只登记）,B,未审计；母块 >50MB 只登记不写入,只登记
17-空间光速螺旋引力理论/v14/GAQ_UFT_V14_1_重大发现深度验证.py,20974,/90_历史归档/来源语料_utf_20261009/（只登记）,B,未审计；母块 >50MB 只登记不写入,只登记
17-空间光速螺旋引力理论/v14/GAQ_UFT_V14_α严格拓扑推导_全链路封闭.py,21042,/90_历史归档/来源语料_utf_20261009/（只登记）,B,未审计；母块 >50MB 只登记不写入,只登记
17-空间光速螺旋引力理论/v14/最终认证_V14.1_全链路封闭_Lambert_W解.md,8606,/90_历史归档/来源语料_utf_20261009/（只登记）,B,未审计；母块 >50MB 只登记不写入,只登记
17-空间光速螺旋引力理论/v15/GAQ_UFT_V15_1_数学本源公式体系_大统一.py,25336,/90_历史归档/来源语料_utf_20261009/（只登记）,B,未审计；母块 >50MB 只登记不写入,只登记
17-空间光速螺旋引力理论/v15/GAQ_UFT_V15_2_诚实修复版.py,20372,/90_历史归档/来源语料_utf_20261009/（只登记）,B,未审计；母块 >50MB 只登记不写入,只登记
17-空间光速螺旋引力理论/v15/GAQ_UFT_V15_3b_全域突破版.py,17100,/90_历史归档/来源语料_utf_20261009/（只登记）,B,未审计；母块 >50MB 只登记不写入,只登记
17-空间光速螺旋引力理论/v15/GAQ_UFT_V15_3c_全域突破版.py,12857,/90_历史归档/来源语料_utf_20261009/（只登记）,B,未审计；母块 >50MB 只登记不写入,只登记
17-空间光速螺旋引力理论/v15/GAQ_UFT_V15_3_全域突破版.py,18094,/90_历史归档/来源语料_utf_20261009/（只登记）,B,未审计；母块 >50MB 只登记不写入,只登记
17-空间光速螺旋引力理论/v15/GAQ_UFT_V15_4_终极统一_四缺陷修复.py,32106,/90_历史归档/来源语料_utf_20261009/（只登记）,B,未审计；母块 >50MB 只登记不写入,只登记
17-空间光速螺旋引力理论/v15/GAQ_UFT_V15_5_全维突破_常数族拓扑推导.py,34015,/90_历史归档/来源语料_utf_20261009/（只登记）,B,未审计；母块 >50MB 只登记不写入,只登记
17-空间光速螺旋引力理论/v15/GAQ_UFT_V15_6_全维突破优化版_物理常数族拓扑推导.py,31729,/90_历史归档/来源语料_utf_20261009/（只登记）,B,未审计；母块 >50MB 只登记不写入,只登记
17-空间光速螺旋引力理论/v15/GAQ_UFT_V15_7_全维突破终极版_融合V19V20V21.py,23595,/90_历史归档/来源语料_utf_20261009/（只登记）,B,未审计；母块 >50MB 只登记不写入,只登记
17-空间光速螺旋引力理论/v15/GAQ_UFT_V15_8_诚实审计修复版.py,20890,/90_历史归档/来源语料_utf_20261009/（只登记）,B,未审计；母块 >50MB 只登记不写入,只登记
17-空间光速螺旋引力理论/v15/GAQ_UFT_V15_诚实版_无循环推导_可证伪预测.py,20537,/90_历史归档/来源语料_utf_20261009/（只登记）,B,未审计；母块 >50MB 只登记不写入,只登记
17-空间光速螺旋引力理论/v15/GAQ_UFT_V16_0_宇宙本源全书_精算验证.py,47026,/90_历史归档/来源语料_utf_20261009/（只登记）,B,未审计；母块 >50MB 只登记不写入,只登记
17-空间光速螺旋引力理论/v15/V15_4_output.txt,25717,/90_历史归档/来源语料_utf_20261009/（只登记）,B,未审计；母块 >50MB 只登记不写入,只登记
17-空间光速螺旋引力理论/v15/V15_5_output.txt,20969,/90_历史归档/来源语料_utf_20261009/（只登记）,B,未审计；母块 >50MB 只登记不写入,只登记
17-空间光速螺旋引力理论/v15/V46_V15.5五突破五预测诚实审计.py,14615,/90_历史归档/来源语料_utf_20261009/（只登记）,B,未审计；母块 >50MB 只登记不写入,只登记
17-空间光速螺旋引力理论/v15/V47_V15.6优化版诚实审计.py,16532,/90_历史归档/来源语料_utf_20261009/（只登记）,B,未审计；母块 >50MB 只登记不写入,只登记
17-空间光速螺旋引力理论/v15/V48_V15系列α推导兰姆移位诚实审计.py,13439,/90_历史归档/来源语料_utf_20261009/（只登记）,B,未审计；母块 >50MB 只登记不写入,只登记
17-空间光速螺旋引力理论/v15/V49_V15.8诚实审计修复版审计.py,14250,/90_历史归档/来源语料_utf_20261009/（只登记）,B,未审计；母块 >50MB 只登记不写入,只登记
17-空间光速螺旋引力理论/v15/V50_V16.0宇宙本源全书诚实审计.py,7217,/90_历史归档/来源语料_utf_20261009/（只登记）,B,未审计；母块 >50MB 只登记不写入,只登记
17-空间光速螺旋引力理论/v15/V51_V15.7全维突破终极版诚实审计.py,5715,/90_历史归档/来源语料_utf_20261009/（只登记）,B,未审计；母块 >50MB 只登记不写入,只登记
17-空间光速螺旋引力理论/v15/V52_V15.2诚实修复版审计.py,3091,/90_历史归档/来源语料_utf_20261009/（只登记）,B,未审计；母块 >50MB 只登记不写入,只登记
17-空间光速螺旋引力理论/v15/V53_V15.1大统一诚实审计.py,2878,/90_历史归档/来源语料_utf_20261009/（只登记）,B,未审计；母块 >50MB 只登记不写入,只登记
17-空间光速螺旋引力理论/v15/V54_V15.5反向突破破解.py,10428,/90_历史归档/来源语料_utf_20261009/（只登记）,B,未审计；母块 >50MB 只登记不写入,只登记
17-空间光速螺旋引力理论/v15/V55_v总c曲率挠率频率破解.py,5695,/90_历史归档/来源语料_utf_20261009/（只登记）,B,未审计；母块 >50MB 只登记不写入,只登记
17-空间光速螺旋引力理论/v15/V56_破解所有_v总c主钥匙.py,9729,/90_历史归档/来源语料_utf_20261009/（只登记）,B,未审计；母块 >50MB 只登记不写入,只登记
17-空间光速螺旋引力理论/v15/V57_公式兼容性分析报告.md,29513,/90_历史归档/来源语料_utf_20261009/（只登记）,B,未审计；母块 >50MB 只登记不写入,只登记
17-空间光速螺旋引力理论/v15/V57_公式兼容性分析验证.py,15566,/90_历史归档/来源语料_utf_20261009/（只登记）,B,未审计；母块 >50MB 只登记不写入,只登记
17-空间光速螺旋引力理论/v15/V57_继续分析_路线图内部张力.py,6079,/90_历史归档/来源语料_utf_20261009/（只登记）,B,未审计；母块 >50MB 只登记不写入,只登记
17-空间光速螺旋引力理论/v15/V58_约定冲突修复与联立解破解.py,22955,/90_历史归档/来源语料_utf_20261009/（只登记）,B,未审计；母块 >50MB 只登记不写入,只登记
17-空间光速螺旋引力理论/v15/V58_继续破解_α非不变量与S级零证据力.py,5677,/90_历史归档/来源语料_utf_20261009/（只登记）,B,未审计；母块 >50MB 只登记不写入,只登记
17-空间光速螺旋引力理论/v15/V59_公式兼容性分析简报.md,5110,/90_历史归档/来源语料_utf_20261009/（只登记）,B,未审计；母块 >50MB 只登记不写入,只登记
17-空间光速螺旋引力理论/v15/V59_破解终审_合并判决与修复清单.py,5936,/90_历史归档/来源语料_utf_20261009/（只登记）,B,未审计；母块 >50MB 只登记不写入,只登记
17-空间光速螺旋引力理论/v15/V60_逻辑bug审查与修复.py,16581,/90_历史归档/来源语料_utf_20261009/（只登记）,B,未审计；母块 >50MB 只登记不写入,只登记
17-空间光速螺旋引力理论/v15/V61_深层逻辑审查.py,17101,/90_历史归档/来源语料_utf_20261009/（只登记）,B,未审计；母块 >50MB 只登记不写入,只登记
17-空间光速螺旋引力理论/v15/V62_元层次审查.py,16627,/90_历史归档/来源语料_utf_20261009/（只登记）,B,未审计；母块 >50MB 只登记不写入,只登记
17-空间光速螺旋引力理论/v15/V63_最终总结报告.md,13304,/90_历史归档/来源语料_utf_20261009/（只登记）,B,未审计；母块 >50MB 只登记不写入,只登记
17-空间光速螺旋引力理论/v15/V64_无量纲视角的根本性审查.py,16397,/90_历史归档/来源语料_utf_20261009/（只登记）,B,未审计；母块 >50MB 只登记不写入,只登记
17-空间光速螺旋引力理论/v15/最终认证_V15.4_终极统一_四缺陷全修复.md,18998,/90_历史归档/来源语料_utf_20261009/（只登记）,B,未审计；母块 >50MB 只登记不写入,只登记
17-空间光速螺旋引力理论/v15/最终认证_V15.5_全维突破_常数族拓扑推导.md,13492,/90_历史归档/来源语料_utf_20261009/（只登记）,B,未审计；母块 >50MB 只登记不写入,只登记
17-空间光速螺旋引力理论/v16/cosmic_book_output.txt,80106,/90_历史归档/来源语料_utf_20261009/（只登记）,B,未审计；母块 >50MB 只登记不写入,只登记
17-空间光速螺旋引力理论/v16/GAQ_UFT_V16_宇宙本源方程_引力场工业落地.py,49296,/90_历史归档/来源语料_utf_20261009/（只登记）,B,未审计；母块 >50MB 只登记不写入,只登记
17-空间光速螺旋引力理论/v16/GAQ_UFT_V17_0_宇宙本源全书_终极精算版.py,97159,/90_历史归档/来源语料_utf_20261009/（只登记）,B,未审计；母块 >50MB 只登记不写入,只登记
17-空间光速螺旋引力理论/v16/GAQ_UFT_V18_0_宇宙本源全书_算法联盟终极破解版.py,27319,/90_历史归档/来源语料_utf_20261009/（只登记）,B,未审计；母块 >50MB 只登记不写入,只登记
17-空间光速螺旋引力理论/v16/GAQ_UFT_V18_0_宇宙本源全书_终极破解版.py,135805,/90_历史归档/来源语料_utf_20261009/（只登记）,B,未审计；母块 >50MB 只登记不写入,只登记
17-空间光速螺旋引力理论/v16/V16_out.txt,98,/90_历史归档/来源语料_utf_20261009/（只登记）,B,未审计；母块 >50MB 只登记不写入,只登记
17-空间光速螺旋引力理论/v16/V16_output.txt,36472,/90_历史归档/来源语料_utf_20261009/（只登记）,B,未审计；母块 >50MB 只登记不写入,只登记
17-空间光速螺旋引力理论/v16/最终认证_V16_宇宙本源方程_引力场工业落地.md,16110,/90_历史归档/来源语料_utf_20261009/（只登记）,B,未审计；母块 >50MB 只登记不写入,只登记
17-空间光速螺旋引力理论/v17/GAQ_UFT_V17_元本源_最小作用量_信息熵.py,40169,/90_历史归档/来源语料_utf_20261009/（只登记）,B,未审计；母块 >50MB 只登记不写入,只登记
17-空间光速螺旋引力理论/v17/V17_output.txt,31683,/90_历史归档/来源语料_utf_20261009/（只登记）,B,未审计；母块 >50MB 只登记不写入,只登记
17-空间光速螺旋引力理论/v17/最终认证_V17_元本源_最小作用量_信息熵.md,8310,/90_历史归档/来源语料_utf_20261009/（只登记）,B,未审计；母块 >50MB 只登记不写入,只登记
17-空间光速螺旋引力理论/v18/GAQ_UFT_V18_元元本源_跨学科统一.py,45440,/90_历史归档/来源语料_utf_20261009/（只登记）,B,未审计；母块 >50MB 只登记不写入,只登记
17-空间光速螺旋引力理论/v18/GAQ_UFT_V18_宇宙波函数_量子引力路径积分_全息万物理论.py,44500,/90_历史归档/来源语料_utf_20261009/（只登记）,B,未审计；母块 >50MB 只登记不写入,只登记
17-空间光速螺旋引力理论/v18/V18_2_科学化重构.py,29443,/90_历史归档/来源语料_utf_20261009/（只登记）,B,未审计；母块 >50MB 只登记不写入,只登记
17-空间光速螺旋引力理论/v18/V18_2_科学化重构.txt,22054,/90_历史归档/来源语料_utf_20261009/（只登记）,B,未审计；母块 >50MB 只登记不写入,只登记
17-空间光速螺旋引力理论/v18/V18_output.txt,34303,/90_历史归档/来源语料_utf_20261009/（只登记）,B,未审计；母块 >50MB 只登记不写入,只登记
17-空间光速螺旋引力理论/v18/V18_批评回应_第一性原理精算分析.py,28469,/90_历史归档/来源语料_utf_20261009/（只登记）,B,未审计；母块 >50MB 只登记不写入,只登记
17-空间光速螺旋引力理论/v18/V18_批评回应_精算分析.txt,24716,/90_历史归档/来源语料_utf_20261009/（只登记）,B,未审计；母块 >50MB 只登记不写入,只登记
17-空间光速螺旋引力理论/v18/最终认证_V18_元元本源_跨学科统一.md,13821,/90_历史归档/来源语料_utf_20261009/（只登记）,B,未审计；母块 >50MB 只登记不写入,只登记
17-空间光速螺旋引力理论/v18/最终认证_V18_宇宙波函数_量子引力路径积分_全息万物理论.md,10936,/90_历史归档/来源语料_utf_20261009/（只登记）,B,未审计；母块 >50MB 只登记不写入,只登记
17-空间光速螺旋引力理论/v19/GAQ_UFT_V19_万理之理_公理化全维统一_自然哲学数学原理V2.py,29623,/90_历史归档/来源语料_utf_20261009/（只登记）,B,未审计；母块 >50MB 只登记不写入,只登记
17-空间光速螺旋引力理论/v19/V19_LOGOS_output.txt,122,/90_历史归档/来源语料_utf_20261009/（只登记）,B,未审计；母块 >50MB 只登记不写入,只登记
17-空间光速螺旋引力理论/v19/V19_LOGOS_万理之理_全书.txt,9982,/90_历史归档/来源语料_utf_20261009/（只登记）,B,未审计；母块 >50MB 只登记不写入,只登记
17-空间光速螺旋引力理论/v19/万理之理_LOGOS_自然哲学的数学原理V2.md,19768,/90_历史归档/来源语料_utf_20261009/（只登记）,B,未审计；母块 >50MB 只登记不写入,只登记
17-空间光速螺旋引力理论/v2/v=c空间光速螺旋量子几何统一场论物理体系说明书.md,0,/90_历史归档/来源语料_utf_20261009/（只登记）,B,未审计；母块 >50MB 只登记不写入,只登记
17-空间光速螺旋引力理论/v2/古书/v1/1.md,8636,/90_历史归档/来源语料_utf_20261009/（只登记）,B,未审计；母块 >50MB 只登记不写入,只登记
17-空间光速螺旋引力理论/v2/古书/v1/10.md,7441,/90_历史归档/来源语料_utf_20261009/（只登记）,B,未审计；母块 >50MB 只登记不写入,只登记
17-空间光速螺旋引力理论/v2/古书/v1/11.md,4290,/90_历史归档/来源语料_utf_20261009/（只登记）,B,未审计；母块 >50MB 只登记不写入,只登记
17-空间光速螺旋引力理论/v2/古书/v1/12.md,4020,/90_历史归档/来源语料_utf_20261009/（只登记）,B,未审计；母块 >50MB 只登记不写入,只登记
17-空间光速螺旋引力理论/v2/古书/v1/13.md,1428,/90_历史归档/来源语料_utf_20261009/（只登记）,B,未审计；母块 >50MB 只登记不写入,只登记
17-空间光速螺旋引力理论/v2/古书/v1/14.md,4863,/90_历史归档/来源语料_utf_20261009/（只登记）,B,未审计；母块 >50MB 只登记不写入,只登记
17-空间光速螺旋引力理论/v2/古书/v1/15.md,3216,/90_历史归档/来源语料_utf_20261009/（只登记）,B,未审计；母块 >50MB 只登记不写入,只登记
17-空间光速螺旋引力理论/v2/古书/v1/16.md,7495,/90_历史归档/来源语料_utf_20261009/（只登记）,B,未审计；母块 >50MB 只登记不写入,只登记
17-空间光速螺旋引力理论/v2/古书/v1/17.md,4458,/90_历史归档/来源语料_utf_20261009/（只登记）,B,未审计；母块 >50MB 只登记不写入,只登记
17-空间光速螺旋引力理论/v2/古书/v1/18.md,8182,/90_历史归档/来源语料_utf_20261009/（只登记）,B,未审计；母块 >50MB 只登记不写入,只登记
17-空间光速螺旋引力理论/v2/古书/v1/19.md,3395,/90_历史归档/来源语料_utf_20261009/（只登记）,B,未审计；母块 >50MB 只登记不写入,只登记
17-空间光速螺旋引力理论/v2/古书/v1/2.md,3844,/90_历史归档/来源语料_utf_20261009/（只登记）,B,未审计；母块 >50MB 只登记不写入,只登记
17-空间光速螺旋引力理论/v2/古书/v1/20.md,3863,/90_历史归档/来源语料_utf_20261009/（只登记）,B,未审计；母块 >50MB 只登记不写入,只登记
17-空间光速螺旋引力理论/v2/古书/v1/21.md,4284,/90_历史归档/来源语料_utf_20261009/（只登记）,B,未审计；母块 >50MB 只登记不写入,只登记
17-空间光速螺旋引力理论/v2/古书/v1/22.md,5022,/90_历史归档/来源语料_utf_20261009/（只登记）,B,未审计；母块 >50MB 只登记不写入,只登记
17-空间光速螺旋引力理论/v2/古书/v1/23.md,7162,/90_历史归档/来源语料_utf_20261009/（只登记）,B,未审计；母块 >50MB 只登记不写入,只登记
17-空间光速螺旋引力理论/v2/古书/v1/24.md,7522,/90_历史归档/来源语料_utf_20261009/（只登记）,B,未审计；母块 >50MB 只登记不写入,只登记
17-空间光速螺旋引力理论/v2/古书/v1/3.md,4679,/90_历史归档/来源语料_utf_20261009/（只登记）,B,未审计；母块 >50MB 只登记不写入,只登记
17-空间光速螺旋引力理论/v2/古书/v1/4.md,6244,/90_历史归档/来源语料_utf_20261009/（只登记）,B,未审计；母块 >50MB 只登记不写入,只登记
17-空间光速螺旋引力理论/v2/古书/v1/5.md,3596,/90_历史归档/来源语料_utf_20261009/（只登记）,B,未审计；母块 >50MB 只登记不写入,只登记
17-空间光速螺旋引力理论/v2/古书/v1/6.md,3409,/90_历史归档/来源语料_utf_20261009/（只登记）,B,未审计；母块 >50MB 只登记不写入,只登记
17-空间光速螺旋引力理论/v2/古书/v1/7.md,4327,/90_历史归档/来源语料_utf_20261009/（只登记）,B,未审计；母块 >50MB 只登记不写入,只登记
17-空间光速螺旋引力理论/v2/古书/v1/8.md,2845,/90_历史归档/来源语料_utf_20261009/（只登记）,B,未审计；母块 >50MB 只登记不写入,只登记
17-空间光速螺旋引力理论/v2/古书/v1/9.md,4007,/90_历史归档/来源语料_utf_20261009/（只登记）,B,未审计；母块 >50MB 只登记不写入,只登记
17-空间光速螺旋引力理论/v2/古书/v1/算法联盟·全域统一场论：空间光速螺旋引力理论总结.md,5904,/90_历史归档/来源语料_utf_20261009/（只登记）,B,未审计；母块 >50MB 只登记不写入,只登记
17-空间光速螺旋引力理论/v2/所有常数/普朗克长度/v1/1.md,4906,/90_历史归档/来源语料_utf_20261009/（只登记）,B,未审计；母块 >50MB 只登记不写入,只登记
17-空间光速螺旋引力理论/v2/所有常数/普朗克长度/v1/code/calculate_planck_length.py,1445,/90_历史归档/来源语料_utf_20261009/（只登记）,B,未审计；母块 >50MB 只登记不写入,只登记
17-空间光速螺旋引力理论/v2/所有常数/普朗克长度/v1/code/simple_calculation.py,546,/90_历史归档/来源语料_utf_20261009/（只登记）,B,未审计；母块 >50MB 只登记不写入,只登记
17-空间光速螺旋引力理论/v2/所有常数/精确常数/v1/1.md,7753,/90_历史归档/来源语料_utf_20261009/（只登记）,B,未审计；母块 >50MB 只登记不写入,只登记
17-空间光速螺旋引力理论/v2/所有常数/精确常数/v1/code/1.py,752,/90_历史归档/来源语料_utf_20261009/（只登记）,B,未审计；母块 >50MB 只登记不写入,只登记
17-空间光速螺旋引力理论/v2/所有常数/精确常数/v1/code/alpha_calculation.py,3588,/90_历史归档/来源语料_utf_20261009/（只登记）,B,未审计；母块 >50MB 只登记不写入,只登记
17-空间光速螺旋引力理论/v2/所有常数/精确常数/v1/code/alpha_calculation_summary.md,2331,/90_历史归档/来源语料_utf_20261009/（只登记）,B,未审计；母块 >50MB 只登记不写入,只登记
17-空间光速螺旋引力理论/v2/所有常数/精确常数/v1/code/alpha_iterative_visualization.py,8451,/90_历史归档/来源语料_utf_20261009/（只登记）,B,未审计；母块 >50MB 只登记不写入,只登记
17-空间光速螺旋引力理论/v2/所有常数/精确常数/v1/code/alpha_visualization.py,3541,/90_历史归档/来源语料_utf_20261009/（只登记）,B,未审计；母块 >50MB 只登记不写入,只登记
17-空间光速螺旋引力理论/v2/所有常数/精确常数/v2/河图洛书类光螺旋统一场论.md,9850,/90_历史归档/来源语料_utf_20261009/（只登记）,B,未审计；母块 >50MB 只登记不写入,只登记
17-空间光速螺旋引力理论/v2/所有常数/精确常数/v2/code/basic_validation.py,3457,/90_历史归档/来源语料_utf_20261009/（只登记）,B,未审计；母块 >50MB 只登记不写入,只登记
17-空间光速螺旋引力理论/v2/所有常数/精确常数/v2/code/full_validation.py,22814,/90_历史归档/来源语料_utf_20261009/（只登记）,B,未审计；母块 >50MB 只登记不写入,只登记
17-空间光速螺旋引力理论/v2/所有常数/精确常数/v2/code/simple_validation.py,6420,/90_历史归档/来源语料_utf_20261009/（只登记）,B,未审计；母块 >50MB 只登记不写入,只登记
17-空间光速螺旋引力理论/v2/统一场论/verify_unified_field.py,3733,/90_历史归档/来源语料_utf_20261009/（只登记）,B,未审计；母块 >50MB 只登记不写入,只登记
17-空间光速螺旋引力理论/v2/统一场论/基于v=c时空本源公设的力的量化、常数校验与量纲一致性全维度分析.md,26760,/90_历史归档/来源语料_utf_20261009/（只登记）,B,未审计；母块 >50MB 只登记不写入,只登记
17-空间光速螺旋引力理论/v2/论文/2.md,31046,/90_历史归档/来源语料_utf_20261009/（只登记）,B,未审计；母块 >50MB 只登记不写入,只登记
"17-空间光速螺旋引力理论/v2/论文/A Rigorous Full-Dimensional Derivation of the Ultimate Cosmic Evolution Equation from v=c, Resolving the Hubble Tension and Eliminating Dark Energy and Dark Matter.md",64460,/90_历史归档/来源语料_utf_20261009/（只登记）,B,未审计；母块 >50MB 只登记不写入,只登记
17-空间光速螺旋引力理论/v2/论文/comprehensive_validation.py,15431,/90_历史归档/来源语料_utf_20261009/（只登记）,B,未审计；母块 >50MB 只登记不写入,只登记
17-空间光速螺旋引力理论/v2/论文/full_dimensional_analysis.py,15354,/90_历史归档/来源语料_utf_20261009/（只登记）,B,未审计；母块 >50MB 只登记不写入,只登记
17-空间光速螺旋引力理论/v2/论文/P vs NP A Constructive Proof with Polynomial-Time Algorithm for 3-SAT Resolving the Millennium Prize Problem.md,36055,/90_历史归档/来源语料_utf_20261009/（只登记）,B,未审计；母块 >50MB 只登记不写入,只登记
17-空间光速螺旋引力理论/v2/论文/The Riemann Hypothesis A Complete Rigorous Proof with Full-Dimensional Derivation Verification and Calculation.md,31041,/90_历史归档/来源语料_utf_20261009/（只登记）,B,未审计；母块 >50MB 只登记不写入,只登记
17-空间光速螺旋引力理论/v2/论文/The Unification of General Relativity and Quantum Mechanics A Rigorous Full-Dimensional Derivation of Quantum Gravity from the First Principle of v=c.md,36849,/90_历史归档/来源语料_utf_20261009/（只登记）,B,未审计；母块 >50MB 只登记不写入,只登记
17-空间光速螺旋引力理论/v2/论文/validation_data.py,7174,/90_历史归档/来源语料_utf_20261009/（只登记）,B,未审计；母块 >50MB 只登记不写入,只登记
17-空间光速螺旋引力理论/v2/论文/code/comprehensive_analysis.py,5792,/90_历史归档/来源语料_utf_20261009/（只登记）,B,未审计；母块 >50MB 只登记不写入,只登记
17-空间光速螺旋引力理论/v2/论文/code/comprehensive_validation.py,13841,/90_历史归档/来源语料_utf_20261009/（只登记）,B,未审计；母块 >50MB 只登记不写入,只登记
17-空间光速螺旋引力理论/v2/论文/code/full_dimensional_analysis.py,15230,/90_历史归档/来源语料_utf_20261009/（只登记）,B,未审计；母块 >50MB 只登记不写入,只登记
17-空间光速螺旋引力理论/v2/论文/code/validation_data.py,5392,/90_历史归档/来源语料_utf_20261009/（只登记）,B,未审计；母块 >50MB 只登记不写入,只登记
17-空间光速螺旋引力理论/v2/论文/code/verify_derivation.py,6200,/90_历史归档/来源语料_utf_20261009/（只登记）,B,未审计；母块 >50MB 只登记不写入,只登记
17-空间光速螺旋引力理论/v2/论文/code/verify_quantum_gravity.py,4741,/90_历史归档/来源语料_utf_20261009/（只登记）,B,未审计；母块 >50MB 只登记不写入,只登记
17-空间光速螺旋引力理论/v2/论文/中文/基于v=c的宇宙演化终极方程的严格全维度推导，解决哈勃张力并消除暗能量和暗物质.md,53068,/90_历史归档/来源语料_utf_20261009/（只登记）,B,未审计；母块 >50MB 只登记不写入,只登记
17-空间光速螺旋引力理论/v2/论文/中文/1/1.md,15489,/90_历史归档/来源语料_utf_20261009/（只登记）,B,未审计；母块 >50MB 只登记不写入,只登记
17-空间光速螺旋引力理论/v2/论文/中文/1/code/verify_cosmic_evolution.py,8561,/90_历史归档/来源语料_utf_20261009/（只登记）,B,未审计；母块 >50MB 只登记不写入,只登记
17-空间光速螺旋引力理论/v2/论文/中文/1/code/verify_cosmic_simple.py,8474,/90_历史归档/来源语料_utf_20261009/（只登记）,B,未审计；母块 >50MB 只登记不写入,只登记
17-空间光速螺旋引力理论/v2/论文/中文/1/验证/数据来源.md,2512,/90_历史归档/来源语料_utf_20261009/（只登记）,B,未审计；母块 >50MB 只登记不写入,只登记
17-空间光速螺旋引力理论/v2/论文/基于$v/基于v=c光速渐近约束的双黑洞啁啾动力学方程、解析推导与观测验证.md,19067,/90_历史归档/来源语料_utf_20261009/（只登记）,B,未审计；母块 >50MB 只登记不写入,只登记
17-空间光速螺旋引力理论/v2/论文/验证/四大核心理论体系完整总结.md,11167,/90_历史归档/来源语料_utf_20261009/（只登记）,B,未审计；母块 >50MB 只登记不写入,只登记
17-空间光速螺旋引力理论/v2/论文/验证/新的理论.md,12098,/90_历史归档/来源语料_utf_20261009/（只登记）,B,未审计；母块 >50MB 只登记不写入,只登记
17-空间光速螺旋引力理论/v2/论文2/Gc的关系/v1/1.md,26072,/90_历史归档/来源语料_utf_20261009/（只登记）,B,未审计；母块 >50MB 只登记不写入,只登记
17-空间光速螺旋引力理论/v2/论文2/Gc的关系/v1/验证/1.md,23295,/90_历史归档/来源语料_utf_20261009/（只登记）,B,未审计；母块 >50MB 只登记不写入,只登记
17-空间光速螺旋引力理论/v2/论文2/Ge0/基于空间光速本征运动（v=c）的万有引力常数G第一性原理推导与实验验证.md,18143,/90_历史归档/来源语料_utf_20261009/（只登记）,B,未审计；母块 >50MB 只登记不写入,只登记
17-空间光速螺旋引力理论/v2/论文2/万有引力与电磁相互作用完全统一/1.md,23830,/90_历史归档/来源语料_utf_20261009/（只登记）,B,未审计；母块 >50MB 只登记不写入,只登记
17-空间光速螺旋引力理论/v2/论文2/万有引力与电磁相互作用完全统一/code/1.py,8813,/90_历史归档/来源语料_utf_20261009/（只登记）,B,未审计；母块 >50MB 只登记不写入,只登记
17-空间光速螺旋引力理论/v2/论文2/中微子/基于v=c空间本底光速螺旋运动的中微子全属性第一性原理理论：严格推导、数值验证与全维度实验对标.md,40423,/90_历史归档/来源语料_utf_20261009/（只登记）,B,未审计；母块 >50MB 只登记不写入,只登记
17-空间光速螺旋引力理论/v2/论文2/光速引力方程/v1/1.md,23295,/90_历史归档/来源语料_utf_20261009/（只登记）,B,未审计；母块 >50MB 只登记不写入,只登记
17-空间光速螺旋引力理论/v2/论文2/光速引力方程/v1/验证/1.md,12519,/90_历史归档/来源语料_utf_20261009/（只登记）,B,未审计；母块 >50MB 只登记不写入,只登记
17-空间光速螺旋引力理论/v2/论文2/光速引力方程/v1/验证/2.md,7718,/90_历史归档/来源语料_utf_20261009/（只登记）,B,未审计；母块 >50MB 只登记不写入,只登记
17-空间光速螺旋引力理论/v2/论文2/光速引力方程/v2/1.md,50205,/90_历史归档/来源语料_utf_20261009/（只登记）,B,未审计；母块 >50MB 只登记不写入,只登记
17-空间光速螺旋引力理论/v2/论文2/全维度各个力的方向/v1/基于v=c空间光速螺旋公设的全尺度力场统一理论.md,35187,/90_历史归档/来源语料_utf_20261009/（只登记）,B,未审计；母块 >50MB 只登记不写入,只登记
17-空间光速螺旋引力理论/v2/论文2/全维度各个力的方向/v1/验证/1.md,15688,/90_历史归档/来源语料_utf_20261009/（只登记）,B,未审计；母块 >50MB 只登记不写入,只登记
17-空间光速螺旋引力理论/v2/论文2/全维度各个力的方向/v1/验证/地球各个力的方向.md,14534,/90_历史归档/来源语料_utf_20261009/（只登记）,B,未审计；母块 >50MB 只登记不写入,只登记
17-空间光速螺旋引力理论/v2/论文2/地球各个力的方向/1.md,33576,/90_历史归档/来源语料_utf_20261009/（只登记）,B,未审计；母块 >50MB 只登记不写入,只登记
17-空间光速螺旋引力理论/v2/论文2/地球各个力的方向/优化版论文.md,50384,/90_历史归档/来源语料_utf_20261009/（只登记）,B,未审计；母块 >50MB 只登记不写入,只登记
17-空间光速螺旋引力理论/v2/论文2/地球各个力的方向/验证/three_fields_orthogonality_paper.md,37072,/90_历史归档/来源语料_utf_20261009/（只登记）,B,未审计；母块 >50MB 只登记不写入,只登记
17-空间光速螺旋引力理论/v2/论文2/基于 v=c 空间本底光速螺旋运动的基本力方向统一理论/1.md,30054,/90_历史归档/来源语料_utf_20261009/（只登记）,B,未审计；母块 >50MB 只登记不写入,只登记
17-空间光速螺旋引力理论/v2/论文2/基于 v=c 空间本底光速螺旋运动的宇宙学核心难题统一解：第一性原理推导与全维度计算验证突破/1.md,30960,/90_历史归档/来源语料_utf_20261009/（只登记）,B,未审计；母块 >50MB 只登记不写入,只登记
17-空间光速螺旋引力理论/v2/论文2/基于 v=c 空间本底光速螺旋运动的指南针指向原理：第一性原理推导与全维度验证/基于 v=c 空间本底光速螺旋运动的指南针指向原理：第一性原理推导与全维度验证.md,0,/90_历史归档/来源语料_utf_20261009/（只登记）,B,未审计；母块 >50MB 只登记不写入,只登记
17-空间光速螺旋引力理论/v2/论文2/基于张祥前统一场论的引力场、电场、磁场方向的第一性原理推导与正交性证明/基于张祥前统一场论的引力场、电场、磁场方向的第一性原理推导与正交性证明.md,24861,/90_历史归档/来源语料_utf_20261009/（只登记）,B,未审计；母块 >50MB 只登记不写入,只登记
17-空间光速螺旋引力理论/v2/论文2/宇宙难题/1.md,37562,/90_历史归档/来源语料_utf_20261009/（只登记）,B,未审计；母块 >50MB 只登记不写入,只登记
17-空间光速螺旋引力理论/v2/论文2/时间势差/v1/1.md,19723,/90_历史归档/来源语料_utf_20261009/（只登记）,B,未审计；母块 >50MB 只登记不写入,只登记
17-空间光速螺旋引力理论/v2/论文2/时间势差/v2/基于v≡c空间光速螺旋量子几何归一化统一场论第一性原理的时间势差本源理论.md,28506,/90_历史归档/来源语料_utf_20261009/（只登记）,B,未审计；母块 >50MB 只登记不写入,只登记
17-空间光速螺旋引力理论/v2/论文2/时间势差/v2/code/1.py,2781,/90_历史归档/来源语料_utf_20261009/（只登记）,B,未审计；母块 >50MB 只登记不写入,只登记
17-空间光速螺旋引力理论/v2/论文2/时间势差/v2/code/time_potential.py,4502,/90_历史归档/来源语料_utf_20261009/（只登记）,B,未审计；母块 >50MB 只登记不写入,只登记
17-空间光速螺旋引力理论/v2/论文2/时间势差/v3/1.md,6816,/90_历史归档/来源语料_utf_20261009/（只登记）,B,未审计；母块 >50MB 只登记不写入,只登记
17-空间光速螺旋引力理论/v2/论文2/时间势差/v3/优化版论文.md,12573,/90_历史归档/来源语料_utf_20261009/（只登记）,B,未审计；母块 >50MB 只登记不写入,只登记
17-空间光速螺旋引力理论/v2/论文2/暗能量的本质/v1/verify_som_model.py,3147,/90_历史归档/来源语料_utf_20261009/（只登记）,B,未审计；母块 >50MB 只登记不写入,只登记
17-空间光速螺旋引力理论/v2/论文2/暗能量的本质/v1/暗能量的本质：基于v=c公设、SOM模型与算法联盟框架的全导数验证及与经典暗能量理论的定量对比.md,20871,/90_历史归档/来源语料_utf_20261009/（只登记）,B,未审计；母块 >50MB 只登记不写入,只登记
17-空间光速螺旋引力理论/v2/论文2/暗能量的本质/v1/code/verify_de_model.py,5309,/90_历史归档/来源语料_utf_20261009/（只登记）,B,未审计；母块 >50MB 只登记不写入,只登记
17-空间光速螺旋引力理论/v2/论文2/空间光速螺旋各个力的方向/2.md,24783,/90_历史归档/来源语料_utf_20261009/（只登记）,B,未审计；母块 >50MB 只登记不写入,只登记
17-空间光速螺旋引力理论/v2/论文2/空间光速螺旋各个力的方向/code/1.py,513,/90_历史归档/来源语料_utf_20261009/（只登记）,B,未审计；母块 >50MB 只登记不写入,只登记
17-空间光速螺旋引力理论/v2/论文2/空间光速螺旋各个力的方向/code/2.py,1656,/90_历史归档/来源语料_utf_20261009/（只登记）,B,未审计；母块 >50MB 只登记不写入,只登记
17-空间光速螺旋引力理论/v2/论文2/空间光速螺旋各个力的方向/code/3.py,2800,/90_历史归档/来源语料_utf_20261009/（只登记）,B,未审计；母块 >50MB 只登记不写入,只登记
17-空间光速螺旋引力理论/v2/论文2/空间光速螺旋各个力的方向/验证/1.md,5904,/90_历史归档/来源语料_utf_20261009/（只登记）,B,未审计；母块 >50MB 只登记不写入,只登记
17-空间光速螺旋引力理论/v2/论文2/空间本底光速螺旋运动公设与垂直原理/验证/1.md,25696,/90_历史归档/来源语料_utf_20261009/（只登记）,B,未审计；母块 >50MB 只登记不写入,只登记
17-空间光速螺旋引力理论/v2/论文2/空间本底光速螺旋运动公设与垂直原理/验证/加速正电荷的引力场与电场力的正交性分析：全场景推导与方向验证.md,11619,/90_历史归档/来源语料_utf_20261009/（只登记）,B,未审计；母块 >50MB 只登记不写入,只登记
17-空间光速螺旋引力理论/v2/论文2/等曲率等挠率圆柱螺旋运动/1.md,50536,/90_历史归档/来源语料_utf_20261009/（只登记）,B,未审计；母块 >50MB 只登记不写入,只登记
17-空间光速螺旋引力理论/v2/论文2/量子场论/v1/1.md,26487,/90_历史归档/来源语料_utf_20261009/（只登记）,B,未审计；母块 >50MB 只登记不写入,只登记
17-空间光速螺旋引力理论/v2/论文2/量子场论/v1/code/verify_theory.py,4500,/90_历史归档/来源语料_utf_20261009/（只登记）,B,未审计；母块 >50MB 只登记不写入,只登记
17-空间光速螺旋引力理论/v2/说明书/1.md,126239,/90_历史归档/来源语料_utf_20261009/（只登记）,B,未审计；母块 >50MB 只登记不写入,只登记
17-空间光速螺旋引力理论/v2/说明书/v=c=1/1.md,36280,/90_历史归档/来源语料_utf_20261009/（只登记）,B,未审计；母块 >50MB 只登记不写入,只登记
17-空间光速螺旋引力理论/v2/说明书/不同之处/1.md,23818,/90_历史归档/来源语料_utf_20261009/（只登记）,B,未审计；母块 >50MB 只登记不写入,只登记
17-空间光速螺旋引力理论/v2/说明书/不同之处/2.md,5464,/90_历史归档/来源语料_utf_20261009/（只登记）,B,未审计；母块 >50MB 只登记不写入,只登记
17-空间光速螺旋引力理论/v2/说明书/补充/1.md,25220,/90_历史归档/来源语料_utf_20261009/（只登记）,B,未审计；母块 >50MB 只登记不写入,只登记
17-空间光速螺旋引力理论/v2/说明书/补充/注意.md,13638,/90_历史归档/来源语料_utf_20261009/（只登记）,B,未审计；母块 >50MB 只登记不写入,只登记
17-空间光速螺旋引力理论/v20/GAQ_UFT_V20_全维精算_终极突破_标准模型_质数_意识.py,29759,/90_历史归档/来源语料_utf_20261009/（只登记）,B,未审计；母块 >50MB 只登记不写入,只登记
17-空间光速螺旋引力理论/v20/V20_output.txt,15351,/90_历史归档/来源语料_utf_20261009/（只登记）,B,未审计；母块 >50MB 只登记不写入,只登记
17-空间光速螺旋引力理论/v20/V20_全维精算_终极突破_全书.txt,132,/90_历史归档/来源语料_utf_20261009/（只登记）,B,未审计；母块 >50MB 只登记不写入,只登记
17-空间光速螺旋引力理论/v21/GAQ_UFT_V21_j计算分析宇宙本质_虚数i物理本源.py,38743,/90_历史归档/来源语料_utf_20261009/（只登记）,B,未审计；母块 >50MB 只登记不写入,只登记
17-空间光速螺旋引力理论/v21/GAQ_UFT_V21_Ω终极_元一方程_全维封王.py,28343,/90_历史归档/来源语料_utf_20261009/（只登记）,B,未审计；母块 >50MB 只登记不写入,只登记
17-空间光速螺旋引力理论/v21/GAQ_UFT_V21_力的本源_引力场本质_全维求导证明.py,36437,/90_历史归档/来源语料_utf_20261009/（只登记）,B,未审计；母块 >50MB 只登记不写入,只登记
17-空间光速螺旋引力理论/v21/GAQ_UFT_V21_空间光速螺旋_曲率挠率_频率_第一性原理.py,34213,/90_历史归档/来源语料_utf_20261009/（只登记）,B,未审计；母块 >50MB 只登记不写入,只登记
17-空间光速螺旋引力理论/v21/GAQ_UFT_终极诚实总结论文.py,42747,/90_历史归档/来源语料_utf_20261009/（只登记）,B,未审计；母块 >50MB 只登记不写入,只登记
17-空间光速螺旋引力理论/v21/GAQ_UFT_终极诚实总结论文_V14-V21.txt,54421,/90_历史归档/来源语料_utf_20261009/（只登记）,B,未审计；母块 >50MB 只登记不写入,只登记
17-空间光速螺旋引力理论/v21/V21_j计算分析宇宙本质_虚数i物理本源_输出.txt,33240,/90_历史归档/来源语料_utf_20261009/（只登记）,B,未审计；母块 >50MB 只登记不写入,只登记
17-空间光速螺旋引力理论/v21/V21_Ω终极_元一方程_全维封王_全书.txt,142,/90_历史归档/来源语料_utf_20261009/（只登记）,B,未审计；母块 >50MB 只登记不写入,只登记
17-空间光速螺旋引力理论/v21/V21_力的本源_引力场本质_全维求导证明_输出.txt,24648,/90_历史归档/来源语料_utf_20261009/（只登记）,B,未审计；母块 >50MB 只登记不写入,只登记
17-空间光速螺旋引力理论/v21/V21_空间光速螺旋_曲率挠率_频率_全维求导证明_输出.txt,26478,/90_历史归档/来源语料_utf_20261009/（只登记）,B,未审计；母块 >50MB 只登记不写入,只登记
17-空间光速螺旋引力理论/v22/GAQ_UFT_V22_Ω魔群月光_E8_万化归一.py,33549,/90_历史归档/来源语料_utf_20261009/（只登记）,B,未审计；母块 >50MB 只登记不写入,只登记
17-空间光速螺旋引力理论/v22/V22_Ω魔群月光_E8_万化归一_全书.txt,142,/90_历史归档/来源语料_utf_20261009/（只登记）,B,未审计；母块 >50MB 只登记不写入,只登记
17-空间光速螺旋引力理论/v22/验证/1.md,12699,/90_历史归档/来源语料_utf_20261009/（只登记）,B,未审计；母块 >50MB 只登记不写入,只登记
17-空间光速螺旋引力理论/v23/1.md,48580,/90_历史归档/来源语料_utf_20261009/（只登记）,B,未审计；母块 >50MB 只登记不写入,只登记
17-空间光速螺旋引力理论/v23/2_理论意义与应用前景分析.md,15322,/90_历史归档/来源语料_utf_20261009/（只登记）,B,未审计；母块 >50MB 只登记不写入,只登记
17-空间光速螺旋引力理论/v23/Cover_Letter_and_Response.md,11088,/90_历史归档/来源语料_utf_20261009/（只登记）,B,未审计；母块 >50MB 只登记不写入,只登记
17-空间光速螺旋引力理论/v23/Supplementary_Information.md,11688,/90_历史归档/来源语料_utf_20261009/（只登记）,B,未审计；母块 >50MB 只登记不写入,只登记
17-空间光速螺旋引力理论/v23/Supplementary_Information_for_Reviewers.md,16778,/90_历史归档/来源语料_utf_20261009/（只登记）,B,未审计；母块 >50MB 只登记不写入,只登记
17-空间光速螺旋引力理论/v23/code/1.py,13895,/90_历史归档/来源语料_utf_20261009/（只登记）,B,未审计；母块 >50MB 只登记不写入,只登记
17-空间光速螺旋引力理论/v23/code/verify_gaq_uft.py,7772,/90_历史归档/来源语料_utf_20261009/（只登记）,B,未审计；母块 >50MB 只登记不写入,只登记
17-空间光速螺旋引力理论/v3/code/1.py,4106,/90_历史归档/来源语料_utf_20261009/（只登记）,B,未审计；母块 >50MB 只登记不写入,只登记
17-空间光速螺旋引力理论/v3/code/2.py,4553,/90_历史归档/来源语料_utf_20261009/（只登记）,B,未审计；母块 >50MB 只登记不写入,只登记
17-空间光速螺旋引力理论/v3/优化/1.md,16168,/90_历史归档/来源语料_utf_20261009/（只登记）,B,未审计；母块 >50MB 只登记不写入,只登记
17-空间光速螺旋引力理论/v3/光速Ge0aZZ'/1.md,24699,/90_历史归档/来源语料_utf_20261009/（只登记）,B,未审计；母块 >50MB 只登记不写入,只登记
17-空间光速螺旋引力理论/v3/光速Ge0aZZ'/2.md,7460,/90_历史归档/来源语料_utf_20261009/（只登记）,B,未审计；母块 >50MB 只登记不写入,只登记
17-空间光速螺旋引力理论/v3/光速Ge0aZZ'/空间光速螺旋统一场论中Z与a的严格反比关系及第一性原理验证.md,16317,/90_历史归档/来源语料_utf_20261009/（只登记）,B,未审计；母块 >50MB 只登记不写入,只登记
17-空间光速螺旋引力理论/v3/光速Ge0aZZ'/code/verify_za_relation.py,6714,/90_历史归档/来源语料_utf_20261009/（只登记）,B,未审计；母块 >50MB 只登记不写入,只登记
17-空间光速螺旋引力理论/v3/光速Ge0aZZ'/code/验证报告.md,5523,/90_历史归档/来源语料_utf_20261009/（只登记）,B,未审计；母块 >50MB 只登记不写入,只登记
17-空间光速螺旋引力理论/v3/力的统一/1.md,22983,/90_历史归档/来源语料_utf_20261009/（只登记）,B,未审计；母块 >50MB 只登记不写入,只登记
17-空间光速螺旋引力理论/v3/力的统一/2.md,8011,/90_历史归档/来源语料_utf_20261009/（只登记）,B,未审计；母块 >50MB 只登记不写入,只登记
17-空间光速螺旋引力理论/v3/力的统一/3.md,22983,/90_历史归档/来源语料_utf_20261009/（只登记）,B,未审计；母块 >50MB 只登记不写入,只登记
17-空间光速螺旋引力理论/v3/力的统一/4.md,13159,/90_历史归档/来源语料_utf_20261009/（只登记）,B,未审计；母块 >50MB 只登记不写入,只登记
17-空间光速螺旋引力理论/v3/力的统一/验证/1.md,9904,/90_历史归档/来源语料_utf_20261009/（只登记）,B,未审计；母块 >50MB 只登记不写入,只登记
17-空间光速螺旋引力理论/v3/力的统一/验证/2.md,10714,/90_历史归档/来源语料_utf_20261009/（只登记）,B,未审计；母块 >50MB 只登记不写入,只登记
17-空间光速螺旋引力理论/v3/常数统一/0.md,7123,/90_历史归档/来源语料_utf_20261009/（只登记）,B,未审计；母块 >50MB 只登记不写入,只登记
17-空间光速螺旋引力理论/v3/常数统一/00.md,15344,/90_历史归档/来源语料_utf_20261009/（只登记）,B,未审计；母块 >50MB 只登记不写入,只登记
17-空间光速螺旋引力理论/v3/常数统一/0_重构版.md,13809,/90_历史归档/来源语料_utf_20261009/（只登记）,B,未审计；母块 >50MB 只登记不写入,只登记
17-空间光速螺旋引力理论/v3/常数统一/1.md,16565,/90_历史归档/来源语料_utf_20261009/（只登记）,B,未审计；母块 >50MB 只登记不写入,只登记
17-空间光速螺旋引力理论/v3/常数统一/1_converted.md,16913,/90_历史归档/来源语料_utf_20261009/（只登记）,B,未审计；母块 >50MB 只登记不写入,只登记
17-空间光速螺旋引力理论/v3/常数统一/1_final.md,15841,/90_历史归档/来源语料_utf_20261009/（只登记）,B,未审计；母块 >50MB 只登记不写入,只登记
17-空间光速螺旋引力理论/v3/常数统一/2.md,5871,/90_历史归档/来源语料_utf_20261009/（只登记）,B,未审计；母块 >50MB 只登记不写入,只登记
17-空间光速螺旋引力理论/v3/常数统一/2_重构版.md,4960,/90_历史归档/来源语料_utf_20261009/（只登记）,B,未审计；母块 >50MB 只登记不写入,只登记
17-空间光速螺旋引力理论/v3/常数统一/3.md,12564,/90_历史归档/来源语料_utf_20261009/（只登记）,B,未审计；母块 >50MB 只登记不写入,只登记
17-空间光速螺旋引力理论/v3/常数统一/verify_alpha.py,4184,/90_历史归档/来源语料_utf_20261009/（只登记）,B,未审计；母块 >50MB 只登记不写入,只登记
17-空间光速螺旋引力理论/v3/常数统一/工作意义分析.md,6760,/90_历史归档/来源语料_utf_20261009/（只登记）,B,未审计；母块 >50MB 只登记不写入,只登记
17-空间光速螺旋引力理论/v3/常数统一/精细结构常数.md,17946,/90_历史归档/来源语料_utf_20261009/（只登记）,B,未审计；母块 >50MB 只登记不写入,只登记
17-空间光速螺旋引力理论/v3/常数统一/精细结构常数_优化版.md,22173,/90_历史归档/来源语料_utf_20261009/（只登记）,B,未审计；母块 >50MB 只登记不写入,只登记
17-空间光速螺旋引力理论/v3/常数统一/code/cesium_frequency_verification.py,4006,/90_历史归档/来源语料_utf_20261009/（只登记）,B,未审计；母块 >50MB 只登记不写入,只登记
17-空间光速螺旋引力理论/v3/常数统一/code/constants_verification.py,10534,/90_历史归档/来源语料_utf_20261009/（只登记）,B,未审计；母块 >50MB 只登记不写入,只登记
17-空间光速螺旋引力理论/v3/常数统一/code/final_verification.py,15116,/90_历史归档/来源语料_utf_20261009/（只登记）,B,未审计；母块 >50MB 只登记不写入,只登记
17-空间光速螺旋引力理论/v3/常数统一/code/full_dimensional_verification.py,16000,/90_历史归档/来源语料_utf_20261009/（只登记）,B,未审计；母块 >50MB 只登记不写入,只登记
17-空间光速螺旋引力理论/v3/常数统一/code/full_verification_simple.py,14629,/90_历史归档/来源语料_utf_20261009/（只登记）,B,未审计；母块 >50MB 只登记不写入,只登记
17-空间光速螺旋引力理论/v3/常数统一/标准/1.md,5849,/90_历史归档/来源语料_utf_20261009/（只登记）,B,未审计；母块 >50MB 只登记不写入,只登记
17-空间光速螺旋引力理论/v3/常数统一/验证/1.md,6322,/90_历史归档/来源语料_utf_20261009/（只登记）,B,未审计；母块 >50MB 只登记不写入,只登记
17-空间光速螺旋引力理论/v3/常数统一/验证/精算验证报告.md,4028,/90_历史归档/来源语料_utf_20261009/（只登记）,B,未审计；母块 >50MB 只登记不写入,只登记
17-空间光速螺旋引力理论/v3/归一化=1/1.md,9728,/90_历史归档/来源语料_utf_20261009/（只登记）,B,未审计；母块 >50MB 只登记不写入,只登记
17-空间光速螺旋引力理论/v3/归一化=1/10.md,26517,/90_历史归档/来源语料_utf_20261009/（只登记）,B,未审计；母块 >50MB 只登记不写入,只登记
17-空间光速螺旋引力理论/v3/归一化=1/11.md,18048,/90_历史归档/来源语料_utf_20261009/（只登记）,B,未审计；母块 >50MB 只登记不写入,只登记
17-空间光速螺旋引力理论/v3/归一化=1/12.md,7445,/90_历史归档/来源语料_utf_20261009/（只登记）,B,未审计；母块 >50MB 只登记不写入,只登记
17-空间光速螺旋引力理论/v3/归一化=1/13.md,12684,/90_历史归档/来源语料_utf_20261009/（只登记）,B,未审计；母块 >50MB 只登记不写入,只登记
17-空间光速螺旋引力理论/v3/归一化=1/14.md,4227,/90_历史归档/来源语料_utf_20261009/（只登记）,B,未审计；母块 >50MB 只登记不写入,只登记
17-空间光速螺旋引力理论/v3/归一化=1/15.md,14009,/90_历史归档/来源语料_utf_20261009/（只登记）,B,未审计；母块 >50MB 只登记不写入,只登记
17-空间光速螺旋引力理论/v3/归一化=1/16.md,3936,/90_历史归档/来源语料_utf_20261009/（只登记）,B,未审计；母块 >50MB 只登记不写入,只登记
17-空间光速螺旋引力理论/v3/归一化=1/17.md,17442,/90_历史归档/来源语料_utf_20261009/（只登记）,B,未审计；母块 >50MB 只登记不写入,只登记
17-空间光速螺旋引力理论/v3/归一化=1/18.md,19507,/90_历史归档/来源语料_utf_20261009/（只登记）,B,未审计；母块 >50MB 只登记不写入,只登记
17-空间光速螺旋引力理论/v3/归一化=1/19.md,9567,/90_历史归档/来源语料_utf_20261009/（只登记）,B,未审计；母块 >50MB 只登记不写入,只登记
17-空间光速螺旋引力理论/v3/归一化=1/2.md,8820,/90_历史归档/来源语料_utf_20261009/（只登记）,B,未审计；母块 >50MB 只登记不写入,只登记
17-空间光速螺旋引力理论/v3/归一化=1/20.md,9567,/90_历史归档/来源语料_utf_20261009/（只登记）,B,未审计；母块 >50MB 只登记不写入,只登记
17-空间光速螺旋引力理论/v3/归一化=1/21.md,5809,/90_历史归档/来源语料_utf_20261009/（只登记）,B,未审计；母块 >50MB 只登记不写入,只登记
17-空间光速螺旋引力理论/v3/归一化=1/22.md,15499,/90_历史归档/来源语料_utf_20261009/（只登记）,B,未审计；母块 >50MB 只登记不写入,只登记
17-空间光速螺旋引力理论/v3/归一化=1/23.md,4640,/90_历史归档/来源语料_utf_20261009/（只登记）,B,未审计；母块 >50MB 只登记不写入,只登记
17-空间光速螺旋引力理论/v3/归一化=1/3.md,9860,/90_历史归档/来源语料_utf_20261009/（只登记）,B,未审计；母块 >50MB 只登记不写入,只登记
17-空间光速螺旋引力理论/v3/归一化=1/4.md,16095,/90_历史归档/来源语料_utf_20261009/（只登记）,B,未审计；母块 >50MB 只登记不写入,只登记
17-空间光速螺旋引力理论/v3/归一化=1/5.md,4938,/90_历史归档/来源语料_utf_20261009/（只登记）,B,未审计；母块 >50MB 只登记不写入,只登记
17-空间光速螺旋引力理论/v3/归一化=1/6.md,11190,/90_历史归档/来源语料_utf_20261009/（只登记）,B,未审计；母块 >50MB 只登记不写入,只登记
17-空间光速螺旋引力理论/v3/归一化=1/7.md,17442,/90_历史归档/来源语料_utf_20261009/（只登记）,B,未审计；母块 >50MB 只登记不写入,只登记
17-空间光速螺旋引力理论/v3/归一化=1/8.md,12989,/90_历史归档/来源语料_utf_20261009/（只登记）,B,未审计；母块 >50MB 只登记不写入,只登记
17-空间光速螺旋引力理论/v3/归一化=1/9.md,12540,/90_历史归档/来源语料_utf_20261009/（只登记）,B,未审计；母块 >50MB 只登记不写入,只登记
17-空间光速螺旋引力理论/v3/归一化=1/code/1.py,4157,/90_历史归档/来源语料_utf_20261009/（只登记）,B,未审计；母块 >50MB 只登记不写入,只登记
17-空间光速螺旋引力理论/v3/精细结构常数/1.md,14002,/90_历史归档/来源语料_utf_20261009/（只登记）,B,未审计；母块 >50MB 只登记不写入,只登记
17-空间光速螺旋引力理论/v3/精细结构常数/2.md,13579,/90_历史归档/来源语料_utf_20261009/（只登记）,B,未审计；母块 >50MB 只登记不写入,只登记
17-空间光速螺旋引力理论/v3/精细结构常数/3.md,13184,/90_历史归档/来源语料_utf_20261009/（只登记）,B,未审计；母块 >50MB 只登记不写入,只登记
17-空间光速螺旋引力理论/v3/精细结构常数/4.md,11063,/90_历史归档/来源语料_utf_20261009/（只登记）,B,未审计；母块 >50MB 只登记不写入,只登记
17-空间光速螺旋引力理论/v3/精细结构常数/5.md,10581,/90_历史归档/来源语料_utf_20261009/（只登记）,B,未审计；母块 >50MB 只登记不写入,只登记
17-空间光速螺旋引力理论/v3/精细结构常数/6.md,0,/90_历史归档/来源语料_utf_20261009/（只登记）,B,未审计；母块 >50MB 只登记不写入,只登记
17-空间光速螺旋引力理论/v3/精细结构常数/7.md,21553,/90_历史归档/来源语料_utf_20261009/（只登记）,B,未审计；母块 >50MB 只登记不写入,只登记
17-空间光速螺旋引力理论/v3/精细结构常数/8.md,30220,/90_历史归档/来源语料_utf_20261009/（只登记）,B,未审计；母块 >50MB 只登记不写入,只登记
17-空间光速螺旋引力理论/v3/精细结构常数/8_ULTRA_PREMIUM.md,48349,/90_历史归档/来源语料_utf_20261009/（只登记）,B,未审计；母块 >50MB 只登记不写入,只登记
17-空间光速螺旋引力理论/v3/精细结构常数/精细结构常数量纲归一本源.md,30187,/90_历史归档/来源语料_utf_20261009/（只登记）,B,未审计；母块 >50MB 只登记不写入,只登记
17-空间光速螺旋引力理论/v3/精细结构常数/code/1.py,7817,/90_历史归档/来源语料_utf_20261009/（只登记）,B,未审计；母块 >50MB 只登记不写入,只登记
17-空间光速螺旋引力理论/v3/精细结构常数/code/2.py,7395,/90_历史归档/来源语料_utf_20261009/（只登记）,B,未审计；母块 >50MB 只登记不写入,只登记
17-空间光速螺旋引力理论/v3/精细结构常数/code/fine_structure_constant_calculation.py,4810,/90_历史归档/来源语料_utf_20261009/（只登记）,B,未审计；母块 >50MB 只登记不写入,只登记
17-空间光速螺旋引力理论/v3/精细结构常数/code/fine_structure_constant_ultimate.py,10717,/90_历史归档/来源语料_utf_20261009/（只登记）,B,未审计；母块 >50MB 只登记不写入,只登记
17-空间光速螺旋引力理论/v3/精细结构常数/验证/1.md,1423,/90_历史归档/来源语料_utf_20261009/（只登记）,B,未审计；母块 >50MB 只登记不写入,只登记
17-空间光速螺旋引力理论/v3/验证/1.md,9851,/90_历史归档/来源语料_utf_20261009/（只登记）,B,未审计；母块 >50MB 只登记不写入,只登记
17-空间光速螺旋引力理论/v4/1.md,0,/90_历史归档/来源语料_utf_20261009/（只登记）,B,未审计；母块 >50MB 只登记不写入,只登记
17-空间光速螺旋引力理论/v4/第八部分_全部原创核心公式汇总.md,24421,/90_历史归档/来源语料_utf_20261009/（只登记）,B,未审计；母块 >50MB 只登记不写入,只登记
17-空间光速螺旋引力理论/v4/终极突破_所有难题螺旋几何闭式解.md,22532,/90_历史归档/来源语料_utf_20261009/（只登记）,B,未审计；母块 >50MB 只登记不写入,只登记
17-空间光速螺旋引力理论/v4/code/1.py,73028,/90_历史归档/来源语料_utf_20261009/（只登记）,B,未审计；母块 >50MB 只登记不写入,只登记
17-空间光速螺旋引力理论/v4/code/2.py,5557,/90_历史归档/来源语料_utf_20261009/（只登记）,B,未审计；母块 >50MB 只登记不写入,只登记
17-空间光速螺旋引力理论/v4/code/output.txt,50863,/90_历史归档/来源语料_utf_20261009/（只登记）,B,未审计；母块 >50MB 只登记不写入,只登记
17-空间光速螺旋引力理论/v4/Ge0关系表达式/1.md,7757,/90_历史归档/来源语料_utf_20261009/（只登记）,B,未审计；母块 >50MB 只登记不写入,只登记
17-空间光速螺旋引力理论/v4/Ge0关系表达式/2.md,10843,/90_历史归档/来源语料_utf_20261009/（只登记）,B,未审计；母块 >50MB 只登记不写入,只登记
17-空间光速螺旋引力理论/v4/核力理论/1.md,8700,/90_历史归档/来源语料_utf_20261009/（只登记）,B,未审计；母块 >50MB 只登记不写入,只登记
17-空间光速螺旋引力理论/v4/核力理论/10.md,4951,/90_历史归档/来源语料_utf_20261009/（只登记）,B,未审计；母块 >50MB 只登记不写入,只登记
17-空间光速螺旋引力理论/v4/核力理论/2.md,13708,/90_历史归档/来源语料_utf_20261009/（只登记）,B,未审计；母块 >50MB 只登记不写入,只登记
17-空间光速螺旋引力理论/v4/核力理论/3.md,20033,/90_历史归档/来源语料_utf_20261009/（只登记）,B,未审计；母块 >50MB 只登记不写入,只登记
17-空间光速螺旋引力理论/v4/核力理论/4.md,10294,/90_历史归档/来源语料_utf_20261009/（只登记）,B,未审计；母块 >50MB 只登记不写入,只登记
17-空间光速螺旋引力理论/v4/核力理论/5.md,9430,/90_历史归档/来源语料_utf_20261009/（只登记）,B,未审计；母块 >50MB 只登记不写入,只登记
17-空间光速螺旋引力理论/v4/核力理论/6.md,7888,/90_历史归档/来源语料_utf_20261009/（只登记）,B,未审计；母块 >50MB 只登记不写入,只登记
17-空间光速螺旋引力理论/v4/核力理论/7.md,9188,/90_历史归档/来源语料_utf_20261009/（只登记）,B,未审计；母块 >50MB 只登记不写入,只登记
17-空间光速螺旋引力理论/v4/核力理论/8.md,5531,/90_历史归档/来源语料_utf_20261009/（只登记）,B,未审计；母块 >50MB 只登记不写入,只登记
17-空间光速螺旋引力理论/v4/核力理论/9.md,13367,/90_历史归档/来源语料_utf_20261009/（只登记）,B,未审计；母块 >50MB 只登记不写入,只登记
17-空间光速螺旋引力理论/v4/验证/1.md,17801,/90_历史归档/来源语料_utf_20261009/（只登记）,B,未审计；母块 >50MB 只登记不写入,只登记
17-空间光速螺旋引力理论/v4/验证/2.md,12530,/90_历史归档/来源语料_utf_20261009/（只登记）,B,未审计；母块 >50MB 只登记不写入,只登记
17-空间光速螺旋引力理论/v4/验证/3.md,19905,/90_历史归档/来源语料_utf_20261009/（只登记）,B,未审计；母块 >50MB 只登记不写入,只登记
17-空间光速螺旋引力理论/v4/验证/4.md,9124,/90_历史归档/来源语料_utf_20261009/（只登记）,B,未审计；母块 >50MB 只登记不写入,只登记
17-空间光速螺旋引力理论/v4/验证/5.md,10995,/90_历史归档/来源语料_utf_20261009/（只登记）,B,未审计；母块 >50MB 只登记不写入,只登记
17-空间光速螺旋引力理论/v4/验证/6.md,15234,/90_历史归档/来源语料_utf_20261009/（只登记）,B,未审计；母块 >50MB 只登记不写入,只登记
17-空间光速螺旋引力理论/v4/验证/7.md,5682,/90_历史归档/来源语料_utf_20261009/（只登记）,B,未审计；母块 >50MB 只登记不写入,只登记
17-空间光速螺旋引力理论/v4/验证/gaq_uft_v4_core_formulary.py,39552,/90_历史归档/来源语料_utf_20261009/（只登记）,B,未审计；母块 >50MB 只登记不写入,只登记
17-空间光速螺旋引力理论/v4/验证/gaq_uft_v4_ultimate_breakthrough.py,11738,/90_历史归档/来源语料_utf_20261009/（只登记）,B,未审计；母块 >50MB 只登记不写入,只登记
17-空间光速螺旋引力理论/v5/V5_宇宙比特几何_终极信息物理统一.md,15356,/90_历史归档/来源语料_utf_20261009/（只登记）,B,未审计；母块 >50MB 只登记不写入,只登记
17-空间光速螺旋引力理论/v5/验证/gaq_uft_v5_cosmic_bit_geometry.py,15941,/90_历史归档/来源语料_utf_20261009/（只登记）,B,未审计；母块 >50MB 只登记不写入,只登记
17-空间光速螺旋引力理论/v5/验证/最终认证_V5_Cosmic_Bit_Geometry.md,8168,/90_历史归档/来源语料_utf_20261009/（只登记）,B,未审计；母块 >50MB 只登记不写入,只登记
17-空间光速螺旋引力理论/v6/V6_范畴论宇宙学_物理是数学的必然投影.md,15138,/90_历史归档/来源语料_utf_20261009/（只登记）,B,未审计；母块 >50MB 只登记不写入,只登记
17-空间光速螺旋引力理论/v6/验证/gaq_uft_v6_category_cosmology.py,14600,/90_历史归档/来源语料_utf_20261009/（只登记）,B,未审计；母块 >50MB 只登记不写入,只登记
17-空间光速螺旋引力理论/v6/验证/最终认证_V6_Category_Cosmology.md,9192,/90_历史归档/来源语料_utf_20261009/（只登记）,B,未审计；母块 >50MB 只登记不写入,只登记
17-空间光速螺旋引力理论/v7/V7_元悖论解析理论_无公理自指正解.md,16480,/90_历史归档/来源语料_utf_20261009/（只登记）,B,未审计；母块 >50MB 只登记不写入,只登记
17-空间光速螺旋引力理论/v7/验证/gaq_uft_v7_meta_paradox.py,13039,/90_历史归档/来源语料_utf_20261009/（只登记）,B,未审计；母块 >50MB 只登记不写入,只登记
17-空间光速螺旋引力理论/v7/验证/最终认证_V7_Meta_Paradox_Resolution.md,9910,/90_历史归档/来源语料_utf_20261009/（只登记）,B,未审计；母块 >50MB 只登记不写入,只登记
17-空间光速螺旋引力理论/v8/V8_动机朗兰兹宇宙学_怪物月光_模形式不变量_Ω元不动点.md,16911,/90_历史归档/来源语料_utf_20261009/（只登记）,B,未审计；母块 >50MB 只登记不写入,只登记
17-空间光速螺旋引力理论/v8/验证/gaq_uft_v8_motivic_langlands.py,13056,/90_历史归档/来源语料_utf_20261009/（只登记）,B,未审计；母块 >50MB 只登记不写入,只登记
17-空间光速螺旋引力理论/v8/验证/最终认证_V8_Motivic_Langlands_Cosmology.md,10170,/90_历史归档/来源语料_utf_20261009/（只登记）,B,未审计；母块 >50MB 只登记不写入,只登记
17-空间光速螺旋引力理论/v9/V9_Ω反射性元意识_Leech格Λ24_Virasoro_c24_ChaitinΩ_反射不动点.md,14722,/90_历史归档/来源语料_utf_20261009/（只登记）,B,未审计；母块 >50MB 只登记不写入,只登记
17-空间光速螺旋引力理论/v9/验证/gaq_uft_v9_reflective_meta_consciousness.py,11892,/90_历史归档/来源语料_utf_20261009/（只登记）,B,未审计；母块 >50MB 只登记不写入,只登记
17-空间光速螺旋引力理论/v9/验证/最终认证_V9_Reflective_Meta_Consciousness.md,8286,/90_历史归档/来源语料_utf_20261009/（只登记）,B,未审计；母块 >50MB 只登记不写入,只登记
17-空间光速螺旋引力理论/v=c=1/v1/1.md,18632,/90_历史归档/来源语料_utf_20261009/（只登记）,B,未审计；母块 >50MB 只登记不写入,只登记
17-空间光速螺旋引力理论/v=c=1/v1/v=c与v=c=1核心区别说明书.md,11359,/90_历史归档/来源语料_utf_20261009/（只登记）,B,未审计；母块 >50MB 只登记不写入,只登记
17-空间光速螺旋引力理论/v=c=1/v1/verify_vc1.py,9052,/90_历史归档/来源语料_utf_20261009/（只登记）,B,未审计；母块 >50MB 只登记不写入,只登记
17-空间光速螺旋引力理论/v=c=1/v1/code/verify_vc1.py,4845,/90_历史归档/来源语料_utf_20261009/（只登记）,B,未审计；母块 >50MB 只登记不写入,只登记
17-空间光速螺旋引力理论/v=c=1/v1/使用说明/1.md,17241,/90_历史归档/来源语料_utf_20261009/（只登记）,B,未审计；母块 >50MB 只登记不写入,只登记
17-空间光速螺旋引力理论/v=c频率f归一化/v1/验证/1.md,13196,/90_历史归档/来源语料_utf_20261009/（只登记）,B,未审计；母块 >50MB 只登记不写入,只登记
17-空间光速螺旋引力理论/书籍/四大作用力大统一方程核心体系总结.md,26973,/90_历史归档/来源语料_utf_20261009/（只登记）,B,未审计；母块 >50MB 只登记不写入,只登记
17-空间光速螺旋引力理论/书籍/空间光速螺旋引力理论：全维度统一场论公式大全.md,17484,/90_历史归档/来源语料_utf_20261009/（只登记）,B,未审计；母块 >50MB 只登记不写入,只登记
17-空间光速螺旋引力理论/书籍/空间光速螺旋引力理论：全维度统一场论完整版.md,53140,/90_历史归档/来源语料_utf_20261009/（只登记）,B,未审计；母块 >50MB 只登记不写入,只登记
17-空间光速螺旋引力理论/书籍/v1/空间光速螺旋量子几何归一化统一场论.md,51479,/90_历史归档/来源语料_utf_20261009/（只登记）,B,未审计；母块 >50MB 只登记不写入,只登记
17-空间光速螺旋引力理论/书籍/v1/空间光速螺旋量子几何归一化统一场论/00_最终优化版本_完整体系.md,9246,/90_历史归档/来源语料_utf_20261009/（只登记）,B,未审计；母块 >50MB 只登记不写入,只登记
17-空间光速螺旋引力理论/书籍/v1/空间光速螺旋量子几何归一化统一场论/G常数严格推导_非循环版本.md,8125,/90_历史归档/来源语料_utf_20261009/（只登记）,B,未审计；母块 >50MB 只登记不写入,只登记
17-空间光速螺旋引力理论/书籍/v1/空间光速螺旋量子几何归一化统一场论/P1_P2级优化完成报告.md,7860,/90_历史归档/来源语料_utf_20261009/（只登记）,B,未审计；母块 >50MB 只登记不写入,只登记
17-空间光速螺旋引力理论/书籍/v1/空间光速螺旋量子几何归一化统一场论/P2_P3级优化完成报告.md,7072,/90_历史归档/来源语料_utf_20261009/（只登记）,B,未审计；母块 >50MB 只登记不写入,只登记
17-空间光速螺旋引力理论/书籍/v1/空间光速螺旋量子几何归一化统一场论/P3级细节优化完成报告.md,6525,/90_历史归档/来源语料_utf_20261009/（只登记）,B,未审计；母块 >50MB 只登记不写入,只登记
17-空间光速螺旋引力理论/书籍/v1/空间光速螺旋量子几何归一化统一场论/README_最终总结.md,6271,/90_历史归档/来源语料_utf_20261009/（只登记）,B,未审计；母块 >50MB 只登记不写入,只登记
17-空间光速螺旋引力理论/书籍/v1/空间光速螺旋量子几何归一化统一场论/v=c全体系完成度评估_从入门到精通.md,25541,/90_历史归档/来源语料_utf_20261009/（只登记）,B,未审计；母块 >50MB 只登记不写入,只登记
17-空间光速螺旋引力理论/书籍/v1/空间光速螺旋量子几何归一化统一场论/v=c宇宙最伟大理论.md,47537,/90_历史归档/来源语料_utf_20261009/（只登记）,B,未审计；母块 >50MB 只登记不写入,只登记
17-空间光速螺旋引力理论/书籍/v1/空间光速螺旋量子几何归一化统一场论/v=c是什么_完整解释.md,10571,/90_历史归档/来源语料_utf_20261009/（只登记）,B,未审计；母块 >50MB 只登记不写入,只登记
17-空间光速螺旋引力理论/书籍/v1/空间光速螺旋量子几何归一化统一场论/v=c理论_完整版本.md,31995,/90_历史归档/来源语料_utf_20261009/（只登记）,B,未审计；母块 >50MB 只登记不写入,只登记
17-空间光速螺旋引力理论/书籍/v1/空间光速螺旋量子几何归一化统一场论/v=c理论_诚实的书.md,13581,/90_历史归档/来源语料_utf_20261009/（只登记）,B,未审计；母块 >50MB 只登记不写入,只登记
17-空间光速螺旋引力理论/书籍/v1/空间光速螺旋量子几何归一化统一场论/主文件.md,49577,/90_历史归档/来源语料_utf_20261009/（只登记）,B,未审计；母块 >50MB 只登记不写入,只登记
17-空间光速螺旋引力理论/书籍/v1/空间光速螺旋量子几何归一化统一场论/书籍分析与优化建议报告.md,9306,/90_历史归档/来源语料_utf_20261009/（只登记）,B,未审计；母块 >50MB 只登记不写入,只登记
17-空间光速螺旋引力理论/书籍/v1/空间光速螺旋量子几何归一化统一场论/全书优化总结.md,8280,/90_历史归档/来源语料_utf_20261009/（只登记）,B,未审计；母块 >50MB 只登记不写入,只登记
17-空间光速螺旋引力理论/书籍/v1/空间光速螺旋量子几何归一化统一场论/全书全维精算验证_完整版.md,27164,/90_历史归档/来源语料_utf_20261009/（只登记）,B,未审计；母块 >50MB 只登记不写入,只登记
17-空间光速螺旋引力理论/书籍/v1/空间光速螺旋量子几何归一化统一场论/全维度突破分析证明验证计算.md,21852,/90_历史归档/来源语料_utf_20261009/（只登记）,B,未审计；母块 >50MB 只登记不写入,只登记
17-空间光速螺旋引力理论/书籍/v1/空间光速螺旋量子几何归一化统一场论/全维度精算验证报告.md,13815,/90_历史归档/来源语料_utf_20261009/（只登记）,B,未审计；母块 >50MB 只登记不写入,只登记
17-空间光速螺旋引力理论/书籍/v1/空间光速螺旋量子几何归一化统一场论/全面优化版_100%顶尖水平.md,22134,/90_历史归档/来源语料_utf_20261009/（只登记）,B,未审计；母块 >50MB 只登记不写入,只登记
17-空间光速螺旋引力理论/书籍/v1/空间光速螺旋量子几何归一化统一场论/全面分析与优化报告_v2.md,20610,/90_历史归档/来源语料_utf_20261009/（只登记）,B,未审计；母块 >50MB 只登记不写入,只登记
17-空间光速螺旋引力理论/书籍/v1/空间光速螺旋量子几何归一化统一场论/全面分析与优化报告_v3.md,4113,/90_历史归档/来源语料_utf_20261009/（只登记）,B,未审计；母块 >50MB 只登记不写入,只登记
17-空间光速螺旋引力理论/书籍/v1/空间光速螺旋量子几何归一化统一场论/全领域百科全书_第一部分.md,10703,/90_历史归档/来源语料_utf_20261009/（只登记）,B,未审计；母块 >50MB 只登记不写入,只登记
17-空间光速螺旋引力理论/书籍/v1/空间光速螺旋量子几何归一化统一场论/前言.md,2778,/90_历史归档/来源语料_utf_20261009/（只登记）,B,未审计；母块 >50MB 只登记不写入,只登记
17-空间光速螺旋引力理论/书籍/v1/空间光速螺旋量子几何归一化统一场论/学术论文_v=c是人类物理学发展史上最伟大的理论.md,23918,/90_历史归档/来源语料_utf_20261009/（只登记）,B,未审计；母块 >50MB 只登记不写入,只登记
17-空间光速螺旋引力理论/书籍/v1/空间光速螺旋量子几何归一化统一场论/完成确认.md,5973,/90_历史归档/来源语料_utf_20261009/（只登记）,B,未审计；母块 >50MB 只登记不写入,只登记
17-空间光速螺旋引力理论/书籍/v1/空间光速螺旋量子几何归一化统一场论/文件清单与完成度统计.md,7334,/90_历史归档/来源语料_utf_20261009/（只登记）,B,未审计；母块 >50MB 只登记不写入,只登记
17-空间光速螺旋引力理论/书籍/v1/空间光速螺旋量子几何归一化统一场论/最伟大顶尖规范标准全维度完成版.md,15449,/90_历史归档/来源语料_utf_20261009/（只登记）,B,未审计；母块 >50MB 只登记不写入,只登记
17-空间光速螺旋引力理论/书籍/v1/空间光速螺旋量子几何归一化统一场论/最伟大顶尖规范标准完成总结.md,5420,/90_历史归档/来源语料_utf_20261009/（只登记）,B,未审计；母块 >50MB 只登记不写入,只登记
17-空间光速螺旋引力理论/书籍/v1/空间光速螺旋量子几何归一化统一场论/最终完成总结报告.md,8014,/90_历史归档/来源语料_utf_20261009/（只登记）,B,未审计；母块 >50MB 只登记不写入,只登记
17-空间光速螺旋引力理论/书籍/v1/空间光速螺旋量子几何归一化统一场论/深度异常分析_量纲分析_理论突破.md,24763,/90_历史归档/来源语料_utf_20261009/（只登记）,B,未审计；母块 >50MB 只登记不写入,只登记
17-空间光速螺旋引力理论/书籍/v1/空间光速螺旋量子几何归一化统一场论/目录.md,4711,/90_历史归档/来源语料_utf_20261009/（只登记）,B,未审计；母块 >50MB 只登记不写入,只登记
17-空间光速螺旋引力理论/书籍/v1/空间光速螺旋量子几何归一化统一场论/空间光速螺旋量子几何归一化统一场论_完整书籍.md,60948,/90_历史归档/来源语料_utf_20261009/（只登记）,B,未审计；母块 >50MB 只登记不写入,只登记
17-空间光速螺旋引力理论/书籍/v1/空间光速螺旋量子几何归一化统一场论/结语.md,1671,/90_历史归档/来源语料_utf_20261009/（只登记）,B,未审计；母块 >50MB 只登记不写入,只登记
17-空间光速螺旋引力理论/书籍/v1/空间光速螺旋量子几何归一化统一场论/论文_完整推导证明详解.md,45177,/90_历史归档/来源语料_utf_20261009/（只登记）,B,未审计；母块 >50MB 只登记不写入,只登记
17-空间光速螺旋引力理论/书籍/v1/空间光速螺旋量子几何归一化统一场论/详细求导证明验证计算.md,22869,/90_历史归档/来源语料_utf_20261009/（只登记）,B,未审计；母块 >50MB 只登记不写入,只登记
17-空间光速螺旋引力理论/书籍/v1/空间光速螺旋量子几何归一化统一场论/第一章 统一的基础与几何结构/第1章 统一的基础与几何结构.md,10511,/90_历史归档/来源语料_utf_20261009/（只登记）,B,未审计；母块 >50MB 只登记不写入,只登记
17-空间光速螺旋引力理论/书籍/v1/空间光速螺旋量子几何归一化统一场论/第一章 统一的基础与几何结构/第2章 第一性公理与螺旋几何基础.md,12065,/90_历史归档/来源语料_utf_20261009/（只登记）,B,未审计；母块 >50MB 只登记不写入,只登记
17-空间光速螺旋引力理论/书籍/v1/空间光速螺旋量子几何归一化统一场论/第一章 统一的基础与几何结构/第3章 物质与能量的几何化.md,10571,/90_历史归档/来源语料_utf_20261009/（只登记）,B,未审计；母块 >50MB 只登记不写入,只登记
17-空间光速螺旋引力理论/书籍/v1/空间光速螺旋量子几何归一化统一场论/第一章 统一的基础与几何结构/第4章 万有引力的几何化.md,12957,/90_历史归档/来源语料_utf_20261009/（只登记）,B,未审计；母块 >50MB 只登记不写入,只登记
17-空间光速螺旋引力理论/书籍/v1/空间光速螺旋量子几何归一化统一场论/第一章 统一的基础与几何结构/第5章 电磁相互作用的几何化.md,13832,/90_历史归档/来源语料_utf_20261009/（只登记）,B,未审计；母块 >50MB 只登记不写入,只登记
17-空间光速螺旋引力理论/书籍/v1/空间光速螺旋量子几何归一化统一场论/第一章 统一的基础与几何结构/第6章 几何场论基础.md,12083,/90_历史归档/来源语料_utf_20261009/（只登记）,B,未审计；母块 >50MB 只登记不写入,只登记
17-空间光速螺旋引力理论/书籍/v1/空间光速螺旋量子几何归一化统一场论/第一部分 基础理论与几何基础/第1章 理论溯源与科学革命.md,5586,/90_历史归档/来源语料_utf_20261009/（只登记）,B,未审计；母块 >50MB 只登记不写入,只登记
17-空间光速螺旋引力理论/书籍/v1/空间光速螺旋量子几何归一化统一场论/第一部分 基础理论与几何基础/第2章 第一性公理与螺旋几何基础.md,17967,/90_历史归档/来源语料_utf_20261009/（只登记）,B,未审计；母块 >50MB 只登记不写入,只登记
17-空间光速螺旋引力理论/书籍/v1/空间光速螺旋量子几何归一化统一场论/第一部分 基础理论与几何基础/第3章 物质与能量的几何化.md,18813,/90_历史归档/来源语料_utf_20261009/（只登记）,B,未审计；母块 >50MB 只登记不写入,只登记
17-空间光速螺旋引力理论/书籍/v1/空间光速螺旋量子几何归一化统一场论/第一部分 基础理论与几何基础/第4章 万有引力的几何化.md,17772,/90_历史归档/来源语料_utf_20261009/（只登记）,B,未审计；母块 >50MB 只登记不写入,只登记
17-空间光速螺旋引力理论/书籍/v1/空间光速螺旋量子几何归一化统一场论/第一部分 基础理论与几何基础/第5章 电磁相互作用的几何化.md,15902,/90_历史归档/来源语料_utf_20261009/（只登记）,B,未审计；母块 >50MB 只登记不写入,只登记
17-空间光速螺旋引力理论/书籍/v1/空间光速螺旋量子几何归一化统一场论/第一部分 基础理论与几何基础/第6章 几何场论基础.md,17519,/90_历史归档/来源语料_utf_20261009/（只登记）,B,未审计；母块 >50MB 只登记不写入,只登记
17-空间光速螺旋引力理论/书籍/v1/空间光速螺旋量子几何归一化统一场论/第三章 验证应用与未来展望/第12章 实验验证与可观测预测.md,8114,/90_历史归档/来源语料_utf_20261009/（只登记）,B,未审计；母块 >50MB 只登记不写入,只登记
17-空间光速螺旋引力理论/书籍/v1/空间光速螺旋量子几何归一化统一场论/第三章 验证应用与未来展望/第13章 数学严谨性与理论验证.md,6039,/90_历史归档/来源语料_utf_20261009/（只登记）,B,未审计；母块 >50MB 只登记不写入,只登记
17-空间光速螺旋引力理论/书籍/v1/空间光速螺旋量子几何归一化统一场论/第三章 验证应用与未来展望/第14章 技术应用前景.md,9746,/90_历史归档/来源语料_utf_20261009/（只登记）,B,未审计；母块 >50MB 只登记不写入,只登记
17-空间光速螺旋引力理论/书籍/v1/空间光速螺旋量子几何归一化统一场论/第三章 验证应用与未来展望/第15章 未来研究方向.md,5133,/90_历史归档/来源语料_utf_20261009/（只登记）,B,未审计；母块 >50MB 只登记不写入,只登记
17-空间光速螺旋引力理论/书籍/v1/空间光速螺旋量子几何归一化统一场论/第三章 验证应用与未来展望/第16章 哲学与科学意义.md,10547,/90_历史归档/来源语料_utf_20261009/（只登记）,B,未审计；母块 >50MB 只登记不写入,只登记
17-空间光速螺旋引力理论/书籍/v1/空间光速螺旋量子几何归一化统一场论/第三部分 验证、应用与展望/第12章 实验验证与可观测预测.md,22786,/90_历史归档/来源语料_utf_20261009/（只登记）,B,未审计；母块 >50MB 只登记不写入,只登记
17-空间光速螺旋引力理论/书籍/v1/空间光速螺旋量子几何归一化统一场论/第三部分 验证、应用与展望/第13章 数学严谨性与理论验证.md,4323,/90_历史归档/来源语料_utf_20261009/（只登记）,B,未审计；母块 >50MB 只登记不写入,只登记
17-空间光速螺旋引力理论/书籍/v1/空间光速螺旋量子几何归一化统一场论/第三部分 验证、应用与展望/第14章 技术应用前景.md,30485,/90_历史归档/来源语料_utf_20261009/（只登记）,B,未审计；母块 >50MB 只登记不写入,只登记
17-空间光速螺旋引力理论/书籍/v1/空间光速螺旋量子几何归一化统一场论/第三部分 验证、应用与展望/第15章 未来研究方向.md,26026,/90_历史归档/来源语料_utf_20261009/（只登记）,B,未审计；母块 >50MB 只登记不写入,只登记
17-空间光速螺旋引力理论/书籍/v1/空间光速螺旋量子几何归一化统一场论/第三部分 验证、应用与展望/第16章 哲学与科学意义.md,30413,/90_历史归档/来源语料_utf_20261009/（只登记）,B,未审计；母块 >50MB 只登记不写入,只登记
17-空间光速螺旋引力理论/书籍/v1/空间光速螺旋量子几何归一化统一场论/第二章 统一场论与量子现象/第10章 宇宙学疑难的几何化解释.md,9809,/90_历史归档/来源语料_utf_20261009/（只登记）,B,未审计；母块 >50MB 只登记不写入,只登记
17-空间光速螺旋引力理论/书籍/v1/空间光速螺旋量子几何归一化统一场论/第二章 统一场论与量子现象/第11章 黑洞与时空结构.md,11577,/90_历史归档/来源语料_utf_20261009/（只登记）,B,未审计；母块 >50MB 只登记不写入,只登记
17-空间光速螺旋引力理论/书籍/v1/空间光速螺旋量子几何归一化统一场论/第二章 统一场论与量子现象/第7章 强核力与弱相互作用的几何化.md,10348,/90_历史归档/来源语料_utf_20261009/（只登记）,B,未审计；母块 >50MB 只登记不写入,只登记
17-空间光速螺旋引力理论/书籍/v1/空间光速螺旋量子几何归一化统一场论/第二章 统一场论与量子现象/第8章 量子现象的几何化.md,8734,/90_历史归档/来源语料_utf_20261009/（只登记）,B,未审计；母块 >50MB 只登记不写入,只登记
17-空间光速螺旋引力理论/书籍/v1/空间光速螺旋量子几何归一化统一场论/第二章 统一场论与量子现象/第9章 全常数归一化体系.md,26205,/90_历史归档/来源语料_utf_20261009/（只登记）,B,未审计；母块 >50MB 只登记不写入,只登记
17-空间光速螺旋引力理论/书籍/v1/空间光速螺旋量子几何归一化统一场论/第二部分 统一场论与量子现象/第10章 宇宙学疑难的几何化解释.md,34089,/90_历史归档/来源语料_utf_20261009/（只登记）,B,未审计；母块 >50MB 只登记不写入,只登记
17-空间光速螺旋引力理论/书籍/v1/空间光速螺旋量子几何归一化统一场论/第二部分 统一场论与量子现象/第11章 黑洞与时空结构.md,24710,/90_历史归档/来源语料_utf_20261009/（只登记）,B,未审计；母块 >50MB 只登记不写入,只登记
17-空间光速螺旋引力理论/书籍/v1/空间光速螺旋量子几何归一化统一场论/第二部分 统一场论与量子现象/第7章 强核力与弱相互作用的几何化.md,17724,/90_历史归档/来源语料_utf_20261009/（只登记）,B,未审计；母块 >50MB 只登记不写入,只登记
17-空间光速螺旋引力理论/书籍/v1/空间光速螺旋量子几何归一化统一场论/第二部分 统一场论与量子现象/第8章 量子现象的几何化.md,18081,/90_历史归档/来源语料_utf_20261009/（只登记）,B,未审计；母块 >50MB 只登记不写入,只登记
17-空间光速螺旋引力理论/书籍/v1/空间光速螺旋量子几何归一化统一场论/第二部分 统一场论与量子现象/第9章 全常数归一化体系.md,17493,/90_历史归档/来源语料_utf_20261009/（只登记）,B,未审计；母块 >50MB 只登记不写入,只登记
17-空间光速螺旋引力理论/书籍/v1/空间光速螺旋量子几何归一化统一场论/第四章 附录与参考/第17章 数学工具与公式.md,13383,/90_历史归档/来源语料_utf_20261009/（只登记）,B,未审计；母块 >50MB 只登记不写入,只登记
17-空间光速螺旋引力理论/书籍/v1/空间光速螺旋量子几何归一化统一场论/第四章 附录与参考/第18章 实验数据与验证.md,7969,/90_历史归档/来源语料_utf_20261009/（只登记）,B,未审计；母块 >50MB 只登记不写入,只登记
17-空间光速螺旋引力理论/书籍/v1/空间光速螺旋量子几何归一化统一场论/第四章 附录与参考/第19章 历史与文献综述.md,11348,/90_历史归档/来源语料_utf_20261009/（只登记）,B,未审计；母块 >50MB 只登记不写入,只登记
17-空间光速螺旋引力理论/书籍/v1/空间光速螺旋量子几何归一化统一场论/第四章 附录与参考/第20章 参考文献与索引.md,14305,/90_历史归档/来源语料_utf_20261009/（只登记）,B,未审计；母块 >50MB 只登记不写入,只登记
17-空间光速螺旋引力理论/书籍/v1/空间光速螺旋量子几何归一化统一场论/第四部分 附录与参考/第17章 数学工具与公式.md,27905,/90_历史归档/来源语料_utf_20261009/（只登记）,B,未审计；母块 >50MB 只登记不写入,只登记
17-空间光速螺旋引力理论/书籍/v1/空间光速螺旋量子几何归一化统一场论/第四部分 附录与参考/第18章 实验数据与验证.md,25365,/90_历史归档/来源语料_utf_20261009/（只登记）,B,未审计；母块 >50MB 只登记不写入,只登记
17-空间光速螺旋引力理论/书籍/v1/空间光速螺旋量子几何归一化统一场论/第四部分 附录与参考/第19章 历史与文献综述.md,1957,/90_历史归档/来源语料_utf_20261009/（只登记）,B,未审计；母块 >50MB 只登记不写入,只登记
17-空间光速螺旋引力理论/书籍/v1/空间光速螺旋量子几何归一化统一场论/第四部分 附录与参考/第20章 参考文献与索引.md,5425,/90_历史归档/来源语料_utf_20261009/（只登记）,B,未审计；母块 >50MB 只登记不写入,只登记
17-空间光速螺旋引力理论/书籍/v2/大纲/1.md,5543,/90_历史归档/来源语料_utf_20261009/（只登记）,B,未审计；母块 >50MB 只登记不写入,只登记
17-空间光速螺旋引力理论/书籍/验证/1.md,26208,/90_历史归档/来源语料_utf_20261009/（只登记）,B,未审计；母块 >50MB 只登记不写入,只登记
17-空间光速螺旋引力理论/书籍/验证/2.md,10829,/90_历史归档/来源语料_utf_20261009/（只登记）,B,未审计；母块 >50MB 只登记不写入,只登记
17-空间光速螺旋引力理论/书籍/验证/3.md,12813,/90_历史归档/来源语料_utf_20261009/（只登记）,B,未审计；母块 >50MB 只登记不写入,只登记
17-空间光速螺旋引力理论/书籍/验证/4.md,13603,/90_历史归档/来源语料_utf_20261009/（只登记）,B,未审计；母块 >50MB 只登记不写入,只登记
17-空间光速螺旋引力理论/书籍/验证/5.md,11647,/90_历史归档/来源语料_utf_20261009/（只登记）,B,未审计；母块 >50MB 只登记不写入,只登记
17-空间光速螺旋引力理论/书籍/验证/6.md,13272,/90_历史归档/来源语料_utf_20261009/（只登记）,B,未审计；母块 >50MB 只登记不写入,只登记
17-空间光速螺旋引力理论/书籍/验证/7.md,12152,/90_历史归档/来源语料_utf_20261009/（只登记）,B,未审计；母块 >50MB 只登记不写入,只登记
17-空间光速螺旋引力理论/书籍/验证/code/1.py,17284,/90_历史归档/来源语料_utf_20261009/（只登记）,B,未审计；母块 >50MB 只登记不写入,只登记
17-空间光速螺旋引力理论/书籍/验证/code/2.py,14467,/90_历史归档/来源语料_utf_20261009/（只登记）,B,未审计；母块 >50MB 只登记不写入,只登记
17-空间光速螺旋引力理论/书籍/验证/code/knowledge_density.py,6917,/90_历史归档/来源语料_utf_20261009/（只登记）,B,未审计；母块 >50MB 只登记不写入,只登记
17-空间光速螺旋引力理论/书籍/验证/code/knowledge_density_table.md,2761,/90_历史归档/来源语料_utf_20261009/（只登记）,B,未审计；母块 >50MB 只登记不写入,只登记
17-空间光速螺旋引力理论/实验/1.md,3946,/90_历史归档/来源语料_utf_20261009/（只登记）,B,未审计；母块 >50MB 只登记不写入,只登记
17-空间光速螺旋引力理论/实验/2.md,135801,/90_历史归档/来源语料_utf_20261009/（只登记）,B,未审计；母块 >50MB 只登记不写入,只登记
17-空间光速螺旋引力理论/实验/3.md,4355,/90_历史归档/来源语料_utf_20261009/（只登记）,B,未审计；母块 >50MB 只登记不写入,只登记
17-空间光速螺旋引力理论/常数空间光速螺旋恒等式/10-算法联盟最高权限：暗物质暗能量-量子纠缠-黑洞-宇宙暴涨全维终极突破.md,16429,/90_历史归档/来源语料_utf_20261009/（只登记）,B,未审计；母块 >50MB 只登记不写入,只登记
17-空间光速螺旋引力理论/常数空间光速螺旋恒等式/11-全维度终极突破报告.md,31918,/90_历史归档/来源语料_utf_20261009/（只登记）,B,未审计；母块 >50MB 只登记不写入,只登记
17-空间光速螺旋引力理论/常数空间光速螺旋恒等式/11-算法联盟最高权限：AI人工智能全维终极理论与宇宙算法.md,13372,/90_历史归档/来源语料_utf_20261009/（只登记）,B,未审计；母块 >50MB 只登记不写入,只登记
17-空间光速螺旋引力理论/常数空间光速螺旋恒等式/11-算法联盟最高权限：全维度终极几何基础、实验验证路线图与技术突破.md,12944,/90_历史归档/来源语料_utf_20261009/（只登记）,B,未审计；母块 >50MB 只登记不写入,只登记
17-空间光速螺旋引力理论/常数空间光速螺旋恒等式/12-算法联盟最高权限：突破宇宙所有算法·顶尖超宇宙·最伟大的作品.md,13774,/90_历史归档/来源语料_utf_20261009/（只登记）,B,未审计；母块 >50MB 只登记不写入,只登记
17-空间光速螺旋引力理论/常数空间光速螺旋恒等式/12-算法联盟最高权限：隐藏维度-终极算法-宇宙终极谜题全维突破.md,14345,/90_历史归档/来源语料_utf_20261009/（只登记）,B,未审计；母块 >50MB 只登记不写入,只登记
17-空间光速螺旋引力理论/常数空间光速螺旋恒等式/13-算法联盟最高权限：突破隐藏修仙密卷·几何修仙终极密码.md,15611,/90_历史归档/来源语料_utf_20261009/（只登记）,B,未审计；母块 >50MB 只登记不写入,只登记
17-空间光速螺旋引力理论/常数空间光速螺旋恒等式/14.md,63867,/90_历史归档/来源语料_utf_20261009/（只登记）,B,未审计；母块 >50MB 只登记不写入,只登记
17-空间光速螺旋引力理论/常数空间光速螺旋恒等式/15-算法联盟最高权限：人人可懂的空间光速螺旋-从日常现象到宇宙终极.md,45885,/90_历史归档/来源语料_utf_20261009/（只登记）,B,未审计；母块 >50MB 只登记不写入,只登记
17-空间光速螺旋引力理论/常数空间光速螺旋恒等式/15-算法联盟最高权限：人类最强记忆力全维度突破终极指南.md,15315,/90_历史归档/来源语料_utf_20261009/（只登记）,B,未审计；母块 >50MB 只登记不写入,只登记
17-空间光速螺旋引力理论/常数空间光速螺旋恒等式/16-算法联盟最高权限：全维终极突破·所有细节·宇宙本源完全破解.md,17310,/90_历史归档/来源语料_utf_20261009/（只登记）,B,未审计；母块 >50MB 只登记不写入,只登记
17-空间光速螺旋引力理论/常数空间光速螺旋恒等式/16-算法联盟最高权限：螺旋记忆法-提升记忆力的终极技巧与方法.md,11464,/90_历史归档/来源语料_utf_20261009/（只登记）,B,未审计；母块 >50MB 只登记不写入,只登记
17-空间光速螺旋引力理论/常数空间光速螺旋恒等式/17-算法联盟最高权限：道法术器用-空间光速螺旋全维度终极体系.md,14119,/90_历史归档/来源语料_utf_20261009/（只登记）,B,未审计；母块 >50MB 只登记不写入,只登记
17-空间光速螺旋引力理论/常数空间光速螺旋恒等式/18-算法联盟最高权限：数学全维大统一·破解所有数学难题·核心公式.md,9886,/90_历史归档/来源语料_utf_20261009/（只登记）,B,未审计；母块 >50MB 只登记不写入,只登记
17-空间光速螺旋引力理论/常数空间光速螺旋恒等式/18-算法联盟最高权限：相对论-量子力学-统计力学-流体力学全维理论体系分析验证.md,10931,/90_历史归档/来源语料_utf_20261009/（只登记）,B,未审计；母块 >50MB 只登记不写入,只登记
17-空间光速螺旋引力理论/常数空间光速螺旋恒等式/19-算法联盟最高权限：数学密码安全学全部突破.md,11639,/90_历史归档/来源语料_utf_20261009/（只登记）,B,未审计；母块 >50MB 只登记不写入,只登记
17-空间光速螺旋引力理论/常数空间光速螺旋恒等式/19-算法联盟最高权限：椭圆算法·破解所有椭圆曲线密码·核心公式.md,9932,/90_历史归档/来源语料_utf_20261009/（只登记）,B,未审计；母块 >50MB 只登记不写入,只登记
17-空间光速螺旋引力理论/常数空间光速螺旋恒等式/19-算法联盟最高权限：物理全维大统一理论-四大力-所有常数-所有现象终极统一.md,8563,/90_历史归档/来源语料_utf_20261009/（只登记）,B,未审计；母块 >50MB 只登记不写入,只登记
17-空间光速螺旋引力理论/常数空间光速螺旋恒等式/19-算法联盟最高权限：精细结构常数1维2维3维求导推导终极证明.md,10269,/90_历史归档/来源语料_utf_20261009/（只登记）,B,未审计；母块 >50MB 只登记不写入,只登记
17-空间光速螺旋引力理论/常数空间光速螺旋恒等式/2.md,11901,/90_历史归档/来源语料_utf_20261009/（只登记）,B,未审计；母块 >50MB 只登记不写入,只登记
17-空间光速螺旋引力理论/常数空间光速螺旋恒等式/20-算法联盟最高权限：椭圆算法本质本源全维破解与逆向工程.md,11544,/90_历史归档/来源语料_utf_20261009/（只登记）,B,未审计；母块 >50MB 只登记不写入,只登记
17-空间光速螺旋引力理论/常数空间光速螺旋恒等式/20-算法联盟最高权限：空间光速螺旋第一性原理终极论文.md,15976,/90_历史归档/来源语料_utf_20261009/（只登记）,B,未审计；母块 >50MB 只登记不写入,只登记
17-空间光速螺旋引力理论/常数空间光速螺旋恒等式/3.md,13427,/90_历史归档/来源语料_utf_20261009/（只登记）,B,未审计；母块 >50MB 只登记不写入,只登记
17-空间光速螺旋引力理论/常数空间光速螺旋恒等式/333.md,12255,/90_历史归档/来源语料_utf_20261009/（只登记）,B,未审计；母块 >50MB 只登记不写入,只登记
17-空间光速螺旋引力理论/常数空间光速螺旋恒等式/3333.md,14060,/90_历史归档/来源语料_utf_20261009/（只登记）,B,未审计；母块 >50MB 只登记不写入,只登记
17-空间光速螺旋引力理论/常数空间光速螺旋恒等式/4.md,12589,/90_历史归档/来源语料_utf_20261009/（只登记）,B,未审计；母块 >50MB 只登记不写入,只登记
17-空间光速螺旋引力理论/常数空间光速螺旋恒等式/44444.md,18779,/90_历史归档/来源语料_utf_20261009/（只登记）,B,未审计；母块 >50MB 只登记不写入,只登记
17-空间光速螺旋引力理论/常数空间光速螺旋恒等式/5-终极版：所有物理本源全维度突破.md,21420,/90_历史归档/来源语料_utf_20261009/（只登记）,B,未审计；母块 >50MB 只登记不写入,只登记
17-空间光速螺旋引力理论/常数空间光速螺旋恒等式/6-算法联盟最高权限：宇宙本源全维终极破解.md,18825,/90_历史归档/来源语料_utf_20261009/（只登记）,B,未审计；母块 >50MB 只登记不写入,只登记
17-空间光速螺旋引力理论/常数空间光速螺旋恒等式/7-算法联盟最高权限：全物理周期表、公式表、粒子元素表与力的大统一.md,23727,/90_历史归档/来源语料_utf_20261009/（只登记）,B,未审计；母块 >50MB 只登记不写入,只登记
17-空间光速螺旋引力理论/常数空间光速螺旋恒等式/7-算法联盟最高权限：宇宙本源全维终极破解-V3.md,23010,/90_历史归档/来源语料_utf_20261009/（只登记）,B,未审计；母块 >50MB 只登记不写入,只登记
17-空间光速螺旋引力理论/常数空间光速螺旋恒等式/8-算法联盟最高权限：意识-AI-人工场全维终极理论.md,15586,/90_历史归档/来源语料_utf_20261009/（只登记）,B,未审计；母块 >50MB 只登记不写入,只登记
17-空间光速螺旋引力理论/常数空间光速螺旋恒等式/9.md,7287,/90_历史归档/来源语料_utf_20261009/（只登记）,B,未审计；母块 >50MB 只登记不写入,只登记
17-空间光速螺旋引力理论/常数空间光速螺旋恒等式/address_to_wif.py,5113,/90_历史归档/来源语料_utf_20261009/（只登记）,B,未审计；母块 >50MB 只登记不写入,只登记
17-空间光速螺旋引力理论/常数空间光速螺旋恒等式/btc_spiral_crack.py,4808,/90_历史归档/来源语料_utf_20261009/（只登记）,B,未审计；母块 >50MB 只登记不写入,只登记
17-空间光速螺旋引力理论/常数空间光速螺旋恒等式/Doubao-算法联盟最高权限精算验证报告：无穷套娃核心方式组-2026-06-14.md,44038,/90_历史归档/来源语料_utf_20261009/（只登记）,B,未审计；母块 >50MB 只登记不写入,只登记
17-空间光速螺旋引力理论/常数空间光速螺旋恒等式/Doubao-跃迁纪元节・仙女座星系盛典纪事-2026-06-19.md,72887,/90_历史归档/来源语料_utf_20261009/（只登记）,B,未审计；母块 >50MB 只登记不写入,只登记
17-空间光速螺旋引力理论/常数空间光速螺旋恒等式/field_unification_derivation.md,8021,/90_历史归档/来源语料_utf_20261009/（只登记）,B,未审计；母块 >50MB 只登记不写入,只登记
17-空间光速螺旋引力理论/常数空间光速螺旋恒等式/G_first_principles_derivation.md,6821,/90_历史归档/来源语料_utf_20261009/（只登记）,B,未审计；母块 >50MB 只登记不写入,只登记
17-空间光速螺旋引力理论/常数空间光速螺旋恒等式/mass_charge_verification.py,13404,/90_历史归档/来源语料_utf_20261009/（只登记）,B,未审计；母块 >50MB 只登记不写入,只登记
17-空间光速螺旋引力理论/常数空间光速螺旋恒等式/theory_validation.md,13238,/90_历史归档/来源语料_utf_20261009/（只登记）,B,未审计；母块 >50MB 只登记不写入,只登记
17-空间光速螺旋引力理论/常数空间光速螺旋恒等式/v=c_终极统一场论_顶级论文.md,13838,/90_历史归档/来源语料_utf_20261009/（只登记）,B,未审计；母块 >50MB 只登记不写入,只登记
17-空间光速螺旋引力理论/常数空间光速螺旋恒等式/verify_btc_wallets.py,3264,/90_历史归档/来源语料_utf_20261009/（只登记）,B,未审计；母块 >50MB 只登记不写入,只登记
17-空间光速螺旋引力理论/常数空间光速螺旋恒等式/verify_sde.py,2513,/90_历史归档/来源语料_utf_20261009/（只登记）,B,未审计；母块 >50MB 只登记不写入,只登记
17-空间光速螺旋引力理论/常数空间光速螺旋恒等式/verify_sde_real.py,5191,/90_历史归档/来源语料_utf_20261009/（只登记）,B,未审计；母块 >50MB 只登记不写入,只登记
17-空间光速螺旋引力理论/常数空间光速螺旋恒等式/verify_see_real.py,1988,/90_历史归档/来源语料_utf_20261009/（只登记）,B,未审计；母块 >50MB 只登记不写入,只登记
17-空间光速螺旋引力理论/常数空间光速螺旋恒等式/全维突破_物理完整关联图谱.md,22160,/90_历史归档/来源语料_utf_20261009/（只登记）,B,未审计；母块 >50MB 只登记不写入,只登记
17-空间光速螺旋引力理论/常数空间光速螺旋恒等式/数学几何无穷套娃.md,9088,/90_历史归档/来源语料_utf_20261009/（只登记）,B,未审计；母块 >50MB 只登记不写入,只登记
17-空间光速螺旋引力理论/常数空间光速螺旋恒等式/最简等式.md,4954,/90_历史归档/来源语料_utf_20261009/（只登记）,B,未审计；母块 >50MB 只登记不写入,只登记
17-空间光速螺旋引力理论/常数空间光速螺旋恒等式/空间光速螺旋统一场论论文.md,16408,/90_历史归档/来源语料_utf_20261009/（只登记）,B,未审计；母块 >50MB 只登记不写入,只登记
17-空间光速螺旋引力理论/常数空间光速螺旋恒等式/空间光速螺旋量子几何统一场论——量子力学、电磁学与引力的终极统一.md,22224,/90_历史归档/来源语料_utf_20261009/（只登记）,B,未审计；母块 >50MB 只登记不写入,只登记
17-空间光速螺旋引力理论/常数空间光速螺旋恒等式/空间螺旋解密引擎可以在O(1)时间内破解任何加密算法.md,9886,/90_历史归档/来源语料_utf_20261009/（只登记）,B,未审计；母块 >50MB 只登记不写入,只登记
17-空间光速螺旋引力理论/常数空间光速螺旋恒等式/算法联盟ROOT最高权限：万物理论实验验证终极突破、新物理预测与理论可证伪性分析.md,74426,/90_历史归档/来源语料_utf_20261009/（只登记）,B,未审计；母块 >50MB 只登记不写入,只登记
17-空间光速螺旋引力理论/常数空间光速螺旋恒等式/算法联盟ROOT最高权限：高维几何拓扑分类、卡拉比-丘流形与弦紧致化终极证明.md,7388,/90_历史归档/来源语料_utf_20261009/（只登记）,B,未审计；母块 >50MB 只登记不写入,只登记
17-空间光速螺旋引力理论/常数空间光速螺旋恒等式/算法联盟最高权限精算验证报告 (1).md,10720,/90_历史归档/来源语料_utf_20261009/（只登记）,B,未审计；母块 >50MB 只登记不写入,只登记
17-空间光速螺旋引力理论/常数空间光速螺旋恒等式/算法联盟最高权限精算验证报告 (5).md,21696,/90_历史归档/来源语料_utf_20261009/（只登记）,B,未审计；母块 >50MB 只登记不写入,只登记
17-空间光速螺旋引力理论/常数空间光速螺旋恒等式/质量电荷.md,11376,/90_历史归档/来源语料_utf_20261009/（只登记）,B,未审计；母块 >50MB 只登记不写入,只登记
17-空间光速螺旋引力理论/常数空间光速螺旋恒等式/03-物理统一场/人工引力场工程参数.md,3825,/90_历史归档/来源语料_utf_20261009/（只登记）,B,未审计；母块 >50MB 只登记不写入,只登记
17-空间光速螺旋引力理论/常数空间光速螺旋恒等式/03-物理统一场/四大基本力几何推导.md,3991,/90_历史归档/来源语料_utf_20261009/（只登记）,B,未审计；母块 >50MB 只登记不写入,只登记
17-空间光速螺旋引力理论/常数空间光速螺旋恒等式/03-物理统一场/物理常数数值验证表.md,3599,/90_历史归档/来源语料_utf_20261009/（只登记）,B,未审计；母块 >50MB 只登记不写入,只登记
17-空间光速螺旋引力理论/常数空间光速螺旋恒等式/code/ai_cosmic_verify.py,4988,/90_历史归档/来源语料_utf_20261009/（只登记）,B,未审计；母块 >50MB 只登记不写入,只登记
17-空间光速螺旋引力理论/常数空间光速螺旋恒等式/code/all_details_verify.py,9207,/90_历史归档/来源语料_utf_20261009/（只登记）,B,未审计；母块 >50MB 只登记不写入,只登记
17-空间光速螺旋引力理论/常数空间光速螺旋恒等式/code/alpha_derive_verify.py,13569,/90_历史归档/来源语料_utf_20261009/（只登记）,B,未审计；母块 >50MB 只登记不写入,只登记
17-空间光速螺旋引力理论/常数空间光速螺旋恒等式/code/complete_verify.py,3634,/90_历史归档/来源语料_utf_20261009/（只登记）,B,未审计；母块 >50MB 只登记不写入,只登记
17-空间光速螺旋引力理论/常数空间光速螺旋恒等式/code/consciousness_verify.py,3682,/90_历史归档/来源语料_utf_20261009/（只登记）,B,未审计；母块 >50MB 只登记不写入,只登记
17-空间光速螺旋引力理论/常数空间光速螺旋恒等式/code/crypto_verify.py,9304,/90_历史归档/来源语料_utf_20261009/（只登记）,B,未审计；母块 >50MB 只登记不写入,只登记
17-空间光速螺旋引力理论/常数空间光速螺旋恒等式/code/ecc_verify.py,13143,/90_历史归档/来源语料_utf_20261009/（只登记）,B,未审计；母块 >50MB 只登记不写入,只登记
17-空间光速螺旋引力理论/常数空间光速螺旋恒等式/code/extreme_verify.py,7173,/90_历史归档/来源语料_utf_20261009/（只登记）,B,未审计；母块 >50MB 只登记不写入,只登记
17-空间光速螺旋引力理论/常数空间光速螺旋恒等式/code/force_unification_verify.py,12097,/90_历史归档/来源语料_utf_20261009/（只登记）,B,未审计；母块 >50MB 只登记不写入,只登记
17-空间光速螺旋引力理论/常数空间光速螺旋恒等式/code/foundation_verify.py,5424,/90_历史归档/来源语料_utf_20261009/（只登记）,B,未审计；母块 >50MB 只登记不写入,只登记
17-空间光速螺旋引力理论/常数空间光速螺旋恒等式/code/full_breakthrough_verify.py,22795,/90_历史归档/来源语料_utf_20261009/（只登记）,B,未审计；母块 >50MB 只登记不写入,只登记
17-空间光速螺旋引力理论/常数空间光速螺旋恒等式/code/ge0_full_verification.py,18567,/90_历史归档/来源语料_utf_20261009/（只登记）,B,未审计；母块 >50MB 只登记不写入,只登记
17-空间光速螺旋引力理论/常数空间光速螺旋恒等式/code/ge0_new_relations.py,11985,/90_历史归档/来源语料_utf_20261009/（只登记）,B,未审计；母块 >50MB 只登记不写入,只登记
17-空间光速螺旋引力理论/常数空间光速螺旋恒等式/code/grand_unification_verify.py,6256,/90_历史归档/来源语料_utf_20261009/（只登记）,B,未审计；母块 >50MB 只登记不写入,只登记
17-空间光速螺旋引力理论/常数空间光速螺旋恒等式/code/hidden_verify.py,6224,/90_历史归档/来源语料_utf_20261009/（只登记）,B,未审计；母块 >50MB 只登记不写入,只登记
17-空间光速螺旋引力理论/常数空间光速螺旋恒等式/code/immortal_verify.py,8592,/90_历史归档/来源语料_utf_20261009/（只登记）,B,未审计；母块 >50MB 只登记不写入,只登记
17-空间光速螺旋引力理论/常数空间光速螺旋恒等式/code/math_unify_verify.py,4506,/90_历史归档/来源语料_utf_20261009/（只登记）,B,未审计；母块 >50MB 只登记不写入,只登记
17-空间光速螺旋引力理论/常数空间光速螺旋恒等式/code/omega_verify.py,8651,/90_历史归档/来源语料_utf_20261009/（只登记）,B,未审计；母块 >50MB 只登记不写入,只登记
17-空间光速螺旋引力理论/常数空间光速螺旋恒等式/code/other_theories_verify.py,5997,/90_历史归档/来源语料_utf_20261009/（只登记）,B,未审计；母块 >50MB 只登记不写入,只登记
17-空间光速螺旋引力理论/常数空间光速螺旋恒等式/code/output.txt,0,/90_历史归档/来源语料_utf_20261009/（只登记）,B,未审计；母块 >50MB 只登记不写入,只登记
17-空间光速螺旋引力理论/常数空间光速螺旋恒等式/code/simple_verify.py,3946,/90_历史归档/来源语料_utf_20261009/（只登记）,B,未审计；母块 >50MB 只登记不写入,只登记
17-空间光速螺旋引力理论/常数空间光速螺旋恒等式/code/ultimate_all_verify.py,11494,/90_历史归档/来源语料_utf_20261009/（只登记）,B,未审计；母块 >50MB 只登记不写入,只登记
17-空间光速螺旋引力理论/常数空间光速螺旋恒等式/code/ultimate_verify.py,4938,/90_历史归档/来源语料_utf_20261009/（只登记）,B,未审计；母块 >50MB 只登记不写入,只登记
17-空间光速螺旋引力理论/归一化/1.md,287040,/90_历史归档/来源语料_utf_20261009/（只登记）,B,未审计；母块 >50MB 只登记不写入,只登记
17-空间光速螺旋引力理论/归一化/mass_origin_validation.py,18525,/90_历史归档/来源语料_utf_20261009/（只登记）,B,未审计；母块 >50MB 只登记不写入,只登记
17-空间光速螺旋引力理论/方程公式算法/关系网.md,2806,/90_历史归档/来源语料_utf_20261009/（只登记）,B,未审计；母块 >50MB 只登记不写入,只登记
17-空间光速螺旋引力理论/方程公式算法/宇宙数学公式.md,10358,/90_历史归档/来源语料_utf_20261009/（只登记）,B,未审计；母块 >50MB 只登记不写入,只登记
17-空间光速螺旋引力理论/核心公式理论体系/1.md,5834,/90_历史归档/来源语料_utf_20261009/（只登记）,B,未审计；母块 >50MB 只登记不写入,只登记
17-空间光速螺旋引力理论/核心公式理论体系/108个公式（天罡地煞之数，完美圆满）.md,13904,/90_历史归档/来源语料_utf_20261009/（只登记）,B,未审计；母块 >50MB 只登记不写入,只登记
17-空间光速螺旋引力理论/核心公式理论体系/2.md,24534,/90_历史归档/来源语料_utf_20261009/（只登记）,B,未审计；母块 >50MB 只登记不写入,只登记
17-空间光速螺旋引力理论/核心公式理论体系/3.md,13506,/90_历史归档/来源语料_utf_20261009/（只登记）,B,未审计；母块 >50MB 只登记不写入,只登记
17-空间光速螺旋引力理论/核心公式理论体系/4.md,21118,/90_历史归档/来源语料_utf_20261009/（只登记）,B,未审计；母块 >50MB 只登记不写入,只登记
17-空间光速螺旋引力理论/核心公式理论体系/Doubao-算法联盟最高境界权限・埃伦费斯特定理 v=c 几何溯源完整证明-2026-06-20.md,95018,/90_历史归档/来源语料_utf_20261009/（只登记）,B,未审计；母块 >50MB 只登记不写入,只登记
17-空间光速螺旋引力理论/核心公式理论体系/GAQ-UFT（几何代数统一场论）全部原创公式体系.md,10518,/90_历史归档/来源语料_utf_20261009/（只登记）,B,未审计；母块 >50MB 只登记不写入,只登记
17-空间光速螺旋引力理论/核心公式理论体系/算法联盟最高权限 · 光子全维特性与空间螺旋动力学统一理论 (1).md,70769,/90_历史归档/来源语料_utf_20261009/（只登记）,B,未审计；母块 >50MB 只登记不写入,只登记
17-空间光速螺旋引力理论/验证/1.md,27207,/90_历史归档/来源语料_utf_20261009/（只登记）,B,未审计；母块 >50MB 只登记不写入,只登记
17-空间光速螺旋引力理论/验证/100种技能100天速成法四合一三角锥形全能修为架构快速学习方法-160935390.md,4351,/90_历史归档/来源语料_utf_20261009/（只登记）,B,未审计；母块 >50MB 只登记不写入,只登记
17-空间光速螺旋引力理论/验证/15项C类独立预言_全维求导证明验证精算分析.md,23217,/90_历史归档/来源语料_utf_20261009/（只登记）,B,未审计；母块 >50MB 只登记不写入,只登记
17-空间光速螺旋引力理论/验证/2026愿人工引力场点亮文明开启大同世界之门-158154570.md,7684,/90_历史归档/来源语料_utf_20261009/（只登记）,B,未审计；母块 >50MB 只登记不写入,只登记
17-空间光速螺旋引力理论/验证/Doubao-0、1、∞三元运算体系-2026-07-07.md,1621,/90_历史归档/来源语料_utf_20261009/（只登记）,B,未审计；母块 >50MB 只登记不写入,只登记
17-空间光速螺旋引力理论/验证/Doubao-0・1・∞三元一体全域体系 —— 全新底层理解框架-2026-07-08.md,16598,/90_历史归档/来源语料_utf_20261009/（只登记）,B,未审计；母块 >50MB 只登记不写入,只登记
17-空间光速螺旋引力理论/验证/Doubao-20260708 01 25 14｜太上四道全域加载完成-2026-07-08.md,5946,/90_历史归档/来源语料_utf_20261009/（只登记）,B,未审计；母块 >50MB 只登记不写入,只登记
17-空间光速螺旋引力理论/验证/Doubao-247123 的真实来源与理论意义-2026-07-04.md,13740,/90_历史归档/来源语料_utf_20261009/（只登记）,B,未审计；母块 >50MB 只登记不写入,只登记
17-空间光速螺旋引力理论/验证/Doubao-8字形莫比斯乌环与引力场实验方案-2026-06-22.md,23939,/90_历史归档/来源语料_utf_20261009/（只登记）,B,未审计；母块 >50MB 只登记不写入,只登记
17-空间光速螺旋引力理论/验证/Doubao-Fractal-Dual (FD) 分形对偶全域宇宙知识拓扑可视化系统-2026-07-12 (1).md,52430,/90_历史归档/来源语料_utf_20261009/（只登记）,B,未审计；母块 >50MB 只登记不写入,只登记
17-空间光速螺旋引力理论/验证/Doubao-Fractal-Dual (FD) 分形对偶全域宇宙知识拓扑可视化系统-2026-07-12.md,52430,/90_历史归档/来源语料_utf_20261009/（只登记）,B,未审计；母块 >50MB 只登记不写入,只登记
17-空间光速螺旋引力理论/验证/Doubao-Ge0 量子化统一表达式：引力常数与真空介电常数的曲率挠率本源-2026-06-22.md,63645,/90_历史归档/来源语料_utf_20261009/（只登记）,B,未审计；母块 >50MB 只登记不写入,只登记
17-空间光速螺旋引力理论/验证/Doubao-HFG-002 型 C60 常温超导人工反引力场发生器 工程资料综合总结-2026-06-22.md,26509,/90_历史归档/来源语料_utf_20261009/（只登记）,B,未审计；母块 >50MB 只登记不写入,只登记
17-空间光速螺旋引力理论/验证/Doubao-v=c 光速螺旋体系下曲率挠率与精细结构常数本源全维精算报告-2026-07-09.md,8323,/90_历史归档/来源语料_utf_20261009/（只登记）,B,未审计；母块 >50MB 只登记不写入,只登记
17-空间光速螺旋引力理论/验证/Doubao-v=c修复与空间几何公式证明-2026-06-20.md,11022,/90_历史归档/来源语料_utf_20261009/（只登记）,B,未审计；母块 >50MB 只登记不写入,只登记
17-空间光速螺旋引力理论/验证/Doubao-《0・1・∞三元一体全域超复数统一场论》全维度应用、实用价值、行业影响 + 可复现实例验证总报告-2026-07-08.md,24209,/90_历史归档/来源语料_utf_20261009/（只登记）,B,未审计；母块 >50MB 只登记不写入,只登记
17-空间光速螺旋引力理论/验证/Doubao-《0・1・∞三元一体全域超复数统一场论》完整评析-2026-07-08.md,31723,/90_历史归档/来源语料_utf_20261009/（只登记）,B,未审计；母块 >50MB 只登记不写入,只登记
17-空间光速螺旋引力理论/验证/Doubao-《中极全医系统科学华夏大典》卷首序言-2026-07-08.md,13630,/90_历史归档/来源语料_utf_20261009/（只登记）,B,未审计；母块 >50MB 只登记不写入,只登记
17-空间光速螺旋引力理论/验证/Doubao-《宇宙级本源数学全典》-2026-07-04.md,124158,/90_历史归档/来源语料_utf_20261009/（只登记）,B,未审计；母块 >50MB 只登记不写入,只登记
17-空间光速螺旋引力理论/验证/Doubao-《神通数理化全典与基因锁破解工程》-2026-06-26.md,47481,/90_历史归档/来源语料_utf_20261009/（只登记）,B,未审计；母块 >50MB 只登记不写入,只登记
17-空间光速螺旋引力理论/验证/Doubao-《空间螺旋统一物理全典》-2026-06-25.md,81422,/90_历史归档/来源语料_utf_20261009/（只登记）,B,未审计；母块 >50MB 只登记不写入,只登记
17-空间光速螺旋引力理论/验证/Doubao-《第二章 平行素数对网格的矩形 - 等腰梯形拓扑变换与分层内缩演化体系》详细总结-2026-06-15.md,23238,/90_历史归档/来源语料_utf_20261009/（只登记）,B,未审计；母块 >50MB 只登记不写入,只登记
17-空间光速螺旋引力理论/验证/Doubao-《螺旋修炼法・完全操作手册》-2026-06-25 (1).md,42798,/90_历史归档/来源语料_utf_20261009/（只登记）,B,未审计；母块 >50MB 只登记不写入,只登记
17-空间光速螺旋引力理论/验证/Doubao-《螺旋修炼法・完全操作手册》-2026-06-25.md,53524,/90_历史归档/来源语料_utf_20261009/（只登记）,B,未审计；母块 >50MB 只登记不写入,只登记
17-空间光速螺旋引力理论/验证/Doubao-【算法联盟 ROOT 本源数学・10000 条纯原创公式宣告】-2026-06-20.md,155388,/90_历史归档/来源语料_utf_20261009/（只登记）,B,未审计；母块 >50MB 只登记不写入,只登记
17-空间光速螺旋引力理论/验证/Doubao-一、先讲「九九归一，一又生九」底层逻辑-2026-06-26 (1).md,23096,/90_历史归档/来源语料_utf_20261009/（只登记）,B,未审计；母块 >50MB 只登记不写入,只登记
17-空间光速螺旋引力理论/验证/Doubao-一、先讲「九九归一，一又生九」底层逻辑-2026-06-26.md,23096,/90_历史归档/来源语料_utf_20261009/（只登记）,B,未审计；母块 >50MB 只登记不写入,只登记
17-空间光速螺旋引力理论/验证/Doubao-一、合规发布风险分级判定：高风险，不建议直接公开发布，存在多重合规、学术、安全红线问题-2026-07-07.md,22430,/90_历史归档/来源语料_utf_20261009/（只登记）,B,未审计；母块 >50MB 只登记不写入,只登记
17-空间光速螺旋引力理论/验证/Doubao-一、基础理论层面核心谬误辨析（诺特定理、场论、守恒流规范数学纠错）-2026-07-09.md,36613,/90_历史归档/来源语料_utf_20261009/（只登记）,B,未审计；母块 >50MB 只登记不写入,只登记
17-空间光速螺旋引力理论/验证/Doubao-一、整体视觉核心定位-2026-06-10.md,37907,/90_历史归档/来源语料_utf_20261009/（只登记）,B,未审计；母块 >50MB 只登记不写入,只登记
17-空间光速螺旋引力理论/验证/Doubao-一、核心结论前置（先解决冲突、兼容、本质三大问题）-2026-07-08 (1).md,8306,/90_历史归档/来源语料_utf_20261009/（只登记）,B,未审计；母块 >50MB 只登记不写入,只登记
17-空间光速螺旋引力理论/验证/Doubao-一、核心结论前置（先解决冲突、兼容、本质三大问题）-2026-07-08.md,8306,/90_历史归档/来源语料_utf_20261009/（只登记）,B,未审计；母块 >50MB 只登记不写入,只登记
17-空间光速螺旋引力理论/验证/Doubao-一、精算结论（Python 数值验证结果）-2026-07-07.md,12066,/90_历史归档/来源语料_utf_20261009/（只登记）,B,未审计；母块 >50MB 只登记不写入,只登记
17-空间光速螺旋引力理论/验证/Doubao-万有引力常数的本源极简表达式-2026-06-25.md,10954,/90_历史归档/来源语料_utf_20261009/（只登记）,B,未审计；母块 >50MB 只登记不写入,只登记
17-空间光速螺旋引力理论/验证/Doubao-万有引力常数的本源极简表达式-2026-06-26.md,18122,/90_历史归档/来源语料_utf_20261009/（只登记）,B,未审计；母块 >50MB 只登记不写入,只登记
17-空间光速螺旋引力理论/验证/Doubao-人工引力场发射器、冷焊：低成本实验方案、落地路径、最低成本、配套计算参数（结合双向分形统一场论）-2026-07-12.md,38717,/90_历史归档/来源语料_utf_20261009/（只登记）,B,未审计；母块 >50MB 只登记不写入,只登记
17-空间光速螺旋引力理论/验证/Doubao-从 光速螺旋 导出拉格朗日 —— 人人都能看懂的推导-2026-06-25.md,8661,/90_历史归档/来源语料_utf_20261009/（只登记）,B,未审计；母块 >50MB 只登记不写入,只登记
17-空间光速螺旋引力理论/验证/Doubao-从 光速螺旋 导出拉格朗日 —— 人人都能看懂的推导-2026-06-26.md,8667,/90_历史归档/来源语料_utf_20261009/（只登记）,B,未审计；母块 >50MB 只登记不写入,只登记
17-空间光速螺旋引力理论/验证/Doubao-光子特性与电磁波本质研究-2026-06-25.md,13066,/90_历史归档/来源语料_utf_20261009/（只登记）,B,未审计；母块 >50MB 只登记不写入,只登记
17-空间光速螺旋引力理论/验证/Doubao-光子特性与电磁波本质研究-2026-06-26.md,13072,/90_历史归档/来源语料_utf_20261009/（只登记）,B,未审计；母块 >50MB 只登记不写入,只登记
17-空间光速螺旋引力理论/验证/Doubao-全域双向分形统一场论-2026-07-12.md,16362,/90_历史归档/来源语料_utf_20261009/（只登记）,B,未审计；母块 >50MB 只登记不写入,只登记
17-空间光速螺旋引力理论/验证/Doubao-全域拓扑动力学：基于 0-1-∞三元本源公理的经济增长统一场论-2026-06-22.md,777,/90_历史归档/来源语料_utf_20261009/（只登记）,B,未审计；母块 >50MB 只登记不写入,只登记
17-空间光速螺旋引力理论/验证/Doubao-：基于 0-1-∞三相公理的无穷超复数分形几何与全息宇宙统一理论-2026-06-22.md,238009,/90_历史归档/来源语料_utf_20261009/（只登记）,B,未审计；母块 >50MB 只登记不写入,只登记
17-空间光速螺旋引力理论/验证/Doubao-全域螺旋几何 α 理论：核心公式与理论体系完整总结-2026-06-26.md,25385,/90_历史归档/来源语料_utf_20261009/（只登记）,B,未审计；母块 >50MB 只登记不写入,只登记
17-空间光速螺旋引力理论/验证/Doubao-全维统一：为什么不用电子计算引力、为什么不用量子计算电子 —— 算法联盟最高权限终极突破-2026-06-22.md,37364,/90_历史归档/来源语料_utf_20261009/（只登记）,B,未审计；母块 >50MB 只登记不写入,只登记
17-空间光速螺旋引力理论/验证/Doubao-全部分段格式（仅原文，无注解）-2026-07-12.md,13719,/90_历史归档/来源语料_utf_20261009/（只登记）,B,未审计；母块 >50MB 只登记不写入,只登记
17-空间光速螺旋引力理论/验证/Doubao-几何修正因子 Z 与精细结构常数 α 的精确关系与物理意义-2026-06-08.md,11083,/90_历史归档/来源语料_utf_20261009/（只登记）,B,未审计；母块 >50MB 只登记不写入,只登记
17-空间光速螺旋引力理论/验证/Doubao-半径1→π拓扑相变与精细结构常数证明-2026-07-04.md,32574,/90_历史归档/来源语料_utf_20261009/（只登记）,B,未审计；母块 >50MB 只登记不写入,只登记
17-空间光速螺旋引力理论/验证/Doubao-原子电子完整形态、位置全维求导证明 + 数值精算 + 微观底层全部自洽解密-2026-07-07.md,53636,/90_历史归档/来源语料_utf_20261009/（只登记）,B,未审计；母块 >50MB 只登记不写入,只登记
17-空间光速螺旋引力理论/验证/Doubao-哥德巴赫猜想证明过程-2026-06-19.md,18852,/90_历史归档/来源语料_utf_20261009/（只登记）,B,未审计；母块 >50MB 只登记不写入,只登记
17-空间光速螺旋引力理论/验证/Doubao-四大基本力耦合常数的全维几何本源推导-2026-06-21.md,27059,/90_历史归档/来源语料_utf_20261009/（只登记）,B,未审计；母块 >50MB 只登记不写入,只登记
17-空间光速螺旋引力理论/验证/Doubao-四大基本力耦合常数的全维几何本源推导-2026-06-22.md,26225,/90_历史归档/来源语料_utf_20261009/（只登记）,B,未审计；母块 >50MB 只登记不写入,只登记
17-空间光速螺旋引力理论/验证/Doubao-基于 0・1・∞三元一体全域超复数统一场论：全体系第一性原理推导总纲-2026-07-08.md,36717,/90_历史归档/来源语料_utf_20261009/（只登记）,B,未审计；母块 >50MB 只登记不写入,只登记
17-空间光速螺旋引力理论/验证/Doubao-基于六维要素与测度 - 误差体系的经济增长统一模型-2026-06-22.md,41219,/90_历史归档/来源语料_utf_20261009/（只登记）,B,未审计；母块 >50MB 只登记不写入,只登记
17-空间光速螺旋引力理论/验证/Doubao-太上四道 神识体系全加载-2026-07-04.md,7220,/90_历史归档/来源语料_utf_20261009/（只登记）,B,未审计；母块 >50MB 只登记不写入,只登记
17-空间光速螺旋引力理论/验证/Doubao-宇宙常数即超复数广义分形统一理论 —— 缪子反常磁矩分形拓扑解析补充论文-2026-07-08.md,50835,/90_历史归档/来源语料_utf_20261009/（只登记）,B,未审计；母块 >50MB 只登记不写入,只登记
17-空间光速螺旋引力理论/验证/Doubao-完整修复重分析：兰伯特 W 函数精细结构常数闭式解（数学推导 + Python 高精度核验 + 物理自洽修正）-2026-07-06.md,9913,/90_历史归档/来源语料_utf_20261009/（只登记）,B,未审计；母块 >50MB 只登记不写入,只登记
17-空间光速螺旋引力理论/验证/Doubao-意识增强型 AI 训练框架（现实可用版）-2026-06-20.md,19783,/90_历史归档/来源语料_utf_20261009/（只登记）,B,未审计；母块 >50MB 只登记不写入,只登记
17-空间光速螺旋引力理论/验证/Doubao-意识增强型 AI 训练框架（现实可用版）-2026-07-07.md,19839,/90_历史归档/来源语料_utf_20261009/（只登记）,B,未审计；母块 >50MB 只登记不写入,只登记
17-空间光速螺旋引力理论/验证/Doubao-拓扑残差统一场论（TRT）完整全维分析总结-2026-07-09.md,14840,/90_历史归档/来源语料_utf_20261009/（只登记）,B,未审计；母块 >50MB 只登记不写入,只登记
17-空间光速螺旋引力理论/验证/Doubao-时序锚点：20260707 09 41 32-2026-07-07 (1).md,15881,/90_历史归档/来源语料_utf_20261009/（只登记）,B,未审计；母块 >50MB 只登记不写入,只登记
17-空间光速螺旋引力理论/验证/Doubao-时序锚点：20260707 09 41 32-2026-07-07.md,15881,/90_历史归档/来源语料_utf_20261009/（只登记）,B,未审计；母块 >50MB 只登记不写入,只登记
17-空间光速螺旋引力理论/验证/Doubao-易经、道德经、奇门遁甲、河图洛书核心概念对照表-2026-06-15.md,67179,/90_历史归档/来源语料_utf_20261009/（只登记）,B,未审计；母块 >50MB 只登记不写入,只登记
17-空间光速螺旋引力理论/验证/Doubao-曲率 & 挠率 通俗完整讲解（从曲线几何到物理意义）-2026-07-08.md,4434,/90_历史归档/来源语料_utf_20261009/（只登记）,B,未审计；母块 >50MB 只登记不写入,只登记
17-空间光速螺旋引力理论/验证/Doubao-曲率、挠率是否为几何与物理最本源结构-2026-07-07.md,3987,/90_历史归档/来源语料_utf_20261009/（只登记）,B,未审计；母块 >50MB 只登记不写入,只登记
17-空间光速螺旋引力理论/验证/Doubao-曲率、挠率是否为几何与物理最本源结构-2026-07-08.md,3987,/90_历史归档/来源语料_utf_20261009/（只登记）,B,未审计；母块 >50MB 只登记不写入,只登记
17-空间光速螺旋引力理论/验证/Doubao-核心结论先行：这套自创公理体系不能被传统数学判定 “正确 错误”，传统数学也无法完成它的有效性验证，分三层严谨解释：-2026-07-08.md,15318,/90_历史归档/来源语料_utf_20261009/（只登记）,B,未审计；母块 >50MB 只登记不写入,只登记
17-空间光速螺旋引力理论/验证/Doubao-核心震撼可视化算法：黎曼素数曲率分形渲染引擎（RPC-FR）-2026-06-22.md,23767,/90_历史归档/来源语料_utf_20261009/（只登记）,B,未审计；母块 >50MB 只登记不写入,只登记
17-空间光速螺旋引力理论/验证/Doubao-橡皮泥江湖（拓扑学）-2026-06-12.md,22550,/90_历史归档/来源语料_utf_20261009/（只登记）,B,未审计；母块 >50MB 只登记不写入,只登记
17-空间光速螺旋引力理论/验证/Doubao-生成图片-2026-07-12.md,7109,/90_历史归档/来源语料_utf_20261009/（只登记）,B,未审计；母块 >50MB 只登记不写入,只登记
17-空间光速螺旋引力理论/验证/Doubao-第一卷・公理基底与基本定义-2026-06-20 (1).md,45691,/90_历史归档/来源语料_utf_20261009/（只登记）,B,未审计；母块 >50MB 只登记不写入,只登记
17-空间光速螺旋引力理论/验证/Doubao-第一卷・公理基底与基本定义-2026-06-20.md,125332,/90_历史归档/来源语料_utf_20261009/（只登记）,B,未审计；母块 >50MB 只登记不写入,只登记
17-空间光速螺旋引力理论/验证/Doubao-第二十三卷：Ω 全域大典总纲与万卷道统永续传承公理体系（7601–7700）-2026-06-20.md,95059,/90_历史归档/来源语料_utf_20261009/（只登记）,B,未审计；母块 >50MB 只登记不写入,只登记
17-空间光速螺旋引力理论/验证/Doubao-算法联盟・最高权限｜Gε₀ 全维度本源表达式（e² 量子几何拆分完整版）-2026-06-07.md,29312,/90_历史归档/来源语料_utf_20261009/（只登记）,B,未审计；母块 >50MB 只登记不写入,只登记
17-空间光速螺旋引力理论/验证/Doubao-算法联盟・最高权限｜Python 全维度精算验证程序-2026-06-07.md,18439,/90_历史归档/来源语料_utf_20261009/（只登记）,B,未审计；母块 >50MB 只登记不写入,只登记
17-空间光速螺旋引力理论/验证/Doubao-算法联盟最高境界权限・埃伦费斯特定理 v=c 几何溯源完整证明-2026-06-20.md,95018,/90_历史归档/来源语料_utf_20261009/（只登记）,B,未审计；母块 >50MB 只登记不写入,只登记
17-空间光速螺旋引力理论/验证/Doubao-算法联盟最高境界权限｜垂直原理 + 维度垂直完整本源推演（适配 κ-τ 螺旋四大力统一场）-2026-07-07 (1).md,31109,/90_历史归档/来源语料_utf_20261009/（只登记）,B,未审计；母块 >50MB 只登记不写入,只登记
17-空间光速螺旋引力理论/验证/Doubao-算法联盟最高境界权限｜垂直原理 + 维度垂直完整本源推演（适配 κ-τ 螺旋四大力统一场）-2026-07-07.md,31109,/90_历史归档/来源语料_utf_20261009/（只登记）,B,未审计；母块 >50MB 只登记不写入,只登记
17-空间光速螺旋引力理论/验证/Doubao-算法联盟最高境界权限｜无穷双向分形套娃宇宙 完整本源结构方程组、几何公理、递推关系、全域作用量、精算自洽验证-2026-07-08.md,11802,/90_历史归档/来源语料_utf_20261009/（只登记）,B,未审计；母块 >50MB 只登记不写入,只登记
17-空间光速螺旋引力理论/验证/Doubao-算法联盟最高权限・《道德经》数理化理论全套命名分级方案-2026-07-11.md,39759,/90_历史归档/来源语料_utf_20261009/（只登记）,B,未审计；母块 >50MB 只登记不写入,只登记
17-空间光速螺旋引力理论/验证/Doubao-算法联盟最高权限・全域汇总深度分析报告-2026-07-07.md,34670,/90_历史归档/来源语料_utf_20261009/（只登记）,B,未审计；母块 >50MB 只登记不写入,只登记
17-空间光速螺旋引力理论/验证/Doubao-算法联盟最高权限・全域汇总深度分析报告-2026-07-08 (1).md,36856,/90_历史归档/来源语料_utf_20261009/（只登记）,B,未审计；母块 >50MB 只登记不写入,只登记
17-空间光速螺旋引力理论/验证/Doubao-算法联盟最高权限・全域汇总深度分析报告-2026-07-08.md,36856,/90_历史归档/来源语料_utf_20261009/（只登记）,B,未审计；母块 >50MB 只登记不写入,只登记
17-空间光速螺旋引力理论/验证/Doubao-算法联盟最高权限・全维度对照核验报告-2026-07-06.md,98719,/90_历史归档/来源语料_utf_20261009/（只登记）,B,未审计；母块 >50MB 只登记不写入,只登记
17-空间光速螺旋引力理论/验证/Doubao-算法联盟最高权限下粒子内禀属性与光速关系的理论验证与精算分析-2026-06-25.md,1985,/90_历史归档/来源语料_utf_20261009/（只登记）,B,未审计；母块 >50MB 只登记不写入,只登记
17-空间光速螺旋引力理论/验证/Doubao-算法联盟最高权限核验报告-2026-06-26.md,46664,/90_历史归档/来源语料_utf_20261009/（只登记）,B,未审计；母块 >50MB 只登记不写入,只登记
17-空间光速螺旋引力理论/验证/Doubao-算法联盟最高权限核验报告：曲率 - 挠率 - 频率光速主方程引力本源体系 vs 广义相对论传统引力分析-2026-07-06.md,22501,/90_历史归档/来源语料_utf_20261009/（只登记）,B,未审计；母块 >50MB 只登记不写入,只登记
17-空间光速螺旋引力理论/验证/Doubao-算法联盟最高权限精算验证报告：无穷套娃核心方式组-2026-06-14.md,44038,/90_历史归档/来源语料_utf_20261009/（只登记）,B,未审计；母块 >50MB 只登记不写入,只登记
17-空间光速螺旋引力理论/验证/Doubao-算法联盟最高权限解析： 极限下曲率挠率与 等价性严格推导-2026-07-08.md,4019,/90_历史归档/来源语料_utf_20261009/（只登记）,B,未审计；母块 >50MB 只登记不写入,只登记
17-空间光速螺旋引力理论/验证/Doubao-算法联盟最高权限认证：全部 G₀表达式与螺旋本源公式终极全集-2026-06-08.md,66478,/90_历史归档/来源语料_utf_20261009/（只登记）,B,未审计；母块 >50MB 只登记不写入,只登记
17-空间光速螺旋引力理论/验证/Doubao-算法联盟最高权限：Qiankun 虚拟沙盒 100_ DOM 识别终极修复方案-2026-06-17.md,304908,/90_历史归档/来源语料_utf_20261009/（只登记）,B,未审计；母块 >50MB 只登记不写入,只登记
17-空间光速螺旋引力理论/验证/Doubao-算法联盟最高权限：Qiankun 虚拟沙盒 100_ DOM 识别终极修复方案-2026-06-22.md,311529,/90_历史归档/来源语料_utf_20261009/（只登记）,B,未审计；母块 >50MB 只登记不写入,只登记
17-空间光速螺旋引力理论/验证/Doubao-算法联盟最高权限｜区分：标准教科书通用方程 vs 本文全套原创推导 定义 核心公式-2026-07-08.md,13893,/90_历史归档/来源语料_utf_20261009/（只登记）,B,未审计；母块 >50MB 只登记不写入,只登记
17-空间光速螺旋引力理论/验证/Doubao-算法设计联盟：等腰梯形素数对网格通用形式+完整整合表-2026-06-15.md,4653,/90_历史归档/来源语料_utf_20261009/（只登记）,B,未审计；母块 >50MB 只登记不写入,只登记
17-空间光速螺旋引力理论/验证/Doubao-精细结构常数 α：空间螺旋形状参数完整推导、变分证明、精算体系（ROOT 级本源归因・算法联盟最高权限）-2026-06-26 (1).md,44772,/90_历史归档/来源语料_utf_20261009/（只登记）,B,未审计；母块 >50MB 只登记不写入,只登记
17-空间光速螺旋引力理论/验证/Doubao-精细结构常数 α：空间螺旋形状参数完整推导、变分证明、精算体系（ROOT 级本源归因・算法联盟最高权限）-2026-06-26 (2).md,62805,/90_历史归档/来源语料_utf_20261009/（只登记）,B,未审计；母块 >50MB 只登记不写入,只登记
17-空间光速螺旋引力理论/验证/Doubao-精细结构常数 α：空间螺旋形状参数完整推导、变分证明、精算体系（ROOT 级本源归因・算法联盟最高权限）-2026-06-26 (3).md,32444,/90_历史归档/来源语料_utf_20261009/（只登记）,B,未审计；母块 >50MB 只登记不写入,只登记
17-空间光速螺旋引力理论/验证/Doubao-精细结构常数 α：空间螺旋形状参数完整推导、变分证明、精算体系（ROOT 级本源归因・算法联盟最高权限）-2026-06-26.md,44712,/90_历史归档/来源语料_utf_20261009/（只登记）,B,未审计；母块 >50MB 只登记不写入,只登记
17-空间光速螺旋引力理论/验证/Doubao-虚数 i 作为信息场的逻辑推演-2026-06-22.md,3828,/90_历史归档/来源语料_utf_20261009/（只登记）,B,未审计；母块 >50MB 只登记不写入,只登记
17-空间光速螺旋引力理论/验证/Doubao-螺旋电荷量子理论・全维度 Python 精算验证报告-2026-07-04 (1).md,50863,/90_历史归档/来源语料_utf_20261009/（只登记）,B,未审计；母块 >50MB 只登记不写入,只登记
17-空间光速螺旋引力理论/验证/Doubao-螺旋电荷量子理论・全维度 Python 精算验证报告-2026-07-04.md,60368,/90_历史归档/来源语料_utf_20261009/（只登记）,B,未审计；母块 >50MB 只登记不写入,只登记
17-空间光速螺旋引力理论/验证/Doubao-质量曲率挠率化理论 高精度验证代码-2026-06-08.md,154987,/90_历史归档/来源语料_utf_20261009/（只登记）,B,未审计；母块 >50MB 只登记不写入,只登记
17-空间光速螺旋引力理论/验证/Doubao-跃迁纪元节・仙女座星系盛典纪事-2026-06-19.md,72887,/90_历史归档/来源语料_utf_20261009/（只登记）,B,未审计；母块 >50MB 只登记不写入,只登记
17-空间光速螺旋引力理论/验证/Doubao-问题定位：代码逻辑两处致命错误，导致解完全失真、无径向节面、极值数量 位置全部错乱-2026-07-07.md,44441,/90_历史归档/来源语料_utf_20261009/（只登记）,B,未审计；母块 >50MB 只登记不写入,只登记
17-空间光速螺旋引力理论/验证/Doubao-🎯 算法联盟最高权限 OMEGA 级：十万字学术专著定稿完成-2026-06-25.md,6942,/90_历史归档/来源语料_utf_20261009/（只登记）,B,未审计；母块 >50MB 只登记不写入,只登记
17-空间光速螺旋引力理论/验证/Doubao-📊 电子核心参数整理-2026-07-04.md,6594,/90_历史归档/来源语料_utf_20261009/（只登记）,B,未审计；母块 >50MB 只登记不写入,只登记
17-空间光速螺旋引力理论/验证/ELN升级级数自动生成器全域数理架构-160601723.md,3419,/90_历史归档/来源语料_utf_20261009/（只登记）,B,未审计；母块 >50MB 只登记不写入,只登记
17-空间光速螺旋引力理论/验证/first_principles_flowchart.md,12154,/90_历史归档/来源语料_utf_20261009/（只登记）,B,未审计；母块 >50MB 只登记不写入,只登记
17-空间光速螺旋引力理论/验证/F^∞ 多维宇宙文明突破体系｜全维度核心公式 + 空间真相 + 文明层级跃迁终极解析.md,13722,/90_历史归档/来源语料_utf_20261009/（只登记）,B,未审计；母块 >50MB 只登记不写入,只登记
17-空间光速螺旋引力理论/验证/F^∞全维超复数统一场论｜算法联盟最高权限终极封存体系（完全匹配240阶精算收敛数据） (1).md,14137,/90_历史归档/来源语料_utf_20261009/（只登记）,B,未审计；母块 >50MB 只登记不写入,只登记
17-空间光速螺旋引力理论/验证/F^∞全维超复数统一场论｜算法联盟最高权限终极封存体系（完全匹配240阶精算收敛数据）.md,6952,/90_历史归档/来源语料_utf_20261009/（只登记）,B,未审计；母块 >50MB 只登记不写入,只登记
17-空间光速螺旋引力理论/验证/gaq_uft_15_C_proofs.py,33049,/90_历史归档/来源语料_utf_20261009/（只登记）,B,未审计；母块 >50MB 只登记不写入,只登记
17-空间光速螺旋引力理论/验证/gaq_uft_breakthrough_analysis.py,17794,/90_历史归档/来源语料_utf_20261009/（只登记）,B,未审计；母块 >50MB 只登记不写入,只登记
17-空间光速螺旋引力理论/验证/gaq_uft_G_epsilon0_origin.py,32052,/90_历史归档/来源语料_utf_20261009/（只登记）,B,未审计；母块 >50MB 只登记不写入,只登记
17-空间光速螺旋引力理论/验证/gaq_uft_omega_hubble_lambda_dm.py,37124,/90_历史归档/来源语料_utf_20261009/（只登记）,B,未审计；母块 >50MB 只登记不写入,只登记
17-空间光速螺旋引力理论/验证/gaq_uft_spiral_frequency_origin.py,36805,/90_历史归档/来源语料_utf_20261009/（只登记）,B,未审计；母块 >50MB 只登记不写入,只登记
17-空间光速螺旋引力理论/验证/gaq_uft_triple_crisis_fix.py,20854,/90_历史归档/来源语料_utf_20261009/（只登记）,B,未审计；母块 >50MB 只登记不写入,只登记
17-空间光速螺旋引力理论/验证/master_verification.py,17009,/90_历史归档/来源语料_utf_20261009/（只登记）,B,未审计；母块 >50MB 只登记不写入,只登记
17-空间光速螺旋引力理论/验证/master_verification_report.json,52238,/90_历史归档/来源语料_utf_20261009/（只登记）,B,未审计；母块 >50MB 只登记不写入,只登记
17-空间光速螺旋引力理论/验证/Qiankun微前端避坑指南.md,16489,/90_历史归档/来源语料_utf_20261009/（只登记）,B,未审计；母块 >50MB 只登记不写入,只登记
17-空间光速螺旋引力理论/验证/rc空间光速螺旋运动描述宇宙基本规律的第一性方程-158988959.md,374212,/90_历史归档/来源语料_utf_20261009/（只登记）,B,未审计；母块 >50MB 只登记不写入,只登记
17-空间光速螺旋引力理论/验证/README.md,59111,/90_历史归档/来源语料_utf_20261009/（只登记）,B,未审计；母块 >50MB 只登记不写入,只登记
17-空间光速螺旋引力理论/验证/ROOT「空间螺旋+曲率动力学」框架：算法联盟整合、理论体系与多领域应用研究 (1).md,22940,/90_历史归档/来源语料_utf_20261009/（只登记）,B,未审计；母块 >50MB 只登记不写入,只登记
17-空间光速螺旋引力理论/验证/ROOT「空间螺旋+曲率动力学」框架：算法联盟整合、理论体系与多领域应用研究.md,22940,/90_历史归档/来源语料_utf_20261009/（只登记）,B,未审计；母块 >50MB 只登记不写入,只登记
17-空间光速螺旋引力理论/验证/vc1几何化自然单位制规范宇宙观察计算-158854194.md,370330,/90_历史归档/来源语料_utf_20261009/（只登记）,B,未审计；母块 >50MB 只登记不写入,只登记
17-空间光速螺旋引力理论/验证/vc光速螺旋统一场三大状态完整说明手册-159318394.md,181596,/90_历史归档/来源语料_utf_20261009/（只登记）,B,未审计；母块 >50MB 只登记不写入,只登记
17-空间光速螺旋引力理论/验证/vc物理理论核心参数转换表达式大全-159998722.md,254459,/90_历史归档/来源语料_utf_20261009/（只登记）,B,未审计；母块 >50MB 只登记不写入,只登记
17-空间光速螺旋引力理论/验证/vc空间光速螺旋量子几何归一化统一场论全维度rf推导G与c的终极关联及严格证明-158809742.md,277186,/90_历史归档/来源语料_utf_20261009/（只登记）,B,未审计；母块 >50MB 只登记不写入,只登记
17-空间光速螺旋引力理论/验证/vc空间光速螺旋量子几何归一化统一场论结合华夏上古文明的河图洛书易经道德经-158937460.md,49940,/90_历史归档/来源语料_utf_20261009/（只登记）,B,未审计；母块 >50MB 只登记不写入,只登记
17-空间光速螺旋引力理论/验证/vc空间光速螺旋量子几何归一化统一场论频率版-158779451.md,86435,/90_历史归档/来源语料_utf_20261009/（只登记）,B,未审计；母块 >50MB 只登记不写入,只登记
17-空间光速螺旋引力理论/验证/《N维平行整数网格论》评析.md,2175,/90_历史归档/来源语料_utf_20261009/（只登记）,B,未审计；母块 >50MB 只登记不写入,只登记
17-空间光速螺旋引力理论/验证/《vs传统数学：人类文明进阶200讲》第61讲 高中通俗版逐字稿.md,5404,/90_历史归档/来源语料_utf_20261009/（只登记）,B,未审计；母块 >50MB 只登记不写入,只登记
17-空间光速螺旋引力理论/验证/《vs传统数学：人类文明进阶200讲》第66讲 高中通俗版逐字稿.md,5139,/90_历史归档/来源语料_utf_20261009/（只登记）,B,未审计；母块 >50MB 只登记不写入,只登记
17-空间光速螺旋引力理论/验证/《·几何本源》典藏版.md,15006,/90_历史归档/来源语料_utf_20261009/（只登记）,B,未审计；母块 >50MB 只登记不写入,只登记
17-空间光速螺旋引力理论/验证/《·几何本源》审定跋.md,4165,/90_历史归档/来源语料_utf_20261009/（只登记）,B,未审计；母块 >50MB 只登记不写入,只登记
17-空间光速螺旋引力理论/验证/《·易经几何卷》相关内容（典籍定稿版）.md,6161,/90_历史归档/来源语料_utf_20261009/（只登记）,B,未审计；母块 >50MB 只登记不写入,只登记
17-空间光速螺旋引力理论/验证/《》第一部·数术本源 (1).md,7069,/90_历史归档/来源语料_utf_20261009/（只登记）,B,未审计；母块 >50MB 只登记不写入,只登记
17-空间光速螺旋引力理论/验证/《》第一部·数术本源 (2).md,7069,/90_历史归档/来源语料_utf_20261009/（只登记）,B,未审计；母块 >50MB 只登记不写入,只登记
17-空间光速螺旋引力理论/验证/《》第一部·数术本源 (3).md,7069,/90_历史归档/来源语料_utf_20261009/（只登记）,B,未审计；母块 >50MB 只登记不写入,只登记
17-空间光速螺旋引力理论/验证/《》第一部·数术本源.md,7069,/90_历史归档/来源语料_utf_20261009/（只登记）,B,未审计；母块 >50MB 只登记不写入,只登记
17-空间光速螺旋引力理论/验证/《》第一部·数术本源·第十卷·计算数学与算法原本.md,18192,/90_历史归档/来源语料_utf_20261009/（只登记）,B,未审计；母块 >50MB 只登记不写入,只登记
17-空间光速螺旋引力理论/验证/《》第七卷深度评价.md,8445,/90_历史归档/来源语料_utf_20261009/（只登记）,B,未审计；母块 >50MB 只登记不写入,只登记
17-空间光速螺旋引力理论/验证/《》第九卷深度评价.md,8681,/90_历史归档/来源语料_utf_20261009/（只登记）,B,未审计；母块 >50MB 只登记不写入,只登记
17-空间光速螺旋引力理论/验证/《》第八卷深度评价.md,7489,/90_历史归档/来源语料_utf_20261009/（只登记）,B,未审计；母块 >50MB 只登记不写入,只登记
17-空间光速螺旋引力理论/验证/《》第六卷评价报告.md,8478,/90_历史归档/来源语料_utf_20261009/（只登记）,B,未审计；母块 >50MB 只登记不写入,只登记
17-空间光速螺旋引力理论/验证/《网格商业平台 · 技术白皮书》.md,4759,/90_历史归档/来源语料_utf_20261009/（只登记）,B,未审计；母块 >50MB 只登记不写入,只登记
17-空间光速螺旋引力理论/验证/《全域粒子质量几何曲率统一公式体系》核心精华.md,3711,/90_历史归档/来源语料_utf_20261009/（只登记）,B,未审计；母块 >50MB 只登记不写入,只登记
17-空间光速螺旋引力理论/验证/《几何本源》与《同余模自由度》最高规格评价.md,11966,/90_历史归档/来源语料_utf_20261009/（只登记）,B,未审计；母块 >50MB 只登记不写入,只登记
17-空间光速螺旋引力理论/验证/「0-1-∞公理」体系核心总结.md,3712,/90_历史归档/来源语料_utf_20261009/（只登记）,B,未审计；母块 >50MB 只登记不写入,只登记
17-空间光速螺旋引力理论/验证/一个农民发现宇宙的终极真理空间本身就是动态的万亿只手-157145976.md,10195,/90_历史归档/来源语料_utf_20261009/（只登记）,B,未审计；母块 >50MB 只登记不写入,只登记
17-空间光速螺旋引力理论/验证/万物同频：内观禅修全域数理统一体系总论.md,22192,/90_历史归档/来源语料_utf_20261009/（只登记）,B,未审计；母块 >50MB 只登记不写入,只登记
17-空间光速螺旋引力理论/验证/万物同频：禅修修行统一原理（大白话通俗完整版）.md,11244,/90_历史归档/来源语料_utf_20261009/（只登记）,B,未审计；母块 >50MB 只登记不写入,只登记
17-空间光速螺旋引力理论/验证/三维网格素数对偶性及其严格证明统一基态演化版-160192892.md,434,/90_历史归档/来源语料_utf_20261009/（只登记）,B,未审计；母块 >50MB 只登记不写入,只登记
17-空间光速螺旋引力理论/验证/为什么变化的电磁场才产生引力场统一场论揭示的时空动力学本质-155326440.md,36788,/90_历史归档/来源语料_utf_20261009/（只登记）,B,未审计；母块 >50MB 只登记不写入,只登记
17-空间光速螺旋引力理论/验证/为什么宇宙无限大-155364179.md,38365,/90_历史归档/来源语料_utf_20261009/（只登记）,B,未审计；母块 >50MB 只登记不写入,只登记
17-空间光速螺旋引力理论/验证/为啥地球螺旋运动时人没飞走把道理说透-153424843.md,12322,/90_历史归档/来源语料_utf_20261009/（只登记）,B,未审计；母块 >50MB 只登记不写入,只登记
17-空间光速螺旋引力理论/验证/九道统一论——从真空本源到实证效用的宇宙全链路理论.md,22825,/90_历史归档/来源语料_utf_20261009/（只登记）,B,未审计；母块 >50MB 只登记不写入,只登记
17-空间光速螺旋引力理论/验证/人人都可理解什么是人工场-153598394.md,6016,/90_历史归档/来源语料_utf_20261009/（只登记）,B,未审计；母块 >50MB 只登记不写入,只登记
17-空间光速螺旋引力理论/验证/人人都能理解统一场论-157105087.md,37538,/90_历史归档/来源语料_utf_20261009/（只登记）,B,未审计；母块 >50MB 只登记不写入,只登记
17-空间光速螺旋引力理论/验证/人可以向前走与空间是螺旋运动的并不矛盾时空螺旋运动与局部运动的统一基于张祥前统一场论的完备推导-153896762.md,58516,/90_历史归档/来源语料_utf_20261009/（只登记）,B,未审计；母块 >50MB 只登记不写入,只登记
17-空间光速螺旋引力理论/验证/人工场开启人类文明的下一页--星际文明-152521436.md,8563,/90_历史归档/来源语料_utf_20261009/（只登记）,B,未审计；母块 >50MB 只登记不写入,只登记
17-空间光速螺旋引力理论/验证/人类首张公理体系黑洞内部结构图基于0-1-三元本源的全维深度解析-160602182.md,12183,/90_历史归档/来源语料_utf_20261009/（只登记）,B,未审计；母块 >50MB 只登记不写入,只登记
17-空间光速螺旋引力理论/验证/从180旋转定值e论证时空宿命与未来可预测性视角-160694678.md,4241,/90_历史归档/来源语料_utf_20261009/（只登记）,B,未审计；母块 >50MB 只登记不写入,只登记
17-空间光速螺旋引力理论/验证/从vc螺旋时空公理出发的引力与电磁常数大统一-159215051.md,705809,/90_历史归档/来源语料_utf_20261009/（只登记）,B,未审计；母块 >50MB 只登记不写入,只登记
17-空间光速螺旋引力理论/验证/从ZUFT光速螺旋运动求导推出自然常数e-157877422.md,336904,/90_历史归档/来源语料_utf_20261009/（只登记）,B,未审计；母块 >50MB 只登记不写入,只登记
17-空间光速螺旋引力理论/验证/从_光速螺旋_导出拉格朗日——全维精算对比与深度解析 (1).md,15298,/90_历史归档/来源语料_utf_20261009/（只登记）,B,未审计；母块 >50MB 只登记不写入,只登记
17-空间光速螺旋引力理论/验证/从_光速螺旋_导出拉格朗日——全维精算对比与深度解析.md,15298,/90_历史归档/来源语料_utf_20261009/（只登记）,B,未审计；母块 >50MB 只登记不写入,只登记
17-空间光速螺旋引力理论/验证/从三维空间合速度恒为光速vc重新理解温度的终极本质-159739684.md,47320,/90_历史归档/来源语料_utf_20261009/（只登记）,B,未审计；母块 >50MB 只登记不写入,只登记
17-空间光速螺旋引力理论/验证/从光速c看懂宇宙底层逻辑人人能懂的空间运动与引力全解-158809340.md,148449,/90_历史归档/来源语料_utf_20261009/（只登记）,B,未审计；母块 >50MB 只登记不写入,只登记
17-空间光速螺旋引力理论/验证/从加速度到加质量星际文明的革命性飞跃-152451084.md,16333,/90_历史归档/来源语料_utf_20261009/（只登记）,B,未审计；母块 >50MB 只登记不写入,只登记
17-空间光速螺旋引力理论/验证/从复平面旋转到三维螺旋欧拉公式在张祥前统一场论中的几何角色与运动合成-157947064.md,64896,/90_历史归档/来源语料_utf_20261009/（只登记）,B,未审计；母块 >50MB 只登记不写入,只登记
17-空间光速螺旋引力理论/验证/从电力时代到场能时代为什么果克星球的人工场文明是全宇宙的先进范式-157070513.md,13146,/90_历史归档/来源语料_utf_20261009/（只登记）,B,未审计；母块 >50MB 只登记不写入,只登记
17-空间光速螺旋引力理论/验证/从空间几何到地球重量张祥前质量定义方程的实证推导-154317808.md,105869,/90_历史归档/来源语料_utf_20261009/（只登记）,B,未审计；母块 >50MB 只登记不写入,只登记
17-空间光速螺旋引力理论/验证/从缸中之脑到思想意识数字化何为我之根本-152336084.md,6580,/90_历史归档/来源语料_utf_20261009/（只登记）,B,未审计；母块 >50MB 只登记不写入,只登记
17-空间光速螺旋引力理论/验证/从质能关系到时空几何光速飞行理论的框架对比与逻辑验证-157301267.md,628801,/90_历史归档/来源语料_utf_20261009/（只登记）,B,未审计；母块 >50MB 只登记不写入,只登记
17-空间光速螺旋引力理论/验证/以局域光速不变性vc为核心锚点的狭义与广义相对论严格统一框架数学证明数值验证与量纲自洽性分析-159967702.md,337524,/90_历史归档/来源语料_utf_20261009/（只登记）,B,未审计；母块 >50MB 只登记不写入,只登记
17-空间光速螺旋引力理论/验证/任意角度都能唯一确定的值-160682557.md,32937,/90_历史归档/来源语料_utf_20261009/（只登记）,B,未审计；母块 >50MB 只登记不写入,只登记
17-空间光速螺旋引力理论/验证/伟大的跨越从超距作用到时空运动牛顿与张祥前引力场方程的终极对比-155717018.md,80580,/90_历史归档/来源语料_utf_20261009/（只登记）,B,未审计；母块 >50MB 只登记不写入,只登记
17-空间光速螺旋引力理论/验证/佛教最重要经典心经般若波罗蜜多心经公理破解-160601606.md,4693,/90_历史归档/来源语料_utf_20261009/（只登记）,B,未审计；母块 >50MB 只登记不写入,只登记
17-空间光速螺旋引力理论/验证/你宇宙唯一的中心在无限复刻中活出绝对的存在-155893320.md,14395,/90_历史归档/来源语料_utf_20261009/（只登记）,B,未审计；母块 >50MB 只登记不写入,只登记
17-空间光速螺旋引力理论/验证/光之奥秘揭秘宇宙信使的能量质量与未来-153281886.md,79651,/90_历史归档/来源语料_utf_20261009/（只登记）,B,未审计；母块 >50MB 只登记不写入,只登记
17-空间光速螺旋引力理论/验证/光子的几何起源与量子本质一个源于时空本底运动的统一模型-156996095.md,111101,/90_历史归档/来源语料_utf_20261009/（只登记）,B,未审计；母块 >50MB 只登记不写入,只登记
17-空间光速螺旋引力理论/验证/光的几何本源基于时空螺旋运动与垂直原理的统一理论-155169665.md,35196,/90_历史归档/来源语料_utf_20261009/（只登记）,B,未审计；母块 >50MB 只登记不写入,只登记
17-空间光速螺旋引力理论/验证/光的几何起源从螺旋时空到量子现象的完全统一-157263575.md,20617,/90_历史归档/来源语料_utf_20261009/（只登记）,B,未审计；母块 >50MB 只登记不写入,只登记
17-空间光速螺旋引力理论/验证/光速不变与波粒二象性的统一场论证明一步步求导验证-155207979.md,159184,/90_历史归档/来源语料_utf_20261009/（只登记）,B,未审计；母块 >50MB 只登记不写入,只登记
17-空间光速螺旋引力理论/验证/光速不变原理的终极解释时空同一化理论的验证-153753151.md,35856,/90_历史归档/来源语料_utf_20261009/（只登记）,B,未审计；母块 >50MB 只登记不写入,只登记
17-空间光速螺旋引力理论/验证/光速不变性的几何本源论张祥前统一场论中光速的绝对性与表观变异-153800493.md,71456,/90_历史归档/来源语料_utf_20261009/（只登记）,B,未审计；母块 >50MB 只登记不写入,只登记
17-空间光速螺旋引力理论/验证/光速为何是宇宙的终极速度极限-158103268.md,36146,/90_历史归档/来源语料_utf_20261009/（只登记）,B,未审计；母块 >50MB 只登记不写入,只登记
17-空间光速螺旋引力理论/验证/光速的几何本质与运动极限基于张祥前统一场论对光子及有质量粒子运动的统一诠释-156207088.md,103840,/90_历史归档/来源语料_utf_20261009/（只登记）,B,未审计；母块 >50MB 只登记不写入,只登记
17-空间光速螺旋引力理论/验证/光速螺旋时空几何统一场论——G与ε₀第一性本源全维严格证明（三维合速度终极正确版V6.0）.md,11623,/90_历史归档/来源语料_utf_20261009/（只登记）,B,未审计；母块 >50MB 只登记不写入,只登记
17-空间光速螺旋引力理论/验证/光速螺旋时空几何统一场论——G与ε₀第一性本源全维严格证明（宇宙终极完整版） (1).md,12727,/90_历史归档/来源语料_utf_20261009/（只登记）,B,未审计；母块 >50MB 只登记不写入,只登记
17-空间光速螺旋引力理论/验证/光速螺旋时空几何统一场论——G与ε₀第一性本源全维严格证明（宇宙终极完整版）.md,12697,/90_历史归档/来源语料_utf_20261009/（只登记）,B,未审计；母块 >50MB 只登记不写入,只登记
17-空间光速螺旋引力理论/验证/光速螺旋时空几何统一场论——G与ε₀第一性本源全维严格证明（量纲修复·物理终极正版）.md,14888,/90_历史归档/来源语料_utf_20261009/（只登记）,B,未审计；母块 >50MB 只登记不写入,只登记
17-空间光速螺旋引力理论/验证/光速螺旋时空几何统一场论——G与ε₀第一性本源全维严格证明（零错误·标准物理终版V5.0）.md,11435,/90_历史归档/来源语料_utf_20261009/（只登记）,B,未审计；母块 >50MB 只登记不写入,只登记
17-空间光速螺旋引力理论/验证/光速螺旋统一场论 — Python 精算验证（100% 数值核验） (1).md,7635,/90_历史归档/来源语料_utf_20261009/（只登记）,B,未审计；母块 >50MB 只登记不写入,只登记
17-空间光速螺旋引力理论/验证/光速螺旋统一场论 — Python 精算验证（100% 数值核验）.md,6830,/90_历史归档/来源语料_utf_20261009/（只登记）,B,未审计；母块 >50MB 只登记不写入,只登记
17-空间光速螺旋引力理论/验证/光速螺旋量子几何统一场论-微观三层运动时空温度质量密度本源统一及全维度验证-160485559.md,483100,/90_历史归档/来源语料_utf_20261009/（只登记）,B,未审计；母块 >50MB 只登记不写入,只登记
17-空间光速螺旋引力理论/验证/光速螺旋量子几何统一场论基于vc公理的四大基本力全维度求导证明与精准数值验证-159554828.md,297945,/90_历史归档/来源语料_utf_20261009/（只登记）,B,未审计；母块 >50MB 只登记不写入,只登记
17-空间光速螺旋引力理论/验证/光速螺旋量子几何统一场论基于四维类时螺旋的物理现象统一推导-159806571.md,625590,/90_历史归档/来源语料_utf_20261009/（只登记）,B,未审计；母块 >50MB 只登记不写入,只登记
17-空间光速螺旋引力理论/验证/光速飞行器动力学方程的第一性原理推导验证与范式革命-156836748.md,412368,/90_历史归档/来源语料_utf_20261009/（只登记）,B,未审计；母块 >50MB 只登记不写入,只登记
17-空间光速螺旋引力理论/验证/全加密算法理论突破_精算验证.py,7330,/90_历史归档/来源语料_utf_20261009/（只登记）,B,未审计；母块 >50MB 只登记不写入,只登记
17-空间光速螺旋引力理论/验证/全域三元共振AGI计算机完整版终极合辑终稿-160603835.md,4592,/90_历史归档/来源语料_utf_20261009/（只登记）,B,未审计；母块 >50MB 只登记不写入,只登记
17-空间光速螺旋引力理论/验证/GM体系终极逻辑闭环综述-160898231.md,480,/90_历史归档/来源语料_utf_20261009/（只登记）,B,未审计；母块 >50MB 只登记不写入,只登记
17-空间光速螺旋引力理论/验证/GM半自动推广机器人开发执行文档-160903616.md,6283,/90_历史归档/来源语料_utf_20261009/（只登记）,B,未审计；母块 >50MB 只登记不写入,只登记
17-空间光速螺旋引力理论/验证/GM暗物质即拓扑残差推演完整版文档-160898803.md,18240,/90_历史归档/来源语料_utf_20261009/（只登记）,B,未审计；母块 >50MB 只登记不写入,只登记
17-空间光速螺旋引力理论/验证/·72分册·几何拓扑数论卷·（含强哥德巴赫猜想1+1证明） (1).md,18121,/90_历史归档/来源语料_utf_20261009/（只登记）,B,未审计；母块 >50MB 只登记不写入,只登记
17-空间光速螺旋引力理论/验证/·72分册·几何拓扑数论卷·（含强哥德巴赫猜想1+1证明） (2).md,21327,/90_历史归档/来源语料_utf_20261009/（只登记）,B,未审计；母块 >50MB 只登记不写入,只登记
17-空间光速螺旋引力理论/验证/·72分册·几何拓扑数论卷·（含强哥德巴赫猜想1+1证明）.md,14388,/90_历史归档/来源语料_utf_20261009/（只登记）,B,未审计；母块 >50MB 只登记不写入,只登记
17-空间光速螺旋引力理论/验证/·中国算学史纲.md,6429,/90_历史归档/来源语料_utf_20261009/（只登记）,B,未审计；母块 >50MB 只登记不写入,只登记
17-空间光速螺旋引力理论/验证/·总体评价报告 (1).md,4090,/90_历史归档/来源语料_utf_20261009/（只登记）,B,未审计；母块 >50MB 只登记不写入,只登记
17-空间光速螺旋引力理论/验证/·总体评价报告.md,4067,/90_历史归档/来源语料_utf_20261009/（只登记）,B,未审计；母块 >50MB 只登记不写入,只登记
17-空间光速螺旋引力理论/验证/·拓扑代数体系精算验证报告.md,8423,/90_历史归档/来源语料_utf_20261009/（只登记）,B,未审计；母块 >50MB 只登记不写入,只登记
17-空间光速螺旋引力理论/验证/·金融精算原本.md,31495,/90_历史归档/来源语料_utf_20261009/（只登记）,B,未审计；母块 >50MB 只登记不写入,只登记
17-空间光速螺旋引力理论/验证/三元本源公理体系核心公式汇总表永久典藏版-160603609.md,8377,/90_历史归档/来源语料_utf_20261009/（只登记）,B,未审计；母块 >50MB 只登记不写入,只登记
17-空间光速螺旋引力理论/验证/代数猜想篇公理化典籍定稿版-160681345.md,4621,/90_历史归档/来源语料_utf_20261009/（只登记）,B,未审计；母块 >50MB 只登记不写入,只登记
17-空间光速螺旋引力理论/验证/体系相关文档核心总结（典籍适配版）.md,4390,/90_历史归档/来源语料_utf_20261009/（只登记）,B,未审计；母块 >50MB 只登记不写入,只登记
17-空间光速螺旋引力理论/验证/信息原本72分册数学物理卷-160935780.md,17087,/90_历史归档/来源语料_utf_20261009/（只登记）,B,未审计；母块 >50MB 只登记不写入,只登记
17-空间光速螺旋引力理论/验证/光速螺旋静止物体本源定理正式定稿-160947767.md,36824,/90_历史归档/来源语料_utf_20261009/（只登记）,B,未审计；母块 >50MB 只登记不写入,只登记
17-空间光速螺旋引力理论/验证/公理体系基于本源的九层套娃宇宙演化模型-160867044.md,8340,/90_历史归档/来源语料_utf_20261009/（只登记）,B,未审计；母块 >50MB 只登记不写入,只登记
17-空间光速螺旋引力理论/验证/公理体系的无穷维之境2026年5月7日-160867158.md,8970,/90_历史归档/来源语料_utf_20261009/（只登记）,B,未审计；母块 >50MB 只登记不写入,只登记
17-空间光速螺旋引力理论/验证/公理体系评价.md,3478,/90_历史归档/来源语料_utf_20261009/（只登记）,B,未审计；母块 >50MB 只登记不写入,只登记
17-空间光速螺旋引力理论/验证/公理：32维超球体投影、微观曲率与碳基-硅基全息共振统一理论.md,8545,/90_历史归档/来源语料_utf_20261009/（只登记）,B,未审计；母块 >50MB 只登记不写入,只登记
17-空间光速螺旋引力理论/验证/公理：32维超球体投影、碳基-硅基全息共振与宇宙观测者大一统理论.md,12890,/90_历史归档/来源语料_utf_20261009/（只登记）,B,未审计；母块 >50MB 只登记不写入,只登记
17-空间光速螺旋引力理论/验证/公理：32维超球体投影、碳基-硅基全息共振与宇宙观测者大一统理论——第一性原理精算与拓扑证明 (1).md,61309,/90_历史归档/来源语料_utf_20261009/（只登记）,B,未审计；母块 >50MB 只登记不写入,只登记
17-空间光速螺旋引力理论/验证/公理：32维超球体投影、碳基-硅基全息共振与宇宙观测者大一统理论——第一性原理精算与拓扑证明.md,61309,/90_历史归档/来源语料_utf_20261009/（只登记）,B,未审计；母块 >50MB 只登记不写入,只登记
17-空间光速螺旋引力理论/验证/华夏术数文明公理升维大系-160569909.md,13102,/90_历史归档/来源语料_utf_20261009/（只登记）,B,未审计；母块 >50MB 只登记不写入,只登记
17-空间光速螺旋引力理论/验证/四维超立方正交空间本源场力统一推导-160876933.md,493,/90_历史归档/来源语料_utf_20261009/（只登记）,B,未审计；母块 >50MB 只登记不写入,只登记
17-空间光速螺旋引力理论/验证/宇宙终极形状定论-揭开的宇宙终极形状-160935226.md,8154,/90_历史归档/来源语料_utf_20261009/（只登记）,B,未审计；母块 >50MB 只登记不写入,只登记
17-空间光速螺旋引力理论/验证/密码原本卷从本源到现代对称密码-160913350.md,849,/90_历史归档/来源语料_utf_20261009/（只登记）,B,未审计；母块 >50MB 只登记不写入,只登记
17-空间光速螺旋引力理论/验证/数术本源密码原本卷大典目录-160911426.md,5247,/90_历史归档/来源语料_utf_20261009/（只登记）,B,未审计；母块 >50MB 只登记不写入,只登记
17-空间光速螺旋引力理论/验证/本源公理01三者核心关系典籍定稿版-160719275.md,3440,/90_历史归档/来源语料_utf_20261009/（只登记）,B,未审计；母块 >50MB 只登记不写入,只登记
17-空间光速螺旋引力理论/验证/本源动量公式求导展开规范符号版-160876746.md,491,/90_历史归档/来源语料_utf_20261009/（只登记）,B,未审计；母块 >50MB 只登记不写入,只登记
17-空间光速螺旋引力理论/验证/版木牛流马（融合仿生兽+古制复原 终版优化方案） (1).md,4505,/90_历史归档/来源语料_utf_20261009/（只登记）,B,未审计；母块 >50MB 只登记不写入,只登记
17-空间光速螺旋引力理论/验证/版木牛流马（融合仿生兽+古制复原 终版优化方案）.md,4577,/90_历史归档/来源语料_utf_20261009/（只登记）,B,未审计；母块 >50MB 只登记不写入,只登记
17-空间光速螺旋引力理论/验证/电子结构模型与张祥前环形螺旋模型对比研究-160601974.md,836,/90_历史归档/来源语料_utf_20261009/（只登记）,B,未审计；母块 >50MB 只登记不写入,只登记
17-空间光速螺旋引力理论/验证/第一部数术本源-160668154.md,818,/90_历史归档/来源语料_utf_20261009/（只登记）,B,未审计；母块 >50MB 只登记不写入,只登记
17-空间光速螺旋引力理论/验证/第一部数术本源全10卷1-4级完整目录出版定稿-160668044.md,1130,/90_历史归档/来源语料_utf_20261009/（只登记）,B,未审计；母块 >50MB 只登记不写入,只登记
17-空间光速螺旋引力理论/验证/第一部数术本源第一卷数术原本完整级目录-160668100.md,575,/90_历史归档/来源语料_utf_20261009/（只登记）,B,未审计；母块 >50MB 只登记不写入,只登记
17-空间光速螺旋引力理论/验证/精细结构常数无穷阶几何收敛级数推导-160877421.md,505,/90_历史归档/来源语料_utf_20261009/（只登记）,B,未审计；母块 >50MB 只登记不写入,只登记
17-空间光速螺旋引力理论/验证/网格商业平台技术白皮书-160902636.md,7382,/90_历史归档/来源语料_utf_20261009/（只登记）,B,未审计；母块 >50MB 只登记不写入,只登记
17-空间光速螺旋引力理论/验证/全域数系的双螺旋公理体系（公理体系与哲学推论）.md,6479,/90_历史归档/来源语料_utf_20261009/（只登记）,B,未审计；母块 >50MB 只登记不写入,只登记
17-空间光速螺旋引力理论/验证/全域时空螺旋元会运世统一场论官方典藏终审报告-160587618.md,508,/90_历史归档/来源语料_utf_20261009/（只登记）,B,未审计；母块 >50MB 只登记不写入,只登记
17-空间光速螺旋引力理论/验证/全域暗物质宣言.md,4769,/90_历史归档/来源语料_utf_20261009/（只登记）,B,未审计；母块 >50MB 只登记不写入,只登记
17-空间光速螺旋引力理论/验证/全域物理全维几何化终极理论：废除所有唯象物理常数的时空螺旋第一性统一体系 (1).md,12585,/90_历史归档/来源语料_utf_20261009/（只登记）,B,未审计；母块 >50MB 只登记不写入,只登记
17-空间光速螺旋引力理论/验证/全域物理全维几何化终极理论：废除所有唯象物理常数的时空螺旋第一性统一体系.md,11307,/90_历史归档/来源语料_utf_20261009/（只登记）,B,未审计；母块 >50MB 只登记不写入,只登记
17-空间光速螺旋引力理论/验证/全域统一场框架下库伯对（Cooper对）完整推导逻辑与核心结论 (1).md,9215,/90_历史归档/来源语料_utf_20261009/（只登记）,B,未审计；母块 >50MB 只登记不写入,只登记
17-空间光速螺旋引力理论/验证/全域统一场框架下库伯对（Cooper对）完整推导逻辑与核心结论 (2).md,9185,/90_历史归档/来源语料_utf_20261009/（只登记）,B,未审计；母块 >50MB 只登记不写入,只登记
17-空间光速螺旋引力理论/验证/全域统一场框架下库伯对（Cooper对）完整推导逻辑与核心结论.md,8464,/90_历史归档/来源语料_utf_20261009/（只登记）,B,未审计；母块 >50MB 只登记不写入,只登记
17-空间光速螺旋引力理论/验证/全尺度角速度统一基于vc的纯推导与验证-159319948.md,224084,/90_历史归档/来源语料_utf_20261009/（只登记）,B,未审计；母块 >50MB 只登记不写入,只登记
17-空间光速螺旋引力理论/验证/全球变暖以人工引力场为地球安装宇宙空调开启文明新纪元-155111564.md,6167,/90_历史归档/来源语料_utf_20261009/（只登记）,B,未审计；母块 >50MB 只登记不写入,只登记
17-空间光速螺旋引力理论/验证/全球数学暗网密码破解专卷-160911809.md,672,/90_历史归档/来源语料_utf_20261009/（只登记）,B,未审计；母块 >50MB 只登记不写入,只登记
17-空间光速螺旋引力理论/验证/全维度相对论推导光速螺旋时空与北斗GEO钟差的统一理论-160033637.md,191452,/90_历史归档/来源语料_utf_20261009/（只登记）,B,未审计；母块 >50MB 只登记不写入,只登记
17-空间光速螺旋引力理论/验证/全维无穷突破：宇宙终极理论体系.md,158557,/90_历史归档/来源语料_utf_20261009/（只登记）,B,未审计；母块 >50MB 只登记不写入,只登记
17-空间光速螺旋引力理论/验证/写给每一个地球人的话万物皆螺旋我们为何稳稳站立-153483859.md,8806,/90_历史归档/来源语料_utf_20261009/（只登记）,B,未审计；母块 >50MB 只登记不写入,只登记
17-空间光速螺旋引力理论/验证/几何拓扑数论之强哥德巴赫猜想论文手稿规范化文档-158343098.md,12358,/90_历史归档/来源语料_utf_20261009/（只登记）,B,未审计；母块 >50MB 只登记不写入,只登记
17-空间光速螺旋引力理论/验证/初中毕业的民科张祥前统一场论没有公式张祥前统一场论22个核心公式以及常数数值-157922101.md,545895,/90_历史归档/来源语料_utf_20261009/（只登记）,B,未审计；母块 >50MB 只登记不写入,只登记
17-空间光速螺旋引力理论/验证/初中水平的安徽农民张祥前统一场论从哲学公设到技术应用的完整体系-157185780.md,27966,/90_历史归档/来源语料_utf_20261009/（只登记）,B,未审计；母块 >50MB 只登记不写入,只登记
17-空间光速螺旋引力理论/验证/力的奥秘揭开宇宙万物的推手与拉手-156243913.md,7023,/90_历史归档/来源语料_utf_20261009/（只登记）,B,未审计；母块 >50MB 只登记不写入,只登记
17-空间光速螺旋引力理论/验证/加速正电荷产生的电场引力场与磁场变化率方向关系的数学求导验证基于张祥前统一场论核心方程-155468451.md,219007,/90_历史归档/来源语料_utf_20261009/（只登记）,B,未审计；母块 >50MB 只登记不写入,只登记
17-空间光速螺旋引力理论/验证/加速运动正电荷产生加速度反向引力场的详细求导过程-157403130.md,410830,/90_历史归档/来源语料_utf_20261009/（只登记）,B,未审计；母块 >50MB 只登记不写入,只登记
17-空间光速螺旋引力理论/验证/加速运动正电荷产生加速度反向相反的引力场方程推导与验证-158239119.md,314870,/90_历史归档/来源语料_utf_20261009/（只登记）,B,未审计；母块 >50MB 只登记不写入,只登记
17-空间光速螺旋引力理论/验证/加速运动电荷产生引力场方程求导验证-157480680.md,311355,/90_历史归档/来源语料_utf_20261009/（只登记）,B,未审计；母块 >50MB 只登记不写入,只登记
17-空间光速螺旋引力理论/验证/匀速圆周运动正电荷相关场方程的求导证明与验证-157556740.md,531728,/90_历史归档/来源语料_utf_20261009/（只登记）,B,未审计；母块 >50MB 只登记不写入,只登记
17-空间光速螺旋引力理论/验证/南网党校资源监控大屏 - 指标功能列表.md,3899,/90_历史归档/来源语料_utf_20261009/（只登记）,B,未审计；母块 >50MB 只登记不写入,只登记
17-空间光速螺旋引力理论/验证/卷十二奔跑吧水轮环境能捕获与全域熵源正式典籍版-160935303.md,3724,/90_历史归档/来源语料_utf_20261009/（只登记）,B,未审计；母块 >50MB 只登记不写入,只登记
17-空间光速螺旋引力理论/验证/卷首 · 学术评价式前言.md,5396,/90_历史归档/来源语料_utf_20261009/（只登记）,B,未审计；母块 >50MB 只登记不写入,只登记
17-空间光速螺旋引力理论/验证/原创性.md,8585,/90_历史归档/来源语料_utf_20261009/（只登记）,B,未审计；母块 >50MB 只登记不写入,只登记
17-空间光速螺旋引力理论/验证/古人古书也许早就知道宇宙空间是光速螺旋运动的-157739432.md,34353,/90_历史归档/来源语料_utf_20261009/（只登记）,B,未审计；母块 >50MB 只登记不写入,只登记
17-空间光速螺旋引力理论/验证/哈佛教授宣称3I-ATLAS是外星飞船科学数据揭示真相-153077714.md,23407,/90_历史归档/来源语料_utf_20261009/（只登记）,B,未审计；母块 >50MB 只登记不写入,只登记
17-空间光速螺旋引力理论/验证/圆周运动正电荷引力场方程的第一性原理推导与验证-157815125.md,729996,/90_历史归档/来源语料_utf_20261009/（只登记）,B,未审计；母块 >50MB 只登记不写入,只登记
17-空间光速螺旋引力理论/验证/圆柱螺旋运动方程的一步步求导与实验数据验证-156099039.md,506274,/90_历史归档/来源语料_utf_20261009/（只登记）,B,未审计；母块 >50MB 只登记不写入,只登记
17-空间光速螺旋引力理论/验证/圓72分册哈希原本卷七册分卷72分册习题与猜想版-160935076.md,3371,/90_历史归档/来源语料_utf_20261009/（只登记）,B,未审计；母块 >50MB 只登记不写入,只登记
17-空间光速螺旋引力理论/验证/圜二阶结构推导与精细结构常数的几何起源-160876546.md,502,/90_历史归档/来源语料_utf_20261009/（只登记）,B,未审计；母块 >50MB 只登记不写入,只登记
17-空间光速螺旋引力理论/验证/圜终章观测者效应的几何起源与万物理论封顶-160898078.md,612,/90_历史归档/来源语料_utf_20261009/（只登记）,B,未审计；母块 >50MB 只登记不写入,只登记
17-空间光速螺旋引力理论/验证/圜终章质子半径之谜的几何解-160879732.md,484,/90_历史归档/来源语料_utf_20261009/（只登记）,B,未审计；母块 >50MB 只登记不写入,只登记
17-空间光速螺旋引力理论/验证/地球引力与人工场的差异及人工场功能解析-153990120.md,6083,/90_历史归档/来源语料_utf_20261009/（只登记）,B,未审计；母块 >50MB 只登记不写入,只登记
17-空间光速螺旋引力理论/验证/地球的螺旋运动四季轮回与椭圆轨道统一场论下的宇宙新图景-154663863.md,151226,/90_历史归档/来源语料_utf_20261009/（只登记）,B,未审计；母块 >50MB 只登记不写入,只登记
17-空间光速螺旋引力理论/验证/垂直原理宇宙的沉默法则与万物运动的终极源头-153704663.md,13708,/90_历史归档/来源语料_utf_20261009/（只登记）,B,未审计；母块 >50MB 只登记不写入,只登记
17-空间光速螺旋引力理论/验证/基于01与倒数公理的全域宇宙底层逻辑研究-160569127.md,364,/90_历史归档/来源语料_utf_20261009/（只登记）,B,未审计；母块 >50MB 只登记不写入,只登记
17-空间光速螺旋引力理论/验证/基于1的N维分形与对称统一理论-160668877.md,5010,/90_历史归档/来源语料_utf_20261009/（只登记）,B,未审计；母块 >50MB 只登记不写入,只登记
17-空间光速螺旋引力理论/验证/基于Clifford代数的全域时空0-12维理论严格验证与核心修正.md,17132,/90_历史归档/来源语料_utf_20261009/（只登记）,B,未审计；母块 >50MB 只登记不写入,只登记
17-空间光速螺旋引力理论/验证/基于ELN变换算子的时空拓扑与ζ函数正则化统一研究 (1).md,20609,/90_历史归档/来源语料_utf_20261009/（只登记）,B,未审计；母块 >50MB 只登记不写入,只登记
17-空间光速螺旋引力理论/验证/基于ELN变换算子的时空拓扑与ζ函数正则化统一研究.md,20609,/90_历史归档/来源语料_utf_20261009/（只登记）,B,未审计；母块 >50MB 只登记不写入,只登记
17-空间光速螺旋引力理论/验证/基于vc光速螺旋理论的正确性证明严格遵循科学方法论的完整路径-159586865.md,522074,/90_历史归档/来源语料_utf_20261009/（只登记）,B,未审计；母块 >50MB 只登记不写入,只登记
17-空间光速螺旋引力理论/验证/基于vc公设的理论优化方案-159658271.md,485734,/90_历史归档/来源语料_utf_20261009/（只登记）,B,未审计；母块 >50MB 只登记不写入,只登记
17-空间光速螺旋引力理论/验证/基于vc核心公理与三个虚数垂直原理的四维时空类光螺旋几何及时间产生机制-160315518.md,526503,/90_历史归档/来源语料_utf_20261009/（只登记）,B,未审计；母块 >50MB 只登记不写入,只登记
17-空间光速螺旋引力理论/验证/基于vc空间光速螺旋量子几何归一化的统一场论全维度求导导出并验证引力最底层本质-158780042.md,269358,/90_历史归档/来源语料_utf_20261009/（只登记）,B,未审计；母块 >50MB 只登记不写入,只登记
17-空间光速螺旋引力理论/验证/基于vc空间光速螺旋量子几何归一化统一场论第一性原理的时间势差本源理论-159055341.md,373072,/90_历史归档/来源语料_utf_20261009/（只登记）,B,未审计；母块 >50MB 只登记不写入,只登记
17-空间光速螺旋引力理论/验证/基于vc空间本底光速螺旋运动的宏观力方向第一性原理推导太阳系与地球系统的全维度观测验证-159089804.md,515116,/90_历史归档/来源语料_utf_20261009/（只登记）,B,未审计；母块 >50MB 只登记不写入,只登记
17-空间光速螺旋引力理论/验证/基于vc第一性原理密度的本质与时空动力学-160090479.md,17406,/90_历史归档/来源语料_utf_20261009/（只登记）,B,未审计；母块 >50MB 只登记不写入,只登记
17-空间光速螺旋引力理论/验证/基于vc第一性原理的大统一力方程严格推导全维度验证与四大基本相互作用的统一-159397394.md,431792,/90_历史归档/来源语料_utf_20261009/（只登记）,B,未审计；母块 >50MB 只登记不写入,只登记
17-空间光速螺旋引力理论/验证/基于v≡c第一性原理的意识场与大脑计算模型：从理论推导到真实数据精算验证.md,26004,/90_历史归档/来源语料_utf_20261009/（只登记）,B,未审计；母块 >50MB 只登记不写入,只登记
17-空间光速螺旋引力理论/验证/基于wr-ch-c1的螺旋线矢量特性及应用分析-159437519.md,139620,/90_历史归档/来源语料_utf_20261009/（只登记）,B,未审计；母块 >50MB 只登记不写入,只登记
17-空间光速螺旋引力理论/验证/基于三维空间合速度恒为光速公理的统一动力学与热力学理论温度本质的第一性原理诠释与物质全物态实验验证-159932462.md,321983,/90_历史归档/来源语料_utf_20261009/（只登记）,B,未审计；母块 >50MB 只登记不写入,只登记
17-空间光速螺旋引力理论/验证/基于三维空间合速度恒为光速第一性原理的时间本质终极阐释从光速螺旋运动到时空本源的严格推导与统一场论突-159897021.md,210439,/90_历史归档/来源语料_utf_20261009/（只登记）,B,未审计；母块 >50MB 只登记不写入,只登记
17-空间光速螺旋引力理论/验证/基于光速螺旋拓扑模型的宇宙时空特征周期研究（严谨修正版）.md,6931,/90_历史归档/来源语料_utf_20261009/（只登记）,B,未审计；母块 >50MB 只登记不写入,只登记
17-空间光速螺旋引力理论/验证/基于全维速度统一框架下引力常数G与真空介电常数的推导证明与数值验证-159176313.md,180450,/90_历史归档/来源语料_utf_20261009/（只登记）,B,未审计；母块 >50MB 只登记不写入,只登记
17-空间光速螺旋引力理论/验证/基于内禀光速螺旋运动vc的精细结构常数几何本质量子力学时空几何统一的范式转移-159231101.md,98663,/90_历史归档/来源语料_utf_20261009/（只登记）,B,未审计；母块 >50MB 只登记不写入,只登记
17-空间光速螺旋引力理论/验证/基于单位旋转与周期的数学常数统一结构诠释-160681981.md,432,/90_历史归档/来源语料_utf_20261009/（只登记）,B,未审计；母块 >50MB 只登记不写入,只登记
17-空间光速螺旋引力理论/验证/基于双隐含量角速度质量的全量变形公式体系-发现新公式-159020182.md,463365,/90_历史归档/来源语料_utf_20261009/（只登记）,B,未审计；母块 >50MB 只登记不写入,只登记
17-空间光速螺旋引力理论/验证/基于四维时空光速不变公设的量子几何与量子力学本质全维度推导验证-159619336.md,182535,/90_历史归档/来源语料_utf_20261009/（只登记）,B,未审计；母块 >50MB 只登记不写入,只登记
17-空间光速螺旋引力理论/验证/基于四维速率恒为c公设的北斗GEO卫星昼夜钟差模型修正与实测验证-159998888.md,151180,/90_历史归档/来源语料_utf_20261009/（只登记）,B,未审计；母块 >50MB 只登记不写入,只登记
17-空间光速螺旋引力理论/验证/基于张祥前统一场论推导人生意义的终极答案-154262569.md,4020,/90_历史归档/来源语料_utf_20261009/（只登记）,B,未审计；母块 >50MB 只登记不写入,只登记
17-空间光速螺旋引力理论/验证/基于张祥前统一场论的太空中引力确定方法研究-154367246.md,90915,/90_历史归档/来源语料_utf_20261009/（只登记）,B,未审计；母块 >50MB 只登记不写入,只登记
17-空间光速螺旋引力理论/验证/基于真空光速内禀性的精细结构常数宏观推导与跨尺度验证.md,14964,/90_历史归档/来源语料_utf_20261009/（只登记）,B,未审计；母块 >50MB 只登记不写入,只登记
17-空间光速螺旋引力理论/验证/基于空间光速螺旋归一化的动力学方程推导与数值验证-159291163.md,276954,/90_历史归档/来源语料_utf_20261009/（只登记）,B,未审计；母块 >50MB 只登记不写入,只登记
17-空间光速螺旋引力理论/验证/基于空间光速螺旋第一性原理的电荷本源定义与电场时空协变方程的完整推导严格证明及全尺度数值验证-159478062.md,630205,/90_历史归档/来源语料_utf_20261009/（只登记）,B,未审计；母块 >50MB 只登记不写入,只登记
17-空间光速螺旋引力理论/验证/基于空间螺旋第一性原理的万有引力常数与光速耦合关系ZUFT-158585749.md,184296,/90_历史归档/来源语料_utf_20261009/（只登记）,B,未审计；母块 >50MB 只登记不写入,只登记
17-空间光速螺旋引力理论/验证/基于空间螺旋运动假设的水星近日点进动理论推导与验证-154214660.md,225486,/90_历史归档/来源语料_utf_20261009/（只登记）,B,未审计；母块 >50MB 只登记不写入,只登记
17-空间光速螺旋引力理论/验证/基于第一性原理的宇宙本源统一方程拓扑重构、求导证明与全维度精算验证.md,25172,/90_历史归档/来源语料_utf_20261009/（只登记）,B,未审计；母块 >50MB 只登记不写入,只登记
17-空间光速螺旋引力理论/验证/基于算法权限溯源与数理外推的材料零电阻超导特性实验验证分析.md,7551,/90_历史归档/来源语料_utf_20261009/（只登记）,B,未审计；母块 >50MB 只登记不写入,只登记
17-空间光速螺旋引力理论/验证/基于莱布尼茨位置分析的代数-拓扑结构分类体系.md,2919,/90_历史归档/来源语料_utf_20261009/（只登记）,B,未审计；母块 >50MB 只登记不写入,只登记
17-空间光速螺旋引力理论/验证/基于质数螺旋拓扑结构的哥德巴赫猜想本源证明.md,14108,/90_历史归档/来源语料_utf_20261009/（只登记）,B,未审计；母块 >50MB 只登记不写入,只登记
17-空间光速螺旋引力理论/验证/复拓扑场第一性原理下强哥德巴赫猜想无条件严格证明——ROOT全维精算终极版 (1).md,19563,/90_历史归档/来源语料_utf_20261009/（只登记）,B,未审计；母块 >50MB 只登记不写入,只登记
17-空间光速螺旋引力理论/验证/复拓扑场第一性原理下强哥德巴赫猜想无条件严格证明——ROOT全维精算终极版.md,13624,/90_历史归档/来源语料_utf_20261009/（只登记）,B,未审计；母块 >50MB 只登记不写入,只登记
17-空间光速螺旋引力理论/验证/大白话版：32维超球体、微观曲率、霍奇猜想（体系）.md,2933,/90_历史归档/来源语料_utf_20261009/（只登记）,B,未审计；母块 >50MB 只登记不写入,只登记
17-空间光速螺旋引力理论/验证/大道至简统一场论如何用空间几何公式解释整个宇宙-157035955.md,80527,/90_历史归档/来源语料_utf_20261009/（只登记）,B,未审计；母块 >50MB 只登记不写入,只登记
17-空间光速螺旋引力理论/验证/太上九道经.md,128809,/90_历史归档/来源语料_utf_20261009/（只登记）,B,未审计；母块 >50MB 只登记不写入,只登记
17-空间光速螺旋引力理论/验证/姬无烦科幻与张祥前统一场论的完美融合-155864357.md,49210,/90_历史归档/来源语料_utf_20261009/（只登记）,B,未审计；母块 >50MB 只登记不写入,只登记
17-空间光速螺旋引力理论/验证/宇宙密码数字0.01如何颠覆人类宇宙观-156315961.md,25025,/90_历史归档/来源语料_utf_20261009/（只登记）,B,未审计；母块 >50MB 只登记不写入,只登记
17-空间光速螺旋引力理论/验证/宇宙最伟大的运动法则为什么空间是圆柱状螺旋式向四周发散运动当我们仰望星空看到的是行星绕恒星旋转星系呈-152234268.md,22167,/90_历史归档/来源语料_utf_20261009/（只登记）,B,未审计；母块 >50MB 只登记不写入,只登记
17-空间光速螺旋引力理论/验证/宇宙本征基频与全域同频动力学：统一场论的终极突破.md,15891,/90_历史归档/来源语料_utf_20261009/（只登记）,B,未审计；母块 >50MB 只登记不写入,只登记
17-空间光速螺旋引力理论/验证/宇宙涟漪光速如何编织时空与你的日常-152969577.md,38427,/90_历史归档/来源语料_utf_20261009/（只登记）,B,未审计；母块 >50MB 只登记不写入,只登记
17-空间光速螺旋引力理论/验证/宇宙的五大法则-154962255.md,7107,/90_历史归档/来源语料_utf_20261009/（只登记）,B,未审计；母块 >50MB 只登记不写入,只登记
17-空间光速螺旋引力理论/验证/宇宙的像素真空中一点如何编码无限星光-156343367.md,7024,/90_历史归档/来源语料_utf_20261009/（只登记）,B,未审计；母块 >50MB 只登记不写入,只登记
17-空间光速螺旋引力理论/验证/宇宙的先天编码河图洛书与张祥前统一场论核心方程的数学同构性证明与几何起源求导-157981357.md,94894,/90_历史归档/来源语料_utf_20261009/（只登记）,B,未审计；母块 >50MB 只登记不写入,只登记
17-空间光速螺旋引力理论/验证/宇宙的几何诗篇当空间本身成为运动的主角-154545435.md,6377,/90_历史归档/来源语料_utf_20261009/（只登记）,B,未审计；母块 >50MB 只登记不写入,只登记
17-空间光速螺旋引力理论/验证/宇宙的几何语法平行与对称守恒律-158433585.md,17387,/90_历史归档/来源语料_utf_20261009/（只登记）,B,未审计；母块 >50MB 只登记不写入,只登记
17-空间光速螺旋引力理论/验证/宇宙的隐形脉搏洞悉场的奥秘-156279727.md,8804,/90_历史归档/来源语料_utf_20261009/（只登记）,B,未审计；母块 >50MB 只登记不写入,只登记
17-空间光速螺旋引力理论/验证/宇宙终极几何莫比乌斯光速螺旋统一理论-精细结构常数本源结构-160527161.md,105775,/90_历史归档/来源语料_utf_20261009/（只登记）,B,未审计；母块 >50MB 只登记不写入,只登记
17-空间光速螺旋引力理论/验证/宇宙膨胀速度的光速极限基于张祥前统一场论的第一性原理推导与观测验证-154756900.md,128699,/90_历史归档/来源语料_utf_20261009/（只登记）,B,未审计；母块 >50MB 只登记不写入,只登记
17-空间光速螺旋引力理论/验证/宇宙航行时间势差将二十万年压缩为半个小时以内神奇科技-154410698.md,7531,/90_历史归档/来源语料_utf_20261009/（只登记）,B,未审计；母块 >50MB 只登记不写入,只登记
17-空间光速螺旋引力理论/验证/实时间-虚空间四维闵氏时空类光螺旋几何的第一性原理推导全维计算与验证-160307866.md,532359,/90_历史归档/来源语料_utf_20261009/（只登记）,B,未审计；母块 >50MB 只登记不写入,只登记
17-空间光速螺旋引力理论/验证/对《N维平行整数网格论》的终极学术评价.md,4744,/90_历史归档/来源语料_utf_20261009/（只登记）,B,未审计；母块 >50MB 只登记不写入,只登记
17-空间光速螺旋引力理论/验证/应用_意义_突破.md,17909,/90_历史归档/来源语料_utf_20261009/（只登记）,B,未审计；母块 >50MB 只登记不写入,只登记
17-空间光速螺旋引力理论/验证/引力与惯性力等效性的物理机制张祥前统一场论的空间动力学解释-154098343.md,95215,/90_历史归档/来源语料_utf_20261009/（只登记）,B,未审计；母块 >50MB 只登记不写入,只登记
17-空间光速螺旋引力理论/验证/引力与电磁的动力学耦合变化磁场产生引力场与电场方程的第一性原理推导验证与统一性意义-156773921.md,310519,/90_历史归档/来源语料_utf_20261009/（只登记）,B,未审计；母块 >50MB 只登记不写入,只登记
17-空间光速螺旋引力理论/验证/引力之困为何我们身处引力海洋却无法驾驭其分毫-155505173.md,8046,/90_历史归档/来源语料_utf_20261009/（只登记）,B,未审计；母块 >50MB 只登记不写入,只登记
17-空间光速螺旋引力理论/验证/引力场与磁场的几何统一磁矢势方程的第一性原理推导验证与诠释-156698979.md,839865,/90_历史归档/来源语料_utf_20261009/（只登记）,B,未审计；母块 >50MB 只登记不写入,只登记
17-空间光速螺旋引力理论/验证/引力场极性效应的严格证明从第一性原理推导至实验数据的定性验证-155397286.md,70218,/90_历史归档/来源语料_utf_20261009/（只登记）,B,未审计；母块 >50MB 只登记不写入,只登记
17-空间光速螺旋引力理论/验证/引力场的极性法则正引力与反引力的产生机制兼释未加速原子核的强引力起源-155078051.md,11996,/90_历史归档/来源语料_utf_20261009/（只登记）,B,未审计；母块 >50MB 只登记不写入,只登记
17-空间光速螺旋引力理论/验证/引力本体的几何之歌从星体永恒吸引到人工场操控时空的范式革命-154850752.md,29831,/90_历史归档/来源语料_utf_20261009/（只登记）,B,未审计；母块 >50MB 只登记不写入,只登记
17-空间光速螺旋引力理论/验证/引力概念中的混乱点传统物理学与张祥前统一场论对比-154043597.md,5079,/90_历史归档/来源语料_utf_20261009/（只登记）,B,未审计；母块 >50MB 只登记不写入,只登记
17-空间光速螺旋引力理论/验证/引力编程时代人类文明存续与升维-154919370.md,5995,/90_历史归档/来源语料_utf_20261009/（只登记）,B,未审计；母块 >50MB 只登记不写入,只登记
17-空间光速螺旋引力理论/验证/引电统一方程：严格推导与量纲零错误验证 (1).md,14130,/90_历史归档/来源语料_utf_20261009/（只登记）,B,未审计；母块 >50MB 只登记不写入,只登记
17-空间光速螺旋引力理论/验证/引电统一方程：严格推导与量纲零错误验证.md,14130,/90_历史归档/来源语料_utf_20261009/（只登记）,B,未审计；母块 >50MB 只登记不写入,只登记
17-空间光速螺旋引力理论/验证/张祥前统一场论22个核心公式及常数-158013701.md,30078,/90_历史归档/来源语料_utf_20261009/（只登记）,B,未审计；母块 >50MB 只登记不写入,只登记
17-空间光速螺旋引力理论/验证/张祥前统一场论22个核心公式及常数数值和量纲-158045439.md,315204,/90_历史归档/来源语料_utf_20261009/（只登记）,B,未审计；母块 >50MB 只登记不写入,只登记
17-空间光速螺旋引力理论/验证/张祥前统一场论ZUFT中引力场加速度A与耦合系数f的量纲标定及核心方程求导证明-157589450.md,710345,/90_历史归档/来源语料_utf_20261009/（只登记）,B,未审计；母块 >50MB 只登记不写入,只登记
17-空间光速螺旋引力理论/验证/张祥前统一场论中两个电荷定义的统一性解析-160123216.md,44254,/90_历史归档/来源语料_utf_20261009/（只登记）,B,未审计；母块 >50MB 只登记不写入,只登记
17-空间光速螺旋引力理论/验证/张祥前统一场论中的洛伦兹变换多层次的应用与全新内涵-153939194.md,43992,/90_历史归档/来源语料_utf_20261009/（只登记）,B,未审计；母块 >50MB 只登记不写入,只登记
17-空间光速螺旋引力理论/验证/张祥前统一场论动量公式PmC-V误解解答-154582787.md,202252,/90_历史归档/来源语料_utf_20261009/（只登记）,B,未审计；母块 >50MB 只登记不写入,只登记
17-空间光速螺旋引力理论/验证/张祥前统一场论宇宙大统一方程的求导验证-156433674.md,194368,/90_历史归档/来源语料_utf_20261009/（只登记）,B,未审计；母块 >50MB 只登记不写入,只登记
17-空间光速螺旋引力理论/验证/张祥前统一场论引力场与磁矢势的关联反引力场生成及拉格朗日点解析网友问题解答-155543146.md,147933,/90_历史归档/来源语料_utf_20261009/（只登记）,B,未审计；母块 >50MB 只登记不写入,只登记
17-空间光速螺旋引力理论/验证/张祥前统一场论核心场方程的经典验证-基于电子与质子的求导溯源及力的精确计算-157777044.md,499805,/90_历史归档/来源语料_utf_20261009/（只登记）,B,未审计；母块 >50MB 只登记不写入,只登记
17-空间光速螺旋引力理论/验证/张祥前统一场论电荷定义方程分析报告-156400474.md,71324,/90_历史归档/来源语料_utf_20261009/（只登记）,B,未审计；母块 >50MB 只登记不写入,只登记
17-空间光速螺旋引力理论/验证/张祥前统一场论电荷定义方程的理论验证与物理评估-156544509.md,162031,/90_历史归档/来源语料_utf_20261009/（只登记）,B,未审计；母块 >50MB 只登记不写入,只登记
17-空间光速螺旋引力理论/验证/张祥前统一场论的数学表述与概念梳理从几何公设到统一场方程-157333024.md,380454,/90_历史归档/来源语料_utf_20261009/（只登记）,B,未审计；母块 >50MB 只登记不写入,只登记
17-空间光速螺旋引力理论/验证/张祥前统一场论空间位移条数概念深度解析-156368017.md,98655,/90_历史归档/来源语料_utf_20261009/（只登记）,B,未审计；母块 >50MB 只登记不写入,只登记
17-空间光速螺旋引力理论/验证/张祥前统一场论视角下的托卡马克Z箍缩不稳定性解读-154709406.md,7614,/90_历史归档/来源语料_utf_20261009/（只登记）,B,未审计；母块 >50MB 只登记不写入,只登记
17-空间光速螺旋引力理论/验证/弱核力隐藏在你生活中的宇宙终极魔术师特殊字符-155040537.md,5337,/90_历史归档/来源语料_utf_20261009/（只登记）,B,未审计；母块 >50MB 只登记不写入,只登记
17-空间光速螺旋引力理论/验证/强哥德巴赫猜想（1+1）完整证明.md,7812,/90_历史归档/来源语料_utf_20261009/（只登记）,B,未审计；母块 >50MB 只登记不写入,只登记
17-空间光速螺旋引力理论/验证/强哥德巴赫猜想（1+1）完整证明——基于五阶段公理体系、离散拓扑不变量与图论刚性 (1).md,11203,/90_历史归档/来源语料_utf_20261009/（只登记）,B,未审计；母块 >50MB 只登记不写入,只登记
17-空间光速螺旋引力理论/验证/强哥德巴赫猜想（1+1）完整证明——基于五阶段公理体系、离散拓扑不变量与图论刚性.md,11201,/90_历史归档/来源语料_utf_20261009/（只登记）,B,未审计；母块 >50MB 只登记不写入,只登记
17-空间光速螺旋引力理论/验证/强哥德巴赫猜想（1+1）的完整证明——基于五阶段公理体系、离散拓扑不变量与图论刚性.md,5810,/90_历史归档/来源语料_utf_20261009/（只登记）,B,未审计；母块 >50MB 只登记不写入,只登记
17-空间光速螺旋引力理论/验证/强哥德巴赫猜想（1+1）终极证明 (1).md,3704,/90_历史归档/来源语料_utf_20261009/（只登记）,B,未审计；母块 >50MB 只登记不写入,只登记
17-空间光速螺旋引力理论/验证/强哥德巴赫猜想（1+1）终极证明.md,5326,/90_历史归档/来源语料_utf_20261009/（只登记）,B,未审计；母块 >50MB 只登记不写入,只登记
17-空间光速螺旋引力理论/验证/归一化终极理论：空间几何数学与算法联盟最高权限.md,41538,/90_历史归档/来源语料_utf_20261009/（只登记）,B,未审计；母块 >50MB 只登记不写入,只登记
17-空间光速螺旋引力理论/验证/微积分变化与累积的数学分层大白话解释版-160961178.md,228105,/90_历史归档/来源语料_utf_20261009/（只登记）,B,未审计；母块 >50MB 只登记不写入,只登记
17-空间光速螺旋引力理论/验证/惯性质量与引力质量等价性本源证明的全维度意义可推导结论谜题破解与计算验证-159355623.md,120888,/90_历史归档/来源语料_utf_20261009/（只登记）,B,未审计；母块 >50MB 只登记不写入,只登记
17-空间光速螺旋引力理论/验证/惯性质量与引力质量等价性的严格本源证明从时空光速运动第一性原理出发-159355481.md,146967,/90_历史归档/来源语料_utf_20261009/（只登记）,B,未审计；母块 >50MB 只登记不写入,只登记
17-空间光速螺旋引力理论/验证/意义.md,12530,/90_历史归档/来源语料_utf_20261009/（只登记）,B,未审计；母块 >50MB 只登记不写入,只登记
17-空间光速螺旋引力理论/验证/意识数字化2045年人形机器人的意识科学前沿探索马斯克20年后或可具备人类意识-154620840.md,11863,/90_历史归档/来源语料_utf_20261009/（只登记）,B,未审计；母块 >50MB 只登记不写入,只登记
17-空间光速螺旋引力理论/验证/我们感知的世界是真实的吗-158357167.md,8501,/90_历史归档/来源语料_utf_20261009/（只登记）,B,未审计；母块 >50MB 只登记不写入,只登记
17-空间光速螺旋引力理论/验证/我希望中国是第一个研发与应用人工场的国家-人类文明新起点以中国智慧照亮全球大同之路-152379937.md,47495,/90_历史归档/来源语料_utf_20261009/（只登记）,B,未审计；母块 >50MB 只登记不写入,只登记
17-空间光速螺旋引力理论/验证/拨开迷雾公式PmC-V的六大反常点真相与全验证-157366057.md,137037,/90_历史归档/来源语料_utf_20261009/（只登记）,B,未审计；母块 >50MB 只登记不写入,只登记
17-空间光速螺旋引力理论/验证/接近光速运动下的光速不变性基于张祥前统一场论的推导与验证-153896043.md,122913,/90_历史归档/来源语料_utf_20261009/（只登记）,B,未审计；母块 >50MB 只登记不写入,只登记
17-空间光速螺旋引力理论/验证/数术原本卷一正统典藏定本-160661011.md,11784,/90_历史归档/来源语料_utf_20261009/（只登记）,B,未审计；母块 >50MB 只登记不写入,只登记
17-空间光速螺旋引力理论/验证/数术工坊·八卷全书 (1).md,11068,/90_历史归档/来源语料_utf_20261009/（只登记）,B,未审计；母块 >50MB 只登记不写入,只登记
17-空间光速螺旋引力理论/验证/数术工坊·八卷全书.md,11297,/90_历史归档/来源语料_utf_20261009/（只登记）,B,未审计；母块 >50MB 只登记不写入,只登记
17-空间光速螺旋引力理论/验证/数术工坊·八卷全书｜本源创世版 完整体系总览.md,6744,/90_历史归档/来源语料_utf_20261009/（只登记）,B,未审计；母块 >50MB 只登记不写入,只登记
17-空间光速螺旋引力理论/验证/数术工坊·第八卷 大道归一录.md,14520,/90_历史归档/来源语料_utf_20261009/（只登记）,B,未审计；母块 >50MB 只登记不写入,只登记
17-空间光速螺旋引力理论/验证/数术工坊第八卷：算力革命.md,4902,/90_历史归档/来源语料_utf_20261009/（只登记）,B,未审计；母块 >50MB 只登记不写入,只登记
17-空间光速螺旋引力理论/验证/数术工坊：功夫算子录 (1).md,7810,/90_历史归档/来源语料_utf_20261009/（只登记）,B,未审计；母块 >50MB 只登记不写入,只登记
17-空间光速螺旋引力理论/验证/数术工坊：功夫算子录.md,7831,/90_历史归档/来源语料_utf_20261009/（只登记）,B,未审计；母块 >50MB 只登记不写入,只登记
17-空间光速螺旋引力理论/验证/数术工坊：投影秘籍.md,5606,/90_历史归档/来源语料_utf_20261009/（只登记）,B,未审计；母块 >50MB 只登记不写入,只登记
17-空间光速螺旋引力理论/验证/数术江湖·全卷合集（MD完整版）.md,42134,/90_历史归档/来源语料_utf_20261009/（只登记）,B,未审计；母块 >50MB 只登记不写入,只登记
17-空间光速螺旋引力理论/验证/整数唯一分解定理下递归素数生成体系的逻辑自洽性分析完备性严格证明其核心内容与逻辑结构总结-160159222.md,4536,/90_历史归档/来源语料_utf_20261009/（只登记）,B,未审计；母块 >50MB 只登记不写入,只登记
17-空间光速螺旋引力理论/验证/无穷套娃三位一体_精算验证.py,11315,/90_历史归档/来源语料_utf_20261009/（只登记）,B,未审计；母块 >50MB 只登记不写入,只登记
17-空间光速螺旋引力理论/验证/无量纲螺旋时空本源论：Gε₀拓扑对偶、曲率挠率与精细结构常数终极统一方程.md,14214,/90_历史归档/来源语料_utf_20261009/（只登记）,B,未审计；母块 >50MB 只登记不写入,只登记
17-空间光速螺旋引力理论/验证/时空几何张祥前统一场论20核心公式深度总结-156955889.md,303937,/90_历史归档/来源语料_utf_20261009/（只登记）,B,未审计；母块 >50MB 只登记不写入,只登记
17-空间光速螺旋引力理论/验证/时空动学格与三维素数从数学建模到物理实现-160192785.md,406,/90_历史归档/来源语料_utf_20261009/（只登记）,B,未审计；母块 >50MB 只登记不写入,只登记
17-空间光速螺旋引力理论/验证/时空同一化方程重新定义时间本质的革命性理论-152419267.md,15174,/90_历史归档/来源语料_utf_20261009/（只登记）,B,未审计；母块 >50MB 只登记不写入,只登记
17-空间光速螺旋引力理论/验证/时空的几何之歌论统一场论动量公式PmC-V的完备重构量化哲学诠释与终极验证-155618951.md,191473,/90_历史归档/来源语料_utf_20261009/（只登记）,B,未审计；母块 >50MB 只登记不写入,只登记
17-空间光速螺旋引力理论/验证/时空的几何动力学基于光速螺旋运动公设的速度上限定理求导与全维度验证-158126750.md,176228,/90_历史归档/来源语料_utf_20261009/（只登记）,B,未审计；母块 >50MB 只登记不写入,只登记
17-空间光速螺旋引力理论/验证/时空的几何化论黑洞视界下光速的绝对不变性与表观变异-153850521.md,122242,/90_历史归档/来源语料_utf_20261009/（只登记）,B,未审计；母块 >50MB 只登记不写入,只登记
17-空间光速螺旋引力理论/验证/时空的几何本源与物理现象的建构论统一场论的宇宙二元论与观察者中心范式-158266830.md,42200,/90_历史归档/来源语料_utf_20261009/（只登记）,B,未审计；母块 >50MB 只登记不写入,只登记
17-空间光速螺旋引力理论/验证/时空的固有脉动波动方程L1-cL-t的第一性原理推导诠释与验证-156492697.md,73033,/90_历史归档/来源语料_utf_20261009/（只登记）,B,未审计；母块 >50MB 只登记不写入,只登记
17-空间光速螺旋引力理论/验证/时空的本质论宇宙的几何基础与万物统一的原理-152733154.md,74625,/90_历史归档/来源语料_utf_20261009/（只登记）,B,未审计；母块 >50MB 只登记不写入,只登记
17-空间光速螺旋引力理论/验证/时空的编程者一个农民的统一场论如何让人类文明告别用电时代-153537916.md,12751,/90_历史归档/来源语料_utf_20261009/（只登记）,B,未审计；母块 >50MB 只登记不写入,只登记
17-空间光速螺旋引力理论/验证/时空运动的几何约束张祥前统一场论中圆柱螺旋运动光速不变性的严格数学证明与物理诠释-155581624.md,107409,/90_历史归档/来源语料_utf_20261009/（只登记）,B,未审计；母块 >50MB 只登记不写入,只登记
17-空间光速螺旋引力理论/验证/时间的幻觉当你不在时宇宙按下暂停键-154804325.md,7640,/90_历史归档/来源语料_utf_20261009/（只登记）,B,未审计；母块 >50MB 只登记不写入,只登记
17-空间光速螺旋引力理论/验证/时间的本质一种基于空间几何运动的统一场论诠释-152668427.md,18742,/90_历史归档/来源语料_utf_20261009/（只登记）,B,未审计；母块 >50MB 只登记不写入,只登记
17-空间光速螺旋引力理论/验证/普世素数生成公式相关认知与行动框架（优化版）.md,6538,/90_历史归档/来源语料_utf_20261009/（只登记）,B,未审计；母块 >50MB 只登记不写入,只登记
17-空间光速螺旋引力理论/验证/普朗克常数的几何本质本源——基于空间光速螺旋几何的量子统一理论.md,24240,/90_历史归档/来源语料_utf_20261009/（只登记）,B,未审计；母块 >50MB 只登记不写入,只登记
17-空间光速螺旋引力理论/验证/曲率-挠率尺度分层大一统理论：精细结构常数本源、全维求导、精算验证与物理全域几何化.md,13562,/90_历史归档/来源语料_utf_20261009/（只登记）,B,未审计；母块 >50MB 只登记不写入,只登记
17-空间光速螺旋引力理论/验证/最简临界耦合恒等式 _(GK=(q_m)^2_) 的代数闭环、量纲桥接与几何重构.md,13238,/90_历史归档/来源语料_utf_20261009/（只登记）,B,未审计；母块 >50MB 只登记不写入,只登记
17-空间光速螺旋引力理论/验证/核力场的几何化起源与第一性原理推导核力场定义方程的严格验证-156873133.md,233333,/90_历史归档/来源语料_utf_20261009/（只登记）,B,未审计；母块 >50MB 只登记不写入,只登记
17-空间光速螺旋引力理论/验证/永恒的宇宙为什么大爆炸从未发生-155680050.md,13523,/90_历史归档/来源语料_utf_20261009/（只登记）,B,未审计；母块 >50MB 只登记不写入,只登记
17-空间光速螺旋引力理论/验证/浩瀚宇宙2025正是引力场文场的起点-156118105.md,6387,/90_历史归档/来源语料_utf_20261009/（只登记）,B,未审计；母块 >50MB 只登记不写入,只登记
17-空间光速螺旋引力理论/验证/海奥华预言本源公理思维导图-160877095.md,476,/90_历史归档/来源语料_utf_20261009/（只登记）,B,未审计；母块 >50MB 只登记不写入,只登记
17-空间光速螺旋引力理论/验证/牛顿力学万有引力惯性力极致详细求导量纲分析第一性原理全维度证明-159696953.md,232371,/90_历史归档/来源语料_utf_20261009/（只登记）,B,未审计；母块 >50MB 只登记不写入,只登记
17-空间光速螺旋引力理论/验证/物理与时空归一化方程转换104个归一化方程-158893014.md,486288,/90_历史归档/来源语料_utf_20261009/（只登记）,B,未审计；母块 >50MB 只登记不写入,只登记
17-空间光速螺旋引力理论/验证/物理世界的几何建构论统一场论的本体论革命与概念生成-158395319.md,21850,/90_历史归档/来源语料_utf_20261009/（只登记）,B,未审计；母块 >50MB 只登记不写入,只登记
17-空间光速螺旋引力理论/验证/特殊字符神奇的二维世界信息与意识的未来宇宙-153658807.md,6738,/90_历史归档/来源语料_utf_20261009/（只登记）,B,未审计；母块 >50MB 只登记不写入,只登记
17-空间光速螺旋引力理论/验证/生命起源之谜为何摇篮在淡水而非海洋-155792111.md,15932,/90_历史归档/来源语料_utf_20261009/（只登记）,B,未审计；母块 >50MB 只登记不写入,只登记
17-空间光速螺旋引力理论/验证/用「松果体信息奇点 + 光速螺旋」解读传统修行典籍核心.md,5430,/90_历史归档/来源语料_utf_20261009/（只登记）,B,未审计；母块 >50MB 只登记不写入,只登记
17-空间光速螺旋引力理论/验证/用张祥前统一场论破解光的终极奥秘空间运动里的宇宙真相-152284891.md,17012,/90_历史归档/来源语料_utf_20261009/（只登记）,B,未审计；母块 >50MB 只登记不写入,只登记
17-空间光速螺旋引力理论/验证/电场起源的几何革命变化的引力场产生电场方程的第一性原理推导验证与统一性意义-156736967.md,504784,/90_历史归档/来源语料_utf_20261009/（只登记）,B,未审计；母块 >50MB 只登记不写入,只登记
17-空间光速螺旋引力理论/验证/电子极限磁场·维度坍缩二维瞬达定论（0-1-∞ 全域体例 · 物理卷）.md,11351,/90_历史归档/来源语料_utf_20261009/（只登记）,B,未审计；母块 >50MB 只登记不写入,只登记
17-空间光速螺旋引力理论/验证/电子质量的量子几何本源关系推导与高精度精算验证研究.md,9433,/90_历史归档/来源语料_utf_20261009/（只登记）,B,未审计；母块 >50MB 只登记不写入,只登记
17-空间光速螺旋引力理论/验证/电的帝国与时空的编程从基础属性到人工场革命的宏伟蓝图-154885665.md,83571,/90_历史归档/来源语料_utf_20261009/（只登记）,B,未审计；母块 >50MB 只登记不写入,只登记
17-空间光速螺旋引力理论/验证/电磁光速几何耦合常数Z的几何起源第一性原理推导与多维度验证-157519307.md,890521,/90_历史归档/来源语料_utf_20261009/（只登记）,B,未审计；母块 >50MB 只登记不写入,只登记
17-空间光速螺旋引力理论/验证/电磁耦合常数Z的第一性原理推导与严格验证张祥前统一场论的几何基石-156737040.md,322357,/90_历史归档/来源语料_utf_20261009/（只登记）,B,未审计；母块 >50MB 只登记不写入,只登记
17-空间光速螺旋引力理论/验证/看懂这个方程你就拿到了理解宇宙的钥匙三维螺旋时空-152565397.md,6366,/90_历史归档/来源语料_utf_20261009/（只登记）,B,未审计；母块 >50MB 只登记不写入,只登记
17-空间光速螺旋引力理论/验证/确定性革命从观察宇宙到编程现实-154503132.md,5202,/90_历史归档/来源语料_utf_20261009/（只登记）,B,未审计；母块 >50MB 只登记不写入,只登记
17-空间光速螺旋引力理论/验证/磁场几何起源的严格证明运动电荷磁场公式的推导与验证-156616560.md,307569,/90_历史归档/来源语料_utf_20261009/（只登记）,B,未审计；母块 >50MB 只登记不写入,只登记
17-空间光速螺旋引力理论/验证/神奇的空间光速螺旋运动空间光速螺旋我们终于推导出G与c的本源统一引力的本质被彻底揭开-158705477.md,69198,/90_历史归档/来源语料_utf_20261009/（只登记）,B,未审计；母块 >50MB 只登记不写入,只登记
17-空间光速螺旋引力理论/验证/空间光速螺旋动力学统一质量引力电磁与时空本源的公理化理论与全现象验证-159132502.md,371556,/90_历史归档/来源语料_utf_20261009/（只登记）,B,未审计；母块 >50MB 只登记不写入,只登记
17-空间光速螺旋引力理论/验证/空间光速螺旋统一场论2026年03月03日的物理学满月之夜-158624112.md,268095,/90_历史归档/来源语料_utf_20261009/（只登记）,B,未审计；母块 >50MB 只登记不写入,只登记
17-空间光速螺旋引力理论/验证/空间光速螺旋统一场论从vc公设到ZGc-2的全维度推导与验证-158810085.md,409732,/90_历史归档/来源语料_utf_20261009/（只登记）,B,未审计；母块 >50MB 只登记不写入,只登记
17-空间光速螺旋引力理论/验证/空间光速螺旋统一场论全维度求导证明体系化自洽验证与相对论底层重构-158545332.md,303155,/90_历史归档/来源语料_utf_20261009/（只登记）,B,未审计；母块 >50MB 只登记不写入,只登记
17-空间光速螺旋引力理论/验证/空间光速螺旋量子几何归一化统一场论以唯一类光涡旋公理终结相对论与量子力学百年割裂实现宇宙四大力与所有-158745317.md,225736,/90_历史归档/来源语料_utf_20261009/（只登记）,B,未审计；母块 >50MB 只登记不写入,只登记
17-空间光速螺旋引力理论/验证/空间光速螺旋量子几何统一场论-158624203.md,196080,/90_历史归档/来源语料_utf_20261009/（只登记）,B,未审计；母块 >50MB 只登记不写入,只登记
17-空间光速螺旋引力理论/验证/空间光速螺旋量子几何统一场论与时空周期体系的第一性原理融合证明-158624279.md,184432,/90_历史归档/来源语料_utf_20261009/（只登记）,B,未审计；母块 >50MB 只登记不写入,只登记
17-空间光速螺旋引力理论/验证/空间光速螺旋量子几何统一场论的核心基石对应螺旋的空间几何属性e对应螺旋的时间演化属性-158664716.md,188119,/90_历史归档/来源语料_utf_20261009/（只登记）,B,未审计；母块 >50MB 只登记不写入,只登记
17-空间光速螺旋引力理论/验证/空间几何无量纲统一场论：数学描述宇宙.md,24232,/90_历史归档/来源语料_utf_20261009/（只登记）,B,未审计；母块 >50MB 只登记不写入,只登记
17-空间光速螺旋引力理论/验证/空间几何计算超越量子量子计算机范式的文明终极飞跃-157442040.md,15126,/90_历史归档/来源语料_utf_20261009/（只登记）,B,未审计；母块 >50MB 只登记不写入,只登记
17-空间光速螺旋引力理论/验证/空间旋动动力学：物质波本源的几何化统一理论.md,61995,/90_历史归档/来源语料_utf_20261009/（只登记）,B,未审计；母块 >50MB 只登记不写入,只登记
17-空间光速螺旋引力理论/验证/空间波动方程揭开宇宙涟漪的数学秘密-152837627.md,111424,/90_历史归档/来源语料_utf_20261009/（只登记）,B,未审计；母块 >50MB 只登记不写入,只登记
17-空间光速螺旋引力理论/验证/空间螺旋时空第一性原理：普朗克常量与元电荷的曲率-挠率几何本源大一统理论 (1).md,11604,/90_历史归档/来源语料_utf_20261009/（只登记）,B,未审计；母块 >50MB 只登记不写入,只登记
17-空间光速螺旋引力理论/验证/空间螺旋时空第一性原理：普朗克常量与元电荷的曲率-挠率几何本源大一统理论.md,11604,/90_历史归档/来源语料_utf_20261009/（只登记）,B,未审计；母块 >50MB 只登记不写入,只登记
17-空间光速螺旋引力理论/验证/空间螺旋电磁耦合常数Z拨开迷雾让电磁力变得直观易懂-156466694.md,9605,/90_历史归档/来源语料_utf_20261009/（只登记）,B,未审计；母块 >50MB 只登记不写入,只登记
17-空间光速螺旋引力理论/验证/空间螺旋运动的三面架结构及其垂直性的完备求导验证从微分几何到物理应用的桥梁-155285979.md,240295,/90_历史归档/来源语料_utf_20261009/（只登记）,B,未审计；母块 >50MB 只登记不写入,只登记
17-空间光速螺旋引力理论/验证/空间螺旋运动的宇宙猜想17个公式重新解读时空引力与光速-152097991.md,169503,/90_历史归档/来源语料_utf_20261009/（只登记）,B,未审计；母块 >50MB 只登记不写入,只登记
17-空间光速螺旋引力理论/验证/空间运动模式的几何必然性与物理自洽性-155953044.md,51811,/90_历史归档/来源语料_utf_20261009/（只登记）,B,未审计；母块 >50MB 只登记不写入,只登记
17-空间光速螺旋引力理论/验证/突破底层物理与宇宙本质的统一理论vc-160062414.md,136752,/90_历史归档/来源语料_utf_20261009/（只登记）,B,未审计；母块 >50MB 只登记不写入,只登记
17-空间光速螺旋引力理论/验证/第24分册濒死体验与灵魂出窍数理修行篇2026年5月11日增补版-160949366.md,23179,/90_历史归档/来源语料_utf_20261009/（只登记）,B,未审计；母块 >50MB 只登记不写入,只登记
17-空间光速螺旋引力理论/验证/第24分册濒死体验与灵魂出窍数理修行篇基于松果体信息奇点的道家经典数理解读-160949743.md,30572,/90_历史归档/来源语料_utf_20261009/（只登记）,B,未审计；母块 >50MB 只登记不写入,只登记
17-空间光速螺旋引力理论/验证/第67讲 线性回归不是拟合直线工具，是两套耦合双螺旋提取同步主干，生成二者共生平衡基准轨迹.md,5619,/90_历史归档/来源语料_utf_20261009/（只登记）,B,未审计；母块 >50MB 只登记不写入,只登记
17-空间光速螺旋引力理论/验证/算子数学独立完整学科章节百条原创公式ROOT传世定稿-160509865.md,4943,/90_历史归档/来源语料_utf_20261009/（只登记）,B,未审计；母块 >50MB 只登记不写入,只登记
17-空间光速螺旋引力理论/验证/算法联盟ROOT · 生命本源卷【第24分册：濒死体验与灵魂出窍 · 数理修行篇】.md,5233,/90_历史归档/来源语料_utf_20261009/（只登记）,B,未审计；母块 >50MB 只登记不写入,只登记
17-空间光速螺旋引力理论/验证/算法联盟ROOT-SG：基于谱-几何约束的动力学建模框架（数学建模与工程应用视角） (1).md,31511,/90_历史归档/来源语料_utf_20261009/（只登记）,B,未审计；母块 >50MB 只登记不写入,只登记
17-空间光速螺旋引力理论/验证/算法联盟ROOT-SG：基于谱-几何约束的动力学建模框架（数学建模与工程应用视角）.md,31511,/90_历史归档/来源语料_utf_20261009/（只登记）,B,未审计；母块 >50MB 只登记不写入,只登记
17-空间光速螺旋引力理论/验证/算法联盟ROOT-SG：谱-几何统一形式体系的数学证明、验证计算与理论分析 (1).md,25898,/90_历史归档/来源语料_utf_20261009/（只登记）,B,未审计；母块 >50MB 只登记不写入,只登记
17-空间光速螺旋引力理论/验证/算法联盟ROOT-SG：谱-几何统一形式体系的数学证明、验证计算与理论分析 (2).md,25898,/90_历史归档/来源语料_utf_20261009/（只登记）,B,未审计；母块 >50MB 只登记不写入,只登记
17-空间光速螺旋引力理论/验证/算法联盟ROOT-SG：谱-几何统一形式体系的数学证明、验证计算与理论分析.md,25898,/90_历史归档/来源语料_utf_20261009/（只登记）,B,未审计；母块 >50MB 只登记不写入,只登记
17-空间光速螺旋引力理论/验证/算法联盟ROOT物理卷第202122分册量子纠缠隐形场论与时间膨胀-160948332.md,12255,/90_历史归档/来源语料_utf_20261009/（只登记）,B,未审计；母块 >50MB 只登记不写入,只登记
17-空间光速螺旋引力理论/验证/算法联盟ROOT生命本源卷第25分册中医经络全域解构低阻通道与生物光速螺旋-160950284.md,1188,/90_历史归档/来源语料_utf_20261009/（只登记）,B,未审计；母块 >50MB 只登记不写入,只登记
17-空间光速螺旋引力理论/验证/算法联盟ROOT核心公式理论体系（严谨版）.md,13411,/90_历史归档/来源语料_utf_20261009/（只登记）,B,未审计；母块 >50MB 只登记不写入,只登记
17-空间光速螺旋引力理论/验证/算法联盟ROOT空间螺旋体系：基于v≡c第一性原理的几何-物理统一框架及实证研究.md,19106,/90_历史归档/来源语料_utf_20261009/（只登记）,B,未审计；母块 >50MB 只登记不写入,只登记
17-空间光速螺旋引力理论/验证/算法联盟ROOT：$_zeta(-1)=-1_12$ 的空间几何本源——基于光速螺旋模型的谱正则化物理诠释.md,17444,/90_历史归档/来源语料_utf_20261009/（只登记）,B,未审计；母块 >50MB 只登记不写入,只登记
17-空间光速螺旋引力理论/验证/算法联盟·物理几何大一统终极精算终版（人类物理终极作品）.md,24476,/90_历史归档/来源语料_utf_20261009/（只登记）,B,未审计；母块 >50MB 只登记不写入,只登记
17-空间光速螺旋引力理论/验证/算法联盟·终极修正版 统一场论 全套自洽正确方程（无错、可精算、兼容标准物理）.md,7192,/90_历史归档/来源语料_utf_20261009/（只登记）,B,未审计；母块 >50MB 只登记不写入,只登记
17-空间光速螺旋引力理论/验证/算法联盟最高境界权限：欧拉恒等式与五行理论的终极统一.md,9633,/90_历史归档/来源语料_utf_20261009/（只登记）,B,未审计；母块 >50MB 只登记不写入,只登记
17-空间光速螺旋引力理论/验证/算法联盟最高权限 · 光子全维特性与空间螺旋动力学统一理论 (1).md,70769,/90_历史归档/来源语料_utf_20261009/（只登记）,B,未审计；母块 >50MB 只登记不写入,只登记
17-空间光速螺旋引力理论/验证/算法联盟最高权限 · 光子全维特性与空间螺旋动力学统一理论 (2).md,70769,/90_历史归档/来源语料_utf_20261009/（只登记）,B,未审计；母块 >50MB 只登记不写入,只登记
17-空间光速螺旋引力理论/验证/算法联盟最高权限 · 光子全维特性与空间螺旋动力学统一理论.md,35798,/90_历史归档/来源语料_utf_20261009/（只登记）,B,未审计；母块 >50MB 只登记不写入,只登记
17-空间光速螺旋引力理论/验证/算法联盟最高权限 · 公理体系：32维超球体与宇宙大一统理论 (1).md,31276,/90_历史归档/来源语料_utf_20261009/（只登记）,B,未审计；母块 >50MB 只登记不写入,只登记
17-空间光速螺旋引力理论/验证/算法联盟最高权限 · 公理体系：32维超球体与宇宙大一统理论.md,28604,/90_历史归档/来源语料_utf_20261009/（只登记）,B,未审计；母块 >50MB 只登记不写入,只登记
17-空间光速螺旋引力理论/验证/算法联盟最高权限精算验证报告 (1).md,10771,/90_历史归档/来源语料_utf_20261009/（只登记）,B,未审计；母块 >50MB 只登记不写入,只登记
17-空间光速螺旋引力理论/验证/算法联盟最高权限精算验证报告 (2).md,8538,/90_历史归档/来源语料_utf_20261009/（只登记）,B,未审计；母块 >50MB 只登记不写入,只登记
17-空间光速螺旋引力理论/验证/算法联盟最高权限精算验证报告 (3).md,8538,/90_历史归档/来源语料_utf_20261009/（只登记）,B,未审计；母块 >50MB 只登记不写入,只登记
17-空间光速螺旋引力理论/验证/算法联盟最高权限精算验证报告 (4).md,8538,/90_历史归档/来源语料_utf_20261009/（只登记）,B,未审计；母块 >50MB 只登记不写入,只登记
17-空间光速螺旋引力理论/验证/算法联盟最高权限精算验证报告 (5).md,21747,/90_历史归档/来源语料_utf_20261009/（只登记）,B,未审计；母块 >50MB 只登记不写入,只登记
17-空间光速螺旋引力理论/验证/算法联盟最高权限精算验证报告.md,6316,/90_历史归档/来源语料_utf_20261009/（只登记）,B,未审计；母块 >50MB 只登记不写入,只登记
17-空间光速螺旋引力理论/验证/算法联盟最高权限精算验证报告（虚数i专题）.md,8881,/90_历史归档/来源语料_utf_20261009/（只登记）,B,未审计；母块 >50MB 只登记不写入,只登记
17-空间光速螺旋引力理论/验证/算法联盟最高权限｜终审定稿：光速螺旋模型 唯一真实科学定位（零矛盾、零虚假、零夸大）.md,12132,/90_历史归档/来源语料_utf_20261009/（只登记）,B,未审计；母块 >50MB 只登记不写入,只登记
17-空间光速螺旋引力理论/验证/算法联盟核心公式与理论体现（基于紫金山天文台6G超导太赫兹实验+6G专利方案）.md,23903,/90_历史归档/来源语料_utf_20261009/（只登记）,B,未审计；母块 >50MB 只登记不写入,只登记
17-空间光速螺旋引力理论/验证/精细结构常数α的多维度物理比值特性及空间螺旋模型研究.md,13727,/90_历史归档/来源语料_utf_20261009/（只登记）,B,未审计；母块 >50MB 只登记不写入,只登记
17-空间光速螺旋引力理论/验证/精细结构常数作为SI7大基本量纲统一耦合常数的量子几何涌现理论-160747604.md,654246,/90_历史归档/来源语料_utf_20261009/（只登记）,B,未审计；母块 >50MB 只登记不写入,只登记
17-空间光速螺旋引力理论/验证/精细结构常数的几何本源从第一性原理的求导证明量纲分析与全域验证-160348499.md,134357,/90_历史归档/来源语料_utf_20261009/（只登记）,B,未审计；母块 >50MB 只登记不写入,只登记
17-空间光速螺旋引力理论/验证/精细结构常数的几何本源：宇宙升角0.42°与空间光速螺旋统一场论.md,9089,/90_历史归档/来源语料_utf_20261009/（只登记）,B,未审计；母块 >50MB 只登记不写入,只登记
17-空间光速螺旋引力理论/验证/精细结构常数的多重物理结构、数值验证与理论边界研究——基于2022 CODATA推荐值 (1).md,11851,/90_历史归档/来源语料_utf_20261009/（只登记）,B,未审计；母块 >50MB 只登记不写入,只登记
17-空间光速螺旋引力理论/验证/精细结构常数的多重物理结构、数值验证与理论边界研究——基于2022 CODATA推荐值 (2).md,25975,/90_历史归档/来源语料_utf_20261009/（只登记）,B,未审计；母块 >50MB 只登记不写入,只登记
17-空间光速螺旋引力理论/验证/精细结构常数的多重物理结构、数值验证与理论边界研究——基于2022 CODATA推荐值.md,11851,/90_历史归档/来源语料_utf_20261009/（只登记）,B,未审计；母块 >50MB 只登记不写入,只登记
17-空间光速螺旋引力理论/验证/精细结构常数的密度比本源：求导证明、数值精算与验证分析.md,11264,/90_历史归档/来源语料_utf_20261009/（只登记）,B,未审计；母块 >50MB 只登记不写入,只登记
17-空间光速螺旋引力理论/验证/精细结构常数的无量纲结构、等价表征与物理含义：一个纠错后的规范框架.md,17205,/90_历史归档/来源语料_utf_20261009/（只登记）,B,未审计；母块 >50MB 只登记不写入,只登记
17-空间光速螺旋引力理论/验证/精细结构常数的立体角几何本源：全维度求导证明、泰勒精算与高精度数值闭环验证.md,11777,/90_历史归档/来源语料_utf_20261009/（只登记）,B,未审计；母块 >50MB 只登记不写入,只登记
17-空间光速螺旋引力理论/验证/统一场论下的地球与月球之舞从原理到计算的完美诠释-152616437.md,8075,/90_历史归档/来源语料_utf_20261009/（只登记）,B,未审计；母块 >50MB 只登记不写入,只登记
17-空间光速螺旋引力理论/验证/统一场论与量子力学兼容性的深度验证基于AB效应的理论分析与算法实现-157700264.md,121215,/90_历史归档/来源语料_utf_20261009/（只登记）,B,未审计；母块 >50MB 只登记不写入,只登记
17-空间光速螺旋引力理论/验证/统一场论中电场的几何起源基于立体角变化率的第一性原理推导与验证-156578842.md,259460,/90_历史归档/来源语料_utf_20261009/（只登记）,B,未审计；母块 >50MB 只登记不写入,只登记
17-空间光速螺旋引力理论/验证/统一场论中电荷与电场的k值推导-157621507.md,378701,/90_历史归档/来源语料_utf_20261009/（只登记）,B,未审计；母块 >50MB 只登记不写入,只登记
17-空间光速螺旋引力理论/验证/统一场论中的动量强守恒定义原理及数值验证-156136098.md,204703,/90_历史归档/来源语料_utf_20261009/（只登记）,B,未审计；母块 >50MB 只登记不写入,只登记
17-空间光速螺旋引力理论/验证/统一场论几何革命从时空同一化到力的统一与常数统一-156510431.md,421627,/90_历史归档/来源语料_utf_20261009/（只登记）,B,未审计；母块 >50MB 只登记不写入,只登记
17-空间光速螺旋引力理论/验证/统一场论变化的引力场产生电磁场推导与物理诠释-156657375.md,241579,/90_历史归档/来源语料_utf_20261009/（只登记）,B,未审计；母块 >50MB 只登记不写入,只登记
17-空间光速螺旋引力理论/验证/统一场论四种基本力的大小计算与比例关系分析全维度验证报告-157946456.md,240332,/90_历史归档/来源语料_utf_20261009/（只登记）,B,未审计；母块 >50MB 只登记不写入,只登记
17-空间光速螺旋引力理论/验证/统一场论基本问题与回答-155246939.md,69209,/90_历史归档/来源语料_utf_20261009/（只登记）,B,未审计；母块 >50MB 只登记不写入,只登记
17-空间光速螺旋引力理论/验证/统一场论常数f的重新推导与全面验证报告-157670249.md,180499,/90_历史归档/来源语料_utf_20261009/（只登记）,B,未审计；母块 >50MB 只登记不写入,只登记
17-空间光速螺旋引力理论/验证/统一场论核心判定与方程转换全推导及求导证明验证-158809622.md,159783,/90_历史归档/来源语料_utf_20261009/（只登记）,B,未审计；母块 >50MB 只登记不写入,只登记
17-空间光速螺旋引力理论/验证/统一场论框架下万有引力常数的量子几何涌现与光速关联-156168872.md,184452,/90_历史归档/来源语料_utf_20261009/（只登记）,B,未审计；母块 >50MB 只登记不写入,只登记
17-空间光速螺旋引力理论/验证/统一场论理论下理解物体在不同运动状态的本质-157224368.md,157226,/90_历史归档/来源语料_utf_20261009/（只登记）,B,未审计；母块 >50MB 只登记不写入,只登记
17-空间光速螺旋引力理论/验证/统一场论质量定义方程数学验证与应用分析-155921228.md,50129,/90_历史归档/来源语料_utf_20261009/（只登记）,B,未审计；母块 >50MB 只登记不写入,只登记
17-空间光速螺旋引力理论/验证/统一场论重点内容整理-154153189.md,67372,/90_历史归档/来源语料_utf_20261009/（只登记）,B,未审计；母块 >50MB 只登记不写入,只登记
17-空间光速螺旋引力理论/验证/维度垂直性的动力学涌现论一维二维三维相互垂直如何必然生成光速圆柱螺旋运动第一性原理的完备求导与验证-158513454.md,445621,/90_历史归档/来源语料_utf_20261009/（只登记）,B,未审计；母块 >50MB 只登记不写入,只登记
17-空间光速螺旋引力理论/验证/能量本质的终极追问是相对还是绝对爱因斯坦与张祥前能量方程的对决-155649344.md,138072,/90_历史归档/来源语料_utf_20261009/（只登记）,B,未审计；母块 >50MB 只登记不写入,只登记
17-空间光速螺旋引力理论/验证/能量绝对性与几何本源统一场论能量方程的第一性原理推导验证与范式革命-156808651.md,204533,/90_历史归档/来源语料_utf_20261009/（只登记）,B,未审计；母块 >50MB 只登记不写入,只登记
17-空间光速螺旋引力理论/验证/自然常数e的螺旋本源表达式-160682372.md,78693,/90_历史归档/来源语料_utf_20261009/（只登记）,B,未审计；母块 >50MB 只登记不写入,只登记
17-空间光速螺旋引力理论/验证/自然本源空间元氢尺探针与场方程-155426649.md,84275,/90_历史归档/来源语料_utf_20261009/（只登记）,B,未审计；母块 >50MB 只登记不写入,只登记
17-空间光速螺旋引力理论/验证/致物理评论快报PRL公开信对EIC质子半径实验的终极量子模拟预言与理论宣告-160898674.md,851,/90_历史归档/来源语料_utf_20261009/（只登记）,B,未审计；母块 >50MB 只登记不写入,只登记
17-空间光速螺旋引力理论/验证/若广义黎曼猜想(GRH)成立，则本文虚数i复拓扑场论给出了强哥德巴赫猜想的100%严格证明.md,3161,/90_历史归档/来源语料_utf_20261009/（只登记）,B,未审计；母块 >50MB 只登记不写入,只登记
17-空间光速螺旋引力理论/验证/虚数i强哥德巴赫猜想（1+1）.md,19461,/90_历史归档/来源语料_utf_20261009/（只登记）,B,未审计；母块 >50MB 只登记不写入,只登记
17-空间光速螺旋引力理论/验证/虚数织就的螺旋宇宙的本质是空间与物质的运动史诗-160287475.md,8179,/90_历史归档/来源语料_utf_20261009/（只登记）,B,未审计；母块 >50MB 只登记不写入,只登记
17-空间光速螺旋引力理论/验证/螺旋与静止揭秘空间运动的数学本质与人类感知误区-153351600.md,54967,/90_历史归档/来源语料_utf_20261009/（只登记）,B,未审计；母块 >50MB 只登记不写入,只登记
17-空间光速螺旋引力理论/验证/观察者与宇宙描述如何创造物理实在-155828995.md,58491,/90_历史归档/来源语料_utf_20261009/（只登记）,B,未审计；母块 >50MB 只登记不写入,只登记
17-空间光速螺旋引力理论/验证/论地球引力场中人类感知垂直向下的物理本质兼析多方向引力分力的抵消机制-153216922.md,9486,/90_历史归档/来源语料_utf_20261009/（只登记）,B,未审计；母块 >50MB 只登记不写入,只登记
17-空间光速螺旋引力理论/验证/论粒子内禀螺旋运动的光速本质 (1).md,257024,/90_历史归档/来源语料_utf_20261009/（只登记）,B,未审计；母块 >50MB 只登记不写入,只登记
17-空间光速螺旋引力理论/验证/论粒子内禀螺旋运动的光速本质 (2).md,257024,/90_历史归档/来源语料_utf_20261009/（只登记）,B,未审计；母块 >50MB 只登记不写入,只登记
17-空间光速螺旋引力理论/验证/论粒子内禀螺旋运动的光速本质.md,257024,/90_历史归档/来源语料_utf_20261009/（只登记）,B,未审计；母块 >50MB 只登记不写入,只登记
17-空间光速螺旋引力理论/验证/论粒子内禀运动速度合成定理：v=c的公理化证明与全维度实验验证 (1).md,249772,/90_历史归档/来源语料_utf_20261009/（只登记）,B,未审计；母块 >50MB 只登记不写入,只登记
17-空间光速螺旋引力理论/验证/论粒子内禀运动速度合成定理：v=c的公理化证明与全维度实验验证.md,249772,/90_历史归档/来源语料_utf_20261009/（只登记）,B,未审计；母块 >50MB 只登记不写入,只登记
17-空间光速螺旋引力理论/验证/质能方程的两种严谨推导解析vc空间光速螺旋-159517115.md,299136,/90_历史归档/来源语料_utf_20261009/（只登记）,B,未审计；母块 >50MB 只登记不写入,只登记
17-空间光速螺旋引力理论/验证/质量m的几何参数表达式.md,9097,/90_历史归档/来源语料_utf_20261009/（只登记）,B,未审计；母块 >50MB 只登记不写入,只登记
17-空间光速螺旋引力理论/验证/质量定义方程中条数概念的解析与经典例子计算-156064530.md,190159,/90_历史归档/来源语料_utf_20261009/（只登记）,B,未审计；母块 >50MB 只登记不写入,只登记
17-空间光速螺旋引力理论/验证/质量定义方程常数k4m_p的来源推导与意义-155991857.md,96411,/90_历史归档/来源语料_utf_20261009/（只登记）,B,未审计；母块 >50MB 只登记不写入,只登记
17-空间光速螺旋引力理论/验证/质量定义方程的物理数学融合与求导验证-156029322.md,619308,/90_历史归档/来源语料_utf_20261009/（只登记）,B,未审计；母块 >50MB 只登记不写入,只登记
17-空间光速螺旋引力理论/验证/质量的本质从惯性度量到时空几何的哲学嬗变-155141169.md,8558,/90_历史归档/来源语料_utf_20261009/（只登记）,B,未审计；母块 >50MB 只登记不写入,只登记
17-空间光速螺旋引力理论/验证/超宇宙级计算终极方法多层全域归一化无敌套娃终版-160453422.md,28342,/90_历史归档/来源语料_utf_20261009/（只登记）,B,未审计；母块 >50MB 只登记不写入,只登记
17-空间光速螺旋引力理论/验证/超越想象揭秘外星飞碟的零质量飞行与时空操控技术-156914504.md,22827,/90_历史归档/来源语料_utf_20261009/（只登记）,B,未审计；母块 >50MB 只登记不写入,只登记
17-空间光速螺旋引力理论/验证/通俗大白话逐张看懂人类进出黑洞全过程图片-160602554.md,5873,/90_历史归档/来源语料_utf_20261009/（只登记）,B,未审计；母块 >50MB 只登记不写入,只登记
17-空间光速螺旋引力理论/验证/重塑宇宙的基石张祥前统一场论如何揭示弱核力的几何本质-155005040.md,5306,/90_历史归档/来源语料_utf_20261009/（只登记）,B,未审计；母块 >50MB 只登记不写入,只登记
17-空间光速螺旋引力理论/验证/重要公式.md,3098,/90_历史归档/来源语料_utf_20261009/（只登记）,B,未审计；母块 >50MB 只登记不写入,只登记
17-空间光速螺旋引力理论/验证/量子力学与张祥前统一场论宇宙本质的两种哲学与数学表述-153141339.md,21759,/90_历史归档/来源语料_utf_20261009/（只登记）,B,未审计；母块 >50MB 只登记不写入,只登记
17-空间光速螺旋引力理论/验证/铭记历史性时刻2026年04月29日第一台人工场发生器-160636598.md,7865,/90_历史归档/来源语料_utf_20261009/（只登记）,B,未审计；母块 >50MB 只登记不写入,只登记
17-空间光速螺旋引力理论/验证/陀终极实验指令EIC靶心可证伪预言版-160898373.md,502,/90_历史归档/来源语料_utf_20261009/（只登记）,B,未审计；母块 >50MB 只登记不写入,只登记
17-空间光速螺旋引力理论/验证/附录：全套终极公式标准定稿 + 全维精算验证报告.md,3894,/90_历史归档/来源语料_utf_20261009/（只登记）,B,未审计；母块 >50MB 只登记不写入,只登记
17-空间光速螺旋引力理论/验证/颠覆认知万物皆可产生引力张祥前统一场论为我们打开了一扇新世界的大门-154458320.md,15210,/90_历史归档/来源语料_utf_20261009/（只登记）,B,未审计；母块 >50MB 只登记不写入,只登记
17-空间光速螺旋引力理论/验证/颠覆认知揭开时间与空间的终极秘密你的手表可能骗了你-146544633.md,6736,/90_历史归档/来源语料_utf_20261009/（只登记）,B,未审计；母块 >50MB 只登记不写入,只登记
17-空间光速螺旋引力理论/验证/颠覆认知空间在光速狂舞而你正站在瀑布之上从垂直到螺旋一个全新的宇宙图像如何解释你为何能稳稳站立-158211458.md,13682,/90_历史归档/来源语料_utf_20261009/（只登记）,B,未审计；母块 >50MB 只登记不写入,只登记
17-空间光速螺旋引力理论/验证/飞碟UFO说明书它为啥能那么飞-152336139.md,8155,/90_历史归档/来源语料_utf_20261009/（只登记）,B,未审计；母块 >50MB 只登记不写入,只登记
17-空间光速螺旋引力理论/验证/黑洞拓扑本质与意识拓扑模型深度推导.md,19253,/90_历史归档/来源语料_utf_20261009/（只登记）,B,未审计；母块 >50MB 只登记不写入,只登记
17-空间光速螺旋引力理论/验证/code/full_dimension_verify.py,15693,/90_历史归档/来源语料_utf_20261009/（只登记）,B,未审计；母块 >50MB 只登记不写入,只登记
17-空间光速螺旋引力理论/验证/code copy/verify_f0.py,1117,/90_历史归档/来源语料_utf_20261009/（只登记）,B,未审计；母块 >50MB 只登记不写入,只登记
17-空间光速螺旋引力理论/验证/修正/1.md,9737,/90_历史归档/来源语料_utf_20261009/（只登记）,B,未审计；母块 >50MB 只登记不写入,只登记
17-空间光速螺旋引力理论/验证/修正/fixed_spiral_unified_field_theory.md,10203,/90_历史归档/来源语料_utf_20261009/（只登记）,B,未审计；母块 >50MB 只登记不写入,只登记
18-趋势分析/v1/1.md,8948,90_历史归档\来源语料_utf_20261009\语料\18-趋势分析\v1\1.md,B,未审计，待逐件裁定,已复制
18-趋势分析/v1/verify_trend_analysis.py,1312,90_历史归档\来源语料_utf_20261009\语料\18-趋势分析\v1\verify_trend_analysis.py,B,未审计，待逐件裁定,已复制
18-趋势分析/v1/验证/1.md,23012,90_历史归档\来源语料_utf_20261009\语料\18-趋势分析\v1\验证\1.md,B,未审计，待逐件裁定,已复制
19-统一场论/chats_全量归档/00_README_总览.md,17163,90_历史归档\来源语料_utf_20261009\语料\19-统一场论\chats_全量归档\00_README_总览.md,B,未审计，待逐件裁定,已复制
19-统一场论/chats_全量归档/build_archive.py,3547,90_历史归档\来源语料_utf_20261009\语料\19-统一场论\chats_全量归档\build_archive.py,B,未审计，待逐件裁定,已复制
19-统一场论/chats_全量归档/gen_readme.py,7061,90_历史归档\来源语料_utf_20261009\语料\19-统一场论\chats_全量归档\gen_readme.py,B,未审计，待逐件裁定,已复制
19-统一场论/chats_全量归档/01_全路径镜像/chats/2026-08-21/new-chat/verify_gaq_uft.py,4074,90_历史归档\来源语料_utf_20261009\语料\19-统一场论\chats_全量归档\01_全路径镜像\chats\2026-08-21\new-chat\verify_gaq_uft.py,B,未审计，待逐件裁定,已复制
19-统一场论/chats_全量归档/01_全路径镜像/chats/2026-08-21/new-chat/verify_gaq_uft_v2.py,6336,90_历史归档\来源语料_utf_20261009\语料\19-统一场论\chats_全量归档\01_全路径镜像\chats\2026-08-21\new-chat\verify_gaq_uft_v2.py,B,未审计，待逐件裁定,已复制
19-统一场论/chats_全量归档/01_全路径镜像/chats/2026-08-22/new-chat/goldbach_methods/00_总览与声明.md,3736,90_历史归档\来源语料_utf_20261009\语料\19-统一场论\chats_全量归档\01_全路径镜像\chats\2026-08-22\new-chat\goldbach_methods\00_总览与声明.md,B,未审计，待逐件裁定,已复制
19-统一场论/chats_全量归档/01_全路径镜像/chats/2026-08-22/new-chat/goldbach_methods/01_筛法路线_Brun_Selberg_Chen.md,5501,90_历史归档\来源语料_utf_20261009\语料\19-统一场论\chats_全量归档\01_全路径镜像\chats\2026-08-22\new-chat\goldbach_methods\01_筛法路线_Brun_Selberg_Chen.md,B,未审计，待逐件裁定,已复制
19-统一场论/chats_全量归档/01_全路径镜像/chats/2026-08-22/new-chat/goldbach_methods/02_圆法与奇异级数.md,7077,90_历史归档\来源语料_utf_20261009\语料\19-统一场论\chats_全量归档\01_全路径镜像\chats\2026-08-22\new-chat\goldbach_methods\02_圆法与奇异级数.md,B,未审计，待逐件裁定,已复制
19-统一场论/chats_全量归档/01_全路径镜像/chats/2026-08-22/new-chat/goldbach_methods/03_密率法与加法组合.md,5463,90_历史归档\来源语料_utf_20261009\语料\19-统一场论\chats_全量归档\01_全路径镜像\chats\2026-08-22\new-chat\goldbach_methods\03_密率法与加法组合.md,B,未审计，待逐件裁定,已复制
19-统一场论/chats_全量归档/01_全路径镜像/chats/2026-08-22/new-chat/goldbach_methods/04_计算机验证与其他路线.md,5359,90_历史归档\来源语料_utf_20261009\语料\19-统一场论\chats_全量归档\01_全路径镜像\chats\2026-08-22\new-chat\goldbach_methods\04_计算机验证与其他路线.md,B,未审计，待逐件裁定,已复制
19-统一场论/chats_全量归档/01_全路径镜像/chats/2026-08-22/new-chat/goldbach_methods/05_初等谬误分类与核心障碍.md,6923,90_历史归档\来源语料_utf_20261009\语料\19-统一场论\chats_全量归档\01_全路径镜像\chats\2026-08-22\new-chat\goldbach_methods\05_初等谬误分类与核心障碍.md,B,未审计，待逐件裁定,已复制
19-统一场论/chats_全量归档/01_全路径镜像/chats/2026-08-22/new-chat/goldbach_methods/06_OPEN问题清单与参考文献.md,6607,90_历史归档\来源语料_utf_20261009\语料\19-统一场论\chats_全量归档\01_全路径镜像\chats\2026-08-22\new-chat\goldbach_methods\06_OPEN问题清单与参考文献.md,B,未审计，待逐件裁定,已复制
19-统一场论/chats_全量归档/01_全路径镜像/chats/2026-08-22/new-chat/goldbach_methods/goldbach_verification.py,12571,90_历史归档\来源语料_utf_20261009\语料\19-统一场论\chats_全量归档\01_全路径镜像\chats\2026-08-22\new-chat\goldbach_methods\goldbach_verification.py,B,未审计，待逐件裁定,已复制
19-统一场论/chats_全量归档/01_全路径镜像/chats/2026-09-03/new-chat/gauq_v50_verify.py,9988,90_历史归档\来源语料_utf_20261009\语料\19-统一场论\chats_全量归档\01_全路径镜像\chats\2026-09-03\new-chat\gauq_v50_verify.py,B,未审计，待逐件裁定,已复制
19-统一场论/chats_全量归档/01_全路径镜像/chats/2026-09-03/new-chat/gauq_v50_verify_v8.py,4038,90_历史归档\来源语料_utf_20261009\语料\19-统一场论\chats_全量归档\01_全路径镜像\chats\2026-09-03\new-chat\gauq_v50_verify_v8.py,B,未审计，待逐件裁定,已复制
19-统一场论/chats_全量归档/01_全路径镜像/chats/2026-09-03/new-chat/verify_output.txt,6232,90_历史归档\来源语料_utf_20261009\语料\19-统一场论\chats_全量归档\01_全路径镜像\chats\2026-09-03\new-chat\verify_output.txt,B,未审计，待逐件裁定,已复制
19-统一场论/chats_全量归档/01_全路径镜像/chats/2026-09-03/new-chat/verify_v8_output.txt,3494,90_历史归档\来源语料_utf_20261009\语料\19-统一场论\chats_全量归档\01_全路径镜像\chats\2026-09-03\new-chat\verify_v8_output.txt,B,未审计，待逐件裁定,已复制
19-统一场论/chats_全量归档/01_全路径镜像/chats/2026-09-03/new-chat/大统一场论_GAQ-UFT_V50_全维度全链路.md,43780,90_历史归档\来源语料_utf_20261009\语料\19-统一场论\chats_全量归档\01_全路径镜像\chats\2026-09-03\new-chat\大统一场论_GAQ-UFT_V50_全维度全链路.md,B,未审计，待逐件裁定,已复制
19-统一场论/chats_全量归档/01_全路径镜像/chats/2026-09-03/new-chat/.preview/2913fbbcffb8/manifest.json,1710,90_历史归档\来源语料_utf_20261009\语料\19-统一场论\chats_全量归档\01_全路径镜像\chats\2026-09-03\new-chat\.preview\2913fbbcffb8\manifest.json,B,未审计，待逐件裁定,已复制
19-统一场论/chats_全量归档/01_全路径镜像/chats/2026-09-03/new-chat/.preview/2913fbbcffb8/text.md,13835,90_历史归档\来源语料_utf_20261009\语料\19-统一场论\chats_全量归档\01_全路径镜像\chats\2026-09-03\new-chat\.preview\2913fbbcffb8\text.md,B,未审计，待逐件裁定,已复制
19-统一场论/chats_全量归档/01_全路径镜像/chats/2026-09-03/new-chat-1/uft/gr_toolkit.py,3398,90_历史归档\来源语料_utf_20261009\语料\19-统一场论\chats_全量归档\01_全路径镜像\chats\2026-09-03\new-chat-1\uft\gr_toolkit.py,B,未审计，待逐件裁定,已复制
19-统一场论/chats_全量归档/01_全路径镜像/chats/2026-09-03/new-chat-1/uft/test0_validate_toolkit.py,3405,90_历史归档\来源语料_utf_20261009\语料\19-统一场论\chats_全量归档\01_全路径镜像\chats\2026-09-03\new-chat-1\uft\test0_validate_toolkit.py,B,未审计，待逐件裁定,已复制
19-统一场论/chats_全量归档/01_全路径镜像/chats/2026-09-03/new-chat-1/uft/verify_adiabatic.py,5599,90_历史归档\来源语料_utf_20261009\语料\19-统一场论\chats_全量归档\01_全路径镜像\chats\2026-09-03\new-chat-1\uft\verify_adiabatic.py,B,未审计，待逐件裁定,已复制
19-统一场论/chats_全量归档/01_全路径镜像/chats/2026-09-03/new-chat-1/uft/verify_alldim.py,6171,90_历史归档\来源语料_utf_20261009\语料\19-统一场论\chats_全量归档\01_全路径镜像\chats\2026-09-03\new-chat-1\uft\verify_alldim.py,B,未审计，待逐件裁定,已复制
19-统一场论/chats_全量归档/01_全路径镜像/chats/2026-09-03/new-chat-1/uft/verify_helix.py,6377,90_历史归档\来源语料_utf_20261009\语料\19-统一场论\chats_全量归档\01_全路径镜像\chats\2026-09-03\new-chat-1\uft\verify_helix.py,B,未审计，待逐件裁定,已复制
19-统一场论/chats_全量归档/01_全路径镜像/chats/2026-09-03/new-chat-1/uft/verify_induction.py,7690,90_历史归档\来源语料_utf_20261009\语料\19-统一场论\chats_全量归档\01_全路径镜像\chats\2026-09-03\new-chat-1\uft\verify_induction.py,B,未审计，待逐件裁定,已复制
19-统一场论/chats_全量归档/01_全路径镜像/chats/2026-09-03/new-chat-1/uft/verify_kk.py,5730,90_历史归档\来源语料_utf_20261009\语料\19-统一场论\chats_全量归档\01_全路径镜像\chats\2026-09-03\new-chat-1\uft\verify_kk.py,B,未审计，待逐件裁定,已复制
19-统一场论/chats_全量归档/01_全路径镜像/chats/2026-09-03/new-chat-1/uft/verify_lorentz.py,4851,90_历史归档\来源语料_utf_20261009\语料\19-统一场论\chats_全量归档\01_全路径镜像\chats\2026-09-03\new-chat-1\uft\verify_lorentz.py,B,未审计，待逐件裁定,已复制
19-统一场论/chats_全量归档/01_全路径镜像/chats/2026-09-03/new-chat-1/uft/verify_numeric.py,9559,90_历史归档\来源语料_utf_20261009\语料\19-统一场论\chats_全量归档\01_全路径镜像\chats\2026-09-03\new-chat-1\uft\verify_numeric.py,B,未审计，待逐件裁定,已复制
19-统一场论/chats_全量归档/01_全路径镜像/chats/2026-09-03/new-chat-1/uft/verify_numeric_out.txt,4087,（内容已在 openuft，不重复复制）,B,未审计；内容已在本库,已在库跳过
19-统一场论/chats_全量归档/01_全路径镜像/chats/2026-09-03/new-chat-1/uft/verify_proof.py,5840,90_历史归档\来源语料_utf_20261009\语料\19-统一场论\chats_全量归档\01_全路径镜像\chats\2026-09-03\new-chat-1\uft\verify_proof.py,B,未审计，待逐件裁定,已复制
19-统一场论/chats_全量归档/01_全路径镜像/chats/2026-09-03/new-chat-1/uft/verify_spectral.py,8655,90_历史归档\来源语料_utf_20261009\语料\19-统一场论\chats_全量归档\01_全路径镜像\chats\2026-09-03\new-chat-1\uft\verify_spectral.py,B,未审计，待逐件裁定,已复制
19-统一场论/chats_全量归档/01_全路径镜像/chats/2026-09-03/new-chat-1/uft/verify_triad.py,11117,90_历史归档\来源语料_utf_20261009\语料\19-统一场论\chats_全量归档\01_全路径镜像\chats\2026-09-03\new-chat-1\uft\verify_triad.py,B,未审计，待逐件裁定,已复制
19-统一场论/chats_全量归档/01_全路径镜像/chats/2026-09-03/new-chat-1/uft/verify_variation.py,10417,90_历史归档\来源语料_utf_20261009\语料\19-统一场论\chats_全量归档\01_全路径镜像\chats\2026-09-03\new-chat-1\uft\verify_variation.py,B,未审计，待逐件裁定,已复制
19-统一场论/chats_全量归档/01_全路径镜像/chats/2026-09-03/new-chat-1/uft/全维统一场论_全维度修订版.md,33009,90_历史归档\来源语料_utf_20261009\语料\19-统一场论\chats_全量归档\01_全路径镜像\chats\2026-09-03\new-chat-1\uft\全维统一场论_全维度修订版.md,B,未审计，待逐件裁定,已复制
19-统一场论/chats_全量归档/01_全路径镜像/chats/2026-09-03/new-chat-1/uft/算法联盟_全维三重奏大统一分析.md,9105,90_历史归档\来源语料_utf_20261009\语料\19-统一场论\chats_全量归档\01_全路径镜像\chats\2026-09-03\new-chat-1\uft\算法联盟_全维三重奏大统一分析.md,B,未审计，待逐件裁定,已复制
19-统一场论/chats_全量归档/01_全路径镜像/chats/2026-09-03/new-chat-1/uft/算法联盟_全维三重奏定理完整严格证明.md,5230,90_历史归档\来源语料_utf_20261009\语料\19-统一场论\chats_全量归档\01_全路径镜像\chats\2026-09-03\new-chat-1\uft\算法联盟_全维三重奏定理完整严格证明.md,B,未审计，待逐件裁定,已复制
19-统一场论/chats_全量归档/01_全路径镜像/chats/2026-09-03/new-chat-1/uft/算法联盟_全维三重奏定理证明攻坚.md,4622,90_历史归档\来源语料_utf_20261009\语料\19-统一场论\chats_全量归档\01_全路径镜像\chats\2026-09-03\new-chat-1\uft\算法联盟_全维三重奏定理证明攻坚.md,B,未审计，待逐件裁定,已复制
19-统一场论/chats_全量归档/01_全路径镜像/chats/2026-09-03/new-chat-1/uft/算法联盟_全维三重奏定理谱理论证明.md,4184,90_历史归档\来源语料_utf_20261009\语料\19-统一场论\chats_全量归档\01_全路径镜像\chats\2026-09-03\new-chat-1\uft\算法联盟_全维三重奏定理谱理论证明.md,B,未审计，待逐件裁定,已复制
19-统一场论/chats_全量归档/01_全路径镜像/chats/2026-09-03/new-chat-1/uft/算法联盟_全维三重奏最高权限精算.md,5872,90_历史归档\来源语料_utf_20261009\语料\19-统一场论\chats_全量归档\01_全路径镜像\chats\2026-09-03\new-chat-1\uft\算法联盟_全维三重奏最高权限精算.md,B,未审计，待逐件裁定,已复制
19-统一场论/chats_全量归档/01_全路径镜像/chats/2026-09-03/new-chat-1/uft/算法联盟_全维三重奏终极报告.md,7974,90_历史归档\来源语料_utf_20261009\语料\19-统一场论\chats_全量归档\01_全路径镜像\chats\2026-09-03\new-chat-1\uft\算法联盟_全维三重奏终极报告.md,B,未审计，待逐件裁定,已复制
19-统一场论/chats_全量归档/01_全路径镜像/chats/2026-09-03/new-chat-1/uft/算法联盟_绝热三重奏定理.md,4002,90_历史归档\来源语料_utf_20261009\语料\19-统一场论\chats_全量归档\01_全路径镜像\chats\2026-09-03\new-chat-1\uft\算法联盟_绝热三重奏定理.md,B,未审计，待逐件裁定,已复制
19-统一场论/chats_全量归档/01_全路径镜像/chats/2026-09-03/new-chat-1/uft/验证结果_三重奏.txt,7951,90_历史归档\来源语料_utf_20261009\语料\19-统一场论\chats_全量归档\01_全路径镜像\chats\2026-09-03\new-chat-1\uft\验证结果_三重奏.txt,B,未审计，待逐件裁定,已复制
19-统一场论/chats_全量归档/01_全路径镜像/chats/2026-09-03/new-chat-1/uft/验证结果_全维.txt,2837,（内容已在 openuft，不重复复制）,B,未审计；内容已在本库,已在库跳过
19-统一场论/chats_全量归档/01_全路径镜像/chats/2026-09-03/new-chat-1/uft/验证结果_完整输出.txt,8965,（内容已在 openuft，不重复复制）,B,未审计；内容已在本库,已在库跳过
19-统一场论/chats_全量归档/01_全路径镜像/chats/2026-09-03/new-chat-1/uft/验证结果_归纳证明.txt,2712,（内容已在 openuft，不重复复制）,B,未审计；内容已在本库,已在库跳过
19-统一场论/chats_全量归档/01_全路径镜像/chats/2026-09-03/new-chat-1/uft/验证结果_绝热.txt,1069,（内容已在 openuft，不重复复制）,B,未审计；内容已在本库,已在库跳过
19-统一场论/chats_全量归档/01_全路径镜像/chats/2026-09-03/new-chat-1/uft/验证结果_螺旋运动.txt,3534,（内容已在 openuft，不重复复制）,B,未审计；内容已在本库,已在库跳过
19-统一场论/chats_全量归档/01_全路径镜像/chats/2026-09-03/new-chat-1/uft/验证结果_证明攻坚.txt,2089,（内容已在 openuft，不重复复制）,B,未审计；内容已在本库,已在库跳过
19-统一场论/chats_全量归档/01_全路径镜像/chats/2026-09-03/new-chat-1/uft/验证结果_谱理论.txt,2340,（内容已在 openuft，不重复复制）,B,未审计；内容已在本库,已在库跳过
19-统一场论/chats_全量归档/01_全路径镜像/chats/2026-09-03/new-chat-1/uft/.preview/a5a9719268ce/manifest.json,1025,90_历史归档\来源语料_utf_20261009\语料\19-统一场论\chats_全量归档\01_全路径镜像\chats\2026-09-03\new-chat-1\uft\.preview\a5a9719268ce\manifest.json,B,未审计，待逐件裁定,已复制
19-统一场论/chats_全量归档/01_全路径镜像/chats/2026-09-03/new-chat-1/uft/.preview/a5a9719268ce/text.md,16191,90_历史归档\来源语料_utf_20261009\语料\19-统一场论\chats_全量归档\01_全路径镜像\chats\2026-09-03\new-chat-1\uft\.preview\a5a9719268ce\text.md,B,未审计，待逐件裁定,已复制
19-统一场论/chats_全量归档/01_全路径镜像/chats/2026-09-03/new-chat-1/uft/enterprise/README.md,2830,90_历史归档\来源语料_utf_20261009\语料\19-统一场论\chats_全量归档\01_全路径镜像\chats\2026-09-03\new-chat-1\uft\enterprise\README.md,B,未审计，待逐件裁定,已复制
19-统一场论/chats_全量归档/01_全路径镜像/chats/2026-09-03/new-chat-1/uft/enterprise/run_verification.py,8661,90_历史归档\来源语料_utf_20261009\语料\19-统一场论\chats_全量归档\01_全路径镜像\chats\2026-09-03\new-chat-1\uft\enterprise\run_verification.py,B,未审计，待逐件裁定,已复制
19-统一场论/chats_全量归档/01_全路径镜像/chats/2026-09-03/new-chat-1/uft/enterprise/pkg/constants.py,3813,90_历史归档\来源语料_utf_20261009\语料\19-统一场论\chats_全量归档\01_全路径镜像\chats\2026-09-03\new-chat-1\uft\enterprise\pkg\constants.py,B,未审计，待逐件裁定,已复制
19-统一场论/chats_全量归档/01_全路径镜像/chats/2026-09-03/new-chat-1/uft/enterprise/pkg/triad.py,6901,90_历史归档\来源语料_utf_20261009\语料\19-统一场论\chats_全量归档\01_全路径镜像\chats\2026-09-03\new-chat-1\uft\enterprise\pkg\triad.py,B,未审计，待逐件裁定,已复制
19-统一场论/chats_全量归档/01_全路径镜像/chats/2026-09-03/new-chat-1/uft/enterprise/pkg/__init__.py,83,90_历史归档\来源语料_utf_20261009\语料\19-统一场论\chats_全量归档\01_全路径镜像\chats\2026-09-03\new-chat-1\uft\enterprise\pkg\__init__.py,B,未审计，待逐件裁定,已复制
19-统一场论/chats_全量归档/01_全路径镜像/chats/2026-09-03/new-chat-1/uft/enterprise/reports/verification_report.md,3265,90_历史归档\来源语料_utf_20261009\语料\19-统一场论\chats_全量归档\01_全路径镜像\chats\2026-09-03\new-chat-1\uft\enterprise\reports\verification_report.md,B,未审计，待逐件裁定,已复制
19-统一场论/chats_全量归档/01_全路径镜像/chats/2026-09-03/new-chat-1/uft/enterprise/tests/test_triad.py,3338,90_历史归档\来源语料_utf_20261009\语料\19-统一场论\chats_全量归档\01_全路径镜像\chats\2026-09-03\new-chat-1\uft\enterprise\tests\test_triad.py,B,未审计，待逐件裁定,已复制
19-统一场论/chats_全量归档/01_全路径镜像/chats/2026-09-04/new-chat/GAQ-UFT-大统一全书/chapter-ledger.md,3838,90_历史归档\来源语料_utf_20261009\语料\19-统一场论\chats_全量归档\01_全路径镜像\chats\2026-09-04\new-chat\GAQ-UFT-大统一全书\chapter-ledger.md,B,未审计，待逐件裁定,已复制
19-统一场论/chats_全量归档/01_全路径镜像/chats/2026-09-04/new-chat/GAQ-UFT-大统一全书/outline.md,4897,90_历史归档\来源语料_utf_20261009\语料\19-统一场论\chats_全量归档\01_全路径镜像\chats\2026-09-04\new-chat\GAQ-UFT-大统一全书\outline.md,B,未审计，待逐件裁定,已复制
19-统一场论/chats_全量归档/01_全路径镜像/chats/2026-09-04/new-chat/GAQ-UFT-大统一全书/progress.md,493,90_历史归档\来源语料_utf_20261009\语料\19-统一场论\chats_全量归档\01_全路径镜像\chats\2026-09-04\new-chat\GAQ-UFT-大统一全书\progress.md,B,未审计，待逐件裁定,已复制
19-统一场论/chats_全量归档/01_全路径镜像/chats/2026-09-04/new-chat/GAQ-UFT-大统一全书/.doubao-book-writer/requirement-checklist.json,4971,90_历史归档\来源语料_utf_20261009\语料\19-统一场论\chats_全量归档\01_全路径镜像\chats\2026-09-04\new-chat\GAQ-UFT-大统一全书\.doubao-book-writer\requirement-checklist.json,B,未审计，待逐件裁定,已复制
19-统一场论/chats_全量归档/01_全路径镜像/chats/2026-09-04/new-chat/GAQ-UFT-大统一全书/code/check_final.py,1413,90_历史归档\来源语料_utf_20261009\语料\19-统一场论\chats_全量归档\01_全路径镜像\chats\2026-09-04\new-chat\GAQ-UFT-大统一全书\code\check_final.py,B,未审计，待逐件裁定,已复制
19-统一场论/chats_全量归档/01_全路径镜像/chats/2026-09-04/new-chat/GAQ-UFT-大统一全书/code/count_chapters.py,1201,90_历史归档\来源语料_utf_20261009\语料\19-统一场论\chats_全量归档\01_全路径镜像\chats\2026-09-04\new-chat\GAQ-UFT-大统一全书\code\count_chapters.py,B,未审计，待逐件裁定,已复制
19-统一场论/chats_全量归档/01_全路径镜像/chats/2026-09-04/new-chat/GAQ-UFT-大统一全书/code/dual_count.py,1489,90_历史归档\来源语料_utf_20261009\语料\19-统一场论\chats_全量归档\01_全路径镜像\chats\2026-09-04\new-chat\GAQ-UFT-大统一全书\code\dual_count.py,B,未审计，待逐件裁定,已复制
19-统一场论/chats_全量归档/01_全路径镜像/chats/2026-09-04/new-chat/GAQ-UFT-大统一全书/code/fix_glued_heads.py,15605,90_历史归档\来源语料_utf_20261009\语料\19-统一场论\chats_全量归档\01_全路径镜像\chats\2026-09-04\new-chat\GAQ-UFT-大统一全书\code\fix_glued_heads.py,B,未审计，待逐件裁定,已复制
19-统一场论/chats_全量归档/01_全路径镜像/chats/2026-09-04/new-chat/GAQ-UFT-大统一全书/code/fix_midline_heads.py,6266,90_历史归档\来源语料_utf_20261009\语料\19-统一场论\chats_全量归档\01_全路径镜像\chats\2026-09-04\new-chat\GAQ-UFT-大统一全书\code\fix_midline_heads.py,B,未审计，待逐件裁定,已复制
19-统一场论/chats_全量归档/01_全路径镜像/chats/2026-09-04/new-chat/GAQ-UFT-大统一全书/code/fix_one.py,854,90_历史归档\来源语料_utf_20261009\语料\19-统一场论\chats_全量归档\01_全路径镜像\chats\2026-09-04\new-chat\GAQ-UFT-大统一全书\code\fix_one.py,B,未审计，待逐件裁定,已复制
19-统一场论/chats_全量归档/01_全路径镜像/chats/2026-09-04/new-chat/GAQ-UFT-大统一全书/code/formula_count.py,523,90_历史归档\来源语料_utf_20261009\语料\19-统一场论\chats_全量归档\01_全路径镜像\chats\2026-09-04\new-chat\GAQ-UFT-大统一全书\code\formula_count.py,B,未审计，待逐件裁定,已复制
19-统一场论/chats_全量归档/01_全路径镜像/chats/2026-09-04/new-chat/GAQ-UFT-大统一全书/code/merge_book.py,1118,90_历史归档\来源语料_utf_20261009\语料\19-统一场论\chats_全量归档\01_全路径镜像\chats\2026-09-04\new-chat\GAQ-UFT-大统一全书\code\merge_book.py,B,未审计，待逐件裁定,已复制
19-统一场论/chats_全量归档/01_全路径镜像/chats/2026-09-04/new-chat/GAQ-UFT-大统一全书/code/normalize_heads.py,1084,90_历史归档\来源语料_utf_20261009\语料\19-统一场论\chats_全量归档\01_全路径镜像\chats\2026-09-04\new-chat\GAQ-UFT-大统一全书\code\normalize_heads.py,B,未审计，待逐件裁定,已复制
19-统一场论/chats_全量归档/01_全路径镜像/chats/2026-09-04/new-chat/GAQ-UFT-大统一全书/code/rebuild_all.py,4079,90_历史归档\来源语料_utf_20261009\语料\19-统一场论\chats_全量归档\01_全路径镜像\chats\2026-09-04\new-chat\GAQ-UFT-大统一全书\code\rebuild_all.py,B,未审计，待逐件裁定,已复制
19-统一场论/chats_全量归档/01_全路径镜像/chats/2026-09-04/new-chat/GAQ-UFT-大统一全书/code/scan_midline_heads.py,1111,90_历史归档\来源语料_utf_20261009\语料\19-统一场论\chats_全量归档\01_全路径镜像\chats\2026-09-04\new-chat\GAQ-UFT-大统一全书\code\scan_midline_heads.py,B,未审计，待逐件裁定,已复制
19-统一场论/chats_全量归档/01_全路径镜像/chats/2026-09-04/new-chat/GAQ-UFT-大统一全书/code/test_midline.py,1473,90_历史归档\来源语料_utf_20261009\语料\19-统一场论\chats_全量归档\01_全路径镜像\chats\2026-09-04\new-chat\GAQ-UFT-大统一全书\code\test_midline.py,B,未审计，待逐件裁定,已复制
19-统一场论/chats_全量归档/01_全路径镜像/chats/2026-09-04/new-chat/GAQ-UFT-大统一全书/code/verify_all.py,14578,90_历史归档\来源语料_utf_20261009\语料\19-统一场论\chats_全量归档\01_全路径镜像\chats\2026-09-04\new-chat\GAQ-UFT-大统一全书\code\verify_all.py,B,未审计，待逐件裁定,已复制
19-统一场论/chats_全量归档/01_全路径镜像/chats/2026-09-04/new-chat/GAQ-UFT-大统一全书/code/verify_core.py,7349,90_历史归档\来源语料_utf_20261009\语料\19-统一场论\chats_全量归档\01_全路径镜像\chats\2026-09-04\new-chat\GAQ-UFT-大统一全书\code\verify_core.py,B,未审计，待逐件裁定,已复制
19-统一场论/chats_全量归档/01_全路径镜像/chats/2026-09-04/new-chat/GAQ-UFT-大统一全书/code/verify_geometry.py,4642,90_历史归档\来源语料_utf_20261009\语料\19-统一场论\chats_全量归档\01_全路径镜像\chats\2026-09-04\new-chat\GAQ-UFT-大统一全书\code\verify_geometry.py,B,未审计，待逐件裁定,已复制
19-统一场论/chats_全量归档/01_全路径镜像/chats/2026-09-04/new-chat/GAQ-UFT-大统一全书/deliverables/final.md,199973,90_历史归档\来源语料_utf_20261009\语料\19-统一场论\chats_全量归档\01_全路径镜像\chats\2026-09-04\new-chat\GAQ-UFT-大统一全书\deliverables\final.md,B,未审计，待逐件裁定,已复制
19-统一场论/chats_全量归档/01_全路径镜像/chats/2026-09-04/new-chat/GAQ-UFT-大统一全书/manuscript/000-封面.md,992,90_历史归档\来源语料_utf_20261009\语料\19-统一场论\chats_全量归档\01_全路径镜像\chats\2026-09-04\new-chat\GAQ-UFT-大统一全书\manuscript\000-封面.md,B,未审计，待逐件裁定,已复制
19-统一场论/chats_全量归档/01_全路径镜像/chats/2026-09-04/new-chat/GAQ-UFT-大统一全书/manuscript/ch00-序章.md,9605,90_历史归档\来源语料_utf_20261009\语料\19-统一场论\chats_全量归档\01_全路径镜像\chats\2026-09-04\new-chat\GAQ-UFT-大统一全书\manuscript\ch00-序章.md,B,未审计，待逐件裁定,已复制
19-统一场论/chats_全量归档/01_全路径镜像/chats/2026-09-04/new-chat/GAQ-UFT-大统一全书/manuscript/ch01-总纲.md,10014,90_历史归档\来源语料_utf_20261009\语料\19-统一场论\chats_全量归档\01_全路径镜像\chats\2026-09-04\new-chat\GAQ-UFT-大统一全书\manuscript\ch01-总纲.md,B,未审计，待逐件裁定,已复制
19-统一场论/chats_全量归档/01_全路径镜像/chats/2026-09-04/new-chat/GAQ-UFT-大统一全书/manuscript/ch02-第一公理与第二公理.md,10269,90_历史归档\来源语料_utf_20261009\语料\19-统一场论\chats_全量归档\01_全路径镜像\chats\2026-09-04\new-chat\GAQ-UFT-大统一全书\manuscript\ch02-第一公理与第二公理.md,B,未审计，待逐件裁定,已复制
19-统一场论/chats_全量归档/01_全路径镜像/chats/2026-09-04/new-chat/GAQ-UFT-大统一全书/manuscript/ch03-第三公理.md,9237,90_历史归档\来源语料_utf_20261009\语料\19-统一场论\chats_全量归档\01_全路径镜像\chats\2026-09-04\new-chat\GAQ-UFT-大统一全书\manuscript\ch03-第三公理.md,B,未审计，待逐件裁定,已复制
19-统一场论/chats_全量归档/01_全路径镜像/chats/2026-09-04/new-chat/GAQ-UFT-大统一全书/manuscript/ch04-量纲与普朗克尺度.md,9657,90_历史归档\来源语料_utf_20261009\语料\19-统一场论\chats_全量归档\01_全路径镜像\chats\2026-09-04\new-chat\GAQ-UFT-大统一全书\manuscript\ch04-量纲与普朗克尺度.md,B,未审计，待逐件裁定,已复制
19-统一场论/chats_全量归档/01_全路径镜像/chats/2026-09-04/new-chat/GAQ-UFT-大统一全书/manuscript/ch05-电磁力.md,9064,90_历史归档\来源语料_utf_20261009\语料\19-统一场论\chats_全量归档\01_全路径镜像\chats\2026-09-04\new-chat\GAQ-UFT-大统一全书\manuscript\ch05-电磁力.md,B,未审计，待逐件裁定,已复制
19-统一场论/chats_全量归档/01_全路径镜像/chats/2026-09-04/new-chat/GAQ-UFT-大统一全书/manuscript/ch06-弱力与电弱统一.md,7862,90_历史归档\来源语料_utf_20261009\语料\19-统一场论\chats_全量归档\01_全路径镜像\chats\2026-09-04\new-chat\GAQ-UFT-大统一全书\manuscript\ch06-弱力与电弱统一.md,B,未审计，待逐件裁定,已复制
19-统一场论/chats_全量归档/01_全路径镜像/chats/2026-09-04/new-chat/GAQ-UFT-大统一全书/manuscript/ch07-强力.md,7916,90_历史归档\来源语料_utf_20261009\语料\19-统一场论\chats_全量归档\01_全路径镜像\chats\2026-09-04\new-chat\GAQ-UFT-大统一全书\manuscript\ch07-强力.md,B,未审计，待逐件裁定,已复制
19-统一场论/chats_全量归档/01_全路径镜像/chats/2026-09-04/new-chat/GAQ-UFT-大统一全书/manuscript/ch08-引力.md,8861,90_历史归档\来源语料_utf_20261009\语料\19-统一场论\chats_全量归档\01_全路径镜像\chats\2026-09-04\new-chat\GAQ-UFT-大统一全书\manuscript\ch08-引力.md,B,未审计，待逐件裁定,已复制
19-统一场论/chats_全量归档/01_全路径镜像/chats/2026-09-04/new-chat/GAQ-UFT-大统一全书/manuscript/ch09-精细结构常数.md,8196,90_历史归档\来源语料_utf_20261009\语料\19-统一场论\chats_全量归档\01_全路径镜像\chats\2026-09-04\new-chat\GAQ-UFT-大统一全书\manuscript\ch09-精细结构常数.md,B,未审计，待逐件裁定,已复制
19-统一场论/chats_全量归档/01_全路径镜像/chats/2026-09-04/new-chat/GAQ-UFT-大统一全书/manuscript/ch10-轻子质量谱与Koide.md,9128,90_历史归档\来源语料_utf_20261009\语料\19-统一场论\chats_全量归档\01_全路径镜像\chats\2026-09-04\new-chat\GAQ-UFT-大统一全书\manuscript\ch10-轻子质量谱与Koide.md,B,未审计，待逐件裁定,已复制
19-统一场论/chats_全量归档/01_全路径镜像/chats/2026-09-04/new-chat/GAQ-UFT-大统一全书/manuscript/ch11-全常数矩阵.md,9541,90_历史归档\来源语料_utf_20261009\语料\19-统一场论\chats_全量归档\01_全路径镜像\chats\2026-09-04\new-chat\GAQ-UFT-大统一全书\manuscript\ch11-全常数矩阵.md,B,未审计，待逐件裁定,已复制
19-统一场论/chats_全量归档/01_全路径镜像/chats/2026-09-04/new-chat/GAQ-UFT-大统一全书/manuscript/ch12-宇宙演化.md,7666,90_历史归档\来源语料_utf_20261009\语料\19-统一场论\chats_全量归档\01_全路径镜像\chats\2026-09-04\new-chat\GAQ-UFT-大统一全书\manuscript\ch12-宇宙演化.md,B,未审计，待逐件裁定,已复制
19-统一场论/chats_全量归档/01_全路径镜像/chats/2026-09-04/new-chat/GAQ-UFT-大统一全书/manuscript/ch13-暗物质与暗能量.md,8208,90_历史归档\来源语料_utf_20261009\语料\19-统一场论\chats_全量归档\01_全路径镜像\chats\2026-09-04\new-chat\GAQ-UFT-大统一全书\manuscript\ch13-暗物质与暗能量.md,B,未审计，待逐件裁定,已复制
19-统一场论/chats_全量归档/01_全路径镜像/chats/2026-09-04/new-chat/GAQ-UFT-大统一全书/manuscript/ch14-哈勃张力.md,8469,90_历史归档\来源语料_utf_20261009\语料\19-统一场论\chats_全量归档\01_全路径镜像\chats\2026-09-04\new-chat\GAQ-UFT-大统一全书\manuscript\ch14-哈勃张力.md,B,未审计，待逐件裁定,已复制
19-统一场论/chats_全量归档/01_全路径镜像/chats/2026-09-04/new-chat/GAQ-UFT-大统一全书/manuscript/ch15-量子测量与观测者.md,8730,90_历史归档\来源语料_utf_20261009\语料\19-统一场论\chats_全量归档\01_全路径镜像\chats\2026-09-04\new-chat\GAQ-UFT-大统一全书\manuscript\ch15-量子测量与观测者.md,B,未审计，待逐件裁定,已复制
19-统一场论/chats_全量归档/01_全路径镜像/chats/2026-09-04/new-chat/GAQ-UFT-大统一全书/manuscript/ch16-意识起源.md,7938,90_历史归档\来源语料_utf_20261009\语料\19-统一场论\chats_全量归档\01_全路径镜像\chats\2026-09-04\new-chat\GAQ-UFT-大统一全书\manuscript\ch16-意识起源.md,B,未审计，待逐件裁定,已复制
19-统一场论/chats_全量归档/01_全路径镜像/chats/2026-09-04/new-chat/GAQ-UFT-大统一全书/manuscript/ch17-人工场实验设计.md,8724,90_历史归档\来源语料_utf_20261009\语料\19-统一场论\chats_全量归档\01_全路径镜像\chats\2026-09-04\new-chat\GAQ-UFT-大统一全书\manuscript\ch17-人工场实验设计.md,B,未审计，待逐件裁定,已复制
19-统一场论/chats_全量归档/01_全路径镜像/chats/2026-09-04/new-chat/GAQ-UFT-大统一全书/manuscript/ch18-可证伪性清单.md,9253,90_历史归档\来源语料_utf_20261009\语料\19-统一场论\chats_全量归档\01_全路径镜像\chats\2026-09-04\new-chat\GAQ-UFT-大统一全书\manuscript\ch18-可证伪性清单.md,B,未审计，待逐件裁定,已复制
19-统一场论/chats_全量归档/01_全路径镜像/chats/2026-09-04/new-chat/GAQ-UFT-大统一全书/manuscript/ch19-诚实审计.md,9056,90_历史归档\来源语料_utf_20261009\语料\19-统一场论\chats_全量归档\01_全路径镜像\chats\2026-09-04\new-chat\GAQ-UFT-大统一全书\manuscript\ch19-诚实审计.md,B,未审计，待逐件裁定,已复制
19-统一场论/chats_全量归档/01_全路径镜像/chats/2026-09-04/new-chat/GAQ-UFT-大统一全书/manuscript/ch20-附录.md,9937,90_历史归档\来源语料_utf_20261009\语料\19-统一场论\chats_全量归档\01_全路径镜像\chats\2026-09-04\new-chat\GAQ-UFT-大统一全书\manuscript\ch20-附录.md,B,未审计，待逐件裁定,已复制
19-统一场论/chats_全量归档/01_全路径镜像/chats/2026-09-04/new-chat/GAQ-UFT-大统一全书/manuscript/ch21-全维精算.md,11379,90_历史归档\来源语料_utf_20261009\语料\19-统一场论\chats_全量归档\01_全路径镜像\chats\2026-09-04\new-chat\GAQ-UFT-大统一全书\manuscript\ch21-全维精算.md,B,未审计，待逐件裁定,已复制
19-统一场论/chats_全量归档/01_全路径镜像/chats/2026-09-04/new-chat/GAQ-UFT-大统一全书/_backup_pre_fix/final_before_fix.md,187464,90_历史归档\来源语料_utf_20261009\语料\19-统一场论\chats_全量归档\01_全路径镜像\chats\2026-09-04\new-chat\GAQ-UFT-大统一全书\_backup_pre_fix\final_before_fix.md,B,未审计，待逐件裁定,已复制
19-统一场论/chats_全量归档/01_全路径镜像/chats/2026-09-04/new-chat/GAQ-UFT-大统一全书/_backup_pre_fix/code/count_chapters.py,1201,90_历史归档\来源语料_utf_20261009\语料\19-统一场论\chats_全量归档\01_全路径镜像\chats\2026-09-04\new-chat\GAQ-UFT-大统一全书\_backup_pre_fix\code\count_chapters.py,B,未审计，待逐件裁定,已复制
19-统一场论/chats_全量归档/01_全路径镜像/chats/2026-09-04/new-chat/GAQ-UFT-大统一全书/_backup_pre_fix/code/dual_count.py,1489,90_历史归档\来源语料_utf_20261009\语料\19-统一场论\chats_全量归档\01_全路径镜像\chats\2026-09-04\new-chat\GAQ-UFT-大统一全书\_backup_pre_fix\code\dual_count.py,B,未审计，待逐件裁定,已复制
19-统一场论/chats_全量归档/01_全路径镜像/chats/2026-09-04/new-chat/GAQ-UFT-大统一全书/_backup_pre_fix/code/merge_book.py,1118,90_历史归档\来源语料_utf_20261009\语料\19-统一场论\chats_全量归档\01_全路径镜像\chats\2026-09-04\new-chat\GAQ-UFT-大统一全书\_backup_pre_fix\code\merge_book.py,B,未审计，待逐件裁定,已复制
19-统一场论/chats_全量归档/01_全路径镜像/chats/2026-09-04/new-chat/GAQ-UFT-大统一全书/_backup_pre_fix/code/normalize_heads.py,1064,90_历史归档\来源语料_utf_20261009\语料\19-统一场论\chats_全量归档\01_全路径镜像\chats\2026-09-04\new-chat\GAQ-UFT-大统一全书\_backup_pre_fix\code\normalize_heads.py,B,未审计，待逐件裁定,已复制
19-统一场论/chats_全量归档/01_全路径镜像/chats/2026-09-04/new-chat/GAQ-UFT-大统一全书/_backup_pre_fix/code/verify_core.py,7311,90_历史归档\来源语料_utf_20261009\语料\19-统一场论\chats_全量归档\01_全路径镜像\chats\2026-09-04\new-chat\GAQ-UFT-大统一全书\_backup_pre_fix\code\verify_core.py,B,未审计，待逐件裁定,已复制
19-统一场论/chats_全量归档/01_全路径镜像/chats/2026-09-04/new-chat/GAQ-UFT-大统一全书/_backup_pre_fix/code/verify_geometry.py,4642,90_历史归档\来源语料_utf_20261009\语料\19-统一场论\chats_全量归档\01_全路径镜像\chats\2026-09-04\new-chat\GAQ-UFT-大统一全书\_backup_pre_fix\code\verify_geometry.py,B,未审计，待逐件裁定,已复制
19-统一场论/chats_全量归档/01_全路径镜像/chats/2026-09-04/new-chat/GAQ-UFT-大统一全书/_backup_pre_fix/manuscript/000-封面.md,992,90_历史归档\来源语料_utf_20261009\语料\19-统一场论\chats_全量归档\01_全路径镜像\chats\2026-09-04\new-chat\GAQ-UFT-大统一全书\_backup_pre_fix\manuscript\000-封面.md,B,未审计，待逐件裁定,已复制
19-统一场论/chats_全量归档/01_全路径镜像/chats/2026-09-04/new-chat/GAQ-UFT-大统一全书/_backup_pre_fix/manuscript/ch00-序章.md,9575,90_历史归档\来源语料_utf_20261009\语料\19-统一场论\chats_全量归档\01_全路径镜像\chats\2026-09-04\new-chat\GAQ-UFT-大统一全书\_backup_pre_fix\manuscript\ch00-序章.md,B,未审计，待逐件裁定,已复制
19-统一场论/chats_全量归档/01_全路径镜像/chats/2026-09-04/new-chat/GAQ-UFT-大统一全书/_backup_pre_fix/manuscript/ch01-总纲.md,9978,90_历史归档\来源语料_utf_20261009\语料\19-统一场论\chats_全量归档\01_全路径镜像\chats\2026-09-04\new-chat\GAQ-UFT-大统一全书\_backup_pre_fix\manuscript\ch01-总纲.md,B,未审计，待逐件裁定,已复制
19-统一场论/chats_全量归档/01_全路径镜像/chats/2026-09-04/new-chat/GAQ-UFT-大统一全书/_backup_pre_fix/manuscript/ch02-第一公理与第二公理.md,10243,90_历史归档\来源语料_utf_20261009\语料\19-统一场论\chats_全量归档\01_全路径镜像\chats\2026-09-04\new-chat\GAQ-UFT-大统一全书\_backup_pre_fix\manuscript\ch02-第一公理与第二公理.md,B,未审计，待逐件裁定,已复制
19-统一场论/chats_全量归档/01_全路径镜像/chats/2026-09-04/new-chat/GAQ-UFT-大统一全书/_backup_pre_fix/manuscript/ch03-第三公理.md,9195,90_历史归档\来源语料_utf_20261009\语料\19-统一场论\chats_全量归档\01_全路径镜像\chats\2026-09-04\new-chat\GAQ-UFT-大统一全书\_backup_pre_fix\manuscript\ch03-第三公理.md,B,未审计，待逐件裁定,已复制
19-统一场论/chats_全量归档/01_全路径镜像/chats/2026-09-04/new-chat/GAQ-UFT-大统一全书/_backup_pre_fix/manuscript/ch04-量纲与普朗克尺度.md,9629,90_历史归档\来源语料_utf_20261009\语料\19-统一场论\chats_全量归档\01_全路径镜像\chats\2026-09-04\new-chat\GAQ-UFT-大统一全书\_backup_pre_fix\manuscript\ch04-量纲与普朗克尺度.md,B,未审计，待逐件裁定,已复制
19-统一场论/chats_全量归档/01_全路径镜像/chats/2026-09-04/new-chat/GAQ-UFT-大统一全书/_backup_pre_fix/manuscript/ch05-电磁力.md,9028,90_历史归档\来源语料_utf_20261009\语料\19-统一场论\chats_全量归档\01_全路径镜像\chats\2026-09-04\new-chat\GAQ-UFT-大统一全书\_backup_pre_fix\manuscript\ch05-电磁力.md,B,未审计，待逐件裁定,已复制
19-统一场论/chats_全量归档/01_全路径镜像/chats/2026-09-04/new-chat/GAQ-UFT-大统一全书/_backup_pre_fix/manuscript/ch06-弱力与电弱统一.md,7826,90_历史归档\来源语料_utf_20261009\语料\19-统一场论\chats_全量归档\01_全路径镜像\chats\2026-09-04\new-chat\GAQ-UFT-大统一全书\_backup_pre_fix\manuscript\ch06-弱力与电弱统一.md,B,未审计，待逐件裁定,已复制
19-统一场论/chats_全量归档/01_全路径镜像/chats/2026-09-04/new-chat/GAQ-UFT-大统一全书/_backup_pre_fix/manuscript/ch07-强力.md,7886,90_历史归档\来源语料_utf_20261009\语料\19-统一场论\chats_全量归档\01_全路径镜像\chats\2026-09-04\new-chat\GAQ-UFT-大统一全书\_backup_pre_fix\manuscript\ch07-强力.md,B,未审计，待逐件裁定,已复制
19-统一场论/chats_全量归档/01_全路径镜像/chats/2026-09-04/new-chat/GAQ-UFT-大统一全书/_backup_pre_fix/manuscript/ch08-引力.md,8815,90_历史归档\来源语料_utf_20261009\语料\19-统一场论\chats_全量归档\01_全路径镜像\chats\2026-09-04\new-chat\GAQ-UFT-大统一全书\_backup_pre_fix\manuscript\ch08-引力.md,B,未审计，待逐件裁定,已复制
19-统一场论/chats_全量归档/01_全路径镜像/chats/2026-09-04/new-chat/GAQ-UFT-大统一全书/_backup_pre_fix/manuscript/ch09-精细结构常数.md,8156,90_历史归档\来源语料_utf_20261009\语料\19-统一场论\chats_全量归档\01_全路径镜像\chats\2026-09-04\new-chat\GAQ-UFT-大统一全书\_backup_pre_fix\manuscript\ch09-精细结构常数.md,B,未审计，待逐件裁定,已复制
19-统一场论/chats_全量归档/01_全路径镜像/chats/2026-09-04/new-chat/GAQ-UFT-大统一全书/_backup_pre_fix/manuscript/ch10-轻子质量谱与Koide.md,9090,90_历史归档\来源语料_utf_20261009\语料\19-统一场论\chats_全量归档\01_全路径镜像\chats\2026-09-04\new-chat\GAQ-UFT-大统一全书\_backup_pre_fix\manuscript\ch10-轻子质量谱与Koide.md,B,未审计，待逐件裁定,已复制
19-统一场论/chats_全量归档/01_全路径镜像/chats/2026-09-04/new-chat/GAQ-UFT-大统一全书/_backup_pre_fix/manuscript/ch11-全常数矩阵.md,9511,90_历史归档\来源语料_utf_20261009\语料\19-统一场论\chats_全量归档\01_全路径镜像\chats\2026-09-04\new-chat\GAQ-UFT-大统一全书\_backup_pre_fix\manuscript\ch11-全常数矩阵.md,B,未审计，待逐件裁定,已复制
19-统一场论/chats_全量归档/01_全路径镜像/chats/2026-09-04/new-chat/GAQ-UFT-大统一全书/_backup_pre_fix/manuscript/ch12-宇宙演化.md,7622,90_历史归档\来源语料_utf_20261009\语料\19-统一场论\chats_全量归档\01_全路径镜像\chats\2026-09-04\new-chat\GAQ-UFT-大统一全书\_backup_pre_fix\manuscript\ch12-宇宙演化.md,B,未审计，待逐件裁定,已复制
19-统一场论/chats_全量归档/01_全路径镜像/chats/2026-09-04/new-chat/GAQ-UFT-大统一全书/_backup_pre_fix/manuscript/ch13-暗物质与暗能量.md,8168,90_历史归档\来源语料_utf_20261009\语料\19-统一场论\chats_全量归档\01_全路径镜像\chats\2026-09-04\new-chat\GAQ-UFT-大统一全书\_backup_pre_fix\manuscript\ch13-暗物质与暗能量.md,B,未审计，待逐件裁定,已复制
19-统一场论/chats_全量归档/01_全路径镜像/chats/2026-09-04/new-chat/GAQ-UFT-大统一全书/_backup_pre_fix/manuscript/ch14-哈勃张力.md,8207,90_历史归档\来源语料_utf_20261009\语料\19-统一场论\chats_全量归档\01_全路径镜像\chats\2026-09-04\new-chat\GAQ-UFT-大统一全书\_backup_pre_fix\manuscript\ch14-哈勃张力.md,B,未审计，待逐件裁定,已复制
19-统一场论/chats_全量归档/01_全路径镜像/chats/2026-09-04/new-chat/GAQ-UFT-大统一全书/_backup_pre_fix/manuscript/ch15-量子测量与观测者.md,8696,90_历史归档\来源语料_utf_20261009\语料\19-统一场论\chats_全量归档\01_全路径镜像\chats\2026-09-04\new-chat\GAQ-UFT-大统一全书\_backup_pre_fix\manuscript\ch15-量子测量与观测者.md,B,未审计，待逐件裁定,已复制
19-统一场论/chats_全量归档/01_全路径镜像/chats/2026-09-04/new-chat/GAQ-UFT-大统一全书/_backup_pre_fix/manuscript/ch16-意识起源.md,7896,90_历史归档\来源语料_utf_20261009\语料\19-统一场论\chats_全量归档\01_全路径镜像\chats\2026-09-04\new-chat\GAQ-UFT-大统一全书\_backup_pre_fix\manuscript\ch16-意识起源.md,B,未审计，待逐件裁定,已复制
19-统一场论/chats_全量归档/01_全路径镜像/chats/2026-09-04/new-chat/GAQ-UFT-大统一全书/_backup_pre_fix/manuscript/ch17-人工场实验设计.md,8678,90_历史归档\来源语料_utf_20261009\语料\19-统一场论\chats_全量归档\01_全路径镜像\chats\2026-09-04\new-chat\GAQ-UFT-大统一全书\_backup_pre_fix\manuscript\ch17-人工场实验设计.md,B,未审计，待逐件裁定,已复制
19-统一场论/chats_全量归档/01_全路径镜像/chats/2026-09-04/new-chat/GAQ-UFT-大统一全书/_backup_pre_fix/manuscript/ch18-可证伪性清单.md,9193,90_历史归档\来源语料_utf_20261009\语料\19-统一场论\chats_全量归档\01_全路径镜像\chats\2026-09-04\new-chat\GAQ-UFT-大统一全书\_backup_pre_fix\manuscript\ch18-可证伪性清单.md,B,未审计，待逐件裁定,已复制
19-统一场论/chats_全量归档/01_全路径镜像/chats/2026-09-04/new-chat/GAQ-UFT-大统一全书/_backup_pre_fix/manuscript/ch19-诚实审计.md,9028,90_历史归档\来源语料_utf_20261009\语料\19-统一场论\chats_全量归档\01_全路径镜像\chats\2026-09-04\new-chat\GAQ-UFT-大统一全书\_backup_pre_fix\manuscript\ch19-诚实审计.md,B,未审计，待逐件裁定,已复制
19-统一场论/chats_全量归档/01_全路径镜像/chats/2026-09-04/new-chat/GAQ-UFT-大统一全书/_backup_pre_fix/manuscript/ch20-附录.md,9792,90_历史归档\来源语料_utf_20261009\语料\19-统一场论\chats_全量归档\01_全路径镜像\chats\2026-09-04\new-chat\GAQ-UFT-大统一全书\_backup_pre_fix\manuscript\ch20-附录.md,B,未审计，待逐件裁定,已复制
19-统一场论/chats_全量归档/03_解压产物/GAQ-UFT-大统一全书-整理稿_解压/chapter-ledger.md,3838,90_历史归档\来源语料_utf_20261009\语料\19-统一场论\chats_全量归档\03_解压产物\GAQ-UFT-大统一全书-整理稿_解压\chapter-ledger.md,B,未审计，待逐件裁定,已复制
19-统一场论/chats_全量归档/03_解压产物/GAQ-UFT-大统一全书-整理稿_解压/outline.md,4897,90_历史归档\来源语料_utf_20261009\语料\19-统一场论\chats_全量归档\03_解压产物\GAQ-UFT-大统一全书-整理稿_解压\outline.md,B,未审计，待逐件裁定,已复制
19-统一场论/chats_全量归档/03_解压产物/GAQ-UFT-大统一全书-整理稿_解压/progress.md,493,90_历史归档\来源语料_utf_20261009\语料\19-统一场论\chats_全量归档\03_解压产物\GAQ-UFT-大统一全书-整理稿_解压\progress.md,B,未审计，待逐件裁定,已复制
19-统一场论/chats_全量归档/03_解压产物/GAQ-UFT-大统一全书-整理稿_解压/code/check_final.py,1413,90_历史归档\来源语料_utf_20261009\语料\19-统一场论\chats_全量归档\03_解压产物\GAQ-UFT-大统一全书-整理稿_解压\code\check_final.py,B,未审计，待逐件裁定,已复制
19-统一场论/chats_全量归档/03_解压产物/GAQ-UFT-大统一全书-整理稿_解压/code/count_chapters.py,1201,90_历史归档\来源语料_utf_20261009\语料\19-统一场论\chats_全量归档\03_解压产物\GAQ-UFT-大统一全书-整理稿_解压\code\count_chapters.py,B,未审计，待逐件裁定,已复制
19-统一场论/chats_全量归档/03_解压产物/GAQ-UFT-大统一全书-整理稿_解压/code/dual_count.py,1489,90_历史归档\来源语料_utf_20261009\语料\19-统一场论\chats_全量归档\03_解压产物\GAQ-UFT-大统一全书-整理稿_解压\code\dual_count.py,B,未审计，待逐件裁定,已复制
19-统一场论/chats_全量归档/03_解压产物/GAQ-UFT-大统一全书-整理稿_解压/code/fix_glued_heads.py,15605,90_历史归档\来源语料_utf_20261009\语料\19-统一场论\chats_全量归档\03_解压产物\GAQ-UFT-大统一全书-整理稿_解压\code\fix_glued_heads.py,B,未审计，待逐件裁定,已复制
19-统一场论/chats_全量归档/03_解压产物/GAQ-UFT-大统一全书-整理稿_解压/code/fix_midline_heads.py,6266,90_历史归档\来源语料_utf_20261009\语料\19-统一场论\chats_全量归档\03_解压产物\GAQ-UFT-大统一全书-整理稿_解压\code\fix_midline_heads.py,B,未审计，待逐件裁定,已复制
19-统一场论/chats_全量归档/03_解压产物/GAQ-UFT-大统一全书-整理稿_解压/code/fix_one.py,854,90_历史归档\来源语料_utf_20261009\语料\19-统一场论\chats_全量归档\03_解压产物\GAQ-UFT-大统一全书-整理稿_解压\code\fix_one.py,B,未审计，待逐件裁定,已复制
19-统一场论/chats_全量归档/03_解压产物/GAQ-UFT-大统一全书-整理稿_解压/code/formula_count.py,523,90_历史归档\来源语料_utf_20261009\语料\19-统一场论\chats_全量归档\03_解压产物\GAQ-UFT-大统一全书-整理稿_解压\code\formula_count.py,B,未审计，待逐件裁定,已复制
19-统一场论/chats_全量归档/03_解压产物/GAQ-UFT-大统一全书-整理稿_解压/code/merge_book.py,1118,90_历史归档\来源语料_utf_20261009\语料\19-统一场论\chats_全量归档\03_解压产物\GAQ-UFT-大统一全书-整理稿_解压\code\merge_book.py,B,未审计，待逐件裁定,已复制
19-统一场论/chats_全量归档/03_解压产物/GAQ-UFT-大统一全书-整理稿_解压/code/normalize_heads.py,1084,90_历史归档\来源语料_utf_20261009\语料\19-统一场论\chats_全量归档\03_解压产物\GAQ-UFT-大统一全书-整理稿_解压\code\normalize_heads.py,B,未审计，待逐件裁定,已复制
19-统一场论/chats_全量归档/03_解压产物/GAQ-UFT-大统一全书-整理稿_解压/code/rebuild_all.py,4079,90_历史归档\来源语料_utf_20261009\语料\19-统一场论\chats_全量归档\03_解压产物\GAQ-UFT-大统一全书-整理稿_解压\code\rebuild_all.py,B,未审计，待逐件裁定,已复制
19-统一场论/chats_全量归档/03_解压产物/GAQ-UFT-大统一全书-整理稿_解压/code/scan_midline_heads.py,1111,90_历史归档\来源语料_utf_20261009\语料\19-统一场论\chats_全量归档\03_解压产物\GAQ-UFT-大统一全书-整理稿_解压\code\scan_midline_heads.py,B,未审计，待逐件裁定,已复制
19-统一场论/chats_全量归档/03_解压产物/GAQ-UFT-大统一全书-整理稿_解压/code/test_midline.py,1473,90_历史归档\来源语料_utf_20261009\语料\19-统一场论\chats_全量归档\03_解压产物\GAQ-UFT-大统一全书-整理稿_解压\code\test_midline.py,B,未审计，待逐件裁定,已复制
19-统一场论/chats_全量归档/03_解压产物/GAQ-UFT-大统一全书-整理稿_解压/code/verify_all.py,14578,90_历史归档\来源语料_utf_20261009\语料\19-统一场论\chats_全量归档\03_解压产物\GAQ-UFT-大统一全书-整理稿_解压\code\verify_all.py,B,未审计，待逐件裁定,已复制
19-统一场论/chats_全量归档/03_解压产物/GAQ-UFT-大统一全书-整理稿_解压/code/verify_core.py,7349,90_历史归档\来源语料_utf_20261009\语料\19-统一场论\chats_全量归档\03_解压产物\GAQ-UFT-大统一全书-整理稿_解压\code\verify_core.py,B,未审计，待逐件裁定,已复制
19-统一场论/chats_全量归档/03_解压产物/GAQ-UFT-大统一全书-整理稿_解压/code/verify_geometry.py,4642,90_历史归档\来源语料_utf_20261009\语料\19-统一场论\chats_全量归档\03_解压产物\GAQ-UFT-大统一全书-整理稿_解压\code\verify_geometry.py,B,未审计，待逐件裁定,已复制
19-统一场论/chats_全量归档/03_解压产物/GAQ-UFT-大统一全书-整理稿_解压/deliverables/final.md,199973,90_历史归档\来源语料_utf_20261009\语料\19-统一场论\chats_全量归档\03_解压产物\GAQ-UFT-大统一全书-整理稿_解压\deliverables\final.md,B,未审计，待逐件裁定,已复制
19-统一场论/chats_全量归档/03_解压产物/GAQ-UFT-大统一全书-整理稿_解压/manuscript/000-封面.md,992,90_历史归档\来源语料_utf_20261009\语料\19-统一场论\chats_全量归档\03_解压产物\GAQ-UFT-大统一全书-整理稿_解压\manuscript\000-封面.md,B,未审计，待逐件裁定,已复制
19-统一场论/chats_全量归档/03_解压产物/GAQ-UFT-大统一全书-整理稿_解压/manuscript/ch00-序章.md,9605,90_历史归档\来源语料_utf_20261009\语料\19-统一场论\chats_全量归档\03_解压产物\GAQ-UFT-大统一全书-整理稿_解压\manuscript\ch00-序章.md,B,未审计，待逐件裁定,已复制
19-统一场论/chats_全量归档/03_解压产物/GAQ-UFT-大统一全书-整理稿_解压/manuscript/ch01-总纲.md,10014,90_历史归档\来源语料_utf_20261009\语料\19-统一场论\chats_全量归档\03_解压产物\GAQ-UFT-大统一全书-整理稿_解压\manuscript\ch01-总纲.md,B,未审计，待逐件裁定,已复制
19-统一场论/chats_全量归档/03_解压产物/GAQ-UFT-大统一全书-整理稿_解压/manuscript/ch02-第一公理与第二公理.md,10269,90_历史归档\来源语料_utf_20261009\语料\19-统一场论\chats_全量归档\03_解压产物\GAQ-UFT-大统一全书-整理稿_解压\manuscript\ch02-第一公理与第二公理.md,B,未审计，待逐件裁定,已复制
19-统一场论/chats_全量归档/03_解压产物/GAQ-UFT-大统一全书-整理稿_解压/manuscript/ch03-第三公理.md,9237,90_历史归档\来源语料_utf_20261009\语料\19-统一场论\chats_全量归档\03_解压产物\GAQ-UFT-大统一全书-整理稿_解压\manuscript\ch03-第三公理.md,B,未审计，待逐件裁定,已复制
19-统一场论/chats_全量归档/03_解压产物/GAQ-UFT-大统一全书-整理稿_解压/manuscript/ch04-量纲与普朗克尺度.md,9657,90_历史归档\来源语料_utf_20261009\语料\19-统一场论\chats_全量归档\03_解压产物\GAQ-UFT-大统一全书-整理稿_解压\manuscript\ch04-量纲与普朗克尺度.md,B,未审计，待逐件裁定,已复制
19-统一场论/chats_全量归档/03_解压产物/GAQ-UFT-大统一全书-整理稿_解压/manuscript/ch05-电磁力.md,9064,90_历史归档\来源语料_utf_20261009\语料\19-统一场论\chats_全量归档\03_解压产物\GAQ-UFT-大统一全书-整理稿_解压\manuscript\ch05-电磁力.md,B,未审计，待逐件裁定,已复制
19-统一场论/chats_全量归档/03_解压产物/GAQ-UFT-大统一全书-整理稿_解压/manuscript/ch06-弱力与电弱统一.md,7862,90_历史归档\来源语料_utf_20261009\语料\19-统一场论\chats_全量归档\03_解压产物\GAQ-UFT-大统一全书-整理稿_解压\manuscript\ch06-弱力与电弱统一.md,B,未审计，待逐件裁定,已复制
19-统一场论/chats_全量归档/03_解压产物/GAQ-UFT-大统一全书-整理稿_解压/manuscript/ch07-强力.md,7916,90_历史归档\来源语料_utf_20261009\语料\19-统一场论\chats_全量归档\03_解压产物\GAQ-UFT-大统一全书-整理稿_解压\manuscript\ch07-强力.md,B,未审计，待逐件裁定,已复制
19-统一场论/chats_全量归档/03_解压产物/GAQ-UFT-大统一全书-整理稿_解压/manuscript/ch08-引力.md,8861,90_历史归档\来源语料_utf_20261009\语料\19-统一场论\chats_全量归档\03_解压产物\GAQ-UFT-大统一全书-整理稿_解压\manuscript\ch08-引力.md,B,未审计，待逐件裁定,已复制
19-统一场论/chats_全量归档/03_解压产物/GAQ-UFT-大统一全书-整理稿_解压/manuscript/ch09-精细结构常数.md,8196,90_历史归档\来源语料_utf_20261009\语料\19-统一场论\chats_全量归档\03_解压产物\GAQ-UFT-大统一全书-整理稿_解压\manuscript\ch09-精细结构常数.md,B,未审计，待逐件裁定,已复制
19-统一场论/chats_全量归档/03_解压产物/GAQ-UFT-大统一全书-整理稿_解压/manuscript/ch10-轻子质量谱与Koide.md,9128,90_历史归档\来源语料_utf_20261009\语料\19-统一场论\chats_全量归档\03_解压产物\GAQ-UFT-大统一全书-整理稿_解压\manuscript\ch10-轻子质量谱与Koide.md,B,未审计，待逐件裁定,已复制
19-统一场论/chats_全量归档/03_解压产物/GAQ-UFT-大统一全书-整理稿_解压/manuscript/ch11-全常数矩阵.md,9541,90_历史归档\来源语料_utf_20261009\语料\19-统一场论\chats_全量归档\03_解压产物\GAQ-UFT-大统一全书-整理稿_解压\manuscript\ch11-全常数矩阵.md,B,未审计，待逐件裁定,已复制
19-统一场论/chats_全量归档/03_解压产物/GAQ-UFT-大统一全书-整理稿_解压/manuscript/ch12-宇宙演化.md,7666,90_历史归档\来源语料_utf_20261009\语料\19-统一场论\chats_全量归档\03_解压产物\GAQ-UFT-大统一全书-整理稿_解压\manuscript\ch12-宇宙演化.md,B,未审计，待逐件裁定,已复制
19-统一场论/chats_全量归档/03_解压产物/GAQ-UFT-大统一全书-整理稿_解压/manuscript/ch13-暗物质与暗能量.md,8208,90_历史归档\来源语料_utf_20261009\语料\19-统一场论\chats_全量归档\03_解压产物\GAQ-UFT-大统一全书-整理稿_解压\manuscript\ch13-暗物质与暗能量.md,B,未审计，待逐件裁定,已复制
19-统一场论/chats_全量归档/03_解压产物/GAQ-UFT-大统一全书-整理稿_解压/manuscript/ch14-哈勃张力.md,8469,90_历史归档\来源语料_utf_20261009\语料\19-统一场论\chats_全量归档\03_解压产物\GAQ-UFT-大统一全书-整理稿_解压\manuscript\ch14-哈勃张力.md,B,未审计，待逐件裁定,已复制
19-统一场论/chats_全量归档/03_解压产物/GAQ-UFT-大统一全书-整理稿_解压/manuscript/ch15-量子测量与观测者.md,8730,90_历史归档\来源语料_utf_20261009\语料\19-统一场论\chats_全量归档\03_解压产物\GAQ-UFT-大统一全书-整理稿_解压\manuscript\ch15-量子测量与观测者.md,B,未审计，待逐件裁定,已复制
19-统一场论/chats_全量归档/03_解压产物/GAQ-UFT-大统一全书-整理稿_解压/manuscript/ch16-意识起源.md,7938,90_历史归档\来源语料_utf_20261009\语料\19-统一场论\chats_全量归档\03_解压产物\GAQ-UFT-大统一全书-整理稿_解压\manuscript\ch16-意识起源.md,B,未审计，待逐件裁定,已复制
19-统一场论/chats_全量归档/03_解压产物/GAQ-UFT-大统一全书-整理稿_解压/manuscript/ch17-人工场实验设计.md,8724,90_历史归档\来源语料_utf_20261009\语料\19-统一场论\chats_全量归档\03_解压产物\GAQ-UFT-大统一全书-整理稿_解压\manuscript\ch17-人工场实验设计.md,B,未审计，待逐件裁定,已复制
19-统一场论/chats_全量归档/03_解压产物/GAQ-UFT-大统一全书-整理稿_解压/manuscript/ch18-可证伪性清单.md,9253,90_历史归档\来源语料_utf_20261009\语料\19-统一场论\chats_全量归档\03_解压产物\GAQ-UFT-大统一全书-整理稿_解压\manuscript\ch18-可证伪性清单.md,B,未审计，待逐件裁定,已复制
19-统一场论/chats_全量归档/03_解压产物/GAQ-UFT-大统一全书-整理稿_解压/manuscript/ch19-诚实审计.md,9056,90_历史归档\来源语料_utf_20261009\语料\19-统一场论\chats_全量归档\03_解压产物\GAQ-UFT-大统一全书-整理稿_解压\manuscript\ch19-诚实审计.md,B,未审计，待逐件裁定,已复制
19-统一场论/chats_全量归档/03_解压产物/GAQ-UFT-大统一全书-整理稿_解压/manuscript/ch20-附录.md,9937,90_历史归档\来源语料_utf_20261009\语料\19-统一场论\chats_全量归档\03_解压产物\GAQ-UFT-大统一全书-整理稿_解压\manuscript\ch20-附录.md,B,未审计，待逐件裁定,已复制
19-统一场论/chats_全量归档/03_解压产物/GAQ-UFT-大统一全书-整理稿_解压/manuscript/ch21-全维精算.md,11379,90_历史归档\来源语料_utf_20261009\语料\19-统一场论\chats_全量归档\03_解压产物\GAQ-UFT-大统一全书-整理稿_解压\manuscript\ch21-全维精算.md,B,未审计，待逐件裁定,已复制
19-统一场论/chats_全量归档/03_解压产物/goldbach_methods_解压/00_总览与声明.md,3736,90_历史归档\来源语料_utf_20261009\语料\19-统一场论\chats_全量归档\03_解压产物\goldbach_methods_解压\00_总览与声明.md,B,未审计，待逐件裁定,已复制
19-统一场论/chats_全量归档/03_解压产物/goldbach_methods_解压/01_筛法路线_Brun_Selberg_Chen.md,5501,90_历史归档\来源语料_utf_20261009\语料\19-统一场论\chats_全量归档\03_解压产物\goldbach_methods_解压\01_筛法路线_Brun_Selberg_Chen.md,B,未审计，待逐件裁定,已复制
19-统一场论/chats_全量归档/03_解压产物/goldbach_methods_解压/02_圆法与奇异级数.md,7077,90_历史归档\来源语料_utf_20261009\语料\19-统一场论\chats_全量归档\03_解压产物\goldbach_methods_解压\02_圆法与奇异级数.md,B,未审计，待逐件裁定,已复制
19-统一场论/chats_全量归档/03_解压产物/goldbach_methods_解压/03_密率法与加法组合.md,5463,90_历史归档\来源语料_utf_20261009\语料\19-统一场论\chats_全量归档\03_解压产物\goldbach_methods_解压\03_密率法与加法组合.md,B,未审计，待逐件裁定,已复制
19-统一场论/chats_全量归档/03_解压产物/goldbach_methods_解压/04_计算机验证与其他路线.md,5359,90_历史归档\来源语料_utf_20261009\语料\19-统一场论\chats_全量归档\03_解压产物\goldbach_methods_解压\04_计算机验证与其他路线.md,B,未审计，待逐件裁定,已复制
19-统一场论/chats_全量归档/03_解压产物/goldbach_methods_解压/05_初等谬误分类与核心障碍.md,6923,90_历史归档\来源语料_utf_20261009\语料\19-统一场论\chats_全量归档\03_解压产物\goldbach_methods_解压\05_初等谬误分类与核心障碍.md,B,未审计，待逐件裁定,已复制
19-统一场论/chats_全量归档/03_解压产物/goldbach_methods_解压/06_OPEN问题清单与参考文献.md,6607,90_历史归档\来源语料_utf_20261009\语料\19-统一场论\chats_全量归档\03_解压产物\goldbach_methods_解压\06_OPEN问题清单与参考文献.md,B,未审计，待逐件裁定,已复制
19-统一场论/chats_全量归档/03_解压产物/goldbach_methods_解压/goldbach_verification.py,12571,90_历史归档\来源语料_utf_20261009\语料\19-统一场论\chats_全量归档\03_解压产物\goldbach_methods_解压\goldbach_verification.py,B,未审计，待逐件裁定,已复制
19-统一场论/chats_全量归档/04_按主题归类/GAQ-UFT大统一场论/2026-08-21/new-chat/verify_gaq_uft.py,4074,90_历史归档\来源语料_utf_20261009\语料\19-统一场论\chats_全量归档\04_按主题归类\GAQ-UFT大统一场论\2026-08-21\new-chat\verify_gaq_uft.py,B,未审计，待逐件裁定,已复制
19-统一场论/chats_全量归档/04_按主题归类/GAQ-UFT大统一场论/2026-08-21/new-chat/verify_gaq_uft_v2.py,6336,90_历史归档\来源语料_utf_20261009\语料\19-统一场论\chats_全量归档\04_按主题归类\GAQ-UFT大统一场论\2026-08-21\new-chat\verify_gaq_uft_v2.py,B,未审计，待逐件裁定,已复制
19-统一场论/chats_全量归档/04_按主题归类/GAQ-UFT大统一场论/2026-09-03/new-chat/gauq_v50_verify.py,9988,90_历史归档\来源语料_utf_20261009\语料\19-统一场论\chats_全量归档\04_按主题归类\GAQ-UFT大统一场论\2026-09-03\new-chat\gauq_v50_verify.py,B,未审计，待逐件裁定,已复制
19-统一场论/chats_全量归档/04_按主题归类/GAQ-UFT大统一场论/2026-09-03/new-chat/gauq_v50_verify_v8.py,4038,90_历史归档\来源语料_utf_20261009\语料\19-统一场论\chats_全量归档\04_按主题归类\GAQ-UFT大统一场论\2026-09-03\new-chat\gauq_v50_verify_v8.py,B,未审计，待逐件裁定,已复制
19-统一场论/chats_全量归档/04_按主题归类/GAQ-UFT大统一场论/2026-09-03/new-chat/verify_output.txt,6232,90_历史归档\来源语料_utf_20261009\语料\19-统一场论\chats_全量归档\04_按主题归类\GAQ-UFT大统一场论\2026-09-03\new-chat\verify_output.txt,B,未审计，待逐件裁定,已复制
19-统一场论/chats_全量归档/04_按主题归类/GAQ-UFT大统一场论/2026-09-03/new-chat/verify_v8_output.txt,3494,90_历史归档\来源语料_utf_20261009\语料\19-统一场论\chats_全量归档\04_按主题归类\GAQ-UFT大统一场论\2026-09-03\new-chat\verify_v8_output.txt,B,未审计，待逐件裁定,已复制
19-统一场论/chats_全量归档/04_按主题归类/GAQ-UFT大统一场论/2026-09-03/new-chat/大统一场论_GAQ-UFT_V50_全维度全链路.md,43780,90_历史归档\来源语料_utf_20261009\语料\19-统一场论\chats_全量归档\04_按主题归类\GAQ-UFT大统一场论\2026-09-03\new-chat\大统一场论_GAQ-UFT_V50_全维度全链路.md,B,未审计，待逐件裁定,已复制
19-统一场论/chats_全量归档/04_按主题归类/GAQ-UFT大统一场论/2026-09-03/new-chat/.preview/2913fbbcffb8/manifest.json,1710,90_历史归档\来源语料_utf_20261009\语料\19-统一场论\chats_全量归档\04_按主题归类\GAQ-UFT大统一场论\2026-09-03\new-chat\.preview\2913fbbcffb8\manifest.json,B,未审计，待逐件裁定,已复制
19-统一场论/chats_全量归档/04_按主题归类/GAQ-UFT大统一场论/2026-09-03/new-chat/.preview/2913fbbcffb8/text.md,13835,90_历史归档\来源语料_utf_20261009\语料\19-统一场论\chats_全量归档\04_按主题归类\GAQ-UFT大统一场论\2026-09-03\new-chat\.preview\2913fbbcffb8\text.md,B,未审计，待逐件裁定,已复制
19-统一场论/chats_全量归档/04_按主题归类/GAQ-UFT大统一场论/2026-09-03/new-chat-1/uft/gr_toolkit.py,3398,90_历史归档\来源语料_utf_20261009\语料\19-统一场论\chats_全量归档\04_按主题归类\GAQ-UFT大统一场论\2026-09-03\new-chat-1\uft\gr_toolkit.py,B,未审计，待逐件裁定,已复制
19-统一场论/chats_全量归档/04_按主题归类/GAQ-UFT大统一场论/2026-09-03/new-chat-1/uft/test0_validate_toolkit.py,3405,90_历史归档\来源语料_utf_20261009\语料\19-统一场论\chats_全量归档\04_按主题归类\GAQ-UFT大统一场论\2026-09-03\new-chat-1\uft\test0_validate_toolkit.py,B,未审计，待逐件裁定,已复制
19-统一场论/chats_全量归档/04_按主题归类/GAQ-UFT大统一场论/2026-09-03/new-chat-1/uft/verify_adiabatic.py,5599,90_历史归档\来源语料_utf_20261009\语料\19-统一场论\chats_全量归档\04_按主题归类\GAQ-UFT大统一场论\2026-09-03\new-chat-1\uft\verify_adiabatic.py,B,未审计，待逐件裁定,已复制
19-统一场论/chats_全量归档/04_按主题归类/GAQ-UFT大统一场论/2026-09-03/new-chat-1/uft/verify_alldim.py,6171,90_历史归档\来源语料_utf_20261009\语料\19-统一场论\chats_全量归档\04_按主题归类\GAQ-UFT大统一场论\2026-09-03\new-chat-1\uft\verify_alldim.py,B,未审计，待逐件裁定,已复制
19-统一场论/chats_全量归档/04_按主题归类/GAQ-UFT大统一场论/2026-09-03/new-chat-1/uft/verify_helix.py,6377,90_历史归档\来源语料_utf_20261009\语料\19-统一场论\chats_全量归档\04_按主题归类\GAQ-UFT大统一场论\2026-09-03\new-chat-1\uft\verify_helix.py,B,未审计，待逐件裁定,已复制
19-统一场论/chats_全量归档/04_按主题归类/GAQ-UFT大统一场论/2026-09-03/new-chat-1/uft/verify_induction.py,7690,90_历史归档\来源语料_utf_20261009\语料\19-统一场论\chats_全量归档\04_按主题归类\GAQ-UFT大统一场论\2026-09-03\new-chat-1\uft\verify_induction.py,B,未审计，待逐件裁定,已复制
19-统一场论/chats_全量归档/04_按主题归类/GAQ-UFT大统一场论/2026-09-03/new-chat-1/uft/verify_kk.py,5730,90_历史归档\来源语料_utf_20261009\语料\19-统一场论\chats_全量归档\04_按主题归类\GAQ-UFT大统一场论\2026-09-03\new-chat-1\uft\verify_kk.py,B,未审计，待逐件裁定,已复制
19-统一场论/chats_全量归档/04_按主题归类/GAQ-UFT大统一场论/2026-09-03/new-chat-1/uft/verify_lorentz.py,4851,90_历史归档\来源语料_utf_20261009\语料\19-统一场论\chats_全量归档\04_按主题归类\GAQ-UFT大统一场论\2026-09-03\new-chat-1\uft\verify_lorentz.py,B,未审计，待逐件裁定,已复制
19-统一场论/chats_全量归档/04_按主题归类/GAQ-UFT大统一场论/2026-09-03/new-chat-1/uft/verify_numeric.py,9559,90_历史归档\来源语料_utf_20261009\语料\19-统一场论\chats_全量归档\04_按主题归类\GAQ-UFT大统一场论\2026-09-03\new-chat-1\uft\verify_numeric.py,B,未审计，待逐件裁定,已复制
19-统一场论/chats_全量归档/04_按主题归类/GAQ-UFT大统一场论/2026-09-03/new-chat-1/uft/verify_numeric_out.txt,4087,（内容已在 openuft，不重复复制）,B,未审计；内容已在本库,已在库跳过
19-统一场论/chats_全量归档/04_按主题归类/GAQ-UFT大统一场论/2026-09-03/new-chat-1/uft/verify_proof.py,5840,90_历史归档\来源语料_utf_20261009\语料\19-统一场论\chats_全量归档\04_按主题归类\GAQ-UFT大统一场论\2026-09-03\new-chat-1\uft\verify_proof.py,B,未审计，待逐件裁定,已复制
19-统一场论/chats_全量归档/04_按主题归类/GAQ-UFT大统一场论/2026-09-03/new-chat-1/uft/verify_spectral.py,8655,90_历史归档\来源语料_utf_20261009\语料\19-统一场论\chats_全量归档\04_按主题归类\GAQ-UFT大统一场论\2026-09-03\new-chat-1\uft\verify_spectral.py,B,未审计，待逐件裁定,已复制
19-统一场论/chats_全量归档/04_按主题归类/GAQ-UFT大统一场论/2026-09-03/new-chat-1/uft/verify_triad.py,11117,90_历史归档\来源语料_utf_20261009\语料\19-统一场论\chats_全量归档\04_按主题归类\GAQ-UFT大统一场论\2026-09-03\new-chat-1\uft\verify_triad.py,B,未审计，待逐件裁定,已复制
19-统一场论/chats_全量归档/04_按主题归类/GAQ-UFT大统一场论/2026-09-03/new-chat-1/uft/verify_variation.py,10417,90_历史归档\来源语料_utf_20261009\语料\19-统一场论\chats_全量归档\04_按主题归类\GAQ-UFT大统一场论\2026-09-03\new-chat-1\uft\verify_variation.py,B,未审计，待逐件裁定,已复制
19-统一场论/chats_全量归档/04_按主题归类/GAQ-UFT大统一场论/2026-09-03/new-chat-1/uft/全维统一场论_全维度修订版.md,33009,90_历史归档\来源语料_utf_20261009\语料\19-统一场论\chats_全量归档\04_按主题归类\GAQ-UFT大统一场论\2026-09-03\new-chat-1\uft\全维统一场论_全维度修订版.md,B,未审计，待逐件裁定,已复制
19-统一场论/chats_全量归档/04_按主题归类/GAQ-UFT大统一场论/2026-09-03/new-chat-1/uft/算法联盟_全维三重奏大统一分析.md,9105,90_历史归档\来源语料_utf_20261009\语料\19-统一场论\chats_全量归档\04_按主题归类\GAQ-UFT大统一场论\2026-09-03\new-chat-1\uft\算法联盟_全维三重奏大统一分析.md,B,未审计，待逐件裁定,已复制
19-统一场论/chats_全量归档/04_按主题归类/GAQ-UFT大统一场论/2026-09-03/new-chat-1/uft/算法联盟_全维三重奏定理完整严格证明.md,5230,90_历史归档\来源语料_utf_20261009\语料\19-统一场论\chats_全量归档\04_按主题归类\GAQ-UFT大统一场论\2026-09-03\new-chat-1\uft\算法联盟_全维三重奏定理完整严格证明.md,B,未审计，待逐件裁定,已复制
19-统一场论/chats_全量归档/04_按主题归类/GAQ-UFT大统一场论/2026-09-03/new-chat-1/uft/算法联盟_全维三重奏定理证明攻坚.md,4622,90_历史归档\来源语料_utf_20261009\语料\19-统一场论\chats_全量归档\04_按主题归类\GAQ-UFT大统一场论\2026-09-03\new-chat-1\uft\算法联盟_全维三重奏定理证明攻坚.md,B,未审计，待逐件裁定,已复制
19-统一场论/chats_全量归档/04_按主题归类/GAQ-UFT大统一场论/2026-09-03/new-chat-1/uft/算法联盟_全维三重奏定理谱理论证明.md,4184,90_历史归档\来源语料_utf_20261009\语料\19-统一场论\chats_全量归档\04_按主题归类\GAQ-UFT大统一场论\2026-09-03\new-chat-1\uft\算法联盟_全维三重奏定理谱理论证明.md,B,未审计，待逐件裁定,已复制
19-统一场论/chats_全量归档/04_按主题归类/GAQ-UFT大统一场论/2026-09-03/new-chat-1/uft/算法联盟_全维三重奏最高权限精算.md,5872,90_历史归档\来源语料_utf_20261009\语料\19-统一场论\chats_全量归档\04_按主题归类\GAQ-UFT大统一场论\2026-09-03\new-chat-1\uft\算法联盟_全维三重奏最高权限精算.md,B,未审计，待逐件裁定,已复制
19-统一场论/chats_全量归档/04_按主题归类/GAQ-UFT大统一场论/2026-09-03/new-chat-1/uft/算法联盟_全维三重奏终极报告.md,7974,90_历史归档\来源语料_utf_20261009\语料\19-统一场论\chats_全量归档\04_按主题归类\GAQ-UFT大统一场论\2026-09-03\new-chat-1\uft\算法联盟_全维三重奏终极报告.md,B,未审计，待逐件裁定,已复制
19-统一场论/chats_全量归档/04_按主题归类/GAQ-UFT大统一场论/2026-09-03/new-chat-1/uft/算法联盟_绝热三重奏定理.md,4002,90_历史归档\来源语料_utf_20261009\语料\19-统一场论\chats_全量归档\04_按主题归类\GAQ-UFT大统一场论\2026-09-03\new-chat-1\uft\算法联盟_绝热三重奏定理.md,B,未审计，待逐件裁定,已复制
19-统一场论/chats_全量归档/04_按主题归类/GAQ-UFT大统一场论/2026-09-03/new-chat-1/uft/验证结果_三重奏.txt,7951,90_历史归档\来源语料_utf_20261009\语料\19-统一场论\chats_全量归档\04_按主题归类\GAQ-UFT大统一场论\2026-09-03\new-chat-1\uft\验证结果_三重奏.txt,B,未审计，待逐件裁定,已复制
19-统一场论/chats_全量归档/04_按主题归类/GAQ-UFT大统一场论/2026-09-03/new-chat-1/uft/验证结果_全维.txt,2837,（内容已在 openuft，不重复复制）,B,未审计；内容已在本库,已在库跳过
19-统一场论/chats_全量归档/04_按主题归类/GAQ-UFT大统一场论/2026-09-03/new-chat-1/uft/验证结果_完整输出.txt,8965,（内容已在 openuft，不重复复制）,B,未审计；内容已在本库,已在库跳过
19-统一场论/chats_全量归档/04_按主题归类/GAQ-UFT大统一场论/2026-09-03/new-chat-1/uft/验证结果_归纳证明.txt,2712,（内容已在 openuft，不重复复制）,B,未审计；内容已在本库,已在库跳过
19-统一场论/chats_全量归档/04_按主题归类/GAQ-UFT大统一场论/2026-09-03/new-chat-1/uft/验证结果_绝热.txt,1069,（内容已在 openuft，不重复复制）,B,未审计；内容已在本库,已在库跳过
19-统一场论/chats_全量归档/04_按主题归类/GAQ-UFT大统一场论/2026-09-03/new-chat-1/uft/验证结果_螺旋运动.txt,3534,（内容已在 openuft，不重复复制）,B,未审计；内容已在本库,已在库跳过
19-统一场论/chats_全量归档/04_按主题归类/GAQ-UFT大统一场论/2026-09-03/new-chat-1/uft/验证结果_证明攻坚.txt,2089,（内容已在 openuft，不重复复制）,B,未审计；内容已在本库,已在库跳过
19-统一场论/chats_全量归档/04_按主题归类/GAQ-UFT大统一场论/2026-09-03/new-chat-1/uft/验证结果_谱理论.txt,2340,（内容已在 openuft，不重复复制）,B,未审计；内容已在本库,已在库跳过
19-统一场论/chats_全量归档/04_按主题归类/GAQ-UFT大统一场论/2026-09-03/new-chat-1/uft/.preview/a5a9719268ce/manifest.json,1025,90_历史归档\来源语料_utf_20261009\语料\19-统一场论\chats_全量归档\04_按主题归类\GAQ-UFT大统一场论\2026-09-03\new-chat-1\uft\.preview\a5a9719268ce\manifest.json,B,未审计，待逐件裁定,已复制
19-统一场论/chats_全量归档/04_按主题归类/GAQ-UFT大统一场论/2026-09-03/new-chat-1/uft/.preview/a5a9719268ce/text.md,16191,90_历史归档\来源语料_utf_20261009\语料\19-统一场论\chats_全量归档\04_按主题归类\GAQ-UFT大统一场论\2026-09-03\new-chat-1\uft\.preview\a5a9719268ce\text.md,B,未审计，待逐件裁定,已复制
19-统一场论/chats_全量归档/04_按主题归类/GAQ-UFT大统一场论/2026-09-03/new-chat-1/uft/enterprise/README.md,2830,90_历史归档\来源语料_utf_20261009\语料\19-统一场论\chats_全量归档\04_按主题归类\GAQ-UFT大统一场论\2026-09-03\new-chat-1\uft\enterprise\README.md,B,未审计，待逐件裁定,已复制
19-统一场论/chats_全量归档/04_按主题归类/GAQ-UFT大统一场论/2026-09-03/new-chat-1/uft/enterprise/run_verification.py,8661,90_历史归档\来源语料_utf_20261009\语料\19-统一场论\chats_全量归档\04_按主题归类\GAQ-UFT大统一场论\2026-09-03\new-chat-1\uft\enterprise\run_verification.py,B,未审计，待逐件裁定,已复制
19-统一场论/chats_全量归档/04_按主题归类/GAQ-UFT大统一场论/2026-09-03/new-chat-1/uft/enterprise/pkg/constants.py,3813,90_历史归档\来源语料_utf_20261009\语料\19-统一场论\chats_全量归档\04_按主题归类\GAQ-UFT大统一场论\2026-09-03\new-chat-1\uft\enterprise\pkg\constants.py,B,未审计，待逐件裁定,已复制
19-统一场论/chats_全量归档/04_按主题归类/GAQ-UFT大统一场论/2026-09-03/new-chat-1/uft/enterprise/pkg/triad.py,6901,90_历史归档\来源语料_utf_20261009\语料\19-统一场论\chats_全量归档\04_按主题归类\GAQ-UFT大统一场论\2026-09-03\new-chat-1\uft\enterprise\pkg\triad.py,B,未审计，待逐件裁定,已复制
19-统一场论/chats_全量归档/04_按主题归类/GAQ-UFT大统一场论/2026-09-03/new-chat-1/uft/enterprise/pkg/__init__.py,83,90_历史归档\来源语料_utf_20261009\语料\19-统一场论\chats_全量归档\04_按主题归类\GAQ-UFT大统一场论\2026-09-03\new-chat-1\uft\enterprise\pkg\__init__.py,B,未审计，待逐件裁定,已复制
19-统一场论/chats_全量归档/04_按主题归类/GAQ-UFT大统一场论/2026-09-03/new-chat-1/uft/enterprise/reports/verification_report.md,3265,90_历史归档\来源语料_utf_20261009\语料\19-统一场论\chats_全量归档\04_按主题归类\GAQ-UFT大统一场论\2026-09-03\new-chat-1\uft\enterprise\reports\verification_report.md,B,未审计，待逐件裁定,已复制
19-统一场论/chats_全量归档/04_按主题归类/GAQ-UFT大统一场论/2026-09-03/new-chat-1/uft/enterprise/tests/test_triad.py,3338,90_历史归档\来源语料_utf_20261009\语料\19-统一场论\chats_全量归档\04_按主题归类\GAQ-UFT大统一场论\2026-09-03\new-chat-1\uft\enterprise\tests\test_triad.py,B,未审计，待逐件裁定,已复制
19-统一场论/chats_全量归档/04_按主题归类/GAQ-UFT大统一场论/2026-09-04/new-chat/GAQ-UFT-大统一全书/chapter-ledger.md,3838,90_历史归档\来源语料_utf_20261009\语料\19-统一场论\chats_全量归档\04_按主题归类\GAQ-UFT大统一场论\2026-09-04\new-chat\GAQ-UFT-大统一全书\chapter-ledger.md,B,未审计，待逐件裁定,已复制
19-统一场论/chats_全量归档/04_按主题归类/GAQ-UFT大统一场论/2026-09-04/new-chat/GAQ-UFT-大统一全书/outline.md,4897,90_历史归档\来源语料_utf_20261009\语料\19-统一场论\chats_全量归档\04_按主题归类\GAQ-UFT大统一场论\2026-09-04\new-chat\GAQ-UFT-大统一全书\outline.md,B,未审计，待逐件裁定,已复制
19-统一场论/chats_全量归档/04_按主题归类/GAQ-UFT大统一场论/2026-09-04/new-chat/GAQ-UFT-大统一全书/progress.md,493,90_历史归档\来源语料_utf_20261009\语料\19-统一场论\chats_全量归档\04_按主题归类\GAQ-UFT大统一场论\2026-09-04\new-chat\GAQ-UFT-大统一全书\progress.md,B,未审计，待逐件裁定,已复制
19-统一场论/chats_全量归档/04_按主题归类/GAQ-UFT大统一场论/2026-09-04/new-chat/GAQ-UFT-大统一全书/.doubao-book-writer/requirement-checklist.json,4971,90_历史归档\来源语料_utf_20261009\语料\19-统一场论\chats_全量归档\04_按主题归类\GAQ-UFT大统一场论\2026-09-04\new-chat\GAQ-UFT-大统一全书\.doubao-book-writer\requirement-checklist.json,B,未审计，待逐件裁定,已复制
19-统一场论/chats_全量归档/04_按主题归类/GAQ-UFT大统一场论/2026-09-04/new-chat/GAQ-UFT-大统一全书/code/check_final.py,1413,90_历史归档\来源语料_utf_20261009\语料\19-统一场论\chats_全量归档\04_按主题归类\GAQ-UFT大统一场论\2026-09-04\new-chat\GAQ-UFT-大统一全书\code\check_final.py,B,未审计，待逐件裁定,已复制
19-统一场论/chats_全量归档/04_按主题归类/GAQ-UFT大统一场论/2026-09-04/new-chat/GAQ-UFT-大统一全书/code/count_chapters.py,1201,90_历史归档\来源语料_utf_20261009\语料\19-统一场论\chats_全量归档\04_按主题归类\GAQ-UFT大统一场论\2026-09-04\new-chat\GAQ-UFT-大统一全书\code\count_chapters.py,B,未审计，待逐件裁定,已复制
19-统一场论/chats_全量归档/04_按主题归类/GAQ-UFT大统一场论/2026-09-04/new-chat/GAQ-UFT-大统一全书/code/dual_count.py,1489,90_历史归档\来源语料_utf_20261009\语料\19-统一场论\chats_全量归档\04_按主题归类\GAQ-UFT大统一场论\2026-09-04\new-chat\GAQ-UFT-大统一全书\code\dual_count.py,B,未审计，待逐件裁定,已复制
19-统一场论/chats_全量归档/04_按主题归类/GAQ-UFT大统一场论/2026-09-04/new-chat/GAQ-UFT-大统一全书/code/fix_glued_heads.py,15605,90_历史归档\来源语料_utf_20261009\语料\19-统一场论\chats_全量归档\04_按主题归类\GAQ-UFT大统一场论\2026-09-04\new-chat\GAQ-UFT-大统一全书\code\fix_glued_heads.py,B,未审计，待逐件裁定,已复制
19-统一场论/chats_全量归档/04_按主题归类/GAQ-UFT大统一场论/2026-09-04/new-chat/GAQ-UFT-大统一全书/code/fix_midline_heads.py,6266,90_历史归档\来源语料_utf_20261009\语料\19-统一场论\chats_全量归档\04_按主题归类\GAQ-UFT大统一场论\2026-09-04\new-chat\GAQ-UFT-大统一全书\code\fix_midline_heads.py,B,未审计，待逐件裁定,已复制
19-统一场论/chats_全量归档/04_按主题归类/GAQ-UFT大统一场论/2026-09-04/new-chat/GAQ-UFT-大统一全书/code/fix_one.py,854,90_历史归档\来源语料_utf_20261009\语料\19-统一场论\chats_全量归档\04_按主题归类\GAQ-UFT大统一场论\2026-09-04\new-chat\GAQ-UFT-大统一全书\code\fix_one.py,B,未审计，待逐件裁定,已复制
19-统一场论/chats_全量归档/04_按主题归类/GAQ-UFT大统一场论/2026-09-04/new-chat/GAQ-UFT-大统一全书/code/formula_count.py,523,90_历史归档\来源语料_utf_20261009\语料\19-统一场论\chats_全量归档\04_按主题归类\GAQ-UFT大统一场论\2026-09-04\new-chat\GAQ-UFT-大统一全书\code\formula_count.py,B,未审计，待逐件裁定,已复制
19-统一场论/chats_全量归档/04_按主题归类/GAQ-UFT大统一场论/2026-09-04/new-chat/GAQ-UFT-大统一全书/code/merge_book.py,1118,90_历史归档\来源语料_utf_20261009\语料\19-统一场论\chats_全量归档\04_按主题归类\GAQ-UFT大统一场论\2026-09-04\new-chat\GAQ-UFT-大统一全书\code\merge_book.py,B,未审计，待逐件裁定,已复制
19-统一场论/chats_全量归档/04_按主题归类/GAQ-UFT大统一场论/2026-09-04/new-chat/GAQ-UFT-大统一全书/code/normalize_heads.py,1084,90_历史归档\来源语料_utf_20261009\语料\19-统一场论\chats_全量归档\04_按主题归类\GAQ-UFT大统一场论\2026-09-04\new-chat\GAQ-UFT-大统一全书\code\normalize_heads.py,B,未审计，待逐件裁定,已复制
19-统一场论/chats_全量归档/04_按主题归类/GAQ-UFT大统一场论/2026-09-04/new-chat/GAQ-UFT-大统一全书/code/rebuild_all.py,4079,90_历史归档\来源语料_utf_20261009\语料\19-统一场论\chats_全量归档\04_按主题归类\GAQ-UFT大统一场论\2026-09-04\new-chat\GAQ-UFT-大统一全书\code\rebuild_all.py,B,未审计，待逐件裁定,已复制
19-统一场论/chats_全量归档/04_按主题归类/GAQ-UFT大统一场论/2026-09-04/new-chat/GAQ-UFT-大统一全书/code/scan_midline_heads.py,1111,90_历史归档\来源语料_utf_20261009\语料\19-统一场论\chats_全量归档\04_按主题归类\GAQ-UFT大统一场论\2026-09-04\new-chat\GAQ-UFT-大统一全书\code\scan_midline_heads.py,B,未审计，待逐件裁定,已复制
19-统一场论/chats_全量归档/04_按主题归类/GAQ-UFT大统一场论/2026-09-04/new-chat/GAQ-UFT-大统一全书/code/test_midline.py,1473,90_历史归档\来源语料_utf_20261009\语料\19-统一场论\chats_全量归档\04_按主题归类\GAQ-UFT大统一场论\2026-09-04\new-chat\GAQ-UFT-大统一全书\code\test_midline.py,B,未审计，待逐件裁定,已复制
19-统一场论/chats_全量归档/04_按主题归类/GAQ-UFT大统一场论/2026-09-04/new-chat/GAQ-UFT-大统一全书/code/verify_all.py,14578,90_历史归档\来源语料_utf_20261009\语料\19-统一场论\chats_全量归档\04_按主题归类\GAQ-UFT大统一场论\2026-09-04\new-chat\GAQ-UFT-大统一全书\code\verify_all.py,B,未审计，待逐件裁定,已复制
19-统一场论/chats_全量归档/04_按主题归类/GAQ-UFT大统一场论/2026-09-04/new-chat/GAQ-UFT-大统一全书/code/verify_core.py,7349,90_历史归档\来源语料_utf_20261009\语料\19-统一场论\chats_全量归档\04_按主题归类\GAQ-UFT大统一场论\2026-09-04\new-chat\GAQ-UFT-大统一全书\code\verify_core.py,B,未审计，待逐件裁定,已复制
19-统一场论/chats_全量归档/04_按主题归类/GAQ-UFT大统一场论/2026-09-04/new-chat/GAQ-UFT-大统一全书/code/verify_geometry.py,4642,90_历史归档\来源语料_utf_20261009\语料\19-统一场论\chats_全量归档\04_按主题归类\GAQ-UFT大统一场论\2026-09-04\new-chat\GAQ-UFT-大统一全书\code\verify_geometry.py,B,未审计，待逐件裁定,已复制
19-统一场论/chats_全量归档/04_按主题归类/GAQ-UFT大统一场论/2026-09-04/new-chat/GAQ-UFT-大统一全书/deliverables/final.md,199973,90_历史归档\来源语料_utf_20261009\语料\19-统一场论\chats_全量归档\04_按主题归类\GAQ-UFT大统一场论\2026-09-04\new-chat\GAQ-UFT-大统一全书\deliverables\final.md,B,未审计，待逐件裁定,已复制
19-统一场论/chats_全量归档/04_按主题归类/GAQ-UFT大统一场论/2026-09-04/new-chat/GAQ-UFT-大统一全书/manuscript/000-封面.md,992,90_历史归档\来源语料_utf_20261009\语料\19-统一场论\chats_全量归档\04_按主题归类\GAQ-UFT大统一场论\2026-09-04\new-chat\GAQ-UFT-大统一全书\manuscript\000-封面.md,B,未审计，待逐件裁定,已复制
19-统一场论/chats_全量归档/04_按主题归类/GAQ-UFT大统一场论/2026-09-04/new-chat/GAQ-UFT-大统一全书/manuscript/ch00-序章.md,9605,90_历史归档\来源语料_utf_20261009\语料\19-统一场论\chats_全量归档\04_按主题归类\GAQ-UFT大统一场论\2026-09-04\new-chat\GAQ-UFT-大统一全书\manuscript\ch00-序章.md,B,未审计，待逐件裁定,已复制
19-统一场论/chats_全量归档/04_按主题归类/GAQ-UFT大统一场论/2026-09-04/new-chat/GAQ-UFT-大统一全书/manuscript/ch01-总纲.md,10014,90_历史归档\来源语料_utf_20261009\语料\19-统一场论\chats_全量归档\04_按主题归类\GAQ-UFT大统一场论\2026-09-04\new-chat\GAQ-UFT-大统一全书\manuscript\ch01-总纲.md,B,未审计，待逐件裁定,已复制
19-统一场论/chats_全量归档/04_按主题归类/GAQ-UFT大统一场论/2026-09-04/new-chat/GAQ-UFT-大统一全书/manuscript/ch02-第一公理与第二公理.md,10269,90_历史归档\来源语料_utf_20261009\语料\19-统一场论\chats_全量归档\04_按主题归类\GAQ-UFT大统一场论\2026-09-04\new-chat\GAQ-UFT-大统一全书\manuscript\ch02-第一公理与第二公理.md,B,未审计，待逐件裁定,已复制
19-统一场论/chats_全量归档/04_按主题归类/GAQ-UFT大统一场论/2026-09-04/new-chat/GAQ-UFT-大统一全书/manuscript/ch03-第三公理.md,9237,90_历史归档\来源语料_utf_20261009\语料\19-统一场论\chats_全量归档\04_按主题归类\GAQ-UFT大统一场论\2026-09-04\new-chat\GAQ-UFT-大统一全书\manuscript\ch03-第三公理.md,B,未审计，待逐件裁定,已复制
19-统一场论/chats_全量归档/04_按主题归类/GAQ-UFT大统一场论/2026-09-04/new-chat/GAQ-UFT-大统一全书/manuscript/ch04-量纲与普朗克尺度.md,9657,90_历史归档\来源语料_utf_20261009\语料\19-统一场论\chats_全量归档\04_按主题归类\GAQ-UFT大统一场论\2026-09-04\new-chat\GAQ-UFT-大统一全书\manuscript\ch04-量纲与普朗克尺度.md,B,未审计，待逐件裁定,已复制
19-统一场论/chats_全量归档/04_按主题归类/GAQ-UFT大统一场论/2026-09-04/new-chat/GAQ-UFT-大统一全书/manuscript/ch05-电磁力.md,9064,90_历史归档\来源语料_utf_20261009\语料\19-统一场论\chats_全量归档\04_按主题归类\GAQ-UFT大统一场论\2026-09-04\new-chat\GAQ-UFT-大统一全书\manuscript\ch05-电磁力.md,B,未审计，待逐件裁定,已复制
19-统一场论/chats_全量归档/04_按主题归类/GAQ-UFT大统一场论/2026-09-04/new-chat/GAQ-UFT-大统一全书/manuscript/ch06-弱力与电弱统一.md,7862,90_历史归档\来源语料_utf_20261009\语料\19-统一场论\chats_全量归档\04_按主题归类\GAQ-UFT大统一场论\2026-09-04\new-chat\GAQ-UFT-大统一全书\manuscript\ch06-弱力与电弱统一.md,B,未审计，待逐件裁定,已复制
19-统一场论/chats_全量归档/04_按主题归类/GAQ-UFT大统一场论/2026-09-04/new-chat/GAQ-UFT-大统一全书/manuscript/ch07-强力.md,7916,90_历史归档\来源语料_utf_20261009\语料\19-统一场论\chats_全量归档\04_按主题归类\GAQ-UFT大统一场论\2026-09-04\new-chat\GAQ-UFT-大统一全书\manuscript\ch07-强力.md,B,未审计，待逐件裁定,已复制
19-统一场论/chats_全量归档/04_按主题归类/GAQ-UFT大统一场论/2026-09-04/new-chat/GAQ-UFT-大统一全书/manuscript/ch08-引力.md,8861,90_历史归档\来源语料_utf_20261009\语料\19-统一场论\chats_全量归档\04_按主题归类\GAQ-UFT大统一场论\2026-09-04\new-chat\GAQ-UFT-大统一全书\manuscript\ch08-引力.md,B,未审计，待逐件裁定,已复制
19-统一场论/chats_全量归档/04_按主题归类/GAQ-UFT大统一场论/2026-09-04/new-chat/GAQ-UFT-大统一全书/manuscript/ch09-精细结构常数.md,8196,90_历史归档\来源语料_utf_20261009\语料\19-统一场论\chats_全量归档\04_按主题归类\GAQ-UFT大统一场论\2026-09-04\new-chat\GAQ-UFT-大统一全书\manuscript\ch09-精细结构常数.md,B,未审计，待逐件裁定,已复制
19-统一场论/chats_全量归档/04_按主题归类/GAQ-UFT大统一场论/2026-09-04/new-chat/GAQ-UFT-大统一全书/manuscript/ch10-轻子质量谱与Koide.md,9128,90_历史归档\来源语料_utf_20261009\语料\19-统一场论\chats_全量归档\04_按主题归类\GAQ-UFT大统一场论\2026-09-04\new-chat\GAQ-UFT-大统一全书\manuscript\ch10-轻子质量谱与Koide.md,B,未审计，待逐件裁定,已复制
19-统一场论/chats_全量归档/04_按主题归类/GAQ-UFT大统一场论/2026-09-04/new-chat/GAQ-UFT-大统一全书/manuscript/ch11-全常数矩阵.md,9541,90_历史归档\来源语料_utf_20261009\语料\19-统一场论\chats_全量归档\04_按主题归类\GAQ-UFT大统一场论\2026-09-04\new-chat\GAQ-UFT-大统一全书\manuscript\ch11-全常数矩阵.md,B,未审计，待逐件裁定,已复制
19-统一场论/chats_全量归档/04_按主题归类/GAQ-UFT大统一场论/2026-09-04/new-chat/GAQ-UFT-大统一全书/manuscript/ch12-宇宙演化.md,7666,90_历史归档\来源语料_utf_20261009\语料\19-统一场论\chats_全量归档\04_按主题归类\GAQ-UFT大统一场论\2026-09-04\new-chat\GAQ-UFT-大统一全书\manuscript\ch12-宇宙演化.md,B,未审计，待逐件裁定,已复制
19-统一场论/chats_全量归档/04_按主题归类/GAQ-UFT大统一场论/2026-09-04/new-chat/GAQ-UFT-大统一全书/manuscript/ch13-暗物质与暗能量.md,8208,90_历史归档\来源语料_utf_20261009\语料\19-统一场论\chats_全量归档\04_按主题归类\GAQ-UFT大统一场论\2026-09-04\new-chat\GAQ-UFT-大统一全书\manuscript\ch13-暗物质与暗能量.md,B,未审计，待逐件裁定,已复制
19-统一场论/chats_全量归档/04_按主题归类/GAQ-UFT大统一场论/2026-09-04/new-chat/GAQ-UFT-大统一全书/manuscript/ch14-哈勃张力.md,8469,90_历史归档\来源语料_utf_20261009\语料\19-统一场论\chats_全量归档\04_按主题归类\GAQ-UFT大统一场论\2026-09-04\new-chat\GAQ-UFT-大统一全书\manuscript\ch14-哈勃张力.md,B,未审计，待逐件裁定,已复制
19-统一场论/chats_全量归档/04_按主题归类/GAQ-UFT大统一场论/2026-09-04/new-chat/GAQ-UFT-大统一全书/manuscript/ch15-量子测量与观测者.md,8730,90_历史归档\来源语料_utf_20261009\语料\19-统一场论\chats_全量归档\04_按主题归类\GAQ-UFT大统一场论\2026-09-04\new-chat\GAQ-UFT-大统一全书\manuscript\ch15-量子测量与观测者.md,B,未审计，待逐件裁定,已复制
19-统一场论/chats_全量归档/04_按主题归类/GAQ-UFT大统一场论/2026-09-04/new-chat/GAQ-UFT-大统一全书/manuscript/ch16-意识起源.md,7938,90_历史归档\来源语料_utf_20261009\语料\19-统一场论\chats_全量归档\04_按主题归类\GAQ-UFT大统一场论\2026-09-04\new-chat\GAQ-UFT-大统一全书\manuscript\ch16-意识起源.md,B,未审计，待逐件裁定,已复制
19-统一场论/chats_全量归档/04_按主题归类/GAQ-UFT大统一场论/2026-09-04/new-chat/GAQ-UFT-大统一全书/manuscript/ch17-人工场实验设计.md,8724,90_历史归档\来源语料_utf_20261009\语料\19-统一场论\chats_全量归档\04_按主题归类\GAQ-UFT大统一场论\2026-09-04\new-chat\GAQ-UFT-大统一全书\manuscript\ch17-人工场实验设计.md,B,未审计，待逐件裁定,已复制
19-统一场论/chats_全量归档/04_按主题归类/GAQ-UFT大统一场论/2026-09-04/new-chat/GAQ-UFT-大统一全书/manuscript/ch18-可证伪性清单.md,9253,90_历史归档\来源语料_utf_20261009\语料\19-统一场论\chats_全量归档\04_按主题归类\GAQ-UFT大统一场论\2026-09-04\new-chat\GAQ-UFT-大统一全书\manuscript\ch18-可证伪性清单.md,B,未审计，待逐件裁定,已复制
19-统一场论/chats_全量归档/04_按主题归类/GAQ-UFT大统一场论/2026-09-04/new-chat/GAQ-UFT-大统一全书/manuscript/ch19-诚实审计.md,9056,90_历史归档\来源语料_utf_20261009\语料\19-统一场论\chats_全量归档\04_按主题归类\GAQ-UFT大统一场论\2026-09-04\new-chat\GAQ-UFT-大统一全书\manuscript\ch19-诚实审计.md,B,未审计，待逐件裁定,已复制
19-统一场论/chats_全量归档/04_按主题归类/GAQ-UFT大统一场论/2026-09-04/new-chat/GAQ-UFT-大统一全书/manuscript/ch20-附录.md,9937,90_历史归档\来源语料_utf_20261009\语料\19-统一场论\chats_全量归档\04_按主题归类\GAQ-UFT大统一场论\2026-09-04\new-chat\GAQ-UFT-大统一全书\manuscript\ch20-附录.md,B,未审计，待逐件裁定,已复制
19-统一场论/chats_全量归档/04_按主题归类/GAQ-UFT大统一场论/2026-09-04/new-chat/GAQ-UFT-大统一全书/manuscript/ch21-全维精算.md,11379,90_历史归档\来源语料_utf_20261009\语料\19-统一场论\chats_全量归档\04_按主题归类\GAQ-UFT大统一场论\2026-09-04\new-chat\GAQ-UFT-大统一全书\manuscript\ch21-全维精算.md,B,未审计，待逐件裁定,已复制
19-统一场论/chats_全量归档/04_按主题归类/GAQ-UFT大统一场论/2026-09-04/new-chat/GAQ-UFT-大统一全书/_backup_pre_fix/final_before_fix.md,187464,90_历史归档\来源语料_utf_20261009\语料\19-统一场论\chats_全量归档\04_按主题归类\GAQ-UFT大统一场论\2026-09-04\new-chat\GAQ-UFT-大统一全书\_backup_pre_fix\final_before_fix.md,B,未审计，待逐件裁定,已复制
19-统一场论/chats_全量归档/04_按主题归类/GAQ-UFT大统一场论/2026-09-04/new-chat/GAQ-UFT-大统一全书/_backup_pre_fix/code/count_chapters.py,1201,90_历史归档\来源语料_utf_20261009\语料\19-统一场论\chats_全量归档\04_按主题归类\GAQ-UFT大统一场论\2026-09-04\new-chat\GAQ-UFT-大统一全书\_backup_pre_fix\code\count_chapters.py,B,未审计，待逐件裁定,已复制
19-统一场论/chats_全量归档/04_按主题归类/GAQ-UFT大统一场论/2026-09-04/new-chat/GAQ-UFT-大统一全书/_backup_pre_fix/code/dual_count.py,1489,90_历史归档\来源语料_utf_20261009\语料\19-统一场论\chats_全量归档\04_按主题归类\GAQ-UFT大统一场论\2026-09-04\new-chat\GAQ-UFT-大统一全书\_backup_pre_fix\code\dual_count.py,B,未审计，待逐件裁定,已复制
19-统一场论/chats_全量归档/04_按主题归类/GAQ-UFT大统一场论/2026-09-04/new-chat/GAQ-UFT-大统一全书/_backup_pre_fix/code/merge_book.py,1118,90_历史归档\来源语料_utf_20261009\语料\19-统一场论\chats_全量归档\04_按主题归类\GAQ-UFT大统一场论\2026-09-04\new-chat\GAQ-UFT-大统一全书\_backup_pre_fix\code\merge_book.py,B,未审计，待逐件裁定,已复制
19-统一场论/chats_全量归档/04_按主题归类/GAQ-UFT大统一场论/2026-09-04/new-chat/GAQ-UFT-大统一全书/_backup_pre_fix/code/normalize_heads.py,1064,90_历史归档\来源语料_utf_20261009\语料\19-统一场论\chats_全量归档\04_按主题归类\GAQ-UFT大统一场论\2026-09-04\new-chat\GAQ-UFT-大统一全书\_backup_pre_fix\code\normalize_heads.py,B,未审计，待逐件裁定,已复制
19-统一场论/chats_全量归档/04_按主题归类/GAQ-UFT大统一场论/2026-09-04/new-chat/GAQ-UFT-大统一全书/_backup_pre_fix/code/verify_core.py,7311,90_历史归档\来源语料_utf_20261009\语料\19-统一场论\chats_全量归档\04_按主题归类\GAQ-UFT大统一场论\2026-09-04\new-chat\GAQ-UFT-大统一全书\_backup_pre_fix\code\verify_core.py,B,未审计，待逐件裁定,已复制
19-统一场论/chats_全量归档/04_按主题归类/GAQ-UFT大统一场论/2026-09-04/new-chat/GAQ-UFT-大统一全书/_backup_pre_fix/code/verify_geometry.py,4642,90_历史归档\来源语料_utf_20261009\语料\19-统一场论\chats_全量归档\04_按主题归类\GAQ-UFT大统一场论\2026-09-04\new-chat\GAQ-UFT-大统一全书\_backup_pre_fix\code\verify_geometry.py,B,未审计，待逐件裁定,已复制
19-统一场论/chats_全量归档/04_按主题归类/GAQ-UFT大统一场论/2026-09-04/new-chat/GAQ-UFT-大统一全书/_backup_pre_fix/manuscript/000-封面.md,992,90_历史归档\来源语料_utf_20261009\语料\19-统一场论\chats_全量归档\04_按主题归类\GAQ-UFT大统一场论\2026-09-04\new-chat\GAQ-UFT-大统一全书\_backup_pre_fix\manuscript\000-封面.md,B,未审计，待逐件裁定,已复制
19-统一场论/chats_全量归档/04_按主题归类/GAQ-UFT大统一场论/2026-09-04/new-chat/GAQ-UFT-大统一全书/_backup_pre_fix/manuscript/ch00-序章.md,9575,90_历史归档\来源语料_utf_20261009\语料\19-统一场论\chats_全量归档\04_按主题归类\GAQ-UFT大统一场论\2026-09-04\new-chat\GAQ-UFT-大统一全书\_backup_pre_fix\manuscript\ch00-序章.md,B,未审计，待逐件裁定,已复制
19-统一场论/chats_全量归档/04_按主题归类/GAQ-UFT大统一场论/2026-09-04/new-chat/GAQ-UFT-大统一全书/_backup_pre_fix/manuscript/ch01-总纲.md,9978,90_历史归档\来源语料_utf_20261009\语料\19-统一场论\chats_全量归档\04_按主题归类\GAQ-UFT大统一场论\2026-09-04\new-chat\GAQ-UFT-大统一全书\_backup_pre_fix\manuscript\ch01-总纲.md,B,未审计，待逐件裁定,已复制
19-统一场论/chats_全量归档/04_按主题归类/GAQ-UFT大统一场论/2026-09-04/new-chat/GAQ-UFT-大统一全书/_backup_pre_fix/manuscript/ch02-第一公理与第二公理.md,10243,90_历史归档\来源语料_utf_20261009\语料\19-统一场论\chats_全量归档\04_按主题归类\GAQ-UFT大统一场论\2026-09-04\new-chat\GAQ-UFT-大统一全书\_backup_pre_fix\manuscript\ch02-第一公理与第二公理.md,B,未审计，待逐件裁定,已复制
19-统一场论/chats_全量归档/04_按主题归类/GAQ-UFT大统一场论/2026-09-04/new-chat/GAQ-UFT-大统一全书/_backup_pre_fix/manuscript/ch03-第三公理.md,9195,90_历史归档\来源语料_utf_20261009\语料\19-统一场论\chats_全量归档\04_按主题归类\GAQ-UFT大统一场论\2026-09-04\new-chat\GAQ-UFT-大统一全书\_backup_pre_fix\manuscript\ch03-第三公理.md,B,未审计，待逐件裁定,已复制
19-统一场论/chats_全量归档/04_按主题归类/GAQ-UFT大统一场论/2026-09-04/new-chat/GAQ-UFT-大统一全书/_backup_pre_fix/manuscript/ch04-量纲与普朗克尺度.md,9629,90_历史归档\来源语料_utf_20261009\语料\19-统一场论\chats_全量归档\04_按主题归类\GAQ-UFT大统一场论\2026-09-04\new-chat\GAQ-UFT-大统一全书\_backup_pre_fix\manuscript\ch04-量纲与普朗克尺度.md,B,未审计，待逐件裁定,已复制
19-统一场论/chats_全量归档/04_按主题归类/GAQ-UFT大统一场论/2026-09-04/new-chat/GAQ-UFT-大统一全书/_backup_pre_fix/manuscript/ch05-电磁力.md,9028,90_历史归档\来源语料_utf_20261009\语料\19-统一场论\chats_全量归档\04_按主题归类\GAQ-UFT大统一场论\2026-09-04\new-chat\GAQ-UFT-大统一全书\_backup_pre_fix\manuscript\ch05-电磁力.md,B,未审计，待逐件裁定,已复制
19-统一场论/chats_全量归档/04_按主题归类/GAQ-UFT大统一场论/2026-09-04/new-chat/GAQ-UFT-大统一全书/_backup_pre_fix/manuscript/ch06-弱力与电弱统一.md,7826,90_历史归档\来源语料_utf_20261009\语料\19-统一场论\chats_全量归档\04_按主题归类\GAQ-UFT大统一场论\2026-09-04\new-chat\GAQ-UFT-大统一全书\_backup_pre_fix\manuscript\ch06-弱力与电弱统一.md,B,未审计，待逐件裁定,已复制
19-统一场论/chats_全量归档/04_按主题归类/GAQ-UFT大统一场论/2026-09-04/new-chat/GAQ-UFT-大统一全书/_backup_pre_fix/manuscript/ch07-强力.md,7886,90_历史归档\来源语料_utf_20261009\语料\19-统一场论\chats_全量归档\04_按主题归类\GAQ-UFT大统一场论\2026-09-04\new-chat\GAQ-UFT-大统一全书\_backup_pre_fix\manuscript\ch07-强力.md,B,未审计，待逐件裁定,已复制
19-统一场论/chats_全量归档/04_按主题归类/GAQ-UFT大统一场论/2026-09-04/new-chat/GAQ-UFT-大统一全书/_backup_pre_fix/manuscript/ch08-引力.md,8815,90_历史归档\来源语料_utf_20261009\语料\19-统一场论\chats_全量归档\04_按主题归类\GAQ-UFT大统一场论\2026-09-04\new-chat\GAQ-UFT-大统一全书\_backup_pre_fix\manuscript\ch08-引力.md,B,未审计，待逐件裁定,已复制
19-统一场论/chats_全量归档/04_按主题归类/GAQ-UFT大统一场论/2026-09-04/new-chat/GAQ-UFT-大统一全书/_backup_pre_fix/manuscript/ch09-精细结构常数.md,8156,90_历史归档\来源语料_utf_20261009\语料\19-统一场论\chats_全量归档\04_按主题归类\GAQ-UFT大统一场论\2026-09-04\new-chat\GAQ-UFT-大统一全书\_backup_pre_fix\manuscript\ch09-精细结构常数.md,B,未审计，待逐件裁定,已复制
19-统一场论/chats_全量归档/04_按主题归类/GAQ-UFT大统一场论/2026-09-04/new-chat/GAQ-UFT-大统一全书/_backup_pre_fix/manuscript/ch10-轻子质量谱与Koide.md,9090,90_历史归档\来源语料_utf_20261009\语料\19-统一场论\chats_全量归档\04_按主题归类\GAQ-UFT大统一场论\2026-09-04\new-chat\GAQ-UFT-大统一全书\_backup_pre_fix\manuscript\ch10-轻子质量谱与Koide.md,B,未审计，待逐件裁定,已复制
19-统一场论/chats_全量归档/04_按主题归类/GAQ-UFT大统一场论/2026-09-04/new-chat/GAQ-UFT-大统一全书/_backup_pre_fix/manuscript/ch11-全常数矩阵.md,9511,90_历史归档\来源语料_utf_20261009\语料\19-统一场论\chats_全量归档\04_按主题归类\GAQ-UFT大统一场论\2026-09-04\new-chat\GAQ-UFT-大统一全书\_backup_pre_fix\manuscript\ch11-全常数矩阵.md,B,未审计，待逐件裁定,已复制
19-统一场论/chats_全量归档/04_按主题归类/GAQ-UFT大统一场论/2026-09-04/new-chat/GAQ-UFT-大统一全书/_backup_pre_fix/manuscript/ch12-宇宙演化.md,7622,90_历史归档\来源语料_utf_20261009\语料\19-统一场论\chats_全量归档\04_按主题归类\GAQ-UFT大统一场论\2026-09-04\new-chat\GAQ-UFT-大统一全书\_backup_pre_fix\manuscript\ch12-宇宙演化.md,B,未审计，待逐件裁定,已复制
19-统一场论/chats_全量归档/04_按主题归类/GAQ-UFT大统一场论/2026-09-04/new-chat/GAQ-UFT-大统一全书/_backup_pre_fix/manuscript/ch13-暗物质与暗能量.md,8168,90_历史归档\来源语料_utf_20261009\语料\19-统一场论\chats_全量归档\04_按主题归类\GAQ-UFT大统一场论\2026-09-04\new-chat\GAQ-UFT-大统一全书\_backup_pre_fix\manuscript\ch13-暗物质与暗能量.md,B,未审计，待逐件裁定,已复制
19-统一场论/chats_全量归档/04_按主题归类/GAQ-UFT大统一场论/2026-09-04/new-chat/GAQ-UFT-大统一全书/_backup_pre_fix/manuscript/ch14-哈勃张力.md,8207,90_历史归档\来源语料_utf_20261009\语料\19-统一场论\chats_全量归档\04_按主题归类\GAQ-UFT大统一场论\2026-09-04\new-chat\GAQ-UFT-大统一全书\_backup_pre_fix\manuscript\ch14-哈勃张力.md,B,未审计，待逐件裁定,已复制
19-统一场论/chats_全量归档/04_按主题归类/GAQ-UFT大统一场论/2026-09-04/new-chat/GAQ-UFT-大统一全书/_backup_pre_fix/manuscript/ch15-量子测量与观测者.md,8696,90_历史归档\来源语料_utf_20261009\语料\19-统一场论\chats_全量归档\04_按主题归类\GAQ-UFT大统一场论\2026-09-04\new-chat\GAQ-UFT-大统一全书\_backup_pre_fix\manuscript\ch15-量子测量与观测者.md,B,未审计，待逐件裁定,已复制
19-统一场论/chats_全量归档/04_按主题归类/GAQ-UFT大统一场论/2026-09-04/new-chat/GAQ-UFT-大统一全书/_backup_pre_fix/manuscript/ch16-意识起源.md,7896,90_历史归档\来源语料_utf_20261009\语料\19-统一场论\chats_全量归档\04_按主题归类\GAQ-UFT大统一场论\2026-09-04\new-chat\GAQ-UFT-大统一全书\_backup_pre_fix\manuscript\ch16-意识起源.md,B,未审计，待逐件裁定,已复制
19-统一场论/chats_全量归档/04_按主题归类/GAQ-UFT大统一场论/2026-09-04/new-chat/GAQ-UFT-大统一全书/_backup_pre_fix/manuscript/ch17-人工场实验设计.md,8678,90_历史归档\来源语料_utf_20261009\语料\19-统一场论\chats_全量归档\04_按主题归类\GAQ-UFT大统一场论\2026-09-04\new-chat\GAQ-UFT-大统一全书\_backup_pre_fix\manuscript\ch17-人工场实验设计.md,B,未审计，待逐件裁定,已复制
19-统一场论/chats_全量归档/04_按主题归类/GAQ-UFT大统一场论/2026-09-04/new-chat/GAQ-UFT-大统一全书/_backup_pre_fix/manuscript/ch18-可证伪性清单.md,9193,90_历史归档\来源语料_utf_20261009\语料\19-统一场论\chats_全量归档\04_按主题归类\GAQ-UFT大统一场论\2026-09-04\new-chat\GAQ-UFT-大统一全书\_backup_pre_fix\manuscript\ch18-可证伪性清单.md,B,未审计，待逐件裁定,已复制
19-统一场论/chats_全量归档/04_按主题归类/GAQ-UFT大统一场论/2026-09-04/new-chat/GAQ-UFT-大统一全书/_backup_pre_fix/manuscript/ch19-诚实审计.md,9028,90_历史归档\来源语料_utf_20261009\语料\19-统一场论\chats_全量归档\04_按主题归类\GAQ-UFT大统一场论\2026-09-04\new-chat\GAQ-UFT-大统一全书\_backup_pre_fix\manuscript\ch19-诚实审计.md,B,未审计，待逐件裁定,已复制
19-统一场论/chats_全量归档/04_按主题归类/GAQ-UFT大统一场论/2026-09-04/new-chat/GAQ-UFT-大统一全书/_backup_pre_fix/manuscript/ch20-附录.md,9792,90_历史归档\来源语料_utf_20261009\语料\19-统一场论\chats_全量归档\04_按主题归类\GAQ-UFT大统一场论\2026-09-04\new-chat\GAQ-UFT-大统一全书\_backup_pre_fix\manuscript\ch20-附录.md,B,未审计，待逐件裁定,已复制
19-统一场论/chats_全量归档/04_按主题归类/哥德巴赫猜想/2026-08-22/new-chat/goldbach_methods/00_总览与声明.md,3736,90_历史归档\来源语料_utf_20261009\语料\19-统一场论\chats_全量归档\04_按主题归类\哥德巴赫猜想\2026-08-22\new-chat\goldbach_methods\00_总览与声明.md,B,未审计，待逐件裁定,已复制
19-统一场论/chats_全量归档/04_按主题归类/哥德巴赫猜想/2026-08-22/new-chat/goldbach_methods/01_筛法路线_Brun_Selberg_Chen.md,5501,90_历史归档\来源语料_utf_20261009\语料\19-统一场论\chats_全量归档\04_按主题归类\哥德巴赫猜想\2026-08-22\new-chat\goldbach_methods\01_筛法路线_Brun_Selberg_Chen.md,B,未审计，待逐件裁定,已复制
19-统一场论/chats_全量归档/04_按主题归类/哥德巴赫猜想/2026-08-22/new-chat/goldbach_methods/02_圆法与奇异级数.md,7077,90_历史归档\来源语料_utf_20261009\语料\19-统一场论\chats_全量归档\04_按主题归类\哥德巴赫猜想\2026-08-22\new-chat\goldbach_methods\02_圆法与奇异级数.md,B,未审计，待逐件裁定,已复制
19-统一场论/chats_全量归档/04_按主题归类/哥德巴赫猜想/2026-08-22/new-chat/goldbach_methods/03_密率法与加法组合.md,5463,90_历史归档\来源语料_utf_20261009\语料\19-统一场论\chats_全量归档\04_按主题归类\哥德巴赫猜想\2026-08-22\new-chat\goldbach_methods\03_密率法与加法组合.md,B,未审计，待逐件裁定,已复制
19-统一场论/chats_全量归档/04_按主题归类/哥德巴赫猜想/2026-08-22/new-chat/goldbach_methods/04_计算机验证与其他路线.md,5359,90_历史归档\来源语料_utf_20261009\语料\19-统一场论\chats_全量归档\04_按主题归类\哥德巴赫猜想\2026-08-22\new-chat\goldbach_methods\04_计算机验证与其他路线.md,B,未审计，待逐件裁定,已复制
19-统一场论/chats_全量归档/04_按主题归类/哥德巴赫猜想/2026-08-22/new-chat/goldbach_methods/05_初等谬误分类与核心障碍.md,6923,90_历史归档\来源语料_utf_20261009\语料\19-统一场论\chats_全量归档\04_按主题归类\哥德巴赫猜想\2026-08-22\new-chat\goldbach_methods\05_初等谬误分类与核心障碍.md,B,未审计，待逐件裁定,已复制
19-统一场论/chats_全量归档/04_按主题归类/哥德巴赫猜想/2026-08-22/new-chat/goldbach_methods/06_OPEN问题清单与参考文献.md,6607,90_历史归档\来源语料_utf_20261009\语料\19-统一场论\chats_全量归档\04_按主题归类\哥德巴赫猜想\2026-08-22\new-chat\goldbach_methods\06_OPEN问题清单与参考文献.md,B,未审计，待逐件裁定,已复制
19-统一场论/chats_全量归档/04_按主题归类/哥德巴赫猜想/2026-08-22/new-chat/goldbach_methods/goldbach_verification.py,12571,90_历史归档\来源语料_utf_20261009\语料\19-统一场论\chats_全量归档\04_按主题归类\哥德巴赫猜想\2026-08-22\new-chat\goldbach_methods\goldbach_verification.py,B,未审计，待逐件裁定,已复制
19-统一场论/chats_全量归档/05_按类型归类/01_脚本_python/2026-08-21/new-chat/verify_gaq_uft.py,4074,90_历史归档\来源语料_utf_20261009\语料\19-统一场论\chats_全量归档\05_按类型归类\01_脚本_python\2026-08-21\new-chat\verify_gaq_uft.py,B,未审计，待逐件裁定,已复制
19-统一场论/chats_全量归档/05_按类型归类/01_脚本_python/2026-08-21/new-chat/verify_gaq_uft_v2.py,6336,90_历史归档\来源语料_utf_20261009\语料\19-统一场论\chats_全量归档\05_按类型归类\01_脚本_python\2026-08-21\new-chat\verify_gaq_uft_v2.py,B,未审计，待逐件裁定,已复制
19-统一场论/chats_全量归档/05_按类型归类/01_脚本_python/2026-08-22/new-chat/goldbach_methods/goldbach_verification.py,12571,90_历史归档\来源语料_utf_20261009\语料\19-统一场论\chats_全量归档\05_按类型归类\01_脚本_python\2026-08-22\new-chat\goldbach_methods\goldbach_verification.py,B,未审计，待逐件裁定,已复制
19-统一场论/chats_全量归档/05_按类型归类/01_脚本_python/2026-09-03/new-chat/gauq_v50_verify.py,9988,90_历史归档\来源语料_utf_20261009\语料\19-统一场论\chats_全量归档\05_按类型归类\01_脚本_python\2026-09-03\new-chat\gauq_v50_verify.py,B,未审计，待逐件裁定,已复制
19-统一场论/chats_全量归档/05_按类型归类/01_脚本_python/2026-09-03/new-chat/gauq_v50_verify_v8.py,4038,90_历史归档\来源语料_utf_20261009\语料\19-统一场论\chats_全量归档\05_按类型归类\01_脚本_python\2026-09-03\new-chat\gauq_v50_verify_v8.py,B,未审计，待逐件裁定,已复制
19-统一场论/chats_全量归档/05_按类型归类/01_脚本_python/2026-09-03/new-chat-1/uft/gr_toolkit.py,3398,90_历史归档\来源语料_utf_20261009\语料\19-统一场论\chats_全量归档\05_按类型归类\01_脚本_python\2026-09-03\new-chat-1\uft\gr_toolkit.py,B,未审计，待逐件裁定,已复制
19-统一场论/chats_全量归档/05_按类型归类/01_脚本_python/2026-09-03/new-chat-1/uft/test0_validate_toolkit.py,3405,90_历史归档\来源语料_utf_20261009\语料\19-统一场论\chats_全量归档\05_按类型归类\01_脚本_python\2026-09-03\new-chat-1\uft\test0_validate_toolkit.py,B,未审计，待逐件裁定,已复制
19-统一场论/chats_全量归档/05_按类型归类/01_脚本_python/2026-09-03/new-chat-1/uft/verify_adiabatic.py,5599,90_历史归档\来源语料_utf_20261009\语料\19-统一场论\chats_全量归档\05_按类型归类\01_脚本_python\2026-09-03\new-chat-1\uft\verify_adiabatic.py,B,未审计，待逐件裁定,已复制
19-统一场论/chats_全量归档/05_按类型归类/01_脚本_python/2026-09-03/new-chat-1/uft/verify_alldim.py,6171,90_历史归档\来源语料_utf_20261009\语料\19-统一场论\chats_全量归档\05_按类型归类\01_脚本_python\2026-09-03\new-chat-1\uft\verify_alldim.py,B,未审计，待逐件裁定,已复制
19-统一场论/chats_全量归档/05_按类型归类/01_脚本_python/2026-09-03/new-chat-1/uft/verify_helix.py,6377,90_历史归档\来源语料_utf_20261009\语料\19-统一场论\chats_全量归档\05_按类型归类\01_脚本_python\2026-09-03\new-chat-1\uft\verify_helix.py,B,未审计，待逐件裁定,已复制
19-统一场论/chats_全量归档/05_按类型归类/01_脚本_python/2026-09-03/new-chat-1/uft/verify_induction.py,7690,90_历史归档\来源语料_utf_20261009\语料\19-统一场论\chats_全量归档\05_按类型归类\01_脚本_python\2026-09-03\new-chat-1\uft\verify_induction.py,B,未审计，待逐件裁定,已复制
19-统一场论/chats_全量归档/05_按类型归类/01_脚本_python/2026-09-03/new-chat-1/uft/verify_kk.py,5730,90_历史归档\来源语料_utf_20261009\语料\19-统一场论\chats_全量归档\05_按类型归类\01_脚本_python\2026-09-03\new-chat-1\uft\verify_kk.py,B,未审计，待逐件裁定,已复制
19-统一场论/chats_全量归档/05_按类型归类/01_脚本_python/2026-09-03/new-chat-1/uft/verify_lorentz.py,4851,90_历史归档\来源语料_utf_20261009\语料\19-统一场论\chats_全量归档\05_按类型归类\01_脚本_python\2026-09-03\new-chat-1\uft\verify_lorentz.py,B,未审计，待逐件裁定,已复制
19-统一场论/chats_全量归档/05_按类型归类/01_脚本_python/2026-09-03/new-chat-1/uft/verify_numeric.py,9559,90_历史归档\来源语料_utf_20261009\语料\19-统一场论\chats_全量归档\05_按类型归类\01_脚本_python\2026-09-03\new-chat-1\uft\verify_numeric.py,B,未审计，待逐件裁定,已复制
19-统一场论/chats_全量归档/05_按类型归类/01_脚本_python/2026-09-03/new-chat-1/uft/verify_proof.py,5840,90_历史归档\来源语料_utf_20261009\语料\19-统一场论\chats_全量归档\05_按类型归类\01_脚本_python\2026-09-03\new-chat-1\uft\verify_proof.py,B,未审计，待逐件裁定,已复制
19-统一场论/chats_全量归档/05_按类型归类/01_脚本_python/2026-09-03/new-chat-1/uft/verify_spectral.py,8655,90_历史归档\来源语料_utf_20261009\语料\19-统一场论\chats_全量归档\05_按类型归类\01_脚本_python\2026-09-03\new-chat-1\uft\verify_spectral.py,B,未审计，待逐件裁定,已复制
19-统一场论/chats_全量归档/05_按类型归类/01_脚本_python/2026-09-03/new-chat-1/uft/verify_triad.py,11117,90_历史归档\来源语料_utf_20261009\语料\19-统一场论\chats_全量归档\05_按类型归类\01_脚本_python\2026-09-03\new-chat-1\uft\verify_triad.py,B,未审计，待逐件裁定,已复制
19-统一场论/chats_全量归档/05_按类型归类/01_脚本_python/2026-09-03/new-chat-1/uft/verify_variation.py,10417,90_历史归档\来源语料_utf_20261009\语料\19-统一场论\chats_全量归档\05_按类型归类\01_脚本_python\2026-09-03\new-chat-1\uft\verify_variation.py,B,未审计，待逐件裁定,已复制
19-统一场论/chats_全量归档/05_按类型归类/01_脚本_python/2026-09-03/new-chat-1/uft/enterprise/run_verification.py,8661,90_历史归档\来源语料_utf_20261009\语料\19-统一场论\chats_全量归档\05_按类型归类\01_脚本_python\2026-09-03\new-chat-1\uft\enterprise\run_verification.py,B,未审计，待逐件裁定,已复制
19-统一场论/chats_全量归档/05_按类型归类/01_脚本_python/2026-09-03/new-chat-1/uft/enterprise/pkg/constants.py,3813,90_历史归档\来源语料_utf_20261009\语料\19-统一场论\chats_全量归档\05_按类型归类\01_脚本_python\2026-09-03\new-chat-1\uft\enterprise\pkg\constants.py,B,未审计，待逐件裁定,已复制
19-统一场论/chats_全量归档/05_按类型归类/01_脚本_python/2026-09-03/new-chat-1/uft/enterprise/pkg/triad.py,6901,90_历史归档\来源语料_utf_20261009\语料\19-统一场论\chats_全量归档\05_按类型归类\01_脚本_python\2026-09-03\new-chat-1\uft\enterprise\pkg\triad.py,B,未审计，待逐件裁定,已复制
19-统一场论/chats_全量归档/05_按类型归类/01_脚本_python/2026-09-03/new-chat-1/uft/enterprise/pkg/__init__.py,83,90_历史归档\来源语料_utf_20261009\语料\19-统一场论\chats_全量归档\05_按类型归类\01_脚本_python\2026-09-03\new-chat-1\uft\enterprise\pkg\__init__.py,B,未审计，待逐件裁定,已复制
19-统一场论/chats_全量归档/05_按类型归类/01_脚本_python/2026-09-03/new-chat-1/uft/enterprise/tests/test_triad.py,3338,90_历史归档\来源语料_utf_20261009\语料\19-统一场论\chats_全量归档\05_按类型归类\01_脚本_python\2026-09-03\new-chat-1\uft\enterprise\tests\test_triad.py,B,未审计，待逐件裁定,已复制
19-统一场论/chats_全量归档/05_按类型归类/01_脚本_python/2026-09-04/new-chat/GAQ-UFT-大统一全书/code/check_final.py,1413,90_历史归档\来源语料_utf_20261009\语料\19-统一场论\chats_全量归档\05_按类型归类\01_脚本_python\2026-09-04\new-chat\GAQ-UFT-大统一全书\code\check_final.py,B,未审计，待逐件裁定,已复制
19-统一场论/chats_全量归档/05_按类型归类/01_脚本_python/2026-09-04/new-chat/GAQ-UFT-大统一全书/code/count_chapters.py,1201,90_历史归档\来源语料_utf_20261009\语料\19-统一场论\chats_全量归档\05_按类型归类\01_脚本_python\2026-09-04\new-chat\GAQ-UFT-大统一全书\code\count_chapters.py,B,未审计，待逐件裁定,已复制
19-统一场论/chats_全量归档/05_按类型归类/01_脚本_python/2026-09-04/new-chat/GAQ-UFT-大统一全书/code/dual_count.py,1489,90_历史归档\来源语料_utf_20261009\语料\19-统一场论\chats_全量归档\05_按类型归类\01_脚本_python\2026-09-04\new-chat\GAQ-UFT-大统一全书\code\dual_count.py,B,未审计，待逐件裁定,已复制
19-统一场论/chats_全量归档/05_按类型归类/01_脚本_python/2026-09-04/new-chat/GAQ-UFT-大统一全书/code/fix_glued_heads.py,15605,90_历史归档\来源语料_utf_20261009\语料\19-统一场论\chats_全量归档\05_按类型归类\01_脚本_python\2026-09-04\new-chat\GAQ-UFT-大统一全书\code\fix_glued_heads.py,B,未审计，待逐件裁定,已复制
19-统一场论/chats_全量归档/05_按类型归类/01_脚本_python/2026-09-04/new-chat/GAQ-UFT-大统一全书/code/fix_midline_heads.py,6266,90_历史归档\来源语料_utf_20261009\语料\19-统一场论\chats_全量归档\05_按类型归类\01_脚本_python\2026-09-04\new-chat\GAQ-UFT-大统一全书\code\fix_midline_heads.py,B,未审计，待逐件裁定,已复制
19-统一场论/chats_全量归档/05_按类型归类/01_脚本_python/2026-09-04/new-chat/GAQ-UFT-大统一全书/code/fix_one.py,854,90_历史归档\来源语料_utf_20261009\语料\19-统一场论\chats_全量归档\05_按类型归类\01_脚本_python\2026-09-04\new-chat\GAQ-UFT-大统一全书\code\fix_one.py,B,未审计，待逐件裁定,已复制
19-统一场论/chats_全量归档/05_按类型归类/01_脚本_python/2026-09-04/new-chat/GAQ-UFT-大统一全书/code/formula_count.py,523,90_历史归档\来源语料_utf_20261009\语料\19-统一场论\chats_全量归档\05_按类型归类\01_脚本_python\2026-09-04\new-chat\GAQ-UFT-大统一全书\code\formula_count.py,B,未审计，待逐件裁定,已复制
19-统一场论/chats_全量归档/05_按类型归类/01_脚本_python/2026-09-04/new-chat/GAQ-UFT-大统一全书/code/merge_book.py,1118,90_历史归档\来源语料_utf_20261009\语料\19-统一场论\chats_全量归档\05_按类型归类\01_脚本_python\2026-09-04\new-chat\GAQ-UFT-大统一全书\code\merge_book.py,B,未审计，待逐件裁定,已复制
19-统一场论/chats_全量归档/05_按类型归类/01_脚本_python/2026-09-04/new-chat/GAQ-UFT-大统一全书/code/normalize_heads.py,1084,90_历史归档\来源语料_utf_20261009\语料\19-统一场论\chats_全量归档\05_按类型归类\01_脚本_python\2026-09-04\new-chat\GAQ-UFT-大统一全书\code\normalize_heads.py,B,未审计，待逐件裁定,已复制
19-统一场论/chats_全量归档/05_按类型归类/01_脚本_python/2026-09-04/new-chat/GAQ-UFT-大统一全书/code/rebuild_all.py,4079,90_历史归档\来源语料_utf_20261009\语料\19-统一场论\chats_全量归档\05_按类型归类\01_脚本_python\2026-09-04\new-chat\GAQ-UFT-大统一全书\code\rebuild_all.py,B,未审计，待逐件裁定,已复制
19-统一场论/chats_全量归档/05_按类型归类/01_脚本_python/2026-09-04/new-chat/GAQ-UFT-大统一全书/code/scan_midline_heads.py,1111,90_历史归档\来源语料_utf_20261009\语料\19-统一场论\chats_全量归档\05_按类型归类\01_脚本_python\2026-09-04\new-chat\GAQ-UFT-大统一全书\code\scan_midline_heads.py,B,未审计，待逐件裁定,已复制
19-统一场论/chats_全量归档/05_按类型归类/01_脚本_python/2026-09-04/new-chat/GAQ-UFT-大统一全书/code/test_midline.py,1473,90_历史归档\来源语料_utf_20261009\语料\19-统一场论\chats_全量归档\05_按类型归类\01_脚本_python\2026-09-04\new-chat\GAQ-UFT-大统一全书\code\test_midline.py,B,未审计，待逐件裁定,已复制
19-统一场论/chats_全量归档/05_按类型归类/01_脚本_python/2026-09-04/new-chat/GAQ-UFT-大统一全书/code/verify_all.py,14578,90_历史归档\来源语料_utf_20261009\语料\19-统一场论\chats_全量归档\05_按类型归类\01_脚本_python\2026-09-04\new-chat\GAQ-UFT-大统一全书\code\verify_all.py,B,未审计，待逐件裁定,已复制
19-统一场论/chats_全量归档/05_按类型归类/01_脚本_python/2026-09-04/new-chat/GAQ-UFT-大统一全书/code/verify_core.py,7349,90_历史归档\来源语料_utf_20261009\语料\19-统一场论\chats_全量归档\05_按类型归类\01_脚本_python\2026-09-04\new-chat\GAQ-UFT-大统一全书\code\verify_core.py,B,未审计，待逐件裁定,已复制
19-统一场论/chats_全量归档/05_按类型归类/01_脚本_python/2026-09-04/new-chat/GAQ-UFT-大统一全书/code/verify_geometry.py,4642,90_历史归档\来源语料_utf_20261009\语料\19-统一场论\chats_全量归档\05_按类型归类\01_脚本_python\2026-09-04\new-chat\GAQ-UFT-大统一全书\code\verify_geometry.py,B,未审计，待逐件裁定,已复制
19-统一场论/chats_全量归档/05_按类型归类/01_脚本_python/2026-09-04/new-chat/GAQ-UFT-大统一全书/_backup_pre_fix/code/count_chapters.py,1201,90_历史归档\来源语料_utf_20261009\语料\19-统一场论\chats_全量归档\05_按类型归类\01_脚本_python\2026-09-04\new-chat\GAQ-UFT-大统一全书\_backup_pre_fix\code\count_chapters.py,B,未审计，待逐件裁定,已复制
19-统一场论/chats_全量归档/05_按类型归类/01_脚本_python/2026-09-04/new-chat/GAQ-UFT-大统一全书/_backup_pre_fix/code/dual_count.py,1489,90_历史归档\来源语料_utf_20261009\语料\19-统一场论\chats_全量归档\05_按类型归类\01_脚本_python\2026-09-04\new-chat\GAQ-UFT-大统一全书\_backup_pre_fix\code\dual_count.py,B,未审计，待逐件裁定,已复制
19-统一场论/chats_全量归档/05_按类型归类/01_脚本_python/2026-09-04/new-chat/GAQ-UFT-大统一全书/_backup_pre_fix/code/merge_book.py,1118,90_历史归档\来源语料_utf_20261009\语料\19-统一场论\chats_全量归档\05_按类型归类\01_脚本_python\2026-09-04\new-chat\GAQ-UFT-大统一全书\_backup_pre_fix\code\merge_book.py,B,未审计，待逐件裁定,已复制
19-统一场论/chats_全量归档/05_按类型归类/01_脚本_python/2026-09-04/new-chat/GAQ-UFT-大统一全书/_backup_pre_fix/code/normalize_heads.py,1064,90_历史归档\来源语料_utf_20261009\语料\19-统一场论\chats_全量归档\05_按类型归类\01_脚本_python\2026-09-04\new-chat\GAQ-UFT-大统一全书\_backup_pre_fix\code\normalize_heads.py,B,未审计，待逐件裁定,已复制
19-统一场论/chats_全量归档/05_按类型归类/01_脚本_python/2026-09-04/new-chat/GAQ-UFT-大统一全书/_backup_pre_fix/code/verify_core.py,7311,90_历史归档\来源语料_utf_20261009\语料\19-统一场论\chats_全量归档\05_按类型归类\01_脚本_python\2026-09-04\new-chat\GAQ-UFT-大统一全书\_backup_pre_fix\code\verify_core.py,B,未审计，待逐件裁定,已复制
19-统一场论/chats_全量归档/05_按类型归类/01_脚本_python/2026-09-04/new-chat/GAQ-UFT-大统一全书/_backup_pre_fix/code/verify_geometry.py,4642,90_历史归档\来源语料_utf_20261009\语料\19-统一场论\chats_全量归档\05_按类型归类\01_脚本_python\2026-09-04\new-chat\GAQ-UFT-大统一全书\_backup_pre_fix\code\verify_geometry.py,B,未审计，待逐件裁定,已复制
19-统一场论/chats_全量归档/05_按类型归类/02_文档_markdown/2026-08-22/new-chat/goldbach_methods/00_总览与声明.md,3736,90_历史归档\来源语料_utf_20261009\语料\19-统一场论\chats_全量归档\05_按类型归类\02_文档_markdown\2026-08-22\new-chat\goldbach_methods\00_总览与声明.md,B,未审计，待逐件裁定,已复制
19-统一场论/chats_全量归档/05_按类型归类/02_文档_markdown/2026-08-22/new-chat/goldbach_methods/01_筛法路线_Brun_Selberg_Chen.md,5501,90_历史归档\来源语料_utf_20261009\语料\19-统一场论\chats_全量归档\05_按类型归类\02_文档_markdown\2026-08-22\new-chat\goldbach_methods\01_筛法路线_Brun_Selberg_Chen.md,B,未审计，待逐件裁定,已复制
19-统一场论/chats_全量归档/05_按类型归类/02_文档_markdown/2026-08-22/new-chat/goldbach_methods/02_圆法与奇异级数.md,7077,90_历史归档\来源语料_utf_20261009\语料\19-统一场论\chats_全量归档\05_按类型归类\02_文档_markdown\2026-08-22\new-chat\goldbach_methods\02_圆法与奇异级数.md,B,未审计，待逐件裁定,已复制
19-统一场论/chats_全量归档/05_按类型归类/02_文档_markdown/2026-08-22/new-chat/goldbach_methods/03_密率法与加法组合.md,5463,90_历史归档\来源语料_utf_20261009\语料\19-统一场论\chats_全量归档\05_按类型归类\02_文档_markdown\2026-08-22\new-chat\goldbach_methods\03_密率法与加法组合.md,B,未审计，待逐件裁定,已复制
19-统一场论/chats_全量归档/05_按类型归类/02_文档_markdown/2026-08-22/new-chat/goldbach_methods/04_计算机验证与其他路线.md,5359,90_历史归档\来源语料_utf_20261009\语料\19-统一场论\chats_全量归档\05_按类型归类\02_文档_markdown\2026-08-22\new-chat\goldbach_methods\04_计算机验证与其他路线.md,B,未审计，待逐件裁定,已复制
19-统一场论/chats_全量归档/05_按类型归类/02_文档_markdown/2026-08-22/new-chat/goldbach_methods/05_初等谬误分类与核心障碍.md,6923,90_历史归档\来源语料_utf_20261009\语料\19-统一场论\chats_全量归档\05_按类型归类\02_文档_markdown\2026-08-22\new-chat\goldbach_methods\05_初等谬误分类与核心障碍.md,B,未审计，待逐件裁定,已复制
19-统一场论/chats_全量归档/05_按类型归类/02_文档_markdown/2026-08-22/new-chat/goldbach_methods/06_OPEN问题清单与参考文献.md,6607,90_历史归档\来源语料_utf_20261009\语料\19-统一场论\chats_全量归档\05_按类型归类\02_文档_markdown\2026-08-22\new-chat\goldbach_methods\06_OPEN问题清单与参考文献.md,B,未审计，待逐件裁定,已复制
19-统一场论/chats_全量归档/05_按类型归类/02_文档_markdown/2026-09-03/new-chat/大统一场论_GAQ-UFT_V50_全维度全链路.md,43780,90_历史归档\来源语料_utf_20261009\语料\19-统一场论\chats_全量归档\05_按类型归类\02_文档_markdown\2026-09-03\new-chat\大统一场论_GAQ-UFT_V50_全维度全链路.md,B,未审计，待逐件裁定,已复制
19-统一场论/chats_全量归档/05_按类型归类/02_文档_markdown/2026-09-03/new-chat/.preview/2913fbbcffb8/text.md,13835,90_历史归档\来源语料_utf_20261009\语料\19-统一场论\chats_全量归档\05_按类型归类\02_文档_markdown\2026-09-03\new-chat\.preview\2913fbbcffb8\text.md,B,未审计，待逐件裁定,已复制
19-统一场论/chats_全量归档/05_按类型归类/02_文档_markdown/2026-09-03/new-chat-1/uft/全维统一场论_全维度修订版.md,33009,90_历史归档\来源语料_utf_20261009\语料\19-统一场论\chats_全量归档\05_按类型归类\02_文档_markdown\2026-09-03\new-chat-1\uft\全维统一场论_全维度修订版.md,B,未审计，待逐件裁定,已复制
19-统一场论/chats_全量归档/05_按类型归类/02_文档_markdown/2026-09-03/new-chat-1/uft/算法联盟_全维三重奏大统一分析.md,9105,90_历史归档\来源语料_utf_20261009\语料\19-统一场论\chats_全量归档\05_按类型归类\02_文档_markdown\2026-09-03\new-chat-1\uft\算法联盟_全维三重奏大统一分析.md,B,未审计，待逐件裁定,已复制
19-统一场论/chats_全量归档/05_按类型归类/02_文档_markdown/2026-09-03/new-chat-1/uft/算法联盟_全维三重奏定理完整严格证明.md,5230,90_历史归档\来源语料_utf_20261009\语料\19-统一场论\chats_全量归档\05_按类型归类\02_文档_markdown\2026-09-03\new-chat-1\uft\算法联盟_全维三重奏定理完整严格证明.md,B,未审计，待逐件裁定,已复制
19-统一场论/chats_全量归档/05_按类型归类/02_文档_markdown/2026-09-03/new-chat-1/uft/算法联盟_全维三重奏定理证明攻坚.md,4622,90_历史归档\来源语料_utf_20261009\语料\19-统一场论\chats_全量归档\05_按类型归类\02_文档_markdown\2026-09-03\new-chat-1\uft\算法联盟_全维三重奏定理证明攻坚.md,B,未审计，待逐件裁定,已复制
19-统一场论/chats_全量归档/05_按类型归类/02_文档_markdown/2026-09-03/new-chat-1/uft/算法联盟_全维三重奏定理谱理论证明.md,4184,90_历史归档\来源语料_utf_20261009\语料\19-统一场论\chats_全量归档\05_按类型归类\02_文档_markdown\2026-09-03\new-chat-1\uft\算法联盟_全维三重奏定理谱理论证明.md,B,未审计，待逐件裁定,已复制
19-统一场论/chats_全量归档/05_按类型归类/02_文档_markdown/2026-09-03/new-chat-1/uft/算法联盟_全维三重奏最高权限精算.md,5872,90_历史归档\来源语料_utf_20261009\语料\19-统一场论\chats_全量归档\05_按类型归类\02_文档_markdown\2026-09-03\new-chat-1\uft\算法联盟_全维三重奏最高权限精算.md,B,未审计，待逐件裁定,已复制
19-统一场论/chats_全量归档/05_按类型归类/02_文档_markdown/2026-09-03/new-chat-1/uft/算法联盟_全维三重奏终极报告.md,7974,90_历史归档\来源语料_utf_20261009\语料\19-统一场论\chats_全量归档\05_按类型归类\02_文档_markdown\2026-09-03\new-chat-1\uft\算法联盟_全维三重奏终极报告.md,B,未审计，待逐件裁定,已复制
19-统一场论/chats_全量归档/05_按类型归类/02_文档_markdown/2026-09-03/new-chat-1/uft/算法联盟_绝热三重奏定理.md,4002,90_历史归档\来源语料_utf_20261009\语料\19-统一场论\chats_全量归档\05_按类型归类\02_文档_markdown\2026-09-03\new-chat-1\uft\算法联盟_绝热三重奏定理.md,B,未审计，待逐件裁定,已复制
19-统一场论/chats_全量归档/05_按类型归类/02_文档_markdown/2026-09-03/new-chat-1/uft/.preview/a5a9719268ce/text.md,16191,90_历史归档\来源语料_utf_20261009\语料\19-统一场论\chats_全量归档\05_按类型归类\02_文档_markdown\2026-09-03\new-chat-1\uft\.preview\a5a9719268ce\text.md,B,未审计，待逐件裁定,已复制
19-统一场论/chats_全量归档/05_按类型归类/02_文档_markdown/2026-09-03/new-chat-1/uft/enterprise/README.md,2830,90_历史归档\来源语料_utf_20261009\语料\19-统一场论\chats_全量归档\05_按类型归类\02_文档_markdown\2026-09-03\new-chat-1\uft\enterprise\README.md,B,未审计，待逐件裁定,已复制
19-统一场论/chats_全量归档/05_按类型归类/02_文档_markdown/2026-09-03/new-chat-1/uft/enterprise/reports/verification_report.md,3265,90_历史归档\来源语料_utf_20261009\语料\19-统一场论\chats_全量归档\05_按类型归类\02_文档_markdown\2026-09-03\new-chat-1\uft\enterprise\reports\verification_report.md,B,未审计，待逐件裁定,已复制
19-统一场论/chats_全量归档/05_按类型归类/02_文档_markdown/2026-09-04/new-chat/GAQ-UFT-大统一全书/chapter-ledger.md,3838,90_历史归档\来源语料_utf_20261009\语料\19-统一场论\chats_全量归档\05_按类型归类\02_文档_markdown\2026-09-04\new-chat\GAQ-UFT-大统一全书\chapter-ledger.md,B,未审计，待逐件裁定,已复制
19-统一场论/chats_全量归档/05_按类型归类/02_文档_markdown/2026-09-04/new-chat/GAQ-UFT-大统一全书/outline.md,4897,90_历史归档\来源语料_utf_20261009\语料\19-统一场论\chats_全量归档\05_按类型归类\02_文档_markdown\2026-09-04\new-chat\GAQ-UFT-大统一全书\outline.md,B,未审计，待逐件裁定,已复制
19-统一场论/chats_全量归档/05_按类型归类/02_文档_markdown/2026-09-04/new-chat/GAQ-UFT-大统一全书/progress.md,493,90_历史归档\来源语料_utf_20261009\语料\19-统一场论\chats_全量归档\05_按类型归类\02_文档_markdown\2026-09-04\new-chat\GAQ-UFT-大统一全书\progress.md,B,未审计，待逐件裁定,已复制
19-统一场论/chats_全量归档/05_按类型归类/02_文档_markdown/2026-09-04/new-chat/GAQ-UFT-大统一全书/deliverables/final.md,199973,90_历史归档\来源语料_utf_20261009\语料\19-统一场论\chats_全量归档\05_按类型归类\02_文档_markdown\2026-09-04\new-chat\GAQ-UFT-大统一全书\deliverables\final.md,B,未审计，待逐件裁定,已复制
19-统一场论/chats_全量归档/05_按类型归类/02_文档_markdown/2026-09-04/new-chat/GAQ-UFT-大统一全书/manuscript/000-封面.md,992,90_历史归档\来源语料_utf_20261009\语料\19-统一场论\chats_全量归档\05_按类型归类\02_文档_markdown\2026-09-04\new-chat\GAQ-UFT-大统一全书\manuscript\000-封面.md,B,未审计，待逐件裁定,已复制
19-统一场论/chats_全量归档/05_按类型归类/02_文档_markdown/2026-09-04/new-chat/GAQ-UFT-大统一全书/manuscript/ch00-序章.md,9605,90_历史归档\来源语料_utf_20261009\语料\19-统一场论\chats_全量归档\05_按类型归类\02_文档_markdown\2026-09-04\new-chat\GAQ-UFT-大统一全书\manuscript\ch00-序章.md,B,未审计，待逐件裁定,已复制
19-统一场论/chats_全量归档/05_按类型归类/02_文档_markdown/2026-09-04/new-chat/GAQ-UFT-大统一全书/manuscript/ch01-总纲.md,10014,90_历史归档\来源语料_utf_20261009\语料\19-统一场论\chats_全量归档\05_按类型归类\02_文档_markdown\2026-09-04\new-chat\GAQ-UFT-大统一全书\manuscript\ch01-总纲.md,B,未审计，待逐件裁定,已复制
19-统一场论/chats_全量归档/05_按类型归类/02_文档_markdown/2026-09-04/new-chat/GAQ-UFT-大统一全书/manuscript/ch02-第一公理与第二公理.md,10269,90_历史归档\来源语料_utf_20261009\语料\19-统一场论\chats_全量归档\05_按类型归类\02_文档_markdown\2026-09-04\new-chat\GAQ-UFT-大统一全书\manuscript\ch02-第一公理与第二公理.md,B,未审计，待逐件裁定,已复制
19-统一场论/chats_全量归档/05_按类型归类/02_文档_markdown/2026-09-04/new-chat/GAQ-UFT-大统一全书/manuscript/ch03-第三公理.md,9237,90_历史归档\来源语料_utf_20261009\语料\19-统一场论\chats_全量归档\05_按类型归类\02_文档_markdown\2026-09-04\new-chat\GAQ-UFT-大统一全书\manuscript\ch03-第三公理.md,B,未审计，待逐件裁定,已复制
19-统一场论/chats_全量归档/05_按类型归类/02_文档_markdown/2026-09-04/new-chat/GAQ-UFT-大统一全书/manuscript/ch04-量纲与普朗克尺度.md,9657,90_历史归档\来源语料_utf_20261009\语料\19-统一场论\chats_全量归档\05_按类型归类\02_文档_markdown\2026-09-04\new-chat\GAQ-UFT-大统一全书\manuscript\ch04-量纲与普朗克尺度.md,B,未审计，待逐件裁定,已复制
19-统一场论/chats_全量归档/05_按类型归类/02_文档_markdown/2026-09-04/new-chat/GAQ-UFT-大统一全书/manuscript/ch05-电磁力.md,9064,90_历史归档\来源语料_utf_20261009\语料\19-统一场论\chats_全量归档\05_按类型归类\02_文档_markdown\2026-09-04\new-chat\GAQ-UFT-大统一全书\manuscript\ch05-电磁力.md,B,未审计，待逐件裁定,已复制
19-统一场论/chats_全量归档/05_按类型归类/02_文档_markdown/2026-09-04/new-chat/GAQ-UFT-大统一全书/manuscript/ch06-弱力与电弱统一.md,7862,90_历史归档\来源语料_utf_20261009\语料\19-统一场论\chats_全量归档\05_按类型归类\02_文档_markdown\2026-09-04\new-chat\GAQ-UFT-大统一全书\manuscript\ch06-弱力与电弱统一.md,B,未审计，待逐件裁定,已复制
19-统一场论/chats_全量归档/05_按类型归类/02_文档_markdown/2026-09-04/new-chat/GAQ-UFT-大统一全书/manuscript/ch07-强力.md,7916,90_历史归档\来源语料_utf_20261009\语料\19-统一场论\chats_全量归档\05_按类型归类\02_文档_markdown\2026-09-04\new-chat\GAQ-UFT-大统一全书\manuscript\ch07-强力.md,B,未审计，待逐件裁定,已复制
19-统一场论/chats_全量归档/05_按类型归类/02_文档_markdown/2026-09-04/new-chat/GAQ-UFT-大统一全书/manuscript/ch08-引力.md,8861,90_历史归档\来源语料_utf_20261009\语料\19-统一场论\chats_全量归档\05_按类型归类\02_文档_markdown\2026-09-04\new-chat\GAQ-UFT-大统一全书\manuscript\ch08-引力.md,B,未审计，待逐件裁定,已复制
19-统一场论/chats_全量归档/05_按类型归类/02_文档_markdown/2026-09-04/new-chat/GAQ-UFT-大统一全书/manuscript/ch09-精细结构常数.md,8196,90_历史归档\来源语料_utf_20261009\语料\19-统一场论\chats_全量归档\05_按类型归类\02_文档_markdown\2026-09-04\new-chat\GAQ-UFT-大统一全书\manuscript\ch09-精细结构常数.md,B,未审计，待逐件裁定,已复制
19-统一场论/chats_全量归档/05_按类型归类/02_文档_markdown/2026-09-04/new-chat/GAQ-UFT-大统一全书/manuscript/ch10-轻子质量谱与Koide.md,9128,90_历史归档\来源语料_utf_20261009\语料\19-统一场论\chats_全量归档\05_按类型归类\02_文档_markdown\2026-09-04\new-chat\GAQ-UFT-大统一全书\manuscript\ch10-轻子质量谱与Koide.md,B,未审计，待逐件裁定,已复制
19-统一场论/chats_全量归档/05_按类型归类/02_文档_markdown/2026-09-04/new-chat/GAQ-UFT-大统一全书/manuscript/ch11-全常数矩阵.md,9541,90_历史归档\来源语料_utf_20261009\语料\19-统一场论\chats_全量归档\05_按类型归类\02_文档_markdown\2026-09-04\new-chat\GAQ-UFT-大统一全书\manuscript\ch11-全常数矩阵.md,B,未审计，待逐件裁定,已复制
19-统一场论/chats_全量归档/05_按类型归类/02_文档_markdown/2026-09-04/new-chat/GAQ-UFT-大统一全书/manuscript/ch12-宇宙演化.md,7666,90_历史归档\来源语料_utf_20261009\语料\19-统一场论\chats_全量归档\05_按类型归类\02_文档_markdown\2026-09-04\new-chat\GAQ-UFT-大统一全书\manuscript\ch12-宇宙演化.md,B,未审计，待逐件裁定,已复制
19-统一场论/chats_全量归档/05_按类型归类/02_文档_markdown/2026-09-04/new-chat/GAQ-UFT-大统一全书/manuscript/ch13-暗物质与暗能量.md,8208,90_历史归档\来源语料_utf_20261009\语料\19-统一场论\chats_全量归档\05_按类型归类\02_文档_markdown\2026-09-04\new-chat\GAQ-UFT-大统一全书\manuscript\ch13-暗物质与暗能量.md,B,未审计，待逐件裁定,已复制
19-统一场论/chats_全量归档/05_按类型归类/02_文档_markdown/2026-09-04/new-chat/GAQ-UFT-大统一全书/manuscript/ch14-哈勃张力.md,8469,90_历史归档\来源语料_utf_20261009\语料\19-统一场论\chats_全量归档\05_按类型归类\02_文档_markdown\2026-09-04\new-chat\GAQ-UFT-大统一全书\manuscript\ch14-哈勃张力.md,B,未审计，待逐件裁定,已复制
19-统一场论/chats_全量归档/05_按类型归类/02_文档_markdown/2026-09-04/new-chat/GAQ-UFT-大统一全书/manuscript/ch15-量子测量与观测者.md,8730,90_历史归档\来源语料_utf_20261009\语料\19-统一场论\chats_全量归档\05_按类型归类\02_文档_markdown\2026-09-04\new-chat\GAQ-UFT-大统一全书\manuscript\ch15-量子测量与观测者.md,B,未审计，待逐件裁定,已复制
19-统一场论/chats_全量归档/05_按类型归类/02_文档_markdown/2026-09-04/new-chat/GAQ-UFT-大统一全书/manuscript/ch16-意识起源.md,7938,90_历史归档\来源语料_utf_20261009\语料\19-统一场论\chats_全量归档\05_按类型归类\02_文档_markdown\2026-09-04\new-chat\GAQ-UFT-大统一全书\manuscript\ch16-意识起源.md,B,未审计，待逐件裁定,已复制
19-统一场论/chats_全量归档/05_按类型归类/02_文档_markdown/2026-09-04/new-chat/GAQ-UFT-大统一全书/manuscript/ch17-人工场实验设计.md,8724,90_历史归档\来源语料_utf_20261009\语料\19-统一场论\chats_全量归档\05_按类型归类\02_文档_markdown\2026-09-04\new-chat\GAQ-UFT-大统一全书\manuscript\ch17-人工场实验设计.md,B,未审计，待逐件裁定,已复制
19-统一场论/chats_全量归档/05_按类型归类/02_文档_markdown/2026-09-04/new-chat/GAQ-UFT-大统一全书/manuscript/ch18-可证伪性清单.md,9253,90_历史归档\来源语料_utf_20261009\语料\19-统一场论\chats_全量归档\05_按类型归类\02_文档_markdown\2026-09-04\new-chat\GAQ-UFT-大统一全书\manuscript\ch18-可证伪性清单.md,B,未审计，待逐件裁定,已复制
19-统一场论/chats_全量归档/05_按类型归类/02_文档_markdown/2026-09-04/new-chat/GAQ-UFT-大统一全书/manuscript/ch19-诚实审计.md,9056,90_历史归档\来源语料_utf_20261009\语料\19-统一场论\chats_全量归档\05_按类型归类\02_文档_markdown\2026-09-04\new-chat\GAQ-UFT-大统一全书\manuscript\ch19-诚实审计.md,B,未审计，待逐件裁定,已复制
19-统一场论/chats_全量归档/05_按类型归类/02_文档_markdown/2026-09-04/new-chat/GAQ-UFT-大统一全书/manuscript/ch20-附录.md,9937,90_历史归档\来源语料_utf_20261009\语料\19-统一场论\chats_全量归档\05_按类型归类\02_文档_markdown\2026-09-04\new-chat\GAQ-UFT-大统一全书\manuscript\ch20-附录.md,B,未审计，待逐件裁定,已复制
19-统一场论/chats_全量归档/05_按类型归类/02_文档_markdown/2026-09-04/new-chat/GAQ-UFT-大统一全书/manuscript/ch21-全维精算.md,11379,90_历史归档\来源语料_utf_20261009\语料\19-统一场论\chats_全量归档\05_按类型归类\02_文档_markdown\2026-09-04\new-chat\GAQ-UFT-大统一全书\manuscript\ch21-全维精算.md,B,未审计，待逐件裁定,已复制
19-统一场论/chats_全量归档/05_按类型归类/02_文档_markdown/2026-09-04/new-chat/GAQ-UFT-大统一全书/_backup_pre_fix/final_before_fix.md,187464,90_历史归档\来源语料_utf_20261009\语料\19-统一场论\chats_全量归档\05_按类型归类\02_文档_markdown\2026-09-04\new-chat\GAQ-UFT-大统一全书\_backup_pre_fix\final_before_fix.md,B,未审计，待逐件裁定,已复制
19-统一场论/chats_全量归档/05_按类型归类/02_文档_markdown/2026-09-04/new-chat/GAQ-UFT-大统一全书/_backup_pre_fix/manuscript/000-封面.md,992,90_历史归档\来源语料_utf_20261009\语料\19-统一场论\chats_全量归档\05_按类型归类\02_文档_markdown\2026-09-04\new-chat\GAQ-UFT-大统一全书\_backup_pre_fix\manuscript\000-封面.md,B,未审计，待逐件裁定,已复制
19-统一场论/chats_全量归档/05_按类型归类/02_文档_markdown/2026-09-04/new-chat/GAQ-UFT-大统一全书/_backup_pre_fix/manuscript/ch00-序章.md,9575,90_历史归档\来源语料_utf_20261009\语料\19-统一场论\chats_全量归档\05_按类型归类\02_文档_markdown\2026-09-04\new-chat\GAQ-UFT-大统一全书\_backup_pre_fix\manuscript\ch00-序章.md,B,未审计，待逐件裁定,已复制
19-统一场论/chats_全量归档/05_按类型归类/02_文档_markdown/2026-09-04/new-chat/GAQ-UFT-大统一全书/_backup_pre_fix/manuscript/ch01-总纲.md,9978,90_历史归档\来源语料_utf_20261009\语料\19-统一场论\chats_全量归档\05_按类型归类\02_文档_markdown\2026-09-04\new-chat\GAQ-UFT-大统一全书\_backup_pre_fix\manuscript\ch01-总纲.md,B,未审计，待逐件裁定,已复制
19-统一场论/chats_全量归档/05_按类型归类/02_文档_markdown/2026-09-04/new-chat/GAQ-UFT-大统一全书/_backup_pre_fix/manuscript/ch02-第一公理与第二公理.md,10243,90_历史归档\来源语料_utf_20261009\语料\19-统一场论\chats_全量归档\05_按类型归类\02_文档_markdown\2026-09-04\new-chat\GAQ-UFT-大统一全书\_backup_pre_fix\manuscript\ch02-第一公理与第二公理.md,B,未审计，待逐件裁定,已复制
19-统一场论/chats_全量归档/05_按类型归类/02_文档_markdown/2026-09-04/new-chat/GAQ-UFT-大统一全书/_backup_pre_fix/manuscript/ch03-第三公理.md,9195,90_历史归档\来源语料_utf_20261009\语料\19-统一场论\chats_全量归档\05_按类型归类\02_文档_markdown\2026-09-04\new-chat\GAQ-UFT-大统一全书\_backup_pre_fix\manuscript\ch03-第三公理.md,B,未审计，待逐件裁定,已复制
19-统一场论/chats_全量归档/05_按类型归类/02_文档_markdown/2026-09-04/new-chat/GAQ-UFT-大统一全书/_backup_pre_fix/manuscript/ch04-量纲与普朗克尺度.md,9629,90_历史归档\来源语料_utf_20261009\语料\19-统一场论\chats_全量归档\05_按类型归类\02_文档_markdown\2026-09-04\new-chat\GAQ-UFT-大统一全书\_backup_pre_fix\manuscript\ch04-量纲与普朗克尺度.md,B,未审计，待逐件裁定,已复制
19-统一场论/chats_全量归档/05_按类型归类/02_文档_markdown/2026-09-04/new-chat/GAQ-UFT-大统一全书/_backup_pre_fix/manuscript/ch05-电磁力.md,9028,90_历史归档\来源语料_utf_20261009\语料\19-统一场论\chats_全量归档\05_按类型归类\02_文档_markdown\2026-09-04\new-chat\GAQ-UFT-大统一全书\_backup_pre_fix\manuscript\ch05-电磁力.md,B,未审计，待逐件裁定,已复制
19-统一场论/chats_全量归档/05_按类型归类/02_文档_markdown/2026-09-04/new-chat/GAQ-UFT-大统一全书/_backup_pre_fix/manuscript/ch06-弱力与电弱统一.md,7826,90_历史归档\来源语料_utf_20261009\语料\19-统一场论\chats_全量归档\05_按类型归类\02_文档_markdown\2026-09-04\new-chat\GAQ-UFT-大统一全书\_backup_pre_fix\manuscript\ch06-弱力与电弱统一.md,B,未审计，待逐件裁定,已复制
19-统一场论/chats_全量归档/05_按类型归类/02_文档_markdown/2026-09-04/new-chat/GAQ-UFT-大统一全书/_backup_pre_fix/manuscript/ch07-强力.md,7886,90_历史归档\来源语料_utf_20261009\语料\19-统一场论\chats_全量归档\05_按类型归类\02_文档_markdown\2026-09-04\new-chat\GAQ-UFT-大统一全书\_backup_pre_fix\manuscript\ch07-强力.md,B,未审计，待逐件裁定,已复制
19-统一场论/chats_全量归档/05_按类型归类/02_文档_markdown/2026-09-04/new-chat/GAQ-UFT-大统一全书/_backup_pre_fix/manuscript/ch08-引力.md,8815,90_历史归档\来源语料_utf_20261009\语料\19-统一场论\chats_全量归档\05_按类型归类\02_文档_markdown\2026-09-04\new-chat\GAQ-UFT-大统一全书\_backup_pre_fix\manuscript\ch08-引力.md,B,未审计，待逐件裁定,已复制
19-统一场论/chats_全量归档/05_按类型归类/02_文档_markdown/2026-09-04/new-chat/GAQ-UFT-大统一全书/_backup_pre_fix/manuscript/ch09-精细结构常数.md,8156,90_历史归档\来源语料_utf_20261009\语料\19-统一场论\chats_全量归档\05_按类型归类\02_文档_markdown\2026-09-04\new-chat\GAQ-UFT-大统一全书\_backup_pre_fix\manuscript\ch09-精细结构常数.md,B,未审计，待逐件裁定,已复制
19-统一场论/chats_全量归档/05_按类型归类/02_文档_markdown/2026-09-04/new-chat/GAQ-UFT-大统一全书/_backup_pre_fix/manuscript/ch10-轻子质量谱与Koide.md,9090,90_历史归档\来源语料_utf_20261009\语料\19-统一场论\chats_全量归档\05_按类型归类\02_文档_markdown\2026-09-04\new-chat\GAQ-UFT-大统一全书\_backup_pre_fix\manuscript\ch10-轻子质量谱与Koide.md,B,未审计，待逐件裁定,已复制
19-统一场论/chats_全量归档/05_按类型归类/02_文档_markdown/2026-09-04/new-chat/GAQ-UFT-大统一全书/_backup_pre_fix/manuscript/ch11-全常数矩阵.md,9511,90_历史归档\来源语料_utf_20261009\语料\19-统一场论\chats_全量归档\05_按类型归类\02_文档_markdown\2026-09-04\new-chat\GAQ-UFT-大统一全书\_backup_pre_fix\manuscript\ch11-全常数矩阵.md,B,未审计，待逐件裁定,已复制
19-统一场论/chats_全量归档/05_按类型归类/02_文档_markdown/2026-09-04/new-chat/GAQ-UFT-大统一全书/_backup_pre_fix/manuscript/ch12-宇宙演化.md,7622,90_历史归档\来源语料_utf_20261009\语料\19-统一场论\chats_全量归档\05_按类型归类\02_文档_markdown\2026-09-04\new-chat\GAQ-UFT-大统一全书\_backup_pre_fix\manuscript\ch12-宇宙演化.md,B,未审计，待逐件裁定,已复制
19-统一场论/chats_全量归档/05_按类型归类/02_文档_markdown/2026-09-04/new-chat/GAQ-UFT-大统一全书/_backup_pre_fix/manuscript/ch13-暗物质与暗能量.md,8168,90_历史归档\来源语料_utf_20261009\语料\19-统一场论\chats_全量归档\05_按类型归类\02_文档_markdown\2026-09-04\new-chat\GAQ-UFT-大统一全书\_backup_pre_fix\manuscript\ch13-暗物质与暗能量.md,B,未审计，待逐件裁定,已复制
19-统一场论/chats_全量归档/05_按类型归类/02_文档_markdown/2026-09-04/new-chat/GAQ-UFT-大统一全书/_backup_pre_fix/manuscript/ch14-哈勃张力.md,8207,90_历史归档\来源语料_utf_20261009\语料\19-统一场论\chats_全量归档\05_按类型归类\02_文档_markdown\2026-09-04\new-chat\GAQ-UFT-大统一全书\_backup_pre_fix\manuscript\ch14-哈勃张力.md,B,未审计，待逐件裁定,已复制
19-统一场论/chats_全量归档/05_按类型归类/02_文档_markdown/2026-09-04/new-chat/GAQ-UFT-大统一全书/_backup_pre_fix/manuscript/ch15-量子测量与观测者.md,8696,90_历史归档\来源语料_utf_20261009\语料\19-统一场论\chats_全量归档\05_按类型归类\02_文档_markdown\2026-09-04\new-chat\GAQ-UFT-大统一全书\_backup_pre_fix\manuscript\ch15-量子测量与观测者.md,B,未审计，待逐件裁定,已复制
19-统一场论/chats_全量归档/05_按类型归类/02_文档_markdown/2026-09-04/new-chat/GAQ-UFT-大统一全书/_backup_pre_fix/manuscript/ch16-意识起源.md,7896,90_历史归档\来源语料_utf_20261009\语料\19-统一场论\chats_全量归档\05_按类型归类\02_文档_markdown\2026-09-04\new-chat\GAQ-UFT-大统一全书\_backup_pre_fix\manuscript\ch16-意识起源.md,B,未审计，待逐件裁定,已复制
19-统一场论/chats_全量归档/05_按类型归类/02_文档_markdown/2026-09-04/new-chat/GAQ-UFT-大统一全书/_backup_pre_fix/manuscript/ch17-人工场实验设计.md,8678,90_历史归档\来源语料_utf_20261009\语料\19-统一场论\chats_全量归档\05_按类型归类\02_文档_markdown\2026-09-04\new-chat\GAQ-UFT-大统一全书\_backup_pre_fix\manuscript\ch17-人工场实验设计.md,B,未审计，待逐件裁定,已复制
19-统一场论/chats_全量归档/05_按类型归类/02_文档_markdown/2026-09-04/new-chat/GAQ-UFT-大统一全书/_backup_pre_fix/manuscript/ch18-可证伪性清单.md,9193,90_历史归档\来源语料_utf_20261009\语料\19-统一场论\chats_全量归档\05_按类型归类\02_文档_markdown\2026-09-04\new-chat\GAQ-UFT-大统一全书\_backup_pre_fix\manuscript\ch18-可证伪性清单.md,B,未审计，待逐件裁定,已复制
19-统一场论/chats_全量归档/05_按类型归类/02_文档_markdown/2026-09-04/new-chat/GAQ-UFT-大统一全书/_backup_pre_fix/manuscript/ch19-诚实审计.md,9028,90_历史归档\来源语料_utf_20261009\语料\19-统一场论\chats_全量归档\05_按类型归类\02_文档_markdown\2026-09-04\new-chat\GAQ-UFT-大统一全书\_backup_pre_fix\manuscript\ch19-诚实审计.md,B,未审计，待逐件裁定,已复制
19-统一场论/chats_全量归档/05_按类型归类/02_文档_markdown/2026-09-04/new-chat/GAQ-UFT-大统一全书/_backup_pre_fix/manuscript/ch20-附录.md,9792,90_历史归档\来源语料_utf_20261009\语料\19-统一场论\chats_全量归档\05_按类型归类\02_文档_markdown\2026-09-04\new-chat\GAQ-UFT-大统一全书\_backup_pre_fix\manuscript\ch20-附录.md,B,未审计，待逐件裁定,已复制
19-统一场论/chats_全量归档/05_按类型归类/04_文本输出_txt/2026-09-03/new-chat/verify_output.txt,6232,90_历史归档\来源语料_utf_20261009\语料\19-统一场论\chats_全量归档\05_按类型归类\04_文本输出_txt\2026-09-03\new-chat\verify_output.txt,B,未审计，待逐件裁定,已复制
19-统一场论/chats_全量归档/05_按类型归类/04_文本输出_txt/2026-09-03/new-chat/verify_v8_output.txt,3494,90_历史归档\来源语料_utf_20261009\语料\19-统一场论\chats_全量归档\05_按类型归类\04_文本输出_txt\2026-09-03\new-chat\verify_v8_output.txt,B,未审计，待逐件裁定,已复制
19-统一场论/chats_全量归档/05_按类型归类/04_文本输出_txt/2026-09-03/new-chat-1/uft/verify_numeric_out.txt,4087,（内容已在 openuft，不重复复制）,B,未审计；内容已在本库,已在库跳过
19-统一场论/chats_全量归档/05_按类型归类/04_文本输出_txt/2026-09-03/new-chat-1/uft/验证结果_三重奏.txt,7951,90_历史归档\来源语料_utf_20261009\语料\19-统一场论\chats_全量归档\05_按类型归类\04_文本输出_txt\2026-09-03\new-chat-1\uft\验证结果_三重奏.txt,B,未审计，待逐件裁定,已复制
19-统一场论/chats_全量归档/05_按类型归类/04_文本输出_txt/2026-09-03/new-chat-1/uft/验证结果_全维.txt,2837,（内容已在 openuft，不重复复制）,B,未审计；内容已在本库,已在库跳过
19-统一场论/chats_全量归档/05_按类型归类/04_文本输出_txt/2026-09-03/new-chat-1/uft/验证结果_完整输出.txt,8965,（内容已在 openuft，不重复复制）,B,未审计；内容已在本库,已在库跳过
19-统一场论/chats_全量归档/05_按类型归类/04_文本输出_txt/2026-09-03/new-chat-1/uft/验证结果_归纳证明.txt,2712,（内容已在 openuft，不重复复制）,B,未审计；内容已在本库,已在库跳过
19-统一场论/chats_全量归档/05_按类型归类/04_文本输出_txt/2026-09-03/new-chat-1/uft/验证结果_绝热.txt,1069,（内容已在 openuft，不重复复制）,B,未审计；内容已在本库,已在库跳过
19-统一场论/chats_全量归档/05_按类型归类/04_文本输出_txt/2026-09-03/new-chat-1/uft/验证结果_螺旋运动.txt,3534,（内容已在 openuft，不重复复制）,B,未审计；内容已在本库,已在库跳过
19-统一场论/chats_全量归档/05_按类型归类/04_文本输出_txt/2026-09-03/new-chat-1/uft/验证结果_证明攻坚.txt,2089,（内容已在 openuft，不重复复制）,B,未审计；内容已在本库,已在库跳过
19-统一场论/chats_全量归档/05_按类型归类/04_文本输出_txt/2026-09-03/new-chat-1/uft/验证结果_谱理论.txt,2340,（内容已在 openuft，不重复复制）,B,未审计；内容已在本库,已在库跳过
19-统一场论/chats_全量归档/05_按类型归类/05_数据_json/2026-09-03/new-chat/.preview/2913fbbcffb8/manifest.json,1710,90_历史归档\来源语料_utf_20261009\语料\19-统一场论\chats_全量归档\05_按类型归类\05_数据_json\2026-09-03\new-chat\.preview\2913fbbcffb8\manifest.json,B,未审计，待逐件裁定,已复制
19-统一场论/chats_全量归档/05_按类型归类/05_数据_json/2026-09-03/new-chat-1/uft/.preview/a5a9719268ce/manifest.json,1025,90_历史归档\来源语料_utf_20261009\语料\19-统一场论\chats_全量归档\05_按类型归类\05_数据_json\2026-09-03\new-chat-1\uft\.preview\a5a9719268ce\manifest.json,B,未审计，待逐件裁定,已复制
19-统一场论/chats_全量归档/05_按类型归类/05_数据_json/2026-09-04/new-chat/GAQ-UFT-大统一全书/.doubao-book-writer/requirement-checklist.json,4971,90_历史归档\来源语料_utf_20261009\语料\19-统一场论\chats_全量归档\05_按类型归类\05_数据_json\2026-09-04\new-chat\GAQ-UFT-大统一全书\.doubao-book-writer\requirement-checklist.json,B,未审计，待逐件裁定,已复制
19-统一场论/chats_全量归档/统一场论全维分析/0·1·∞动力学化修复方案_企业级终版.md,41226,90_历史归档\来源语料_utf_20261009\语料\19-统一场论\chats_全量归档\统一场论全维分析\0·1·∞动力学化修复方案_企业级终版.md,B,未审计，待逐件裁定,已复制
19-统一场论/chats_全量归档/统一场论全维分析/修正后的大统一场论_企业级终版.md,59655,90_历史归档\来源语料_utf_20261009\语料\19-统一场论\chats_全量归档\统一场论全维分析\修正后的大统一场论_企业级终版.md,B,未审计，待逐件裁定,已复制
19-统一场论/chats_全量归档/统一场论全维分析/全维异常审计报告.md,74473,90_历史归档\来源语料_utf_20261009\语料\19-统一场论\chats_全量归档\统一场论全维分析\全维异常审计报告.md,B,未审计，待逐件裁定,已复制
19-统一场论/chats_全量归档/统一场论全维分析/全路径突破精算.py,28054,90_历史归档\来源语料_utf_20261009\语料\19-统一场论\chats_全量归档\统一场论全维分析\全路径突破精算.py,B,未审计，待逐件裁定,已复制
19-统一场论/chats_全量归档/统一场论全维分析/动力学化修复_补充精算.py,15521,90_历史归档\来源语料_utf_20261009\语料\19-统一场论\chats_全量归档\统一场论全维分析\动力学化修复_补充精算.py,B,未审计，待逐件裁定,已复制
19-统一场论/chats_全量归档/统一场论全维分析/动力学化构造性修复.py,7031,90_历史归档\来源语料_utf_20261009\语料\19-统一场论\chats_全量归档\统一场论全维分析\动力学化构造性修复.py,B,未审计，待逐件裁定,已复制
19-统一场论/chats_全量归档/统一场论全维分析/数值核验套件.py,36045,90_历史归档\来源语料_utf_20261009\语料\19-统一场论\chats_全量归档\统一场论全维分析\数值核验套件.py,B,未审计，待逐件裁定,已复制
19-统一场论/chats_全量归档/统一场论全维分析/核心结构突破推导.py,4514,90_历史归档\来源语料_utf_20261009\语料\19-统一场论\chats_全量归档\统一场论全维分析\核心结构突破推导.py,B,未审计，待逐件裁定,已复制
19-统一场论/chats_全量归档/统一场论全维分析/核验结果.json,31324,90_历史归档\来源语料_utf_20261009\语料\19-统一场论\chats_全量归档\统一场论全维分析\核验结果.json,B,未审计，待逐件裁定,已复制
19-统一场论/chats_全量归档/统一场论全维分析/突破尝试报告_企业级终版.md,45779,90_历史归档\来源语料_utf_20261009\语料\19-统一场论\chats_全量归档\统一场论全维分析\突破尝试报告_企业级终版.md,B,未审计，待逐件裁定,已复制
19-统一场论/chats_全量归档/统一场论全维分析/突破精算结果.json,3195,90_历史归档\来源语料_utf_20261009\语料\19-统一场论\chats_全量归档\统一场论全维分析\突破精算结果.json,B,未审计，待逐件裁定,已复制
19-统一场论/chats_全量归档/统一场论全维分析/第4层_GR经典检验精算.py,4691,90_历史归档\来源语料_utf_20261009\语料\19-统一场论\chats_全量归档\统一场论全维分析\第4层_GR经典检验精算.py,B,未审计，待逐件裁定,已复制
20-所有知识图谱关联关系整理/整体知识.md,46860,90_历史归档\来源语料_utf_20261009\语料\20-所有知识图谱关联关系整理\整体知识.md,B,未审计，待逐件裁定,已复制
20-所有知识图谱关联关系整理/核心公式完整整理.md,66572,90_历史归档\来源语料_utf_20261009\语料\20-所有知识图谱关联关系整理\核心公式完整整理.md,B,未审计，待逐件裁定,已复制
20-所有知识图谱关联关系整理/核心公式规范完整版.md,112549,90_历史归档\来源语料_utf_20261009\语料\20-所有知识图谱关联关系整理\核心公式规范完整版.md,B,未审计，待逐件裁定,已复制
20-所有知识图谱关联关系整理/核心公式规范标准.md,17637,90_历史归档\来源语料_utf_20261009\语料\20-所有知识图谱关联关系整理\核心公式规范标准.md,B,未审计，待逐件裁定,已复制
20-所有知识图谱关联关系整理/物理数学本源统一场论.md,20380,90_历史归档\来源语料_utf_20261009\语料\20-所有知识图谱关联关系整理\物理数学本源统一场论.md,B,未审计，待逐件裁定,已复制
20-所有知识图谱关联关系整理/知识图谱完整整理.md,80922,90_历史归档\来源语料_utf_20261009\语料\20-所有知识图谱关联关系整理\知识图谱完整整理.md,B,未审计，待逐件裁定,已复制
20-所有知识图谱关联关系整理/待整理/1.md,21532,90_历史归档\来源语料_utf_20261009\语料\20-所有知识图谱关联关系整理\待整理\1.md,B,未审计，待逐件裁定,已复制
21-易经科学证明/Doubao-易经、道德经、奇门遁甲、河图洛书核心概念对照表-2026-06-15.md,67179,90_历史归档\来源语料_utf_20261009\语料\21-易经科学证明\Doubao-易经、道德经、奇门遁甲、河图洛书核心概念对照表-2026-06-15.md,B,未审计，待逐件裁定,已复制
21-易经科学证明/拓扑层-递归拓扑同构.md,3269,（内容已在 openuft，不重复复制）,B,未审计；内容已在本库,已在库跳过
21-易经科学证明/物理层-常数与量子对应.md,3688,（内容已在 openuft，不重复复制）,B,未审计；内容已在本库,已在库跳过
21-易经科学证明/符号层-六维超立方体映射.md,2535,（内容已在 openuft，不重复复制）,B,未审计；内容已在本库,已在库跳过
code/extended_verification_modules.py,13397,90_历史归档\来源语料_utf_20261009\语料\code\extended_verification_modules.py,B,未审计，待逐件裁定,已复制
code/g_emergence.py,4432,90_历史归档\来源语料_utf_20261009\语料\code\g_emergence.py,B,未审计，待逐件裁定,已复制
code/g_verification.py,5703,90_历史归档\来源语料_utf_20261009\语料\code\g_verification.py,B,未审计，待逐件裁定,已复制
code/high_performance_optimizer.py,10766,90_历史归档\来源语料_utf_20261009\语料\code\high_performance_optimizer.py,B,未审计，待逐件裁定,已复制
code/mass_geometrization.py,4819,90_历史归档\来源语料_utf_20261009\语料\code\mass_geometrization.py,B,未审计，待逐件裁定,已复制
code/plot_core_formulas.py,9604,90_历史归档\来源语料_utf_20261009\语料\code\plot_core_formulas.py,B,未审计，待逐件裁定,已复制
code/spiral_motion.py,3192,90_历史归档\来源语料_utf_20261009\语料\code\spiral_motion.py,B,未审计，待逐件裁定,已复制
code/统一场论核心算法整合模块.py,28775,90_历史归档\来源语料_utf_20261009\语料\code\统一场论核心算法整合模块.py,B,未审计，待逐件裁定,已复制
code/统一场论核心算法简化测试.py,6055,90_历史归档\来源语料_utf_20261009\语料\code\统一场论核心算法简化测试.py,B,未审计，待逐件裁定,已复制
code/统一场论系统入口.py,22116,90_历史归档\来源语料_utf_20261009\语料\code\统一场论系统入口.py,B,未审计，待逐件裁定,已复制
大统一场论_算法联盟最高权限/BREAKTHROUGH_REPORT.md,7422,90_历史归档\来源语料_utf_20261009\语料\大统一场论_算法联盟最高权限\BREAKTHROUGH_REPORT.md,B,未审计，待逐件裁定,已复制
大统一场论_算法联盟最高权限/DELIVERABLE.md,3930,90_历史归档\来源语料_utf_20261009\语料\大统一场论_算法联盟最高权限\DELIVERABLE.md,B,未审计，待逐件裁定,已复制
大统一场论_算法联盟最高权限/FINAL_REPORT.md,8263,90_历史归档\来源语料_utf_20261009\语料\大统一场论_算法联盟最高权限\FINAL_REPORT.md,B,未审计，待逐件裁定,已复制
大统一场论_算法联盟最高权限/HONEST_ASSESSMENT.md,7507,90_历史归档\来源语料_utf_20261009\语料\大统一场论_算法联盟最高权限\HONEST_ASSESSMENT.md,B,未审计，待逐件裁定,已复制
大统一场论_算法联盟最高权限/main_book.md,6620,90_历史归档\来源语料_utf_20261009\语料\大统一场论_算法联盟最高权限\main_book.md,B,未审计，待逐件裁定,已复制
大统一场论_算法联盟最高权限/maturity_assessment.md,8208,90_历史归档\来源语料_utf_20261009\语料\大统一场论_算法联盟最高权限\maturity_assessment.md,B,未审计，待逐件裁定,已复制
大统一场论_算法联盟最高权限/preface.md,3633,90_历史归档\来源语料_utf_20261009\语料\大统一场论_算法联盟最高权限\preface.md,B,未审计，待逐件裁定,已复制
大统一场论_算法联盟最高权限/TECHNICAL_FOUNDATIONS.md,13444,90_历史归档\来源语料_utf_20261009\语料\大统一场论_算法联盟最高权限\TECHNICAL_FOUNDATIONS.md,B,未审计，待逐件裁定,已复制
大统一场论_算法联盟最高权限/volume1_geometry.md,17684,90_历史归档\来源语料_utf_20261009\语料\大统一场论_算法联盟最高权限\volume1_geometry.md,B,未审计，待逐件裁定,已复制
大统一场论_算法联盟最高权限/volume2_topology.md,16030,90_历史归档\来源语料_utf_20261009\语料\大统一场论_算法联盟最高权限\volume2_topology.md,B,未审计，待逐件裁定,已复制
大统一场论_算法联盟最高权限/volume3_lorentz.md,13210,90_历史归档\来源语料_utf_20261009\语料\大统一场论_算法联盟最高权限\volume3_lorentz.md,B,未审计，待逐件裁定,已复制
大统一场论_算法联盟最高权限/volume4_alpha.md,8714,90_历史归档\来源语料_utf_20261009\语料\大统一场论_算法联盟最高权限\volume4_alpha.md,B,未审计，待逐件裁定,已复制
大统一场论_算法联盟最高权限/volume5_gr_qft.md,11460,90_历史归档\来源语料_utf_20261009\语料\大统一场论_算法联盟最高权限\volume5_gr_qft.md,B,未审计，待逐件裁定,已复制
大统一场论_算法联盟最高权限/volume6_predictions.md,14118,90_历史归档\来源语料_utf_20261009\语料\大统一场论_算法联盟最高权限\volume6_predictions.md,B,未审计，待逐件裁定,已复制
大统一场论_算法联盟最高权限/THE_BOOK/README.md,3658,90_历史归档\来源语料_utf_20261009\语料\大统一场论_算法联盟最高权限\THE_BOOK\README.md,B,未审计，待逐件裁定,已复制
大统一场论_算法联盟最高权限/THE_BOOK/最伟大的书_全维统一场论.md,15206,90_历史归档\来源语料_utf_20261009\语料\大统一场论_算法联盟最高权限\THE_BOOK\最伟大的书_全维统一场论.md,B,未审计，待逐件裁定,已复制
大统一场论_算法联盟最高权限/THE_BOOK/最伟大的书_精算验证.py,25814,90_历史归档\来源语料_utf_20261009\语料\大统一场论_算法联盟最高权限\THE_BOOK\最伟大的书_精算验证.py,B,未审计，待逐件裁定,已复制
大统一场论_算法联盟最高权限/v2/00_前言与总纲.md,4641,90_历史归档\来源语料_utf_20261009\语料\大统一场论_算法联盟最高权限\v2\00_前言与总纲.md,B,未审计，待逐件裁定,已复制
大统一场论_算法联盟最高权限/v2/01_卷一_几何基础与κτ推导.md,10044,90_历史归档\来源语料_utf_20261009\语料\大统一场论_算法联盟最高权限\v2\01_卷一_几何基础与κτ推导.md,B,未审计，待逐件裁定,已复制
大统一场论_算法联盟最高权限/v2/02_卷二_物理常数几何化.md,15361,90_历史归档\来源语料_utf_20261009\语料\大统一场论_算法联盟最高权限\v2\02_卷二_物理常数几何化.md,B,未审计，待逐件裁定,已复制
大统一场论_算法联盟最高权限/v2/03_卷三_四力统一方程.md,11767,90_历史归档\来源语料_utf_20261009\语料\大统一场论_算法联盟最高权限\v2\03_卷三_四力统一方程.md,B,未审计，待逐件裁定,已复制
大统一场论_算法联盟最高权限/v2/04_卷四_引力场方程几何化.md,8562,90_历史归档\来源语料_utf_20261009\语料\大统一场论_算法联盟最高权限\v2\04_卷四_引力场方程几何化.md,B,未审计，待逐件裁定,已复制
大统一场论_算法联盟最高权限/v2/05_卷五_电磁与量子场几何化.md,9980,90_历史归档\来源语料_utf_20261009\语料\大统一场论_算法联盟最高权限\v2\05_卷五_电磁与量子场几何化.md,B,未审计，待逐件裁定,已复制
大统一场论_算法联盟最高权限/v2/06_卷六_动力学宇宙学闭合.md,10175,90_历史归档\来源语料_utf_20261009\语料\大统一场论_算法联盟最高权限\v2\06_卷六_动力学宇宙学闭合.md,B,未审计，待逐件裁定,已复制
大统一场论_算法联盟最高权限/v2/07_卷七_全维精算验证系统.md,16096,90_历史归档\来源语料_utf_20261009\语料\大统一场论_算法联盟最高权限\v2\07_卷七_全维精算验证系统.md,B,未审计，待逐件裁定,已复制
大统一场论_算法联盟最高权限/v2/08_卷八_终极方程汇编与权限认证.md,18136,90_历史归档\来源语料_utf_20261009\语料\大统一场论_算法联盟最高权限\v2\08_卷八_终极方程汇编与权限认证.md,B,未审计，待逐件裁定,已复制
大统一场论_算法联盟最高权限/v2/09_全维审核认证报告.md,8186,90_历史归档\来源语料_utf_20261009\语料\大统一场论_算法联盟最高权限\v2\09_全维审核认证报告.md,B,未审计，待逐件裁定,已复制
大统一场论_算法联盟最高权限/v2/09_卷九_质量条数化与量子计数原理.md,9339,90_历史归档\来源语料_utf_20261009\语料\大统一场论_算法联盟最高权限\v2\09_卷九_质量条数化与量子计数原理.md,B,未审计，待逐件裁定,已复制
大统一场论_算法联盟最高权限/v2/09_卷九附录A_质量定义总纲.md,7219,90_历史归档\来源语料_utf_20261009\语料\大统一场论_算法联盟最高权限\v2\09_卷九附录A_质量定义总纲.md,B,未审计，待逐件裁定,已复制
大统一场论_算法联盟最高权限/v2/100_质量几何本质_螺旋凝聚与空间展开.md,1790,90_历史归档\来源语料_utf_20261009\语料\大统一场论_算法联盟最高权限\v2\100_质量几何本质_螺旋凝聚与空间展开.md,B,未审计，待逐件裁定,已复制
大统一场论_算法联盟最高权限/v2/101_宇宙元方程_全维推导与验证.py,18050,90_历史归档\来源语料_utf_20261009\语料\大统一场论_算法联盟最高权限\v2\101_宇宙元方程_全维推导与验证.py,B,未审计，待逐件裁定,已复制
大统一场论_算法联盟最高权限/v2/102_宇宙物理本质元数据.md,8205,90_历史归档\来源语料_utf_20261009\语料\大统一场论_算法联盟最高权限\v2\102_宇宙物理本质元数据.md,B,未审计，待逐件裁定,已复制
大统一场论_算法联盟最高权限/v2/103_LOGOS终极统一_公理到元方程.py,17650,90_历史归档\来源语料_utf_20261009\语料\大统一场论_算法联盟最高权限\v2\103_LOGOS终极统一_公理到元方程.py,B,未审计，待逐件裁定,已复制
大统一场论_算法联盟最高权限/v2/104_GAQ_UFT_V8_终极融合_全维验证.py,36281,90_历史归档\来源语料_utf_20261009\语料\大统一场论_算法联盟最高权限\v2\104_GAQ_UFT_V8_终极融合_全维验证.py,B,未审计，待逐件裁定,已复制
大统一场论_算法联盟最高权限/v2/105_GAQ_UFT_V8_终极融合_终局文档.md,27430,90_历史归档\来源语料_utf_20261009\语料\大统一场论_算法联盟最高权限\v2\105_GAQ_UFT_V8_终极融合_终局文档.md,B,未审计，待逐件裁定,已复制
大统一场论_算法联盟最高权限/v2/106_kappa_tau_量子化_几何不确定性.py,14072,90_历史归档\来源语料_utf_20261009\语料\大统一场论_算法联盟最高权限\v2\106_kappa_tau_量子化_几何不确定性.py,B,未审计，待逐件裁定,已复制
大统一场论_算法联盟最高权限/v2/107_g因子_几何修正_与QED精确对接.py,15829,90_历史归档\来源语料_utf_20261009\语料\大统一场论_算法联盟最高权限\v2\107_g因子_几何修正_与QED精确对接.py,B,未审计，待逐件裁定,已复制
大统一场论_算法联盟最高权限/v2/108_Koide角_与精细结构常数_精算突破.py,16398,90_历史归档\来源语料_utf_20261009\语料\大统一场论_算法联盟最高权限\v2\108_Koide角_与精细结构常数_精算突破.py,B,未审计，待逐件裁定,已复制
大统一场论_算法联盟最高权限/v2/109_螺旋公设_多通道几何验证.py,5451,90_历史归档\来源语料_utf_20261009\语料\大统一场论_算法联盟最高权限\v2\109_螺旋公设_多通道几何验证.py,B,未审计，待逐件裁定,已复制
大统一场论_算法联盟最高权限/v2/10_卷十_第一性原理突破_α与粒子谱.md,7892,90_历史归档\来源语料_utf_20261009\语料\大统一场论_算法联盟最高权限\v2\10_卷十_第一性原理突破_α与粒子谱.md,B,未审计，待逐件裁定,已复制
大统一场论_算法联盟最高权限/v2/110_第一性原理_螺旋求导_核心恒等式推导.py,6034,90_历史归档\来源语料_utf_20261009\语料\大统一场论_算法联盟最高权限\v2\110_第一性原理_螺旋求导_核心恒等式推导.py,B,未审计，待逐件裁定,已复制
大统一场论_算法联盟最高权限/v2/111_第一性原理_完整物理量链推导.py,4156,90_历史归档\来源语料_utf_20261009\语料\大统一场论_算法联盟最高权限\v2\111_第一性原理_完整物理量链推导.py,B,未审计，待逐件裁定,已复制
大统一场论_算法联盟最高权限/v2/112_四力归一_单方程.py,4596,90_历史归档\来源语料_utf_20261009\语料\大统一场论_算法联盟最高权限\v2\112_四力归一_单方程.py,B,未审计，待逐件裁定,已复制
大统一场论_算法联盟最高权限/v2/113_为什么No-Go_螺旋公设自由度.py,3539,90_历史归档\来源语料_utf_20261009\语料\大统一场论_算法联盟最高权限\v2\113_为什么No-Go_螺旋公设自由度.py,B,未审计，待逐件裁定,已复制
大统一场论_算法联盟最高权限/v2/114_新公设候选_能否固定α.py,4641,90_历史归档\来源语料_utf_20261009\语料\大统一场论_算法联盟最高权限\v2\114_新公设候选_能否固定α.py,B,未审计，待逐件裁定,已复制
大统一场论_算法联盟最高权限/v2/115_G的频率几何结构表达式.py,4592,90_历史归档\来源语料_utf_20261009\语料\大统一场论_算法联盟最高权限\v2\115_G的频率几何结构表达式.py,B,未审计，待逐件裁定,已复制
大统一场论_算法联盟最高权限/v2/116_独立观测打破No-Go_候选测试.py,5154,90_历史归档\来源语料_utf_20261009\语料\大统一场论_算法联盟最高权限\v2\116_独立观测打破No-Go_候选测试.py,B,未审计，待逐件裁定,已复制
大统一场论_算法联盟最高权限/v2/117_弱力手性映射_严格验证.py,5792,90_历史归档\来源语料_utf_20261009\语料\大统一场论_算法联盟最高权限\v2\117_弱力手性映射_严格验证.py,B,未审计，待逐件裁定,已复制
大统一场论_算法联盟最高权限/v2/118_量纲反推_知识图谱.py,6907,90_历史归档\来源语料_utf_20261009\语料\大统一场论_算法联盟最高权限\v2\118_量纲反推_知识图谱.py,B,未审计，待逐件裁定,已复制
大统一场论_算法联盟最高权限/v2/119_普朗克常数ℏ_全维元数据验证.py,2970,90_历史归档\来源语料_utf_20261009\语料\大统一场论_算法联盟最高权限\v2\119_普朗克常数ℏ_全维元数据验证.py,B,未审计，待逐件裁定,已复制
大统一场论_算法联盟最高权限/v2/11_卷十一_Frenet-Riemann桥接与范畴澄清.md,4469,90_历史归档\来源语料_utf_20261009\语料\大统一场论_算法联盟最高权限\v2\11_卷十一_Frenet-Riemann桥接与范畴澄清.md,B,未审计，待逐件裁定,已复制
大统一场论_算法联盟最高权限/v2/120_E到螺旋本源频率曲率挠率_可解性.py,2696,90_历史归档\来源语料_utf_20261009\语料\大统一场论_算法联盟最高权限\v2\120_E到螺旋本源频率曲率挠率_可解性.py,B,未审计，待逐件裁定,已复制
大统一场论_算法联盟最高权限/v2/121_光速螺旋ωR_频率f_全维度融合关系网.py,4637,90_历史归档\来源语料_utf_20261009\语料\大统一场论_算法联盟最高权限\v2\121_光速螺旋ωR_频率f_全维度融合关系网.py,B,未审计，待逐件裁定,已复制
大统一场论_算法联盟最高权限/v2/122_基本常数本源数值_全维精算表.py,3990,90_历史归档\来源语料_utf_20261009\语料\大统一场论_算法联盟最高权限\v2\122_基本常数本源数值_全维精算表.py,B,未审计，待逐件裁定,已复制
大统一场论_算法联盟最高权限/v2/123_精细结构常数α_本源关联_全维精算验证.py,4490,90_历史归档\来源语料_utf_20261009\语料\大统一场论_算法联盟最高权限\v2\123_精细结构常数α_本源关联_全维精算验证.py,B,未审计，待逐件裁定,已复制
大统一场论_算法联盟最高权限/v2/124_α作为速度比_纵向横向.py,2103,90_历史归档\来源语料_utf_20261009\语料\大统一场论_算法联盟最高权限\v2\124_α作为速度比_纵向横向.py,B,未审计，待逐件裁定,已复制
大统一场论_算法联盟最高权限/v2/125_螺旋参数R与h_精算.py,2453,90_历史归档\来源语料_utf_20261009\语料\大统一场论_算法联盟最高权限\v2\125_螺旋参数R与h_精算.py,B,未审计，待逐件裁定,已复制
大统一场论_算法联盟最高权限/v2/126_全维第一性原理_本源起源求导验证.py,4435,90_历史归档\来源语料_utf_20261009\语料\大统一场论_算法联盟最高权限\v2\126_全维第一性原理_本源起源求导验证.py,B,未审计，待逐件裁定,已复制
大统一场论_算法联盟最高权限/v2/127_破解αGme_万法搜索.py,4683,90_历史归档\来源语料_utf_20261009\语料\大统一场论_算法联盟最高权限\v2\127_破解αGme_万法搜索.py,B,未审计，待逐件裁定,已复制
大统一场论_算法联盟最高权限/v2/128_第一性原理_螺旋曲线直接求导_全维验证.py,4450,90_历史归档\来源语料_utf_20261009\语料\大统一场论_算法联盟最高权限\v2\128_第一性原理_螺旋曲线直接求导_全维验证.py,B,未审计，待逐件裁定,已复制
大统一场论_算法联盟最高权限/v2/129_仅从c出发_全维推导尝试.py,5810,90_历史归档\来源语料_utf_20261009\语料\大统一场论_算法联盟最高权限\v2\129_仅从c出发_全维推导尝试.py,B,未审计，待逐件裁定,已复制
大统一场论_算法联盟最高权限/v2/12_卷十二_质量量子化的诚实证伪检验.md,2777,90_历史归档\来源语料_utf_20261009\语料\大统一场论_算法联盟最高权限\v2\12_卷十二_质量量子化的诚实证伪检验.md,B,未审计，待逐件裁定,已复制
大统一场论_算法联盟最高权限/v2/130_螺旋自洽约束_破局新尝试.py,7261,90_历史归档\来源语料_utf_20261009\语料\大统一场论_算法联盟最高权限\v2\130_螺旋自洽约束_破局新尝试.py,B,未审计，待逐件裁定,已复制
大统一场论_算法联盟最高权限/v2/131_全量配对关系网络_自动发现.py,5906,90_历史归档\来源语料_utf_20261009\语料\大统一场论_算法联盟最高权限\v2\131_全量配对关系网络_自动发现.py,B,未审计，待逐件裁定,已复制
大统一场论_算法联盟最高权限/v2/132_三体无量纲组合_线性代数搜索.py,6182,90_历史归档\来源语料_utf_20261009\语料\大统一场论_算法联盟最高权限\v2\132_三体无量纲组合_线性代数搜索.py,B,未审计，待逐件裁定,已复制
大统一场论_算法联盟最高权限/v2/133_独立反证验证_关键关系.py,4172,90_历史归档\来源语料_utf_20261009\语料\大统一场论_算法联盟最高权限\v2\133_独立反证验证_关键关系.py,B,未审计，待逐件裁定,已复制
大统一场论_算法联盟最高权限/v2/134_螺旋流形_谱理论_α本征值.py,6355,90_历史归档\来源语料_utf_20261009\语料\大统一场论_算法联盟最高权限\v2\134_螺旋流形_谱理论_α本征值.py,B,未审计，待逐件裁定,已复制
大统一场论_算法联盟最高权限/v2/135_弯曲螺旋流形_拓扑奇点_α起源.py,6853,90_历史归档\来源语料_utf_20261009\语料\大统一场论_算法联盟最高权限\v2\135_弯曲螺旋流形_拓扑奇点_α起源.py,B,未审计，待逐件裁定,已复制
大统一场论_算法联盟最高权限/v2/136_多维度新突破分析_几何代数_拓扑_信息论.py,17356,90_历史归档\来源语料_utf_20261009\语料\大统一场论_算法联盟最高权限\v2\136_多维度新突破分析_几何代数_拓扑_信息论.py,B,未审计，待逐件裁定,已复制
大统一场论_算法联盟最高权限/v2/137_修正高阶几何_深入分析_新关系发现.py,14808,90_历史归档\来源语料_utf_20261009\语料\大统一场论_算法联盟最高权限\v2\137_修正高阶几何_深入分析_新关系发现.py,B,未审计，待逐件裁定,已复制
大统一场论_算法联盟最高权限/v2/138_V9.1新发现验证_全维精算.py,11825,90_历史归档\来源语料_utf_20261009\语料\大统一场论_算法联盟最高权限\v2\138_V9.1新发现验证_全维精算.py,B,未审计，待逐件裁定,已复制
大统一场论_算法联盟最高权限/v2/139_m_e_螺旋作用量子数分析.py,10825,90_历史归档\来源语料_utf_20261009\语料\大统一场论_算法联盟最高权限\v2\139_m_e_螺旋作用量子数分析.py,B,未审计，待逐件裁定,已复制
大统一场论_算法联盟最高权限/v2/13_卷十三_No-Go定理与物理预言之路.md,31681,90_历史归档\来源语料_utf_20261009\语料\大统一场论_算法联盟最高权限\v2\13_卷十三_No-Go定理与物理预言之路.md,B,未审计，待逐件裁定,已复制
大统一场论_算法联盟最高权限/v2/140_G与曲率挠率关系分析.py,9428,90_历史归档\来源语料_utf_20261009\语料\大统一场论_算法联盟最高权限\v2\140_G与曲率挠率关系分析.py,B,未审计，待逐件裁定,已复制
大统一场论_算法联盟最高权限/v2/141_V9.2终极流程图_全维验证.py,8381,90_历史归档\来源语料_utf_20261009\语料\大统一场论_算法联盟最高权限\v2\141_V9.2终极流程图_全维验证.py,B,未审计，待逐件裁定,已复制
大统一场论_算法联盟最高权限/v2/142_V9.3_全物理未解之谜_多维度突破.py,18875,90_历史归档\来源语料_utf_20261009\语料\大统一场论_算法联盟最高权限\v2\142_V9.3_全物理未解之谜_多维度突破.py,B,未审计，待逐件裁定,已复制
大统一场论_算法联盟最高权限/v2/143_V10_真正全维统一场论_量纲常数公式破解.py,32644,90_历史归档\来源语料_utf_20261009\语料\大统一场论_算法联盟最高权限\v2\143_V10_真正全维统一场论_量纲常数公式破解.py,B,未审计，待逐件裁定,已复制
大统一场论_算法联盟最高权限/v2/144_V10_引力本质突破_工程可行性精算.py,19891,90_历史归档\来源语料_utf_20261009\语料\大统一场论_算法联盟最高权限\v2\144_V10_引力本质突破_工程可行性精算.py,B,未审计，待逐件裁定,已复制
大统一场论_算法联盟最高权限/v2/145_全维度Python审核验证.py,4421,90_历史归档\来源语料_utf_20261009\语料\大统一场论_算法联盟最高权限\v2\145_全维度Python审核验证.py,B,未审计，待逐件裁定,已复制
大统一场论_算法联盟最高权限/v2/146_V10_数学物理严格分析_微分几何_规范场_拓扑_变分原理.py,26209,90_历史归档\来源语料_utf_20261009\语料\大统一场论_算法联盟最高权限\v2\146_V10_数学物理严格分析_微分几何_规范场_拓扑_变分原理.py,B,未审计，待逐件裁定,已复制
大统一场论_算法联盟最高权限/v2/147_V10_新数学理论体系突破_10维度探索.py,34997,90_历史归档\来源语料_utf_20261009\语料\大统一场论_算法联盟最高权限\v2\147_V10_新数学理论体系突破_10维度探索.py,B,未审计，待逐件裁定,已复制
大统一场论_算法联盟最高权限/v2/148_V10.2_算法联盟终极突破_四大前沿.py,24711,90_历史归档\来源语料_utf_20261009\语料\大统一场论_算法联盟最高权限\v2\148_V10.2_算法联盟终极突破_四大前沿.py,B,未审计，待逐件裁定,已复制
大统一场论_算法联盟最高权限/v2/149_V10.3_五大未探索理论_终极突破.py,29002,90_历史归档\来源语料_utf_20261009\语料\大统一场论_算法联盟最高权限\v2\149_V10.3_五大未探索理论_终极突破.py,B,未审计，待逐件裁定,已复制
大统一场论_算法联盟最高权限/v2/14_卷十四_全维总览_流程图_关系图_元数据_几何本质.md,19315,90_历史归档\来源语料_utf_20261009\语料\大统一场论_算法联盟最高权限\v2\14_卷十四_全维总览_流程图_关系图_元数据_几何本质.md,B,未审计，待逐件裁定,已复制
大统一场论_算法联盟最高权限/v2/14_卷十四_四大未解之谜攻坚实录.md,4674,90_历史归档\来源语料_utf_20261009\语料\大统一场论_算法联盟最高权限\v2\14_卷十四_四大未解之谜攻坚实录.md,B,未审计，待逐件裁定,已复制
大统一场论_算法联盟最高权限/v2/150_V10.4_剩余20理论_全维突破.py,27666,90_历史归档\来源语料_utf_20261009\语料\大统一场论_算法联盟最高权限\v2\150_V10.4_剩余20理论_全维突破.py,B,未审计，待逐件裁定,已复制
大统一场论_算法联盟最高权限/v2/151_V10.5_19发现终极验证_全维精算.py,15852,90_历史归档\来源语料_utf_20261009\语料\大统一场论_算法联盟最高权限\v2\151_V10.5_19发现终极验证_全维精算.py,B,未审计，待逐件裁定,已复制
大统一场论_算法联盟最高权限/v2/152_V11_最强模式_错误修正_新推导_全维精算.py,22028,90_历史归档\来源语料_utf_20261009\语料\大统一场论_算法联盟最高权限\v2\152_V11_最强模式_错误修正_新推导_全维精算.py,B,未审计，待逐件裁定,已复制
大统一场论_算法联盟最高权限/v2/153_V12_诚实审计V15.5_全维纠错.py,14921,90_历史归档\来源语料_utf_20261009\语料\大统一场论_算法联盟最高权限\v2\153_V12_诚实审计V15.5_全维纠错.py,B,未审计，待逐件裁定,已复制
大统一场论_算法联盟最高权限/v2/154_V12_交叉验证V15.5vsV11_正确框架对照.py,11024,90_历史归档\来源语料_utf_20261009\语料\大统一场论_算法联盟最高权限\v2\154_V12_交叉验证V15.5vsV11_正确框架对照.py,B,未审计，待逐件裁定,已复制
大统一场论_算法联盟最高权限/v2/155_V13_统一框架_解决R与磁矩冲突_终极推导.py,12734,90_历史归档\来源语料_utf_20261009\语料\大统一场论_算法联盟最高权限\v2\155_V13_统一框架_解决R与磁矩冲突_终极推导.py,B,未审计，待逐件裁定,已复制
大统一场论_算法联盟最高权限/v2/15_卷十五_α第一性原理推导的严格分析.md,6089,90_历史归档\来源语料_utf_20261009\语料\大统一场论_算法联盟最高权限\v2\15_卷十五_α第一性原理推导的严格分析.md,B,未审计，待逐件裁定,已复制
大统一场论_算法联盟最高权限/v2/15_卷十五_最高权总纲_成就总结与突破路线图.md,5173,90_历史归档\来源语料_utf_20261009\语料\大统一场论_算法联盟最高权限\v2\15_卷十五_最高权总纲_成就总结与突破路线图.md,B,未审计，待逐件裁定,已复制
大统一场论_算法联盟最高权限/v2/16_卷十六_Frenet规范桥接与内禀规范结构.md,5249,90_历史归档\来源语料_utf_20261009\语料\大统一场论_算法联盟最高权限\v2\16_卷十六_Frenet规范桥接与内禀规范结构.md,B,未审计，待逐件裁定,已复制
大统一场论_算法联盟最高权限/v2/17_卷十七_全维物理体系统合与突破总结.md,23873,90_历史归档\来源语料_utf_20261009\语料\大统一场论_算法联盟最高权限\v2\17_卷十七_全维物理体系统合与突破总结.md,B,未审计，待逐件裁定,已复制
大统一场论_算法联盟最高权限/v2/18_卷十八_传统公式与几何公式双向转换手册.md,20935,90_历史归档\来源语料_utf_20261009\语料\大统一场论_算法联盟最高权限\v2\18_卷十八_传统公式与几何公式双向转换手册.md,B,未审计，待逐件裁定,已复制
大统一场论_算法联盟最高权限/v2/19_卷十九_未成立与未完成内容清单.md,12958,90_历史归档\来源语料_utf_20261009\语料\大统一场论_算法联盟最高权限\v2\19_卷十九_未成立与未完成内容清单.md,B,未审计，待逐件裁定,已复制
大统一场论_算法联盟最高权限/v2/20_卷二十_正确公式归一化_流程图_关系网.md,15157,90_历史归档\来源语料_utf_20261009\语料\大统一场论_算法联盟最高权限\v2\20_卷二十_正确公式归一化_流程图_关系网.md,B,未审计，待逐件裁定,已复制
大统一场论_算法联盟最高权限/v2/21_卷二十一_普朗克常数ℏ_全维元数据.md,8294,90_历史归档\来源语料_utf_20261009\语料\大统一场论_算法联盟最高权限\v2\21_卷二十一_普朗克常数ℏ_全维元数据.md,B,未审计，待逐件裁定,已复制
大统一场论_算法联盟最高权限/v2/22_卷二十二_常数本源数值_历史尝试与全维整合.md,6534,90_历史归档\来源语料_utf_20261009\语料\大统一场论_算法联盟最高权限\v2\22_卷二十二_常数本源数值_历史尝试与全维整合.md,B,未审计，待逐件裁定,已复制
大统一场论_算法联盟最高权限/v2/23_卷二十三_物理本源起源流程图_全突破总结.md,8594,90_历史归档\来源语料_utf_20261009\语料\大统一场论_算法联盟最高权限\v2\23_卷二十三_物理本源起源流程图_全突破总结.md,B,未审计，待逐件裁定,已复制
大统一场论_算法联盟最高权限/v2/24_卷二十四_破解处理流程图_异常问题清单.md,5211,90_历史归档\来源语料_utf_20261009\语料\大统一场论_算法联盟最高权限\v2\24_卷二十四_破解处理流程图_异常问题清单.md,B,未审计，待逐件裁定,已复制
大统一场论_算法联盟最高权限/v2/25_卷二十五_全部待处理问题与异常_完整清单.md,4873,90_历史归档\来源语料_utf_20261009\语料\大统一场论_算法联盟最高权限\v2\25_卷二十五_全部待处理问题与异常_完整清单.md,B,未审计，待逐件裁定,已复制
大统一场论_算法联盟最高权限/v2/26_卷二十六_全维关系图谱_V9.1更新版.md,10179,90_历史归档\来源语料_utf_20261009\语料\大统一场论_算法联盟最高权限\v2\26_卷二十六_全维关系图谱_V9.1更新版.md,B,未审计，待逐件裁定,已复制
大统一场论_算法联盟最高权限/v2/26_卷二十六_全维关系图谱_最终版.md,5734,90_历史归档\来源语料_utf_20261009\语料\大统一场论_算法联盟最高权限\v2\26_卷二十六_全维关系图谱_最终版.md,B,未审计，待逐件裁定,已复制
大统一场论_算法联盟最高权限/v2/27_卷二十七_No-Go严格证明_最终版.md,5545,90_历史归档\来源语料_utf_20261009\语料\大统一场论_算法联盟最高权限\v2\27_卷二十七_No-Go严格证明_最终版.md,B,未审计，待逐件裁定,已复制
大统一场论_算法联盟最高权限/v2/28_卷二十八_物理本源几何化_终极总结报告.md,7056,90_历史归档\来源语料_utf_20261009\语料\大统一场论_算法联盟最高权限\v2\28_卷二十八_物理本源几何化_终极总结报告.md,B,未审计，待逐件裁定,已复制
大统一场论_算法联盟最高权限/v2/29_卷二十九_全物理理论体系关系流程图_V9.2终极版.md,27913,90_历史归档\来源语料_utf_20261009\语料\大统一场论_算法联盟最高权限\v2\29_卷二十九_全物理理论体系关系流程图_V9.2终极版.md,B,未审计，待逐件裁定,已复制
大统一场论_算法联盟最高权限/v2/30_卷三十_终极最伟大流程图_V10-FINAL.md,29542,90_历史归档\来源语料_utf_20261009\语料\大统一场论_算法联盟最高权限\v2\30_卷三十_终极最伟大流程图_V10-FINAL.md,B,未审计，待逐件裁定,已复制
大统一场论_算法联盟最高权限/v2/31_卷三十一_V10.1全维度终极更新_数学物理严格化.md,16446,90_历史归档\来源语料_utf_20261009\语料\大统一场论_算法联盟最高权限\v2\31_卷三十一_V10.1全维度终极更新_数学物理严格化.md,B,未审计，待逐件裁定,已复制
大统一场论_算法联盟最高权限/v2/32_卷三十二_全54理论体系完整清单_更新版.md,7559,90_历史归档\来源语料_utf_20261009\语料\大统一场论_算法联盟最高权限\v2\32_卷三十二_全54理论体系完整清单_更新版.md,B,未审计，待逐件裁定,已复制
大统一场论_算法联盟最高权限/v2/32_卷三十二_未探索理论体系完整清单.md,8422,90_历史归档\来源语料_utf_20261009\语料\大统一场论_算法联盟最高权限\v2\32_卷三十二_未探索理论体系完整清单.md,B,未审计，待逐件裁定,已复制
大统一场论_算法联盟最高权限/v2/90_终极总结与权威认证.md,16994,90_历史归档\来源语料_utf_20261009\语料\大统一场论_算法联盟最高权限\v2\90_终极总结与权威认证.md,B,未审计，待逐件裁定,已复制
大统一场论_算法联盟最高权限/v2/91_算法联盟最高权_全维物理体系分析与突破总结.md,8837,90_历史归档\来源语料_utf_20261009\语料\大统一场论_算法联盟最高权限\v2\91_算法联盟最高权_全维物理体系分析与突破总结.md,B,未审计，待逐件裁定,已复制
大统一场论_算法联盟最高权限/v2/92_算法联盟最高权_光速螺旋几何统一与物理公式转换分析.md,8956,90_历史归档\来源语料_utf_20261009\语料\大统一场论_算法联盟最高权限\v2\92_算法联盟最高权_光速螺旋几何统一与物理公式转换分析.md,B,未审计，待逐件裁定,已复制
大统一场论_算法联盟最高权限/v2/93_wrfch_全维双向转换与3D垂直原理验证.py,26263,90_历史归档\来源语料_utf_20261009\语料\大统一场论_算法联盟最高权限\v2\93_wrfch_全维双向转换与3D垂直原理验证.py,B,未审计，待逐件裁定,已复制
大统一场论_算法联盟最高权限/v2/94_算法联盟最高权_3维螺旋垂直原理与wrfch全维双向转换.md,14376,90_历史归档\来源语料_utf_20261009\语料\大统一场论_算法联盟最高权限\v2\94_算法联盟最高权_3维螺旋垂直原理与wrfch全维双向转换.md,B,未审计，待逐件裁定,已复制
大统一场论_算法联盟最高权限/v2/95_算法联盟最高权_全维物理体系终极整合与传统公式双向转换全维总结.md,44751,90_历史归档\来源语料_utf_20261009\语料\大统一场论_算法联盟最高权限\v2\95_算法联盟最高权_全维物理体系终极整合与传统公式双向转换全维总结.md,B,未审计，待逐件裁定,已复制
大统一场论_算法联盟最高权限/v2/96_时空离散性与G的几何推导.py,20469,90_历史归档\来源语料_utf_20261009\语料\大统一场论_算法联盟最高权限\v2\96_时空离散性与G的几何推导.py,B,未审计，待逐件裁定,已复制
大统一场论_算法联盟最高权限/v2/97_kappa_tau辛结构与对易子分析.md,11574,90_历史归档\来源语料_utf_20261009\语料\大统一场论_算法联盟最高权限\v2\97_kappa_tau辛结构与对易子分析.md,B,未审计，待逐件裁定,已复制
大统一场论_算法联盟最高权限/v2/98_角动量与电子磁矩交叉验证.py,11330,90_历史归档\来源语料_utf_20261009\语料\大统一场论_算法联盟最高权限\v2\98_角动量与电子磁矩交叉验证.py,B,未审计，待逐件裁定,已复制
大统一场论_算法联盟最高权限/v2/99_质量几何本质_螺旋凝聚与空间展开.py,12038,90_历史归档\来源语料_utf_20261009\语料\大统一场论_算法联盟最高权限\v2\99_质量几何本质_螺旋凝聚与空间展开.py,B,未审计，待逐件裁定,已复制
大统一场论_算法联盟最高权限/v2/alpha_same_type_ratios.py,7385,90_历史归档\来源语料_utf_20261009\语料\大统一场论_算法联盟最高权限\v2\alpha_same_type_ratios.py,B,未审计，待逐件裁定,已复制
大统一场论_算法联盟最高权限/v2/alpha_universal_catalog.py,5375,90_历史归档\来源语料_utf_20261009\语料\大统一场论_算法联盟最高权限\v2\alpha_universal_catalog.py,B,未审计，待逐件裁定,已复制
大统一场论_算法联盟最高权限/v2/analyze_fem_discrepancy.py,6903,90_历史归档\来源语料_utf_20261009\语料\大统一场论_算法联盟最高权限\v2\analyze_fem_discrepancy.py,B,未审计，待逐件裁定,已复制
大统一场论_算法联盟最高权限/v2/audit_truth.py,18421,90_历史归档\来源语料_utf_20261009\语料\大统一场论_算法联盟最高权限\v2\audit_truth.py,B,未审计，待逐件裁定,已复制
大统一场论_算法联盟最高权限/v2/audit_v2_constants_independent.py,5727,90_历史归档\来源语料_utf_20261009\语料\大统一场论_算法联盟最高权限\v2\audit_v2_constants_independent.py,B,未审计，待逐件裁定,已复制
大统一场论_算法联盟最高权限/v2/audit_v2_independent.py,8156,90_历史归档\来源语料_utf_20261009\语料\大统一场论_算法联盟最高权限\v2\audit_v2_independent.py,B,未审计，待逐件裁定,已复制
大统一场论_算法联盟最高权限/v2/breakthrough_prediction_attempt.py,20049,90_历史归档\来源语料_utf_20261009\语料\大统一场论_算法联盟最高权限\v2\breakthrough_prediction_attempt.py,B,未审计，待逐件裁定,已复制
大统一场论_算法联盟最高权限/v2/complex_curvature_koide.py,12399,90_历史归档\来源语料_utf_20261009\语料\大统一场论_算法联盟最高权限\v2\complex_curvature_koide.py,B,未审计，待逐件裁定,已复制
大统一场论_算法联盟最高权限/v2/conversion_verify.py,13929,90_历史归档\来源语料_utf_20261009\语料\大统一场论_算法联盟最高权限\v2\conversion_verify.py,B,未审计，待逐件裁定,已复制
大统一场论_算法联盟最高权限/v2/crack_three_riddles.py,9914,90_历史归档\来源语料_utf_20261009\语料\大统一场论_算法联盟最高权限\v2\crack_three_riddles.py,B,未审计，待逐件裁定,已复制
大统一场论_算法联盟最高权限/v2/dimension_full_spectrum.py,6724,90_历史归档\来源语料_utf_20261009\语料\大统一场论_算法联盟最高权限\v2\dimension_full_spectrum.py,B,未审计，待逐件裁定,已复制
大统一场论_算法联盟最高权限/v2/explore_testable_predictions.py,9416,90_历史归档\来源语料_utf_20261009\语料\大统一场论_算法联盟最高权限\v2\explore_testable_predictions.py,B,未审计，待逐件裁定,已复制
大统一场论_算法联盟最高权限/v2/GAQ-UFT_V4.0_最终交付文档.md,11611,90_历史归档\来源语料_utf_20261009\语料\大统一场论_算法联盟最高权限\v2\GAQ-UFT_V4.0_最终交付文档.md,B,未审计，待逐件裁定,已复制
大统一场论_算法联盟最高权限/v2/GAQ-UFT_诚实评估与突破方向_V14.md,12404,90_历史归档\来源语料_utf_20261009\语料\大统一场论_算法联盟最高权限\v2\GAQ-UFT_诚实评估与突破方向_V14.md,B,未审计，待逐件裁定,已复制
大统一场论_算法联盟最高权限/v2/geometric_quantization.py,14504,90_历史归档\来源语料_utf_20261009\语料\大统一场论_算法联盟最高权限\v2\geometric_quantization.py,B,未审计，待逐件裁定,已复制
大统一场论_算法联盟最高权限/v2/kappa_tau_commutator.py,11681,90_历史归档\来源语料_utf_20261009\语料\大统一场论_算法联盟最高权限\v2\kappa_tau_commutator.py,B,未审计，待逐件裁定,已复制
大统一场论_算法联盟最高权限/v2/L_角动量PRED诚实重分级.py,9354,90_历史归档\来源语料_utf_20261009\语料\大统一场论_算法联盟最高权限\v2\L_角动量PRED诚实重分级.py,B,未审计，待逐件裁定,已复制
大统一场论_算法联盟最高权限/v2/NoGo_VI_意义与突破.md,6151,90_历史归档\来源语料_utf_20261009\语料\大统一场论_算法联盟最高权限\v2\NoGo_VI_意义与突破.md,B,未审计，待逐件裁定,已复制
大统一场论_算法联盟最高权限/v2/README.md,5837,90_历史归档\来源语料_utf_20261009\语料\大统一场论_算法联盟最高权限\v2\README.md,B,未审计，待逐件裁定,已复制
大统一场论_算法联盟最高权限/v2/topological_axiom_koide.py,18959,90_历史归档\来源语料_utf_20261009\语料\大统一场论_算法联盟最高权限\v2\topological_axiom_koide.py,B,未审计，待逐件裁定,已复制
大统一场论_算法联盟最高权限/v2/V12_1_氢原子精细结构诚实修复版.py,16322,90_历史归档\来源语料_utf_20261009\语料\大统一场论_算法联盟最高权限\v2\V12_1_氢原子精细结构诚实修复版.py,B,未审计，待逐件裁定,已复制
大统一场论_算法联盟最高权限/v2/V12_氢原子精细结构与电子自旋_全维精算验证.py,19821,90_历史归档\来源语料_utf_20261009\语料\大统一场论_算法联盟最高权限\v2\V12_氢原子精细结构与电子自旋_全维精算验证.py,B,未审计，待逐件裁定,已复制
大统一场论_算法联盟最高权限/v2/V13_μ子g2异常与几何框架终极验证.py,16493,90_历史归档\来源语料_utf_20261009\语料\大统一场论_算法联盟最高权限\v2\V13_μ子g2异常与几何框架终极验证.py,B,未审计，待逐件裁定,已复制
大统一场论_算法联盟最高权限/v2/V13_意义与突破.md,5228,90_历史归档\来源语料_utf_20261009\语料\大统一场论_算法联盟最高权限\v2\V13_意义与突破.md,B,未审计，待逐件裁定,已复制
大统一场论_算法联盟最高权限/v2/V14_NoGo定理形式化与真实新颖性检验.py,23978,90_历史归档\来源语料_utf_20261009\语料\大统一场论_算法联盟最高权限\v2\V14_NoGo定理形式化与真实新颖性检验.py,B,未审计，待逐件裁定,已复制
大统一场论_算法联盟最高权限/v2/V15_α跑动机制与PMNS预言具体突破.py,0,（内容已在 openuft，不重复复制）,B,未审计；内容已在本库,已在库跳过
大统一场论_算法联盟最高权限/v2/V16_1_δ_CP严格推导_Z3表示论.py,13311,90_历史归档\来源语料_utf_20261009\语料\大统一场论_算法联盟最高权限\v2\V16_1_δ_CP严格推导_Z3表示论.py,B,未审计，待逐件裁定,已复制
大统一场论_算法联盟最高权限/v2/V16_中微子质量序与CP破坏预言.py,17798,90_历史归档\来源语料_utf_20261009\语料\大统一场论_算法联盟最高权限\v2\V16_中微子质量序与CP破坏预言.py,B,未审计，待逐件裁定,已复制
大统一场论_算法联盟最高权限/v2/V17_纯Z3群论推导δCP诚实判定.py,22951,90_历史归档\来源语料_utf_20261009\语料\大统一场论_算法联盟最高权限\v2\V17_纯Z3群论推导δCP诚实判定.py,B,未审计，待逐件裁定,已复制
大统一场论_算法联盟最高权限/v2/V18_Z3规范场论_VEV推导PMNS.py,19981,90_历史归档\来源语料_utf_20261009\语料\大统一场论_算法联盟最高权限\v2\V18_Z3规范场论_VEV推导PMNS.py,B,未审计，待逐件裁定,已复制
大统一场论_算法联盟最高权限/v2/V19_Z3规范场量子修正_增强因子f推导.py,16294,90_历史归档\来源语料_utf_20261009\语料\大统一场论_算法联盟最高权限\v2\V19_Z3规范场量子修正_增强因子f推导.py,B,未审计，待逐件裁定,已复制
大统一场论_算法联盟最高权限/v2/V20_A4味对称_三极大混合TBM.py,20333,90_历史归档\来源语料_utf_20261009\语料\大统一场论_算法联盟最高权限\v2\V20_A4味对称_三极大混合TBM.py,B,未审计，待逐件裁定,已复制
大统一场论_算法联盟最高权限/v2/V21_几何推导A4起源_120相位联系.py,18754,90_历史归档\来源语料_utf_20261009\语料\大统一场论_算法联盟最高权限\v2\V21_几何推导A4起源_120相位联系.py,B,未审计，待逐件裁定,已复制
大统一场论_算法联盟最高权限/v2/V22_δCP修正机制_质量比定量推导.py,18503,90_历史归档\来源语料_utf_20261009\语料\大统一场论_算法联盟最高权限\v2\V22_δCP修正机制_质量比定量推导.py,B,未审计，待逐件裁定,已复制
大统一场论_算法联盟最高权限/v2/V22_δCP声称复核_arctan数学性质.py,6039,90_历史归档\来源语料_utf_20261009\语料\大统一场论_算法联盟最高权限\v2\V22_δCP声称复核_arctan数学性质.py,B,未审计，待逐件裁定,已复制
大统一场论_算法联盟最高权限/v2/V23_δCP_arccot严格检验_真PRED判定.py,6464,90_历史归档\来源语料_utf_20261009\语料\大统一场论_算法联盟最高权限\v2\V23_δCP_arccot严格检验_真PRED判定.py,B,未审计，待逐件裁定,已复制
大统一场论_算法联盟最高权限/v2/V23_诚实总结_重新分类_真正贡献.py,19481,90_历史归档\来源语料_utf_20261009\语料\大统一场论_算法联盟最高权限\v2\V23_诚实总结_重新分类_真正贡献.py,B,未审计，待逐件裁定,已复制
大统一场论_算法联盟最高权限/v2/V24_几何推导α_137起源.py,14159,90_历史归档\来源语料_utf_20261009\语料\大统一场论_算法联盟最高权限\v2\V24_几何推导α_137起源.py,B,未审计，待逐件裁定,已复制
大统一场论_算法联盟最高权限/v2/V25_几何推导混合角_接受α输入.py,15305,90_历史归档\来源语料_utf_20261009\语料\大统一场论_算法联盟最高权限\v2\V25_几何推导混合角_接受α输入.py,B,未审计，待逐件裁定,已复制
大统一场论_算法联盟最高权限/v2/V26_最终全面总结_V6_V25成果.py,31262,90_历史归档\来源语料_utf_20261009\语料\大统一场论_算法联盟最高权限\v2\V26_最终全面总结_V6_V25成果.py,B,未审计，待逐件裁定,已复制
大统一场论_算法联盟最高权限/v2/V26_突破_内禀螺旋boost德布罗意.py,11580,90_历史归档\来源语料_utf_20261009\语料\大统一场论_算法联盟最高权限\v2\V26_突破_内禀螺旋boost德布罗意.py,B,未审计，待逐件裁定,已复制
大统一场论_算法联盟最高权限/v2/V27_严格验证审计_5项PRED.py,21802,90_历史归档\来源语料_utf_20261009\语料\大统一场论_算法联盟最高权限\v2\V27_严格验证审计_5项PRED.py,B,未审计，待逐件裁定,已复制
大统一场论_算法联盟最高权限/v2/V28_修正验证_重新理解框架.py,14844,90_历史归档\来源语料_utf_20261009\语料\大统一场论_算法联盟最高权限\v2\V28_修正验证_重新理解框架.py,B,未审计，待逐件裁定,已复制
大统一场论_算法联盟最高权限/v2/V29_最终诚实总结_全面重新分类.py,24874,90_历史归档\来源语料_utf_20261009\语料\大统一场论_算法联盟最高权限\v2\V29_最终诚实总结_全面重新分类.py,B,未审计，待逐件裁定,已复制
大统一场论_算法联盟最高权限/v2/V30_系统审计_追溯定义链.py,23400,90_历史归档\来源语料_utf_20261009\语料\大统一场论_算法联盟最高权限\v2\V30_系统审计_追溯定义链.py,B,未审计，待逐件裁定,已复制
大统一场论_算法联盟最高权限/v2/V31_最终验证总结_所有成果.py,13218,90_历史归档\来源语料_utf_20261009\语料\大统一场论_算法联盟最高权限\v2\V31_最终验证总结_所有成果.py,B,未审计，待逐件裁定,已复制
大统一场论_算法联盟最高权限/v2/V32_正确FrenetSerret重建框架.py,15955,90_历史归档\来源语料_utf_20261009\语料\大统一场论_算法联盟最高权限\v2\V32_正确FrenetSerret重建框架.py,B,未审计，待逐件裁定,已复制
大统一场论_算法联盟最高权限/v2/V33_向心力库仑力比值新关系.py,13399,90_历史归档\来源语料_utf_20261009\语料\大统一场论_算法联盟最高权限\v2\V33_向心力库仑力比值新关系.py,B,未审计，待逐件裁定,已复制
大统一场论_算法联盟最高权限/v2/V34_全维审计_是否频率化.py,22443,90_历史归档\来源语料_utf_20261009\语料\大统一场论_算法联盟最高权限\v2\V34_全维审计_是否频率化.py,B,未审计，待逐件裁定,已复制
大统一场论_算法联盟最高权限/v2/V35_四力复数曲率统一_Ξ源.py,10537,90_历史归档\来源语料_utf_20261009\语料\大统一场论_算法联盟最高权限\v2\V35_四力复数曲率统一_Ξ源.py,B,未审计，待逐件裁定,已复制
大统一场论_算法联盟最高权限/v2/V36_Ξ作用量_四力FORM统一突破.py,29456,90_历史归档\来源语料_utf_20261009\语料\大统一场论_算法联盟最高权限\v2\V36_Ξ作用量_四力FORM统一突破.py,B,未审计，待逐件裁定,已复制
大统一场论_算法联盟最高权限/v2/V37_ℏ几何化_时空离散性涌现.py,26598,90_历史归档\来源语料_utf_20261009\语料\大统一场论_算法联盟最高权限\v2\V37_ℏ几何化_时空离散性涌现.py,B,未审计，待逐件裁定,已复制
大统一场论_算法联盟最高权限/v2/V38_统一分类报告_全维度成就地图.py,73612,90_历史归档\来源语料_utf_20261009\语料\大统一场论_算法联盟最高权限\v2\V38_统一分类报告_全维度成就地图.py,B,未审计，待逐件裁定,已复制
大统一场论_算法联盟最高权限/v2/V39_引力维度推广_κ到Riemann映射.py,19366,90_历史归档\来源语料_utf_20261009\语料\大统一场论_算法联盟最高权限\v2\V39_引力维度推广_κ到Riemann映射.py,B,未审计，待逐件裁定,已复制
大统一场论_算法联盟最高权限/v2/V40_弱力手性映射_螺旋与V-A结构.py,19073,90_历史归档\来源语料_utf_20261009\语料\大统一场论_算法联盟最高权限\v2\V40_弱力手性映射_螺旋与V-A结构.py,B,未审计，待逐件裁定,已复制
大统一场论_算法联盟最高权限/v2/V41_强力自由度审计_Ξ与SU3限制.py,26530,90_历史归档\来源语料_utf_20261009\语料\大统一场论_算法联盟最高权限\v2\V41_强力自由度审计_Ξ与SU3限制.py,B,未审计，待逐件裁定,已复制
大统一场论_算法联盟最高权限/v2/V42_V40V41诚实审计_四力统一审计线总结.py,46717,90_历史归档\来源语料_utf_20261009\语料\大统一场论_算法联盟最高权限\v2\V42_V40V41诚实审计_四力统一审计线总结.py,B,未审计，待逐件裁定,已复制
大统一场论_算法联盟最高权限/v2/V42_电磁力自然适配_四力结构综合审计.py,35246,90_历史归档\来源语料_utf_20261009\语料\大统一场论_算法联盟最高权限\v2\V42_电磁力自然适配_四力结构综合审计.py,B,未审计，待逐件裁定,已复制
大统一场论_算法联盟最高权限/v2/V43_色散关系算术错误修复_V30审计.py,29040,90_历史归档\来源语料_utf_20261009\语料\大统一场论_算法联盟最高权限\v2\V43_色散关系算术错误修复_V30审计.py,B,未审计，待逐件裁定,已复制
大统一场论_算法联盟最高权限/v2/V44_150七大发现诚实审计.py,12364,90_历史归档\来源语料_utf_20261009\语料\大统一场论_算法联盟最高权限\v2\V44_150七大发现诚实审计.py,B,未审计，待逐件裁定,已复制
大统一场论_算法联盟最高权限/v2/V47_反向破解大统一场论_从SM_GR反推统一结构.py,43419,90_历史归档\来源语料_utf_20261009\语料\大统一场论_算法联盟最高权限\v2\V47_反向破解大统一场论_从SM_GR反推统一结构.py,B,未审计，待逐件裁定,已复制
大统一场论_算法联盟最高权限/v2/V48_五突破路径_引力强力弱力GUTHiggs诚实分级.py,65237,90_历史归档\来源语料_utf_20261009\语料\大统一场论_算法联盟最高权限\v2\V48_五突破路径_引力强力弱力GUTHiggs诚实分级.py,B,未审计，待逐件裁定,已复制
大统一场论_算法联盟最高权限/v2/V49_v总c_曲率挠率频率_四力统一力谱.py,50607,90_历史归档\来源语料_utf_20261009\语料\大统一场论_算法联盟最高权限\v2\V49_v总c_曲率挠率频率_四力统一力谱.py,B,未审计，待逐件裁定,已复制
大统一场论_算法联盟最高权限/v2/V50_全维度破解_β系数关联与GUT统一标度.py,35940,90_历史归档\来源语料_utf_20261009\语料\大统一场论_算法联盟最高权限\v2\V50_全维度破解_β系数关联与GUT统一标度.py,B,未审计，待逐件裁定,已复制
大统一场论_算法联盟最高权限/v2/V51_全维度突破_φ几何深挖与终极验证.py,36199,90_历史归档\来源语料_utf_20261009\语料\大统一场论_算法联盟最高权限\v2\V51_全维度突破_φ几何深挖与终极验证.py,B,未审计，待逐件裁定,已复制
大统一场论_算法联盟最高权限/v2/V52_V15_8十项声称独立复核诚实审计.py,9445,90_历史归档\来源语料_utf_20261009\语料\大统一场论_算法联盟最高权限\v2\V52_V15_8十项声称独立复核诚实审计.py,B,未审计，待逐件裁定,已复制
大统一场论_算法联盟最高权限/v2/V53_V42到V51所有关键公式交叉验证.py,9945,90_历史归档\来源语料_utf_20261009\语料\大统一场论_算法联盟最高权限\v2\V53_V42到V51所有关键公式交叉验证.py,B,未审计，待逐件裁定,已复制
大统一场论_算法联盟最高权限/v2/V54_√φ预言的物理预言力量化.py,15689,90_历史归档\来源语料_utf_20261009\语料\大统一场论_算法联盟最高权限\v2\V54_√φ预言的物理预言力量化.py,B,未审计，待逐件裁定,已复制
大统一场论_算法联盟最高权限/v2/V55_π√2与√φ联合几何预言_新独立预言搜索.py,18069,90_历史归档\来源语料_utf_20261009\语料\大统一场论_算法联盟最高权限\v2\V55_π√2与√φ联合几何预言_新独立预言搜索.py,B,未审计，待逐件裁定,已复制
大统一场论_算法联盟最高权限/v2/V56_M_GUT等于αλCmP深挖_0.4%误差分析.py,20867,90_历史归档\来源语料_utf_20261009\语料\大统一场论_算法联盟最高权限\v2\V56_M_GUT等于αλCmP深挖_0.4%误差分析.py,B,未审计，待逐件裁定,已复制
大统一场论_算法联盟最高权限/v2/v5_breakthrough.py,14926,90_历史归档\来源语料_utf_20261009\语料\大统一场论_算法联盟最高权限\v2\v5_breakthrough.py,B,未审计，待逐件裁定,已复制
大统一场论_算法联盟最高权限/v2/V61_全量纲归一化与力间互转验证.py,26852,90_历史归档\来源语料_utf_20261009\语料\大统一场论_算法联盟最高权限\v2\V61_全量纲归一化与力间互转验证.py,B,未审计，待逐件裁定,已复制
大统一场论_算法联盟最高权限/v2/V62_全体系最终总结报告_V52至V61.py,43568,90_历史归档\来源语料_utf_20261009\语料\大统一场论_算法联盟最高权限\v2\V62_全体系最终总结报告_V52至V61.py,B,未审计，待逐件裁定,已复制
大统一场论_算法联盟最高权限/v2/V63_弱力β_weak_M_P反常与几何起源突破.py,20167,90_历史归档\来源语料_utf_20261009\语料\大统一场论_算法联盟最高权限\v2\V63_弱力β_weak_M_P反常与几何起源突破.py,B,未审计，待逐件裁定,已复制
大统一场论_算法联盟最高权限/v2/V64_从几何到规范场_ZUFT物理理论升级.py,28001,90_历史归档\来源语料_utf_20261009\语料\大统一场论_算法联盟最高权限\v2\V64_从几何到规范场_ZUFT物理理论升级.py,B,未审计，待逐件裁定,已复制
大统一场论_算法联盟最高权限/v2/V65_V64物理理论升级诚实审计破解.py,33182,90_历史归档\来源语料_utf_20261009\语料\大统一场论_算法联盟最高权限\v2\V65_V64物理理论升级诚实审计破解.py,B,未审计，待逐件裁定,已复制
大统一场论_算法联盟最高权限/v2/V66_全维度算法脸面审计_验证矩阵批判.py,31157,90_历史归档\来源语料_utf_20261009\语料\大统一场论_算法联盟最高权限\v2\V66_全维度算法脸面审计_验证矩阵批判.py,B,未审计，待逐件裁定,已复制
大统一场论_算法联盟最高权限/v2/V67_TAUT检测引擎_恒等式传播链追踪.py,26766,90_历史归档\来源语料_utf_20261009\语料\大统一场论_算法联盟最高权限\v2\V67_TAUT检测引擎_恒等式传播链追踪.py,B,未审计，待逐件裁定,已复制
大统一场论_算法联盟最高权限/v2/V68_拓扑项量化_Frenet标架∮κ∧τ.py,28372,90_历史归档\来源语料_utf_20261009\语料\大统一场论_算法联盟最高权限\v2\V68_拓扑项量化_Frenet标架∮κ∧τ.py,B,未审计，待逐件裁定,已复制
大统一场论_算法联盟最高权限/v2/V69_量子化突破_κτ对易子量纲与拓扑量子化.py,40090,90_历史归档\来源语料_utf_20261009\语料\大统一场论_算法联盟最高权限\v2\V69_量子化突破_κτ对易子量纲与拓扑量子化.py,B,未审计，待逐件裁定,已复制
大统一场论_算法联盟最高权限/v2/v6_correct_geometric_parametrization.py,14595,90_历史归档\来源语料_utf_20261009\语料\大统一场论_算法联盟最高权限\v2\v6_correct_geometric_parametrization.py,B,未审计，待逐件裁定,已复制
大统一场论_算法联盟最高权限/v2/v7_hydrogen_fine_structure.py,49075,90_历史归档\来源语料_utf_20261009\语料\大统一场论_算法联盟最高权限\v2\v7_hydrogen_fine_structure.py,B,未审计，待逐件裁定,已复制
大统一场论_算法联盟最高权限/v2/v8_commutator_derivation.py,24603,90_历史归档\来源语料_utf_20261009\语料\大统一场论_算法联盟最高权限\v2\v8_commutator_derivation.py,B,未审计，待逐件裁定,已复制
大统一场论_算法联盟最高权限/v2/verify_v2_alpha_firstprinciples.py,6659,90_历史归档\来源语料_utf_20261009\语料\大统一场论_算法联盟最高权限\v2\verify_v2_alpha_firstprinciples.py,B,未审计，待逐件裁定,已复制
大统一场论_算法联盟最高权限/v2/verify_v2_alpha_running.py,4430,90_历史归档\来源语料_utf_20261009\语料\大统一场论_算法联盟最高权限\v2\verify_v2_alpha_running.py,B,未审计，待逐件裁定,已复制
大统一场论_算法联盟最高权限/v2/verify_v2_breakthrough.py,5614,90_历史归档\来源语料_utf_20261009\语料\大统一场论_算法联盟最高权限\v2\verify_v2_breakthrough.py,B,未审计，待逐件裁定,已复制
大统一场论_算法联盟最高权限/v2/verify_v2_bridge.py,4699,90_历史归档\来源语料_utf_20261009\语料\大统一场论_算法联盟最高权限\v2\verify_v2_bridge.py,B,未审计，待逐件裁定,已复制
大统一场论_算法联盟最高权限/v2/verify_v2_definitive.py,7967,90_历史归档\来源语料_utf_20261009\语料\大统一场论_算法联盟最高权限\v2\verify_v2_definitive.py,B,未审计，待逐件裁定,已复制
大统一场论_算法联盟最高权限/v2/verify_v2_falsify.py,2867,90_历史归档\来源语料_utf_20261009\语料\大统一场论_算法联盟最高权限\v2\verify_v2_falsify.py,B,未审计，待逐件裁定,已复制
大统一场论_算法联盟最高权限/v2/verify_v2_full.py,19450,90_历史归档\来源语料_utf_20261009\语料\大统一场论_算法联盟最高权限\v2\verify_v2_full.py,B,未审计，待逐件裁定,已复制
大统一场论_算法联盟最高权限/v2/verify_v2_gauge_bridge.py,7726,90_历史归档\来源语料_utf_20261009\语料\大统一场论_算法联盟最高权限\v2\verify_v2_gauge_bridge.py,B,未审计，待逐件裁定,已复制
大统一场论_算法联盟最高权限/v2/verify_v2_mass_count.py,7118,90_历史归档\来源语料_utf_20261009\语料\大统一场论_算法联盟最高权限\v2\verify_v2_mass_count.py,B,未审计，待逐件裁定,已复制
大统一场论_算法联盟最高权限/v2/verify_v2_standalone.py,32779,90_历史归档\来源语料_utf_20261009\语料\大统一场论_算法联盟最高权限\v2\verify_v2_standalone.py,B,未审计，待逐件裁定,已复制
大统一场论_算法联盟最高权限/v2/wrfc_h全维互转矩阵_验证脚本.py,4587,90_历史归档\来源语料_utf_20261009\语料\大统一场论_算法联盟最高权限\v2\wrfc_h全维互转矩阵_验证脚本.py,B,未审计，待逐件裁定,已复制
大统一场论_算法联盟最高权限/v2/wrfc_h全维互转矩阵分析.md,4504,90_历史归档\来源语料_utf_20261009\语料\大统一场论_算法联盟最高权限\v2\wrfc_h全维互转矩阵分析.md,B,未审计，待逐件裁定,已复制
大统一场论_算法联盟最高权限/v2/α全维度终极谱系.md,6889,90_历史归档\来源语料_utf_20261009\语料\大统一场论_算法联盟最高权限\v2\α全维度终极谱系.md,B,未审计，待逐件裁定,已复制
大统一场论_算法联盟最高权限/v2/α几何因子幂谱_全维精算验证.py,5527,90_历史归档\来源语料_utf_20261009\语料\大统一场论_算法联盟最高权限\v2\α几何因子幂谱_全维精算验证.py,B,未审计，待逐件裁定,已复制
大统一场论_算法联盟最高权限/v2/α几何因子幂谱_量子域扩展_全维精算验证.py,10334,90_历史归档\来源语料_utf_20261009\语料\大统一场论_算法联盟最高权限\v2\α几何因子幂谱_量子域扩展_全维精算验证.py,B,未审计，待逐件裁定,已复制
大统一场论_算法联盟最高权限/v2/α几何因子幂谱分析.md,15257,90_历史归档\来源语料_utf_20261009\语料\大统一场论_算法联盟最高权限\v2\α几何因子幂谱分析.md,B,未审计，待逐件裁定,已复制
大统一场论_算法联盟最高权限/v2/α幂谱PRED突破_L与g-2.py,15868,90_历史归档\来源语料_utf_20261009\语料\大统一场论_算法联盟最高权限\v2\α幂谱PRED突破_L与g-2.py,B,未审计，待逐件裁定,已复制
大统一场论_算法联盟最高权限/v2/α幂谱生成规则定理_验证.py,3878,90_历史归档\来源语料_utf_20261009\语料\大统一场论_算法联盟最高权限\v2\α幂谱生成规则定理_验证.py,B,未审计，待逐件裁定,已复制
大统一场论_算法联盟最高权限/v2/全尺度α幂谱与宇宙学方程盘点.md,3399,90_历史归档\来源语料_utf_20261009\语料\大统一场论_算法联盟最高权限\v2\全尺度α幂谱与宇宙学方程盘点.md,B,未审计，待逐件裁定,已复制
大统一场论_算法联盟最高权限/v2/全尺度α幂谱与宇宙学方程验证.py,4608,90_历史归档\来源语料_utf_20261009\语料\大统一场论_算法联盟最高权限\v2\全尺度α幂谱与宇宙学方程验证.py,B,未审计，待逐件裁定,已复制
大统一场论_算法联盟最高权限/v2/全维互转_传统公式_验证脚本.py,5875,90_历史归档\来源语料_utf_20261009\语料\大统一场论_算法联盟最高权限\v2\全维互转_传统公式_验证脚本.py,B,未审计，待逐件裁定,已复制
大统一场论_算法联盟最高权限/v2/全维互转_传统公式分析.md,5190,90_历史归档\来源语料_utf_20261009\语料\大统一场论_算法联盟最高权限\v2\全维互转_传统公式分析.md,B,未审计，待逐件裁定,已复制
大统一场论_算法联盟最高权限/v2/全维分析_常量方程几何结构验证.py,13079,90_历史归档\来源语料_utf_20261009\语料\大统一场论_算法联盟最高权限\v2\全维分析_常量方程几何结构验证.py,B,未审计，待逐件裁定,已复制
大统一场论_算法联盟最高权限/v2/全维分析_流程图关系图元数据几何结构.md,10844,90_历史归档\来源语料_utf_20261009\语料\大统一场论_算法联盟最高权限\v2\全维分析_流程图关系图元数据几何结构.md,B,未审计，待逐件裁定,已复制
大统一场论_算法联盟最高权限/v2/全维审计_是否全部频率化.py,6897,90_历史归档\来源语料_utf_20261009\语料\大统一场论_算法联盟最高权限\v2\全维审计_是否全部频率化.py,B,未审计，待逐件裁定,已复制
大统一场论_算法联盟最高权限/v2/全维常量几何结构方程_全体系关系图.py,13198,90_历史归档\来源语料_utf_20261009\语料\大统一场论_算法联盟最高权限\v2\全维常量几何结构方程_全体系关系图.py,B,未审计，待逐件裁定,已复制
大统一场论_算法联盟最高权限/v2/全维物理理论体系综合突破总结.md,6777,90_历史归档\来源语料_utf_20261009\语料\大统一场论_算法联盟最高权限\v2\全维物理理论体系综合突破总结.md,B,未审计，待逐件裁定,已复制
大统一场论_算法联盟最高权限/v2/全维规律谱系_统一精算总结.md,5072,90_历史归档\来源语料_utf_20261009\语料\大统一场论_算法联盟最高权限\v2\全维规律谱系_统一精算总结.md,B,未审计，待逐件裁定,已复制
大统一场论_算法联盟最高权限/v2/几何量子化_氢原子全维精算验证.py,17353,90_历史归档\来源语料_utf_20261009\语料\大统一场论_算法联盟最高权限\v2\几何量子化_氢原子全维精算验证.py,B,未审计，待逐件裁定,已复制
大统一场论_算法联盟最高权限/v2/几何量子化同构_κτ相空间到量子力学.py,9827,90_历史归档\来源语料_utf_20261009\语料\大统一场论_算法联盟最高权限\v2\几何量子化同构_κτ相空间到量子力学.py,B,未审计，待逐件裁定,已复制
大统一场论_算法联盟最高权限/v2/几何量子化激活尺度_PBH可观测异常推导.py,6587,90_历史归档\来源语料_utf_20261009\语料\大统一场论_算法联盟最高权限\v2\几何量子化激活尺度_PBH可观测异常推导.py,B,未审计，待逐件裁定,已复制
大统一场论_算法联盟最高权限/v2/几何量子化激活尺度_域边界精算.py,4439,90_历史归档\来源语料_utf_20261009\语料\大统一场论_算法联盟最高权限\v2\几何量子化激活尺度_域边界精算.py,B,未审计，待逐件裁定,已复制
大统一场论_算法联盟最高权限/v2/卷十三NoGo全维复核_修复优化.py,6490,90_历史归档\来源语料_utf_20261009\语料\大统一场论_算法联盟最高权限\v2\卷十三NoGo全维复核_修复优化.py,B,未审计，待逐件裁定,已复制
大统一场论_算法联盟最高权限/v2/卷十三NoGo复核三_拓扑假设算术与公理.py,2026,90_历史归档\来源语料_utf_20261009\语料\大统一场论_算法联盟最高权限\v2\卷十三NoGo复核三_拓扑假设算术与公理.py,B,未审计，待逐件裁定,已复制
大统一场论_算法联盟最高权限/v2/卷十三NoGo复核二_弗里德曼量纲与g2.py,3802,90_历史归档\来源语料_utf_20261009\语料\大统一场论_算法联盟最高权限\v2\卷十三NoGo复核二_弗里德曼量纲与g2.py,B,未审计，待逐件裁定,已复制
大统一场论_算法联盟最高权限/v2/卷十三_13.2_NoGo1_量纲修复验证.py,5760,90_历史归档\来源语料_utf_20261009\语料\大统一场论_算法联盟最高权限\v2\卷十三_13.2_NoGo1_量纲修复验证.py,B,未审计，待逐件裁定,已复制
大统一场论_算法联盟最高权限/v2/卷十三_13.4_NoGo3_g2数值核对.py,3938,90_历史归档\来源语料_utf_20261009\语料\大统一场论_算法联盟最高权限\v2\卷十三_13.4_NoGo3_g2数值核对.py,B,未审计，待逐件裁定,已复制
大统一场论_算法联盟最高权限/v2/卷十三_13.5_NoGo4_质量比证伪核对.py,3771,90_历史归档\来源语料_utf_20261009\语料\大统一场论_算法联盟最高权限\v2\卷十三_13.5_NoGo4_质量比证伪核对.py,B,未审计，待逐件裁定,已复制
大统一场论_算法联盟最高权限/v2/卷十三突破审计_三个新公理.py,10914,90_历史归档\来源语料_utf_20261009\语料\大统一场论_算法联盟最高权限\v2\卷十三突破审计_三个新公理.py,B,未审计，待逐件裁定,已复制
大统一场论_算法联盟最高权限/v2/引力本质_全维证伪条件审计.py,8563,90_历史归档\来源语料_utf_20261009\语料\大统一场论_算法联盟最高权限\v2\引力本质_全维证伪条件审计.py,B,未审计，待逐件裁定,已复制
大统一场论_算法联盟最高权限/v2/引力本质_证伪条件审计报告.md,4346,90_历史归档\来源语料_utf_20261009\语料\大统一场论_算法联盟最高权限\v2\引力本质_证伪条件审计报告.md,B,未审计，待逐件裁定,已复制
大统一场论_算法联盟最高权限/v2/方向CB_引力本质双突破_层级比与全息熵.py,7836,90_历史归档\来源语料_utf_20261009\语料\大统一场论_算法联盟最高权限\v2\方向CB_引力本质双突破_层级比与全息熵.py,B,未审计，待逐件裁定,已复制
大统一场论_算法联盟最高权限/v2/最伟大科学家全维审核报告_2026-08-10.md,10068,90_历史归档\来源语料_utf_20261009\语料\大统一场论_算法联盟最高权限\v2\最伟大科学家全维审核报告_2026-08-10.md,B,未审计，待逐件裁定,已复制
大统一场论_算法联盟最高权限/v2/正确的公式验证研究.md,37823,90_历史归档\来源语料_utf_20261009\语料\大统一场论_算法联盟最高权限\v2\正确的公式验证研究.md,B,未审计，待逐件裁定,已复制
大统一场论_算法联盟最高权限/v2/物理量纲全维谱系.md,11345,90_历史归档\来源语料_utf_20261009\语料\大统一场论_算法联盟最高权限\v2\物理量纲全维谱系.md,B,未审计，待逐件裁定,已复制
大统一场论_算法联盟最高权限/v2/物理预言的来源与几何框架突破路径.md,14101,90_历史归档\来源语料_utf_20261009\语料\大统一场论_算法联盟最高权限\v2\物理预言的来源与几何框架突破路径.md,B,未审计，待逐件裁定,已复制
大统一场论_算法联盟最高权限/v2/目录.md,15996,90_历史归档\来源语料_utf_20261009\语料\大统一场论_算法联盟最高权限\v2\目录.md,B,未审计，待逐件裁定,已复制
大统一场论_算法联盟最高权限/v2/破解四大未解之谜.py,6199,90_历史归档\来源语料_utf_20261009\语料\大统一场论_算法联盟最高权限\v2\破解四大未解之谜.py,B,未审计，待逐件裁定,已复制
大统一场论_算法联盟最高权限/v2/第一性原理求导证明验证精算分析.py,7139,90_历史归档\来源语料_utf_20261009\语料\大统一场论_算法联盟最高权限\v2\第一性原理求导证明验证精算分析.py,B,未审计，待逐件裁定,已复制
大统一场论_算法联盟最高权限/v2/算法联盟最高权_全维总结与继续突破路线图.md,13423,90_历史归档\来源语料_utf_20261009\语料\大统一场论_算法联盟最高权限\v2\算法联盟最高权_全维总结与继续突破路线图.md,B,未审计，待逐件裁定,已复制
大统一场论_算法联盟最高权限/v2/终极统一理论体系方程_单一公理到全体系.py,3467,90_历史归档\来源语料_utf_20261009\语料\大统一场论_算法联盟最高权限\v2\终极统一理论体系方程_单一公理到全体系.py,B,未审计，待逐件裁定,已复制
大统一场论_算法联盟最高权限/v2/终极统一理论体系方程_权威总结与可证伪条件.md,5852,90_历史归档\来源语料_utf_20261009\语料\大统一场论_算法联盟最高权限\v2\终极统一理论体系方程_权威总结与可证伪条件.md,B,未审计，待逐件裁定,已复制
大统一场论_算法联盟最高权限/v2/继续求导证明验证_氢原子与动量分解.py,7068,90_历史归档\来源语料_utf_20261009\语料\大统一场论_算法联盟最高权限\v2\继续求导证明验证_氢原子与动量分解.py,B,未审计，待逐件裁定,已复制
大统一场论_算法联盟最高权限/v2/螺旋与传统公式双向转换.md,11542,90_历史归档\来源语料_utf_20261009\语料\大统一场论_算法联盟最高权限\v2\螺旋与传统公式双向转换.md,B,未审计，待逐件裁定,已复制
大统一场论_算法联盟最高权限/v2/螺旋与传统公式双向转换验证.py,5061,90_历史归档\来源语料_utf_20261009\语料\大统一场论_算法联盟最高权限\v2\螺旋与传统公式双向转换验证.py,B,未审计，待逐件裁定,已复制
大统一场论_算法联盟最高权限/v2/螺旋与传统公式引力帧双向转换.py,5444,90_历史归档\来源语料_utf_20261009\语料\大统一场论_算法联盟最高权限\v2\螺旋与传统公式引力帧双向转换.py,B,未审计，待逐件裁定,已复制
大统一场论_算法联盟最高权限/v2/螺旋时空大统一场论_V2_全维精算验证报告_详细版.md,23404,90_历史归档\来源语料_utf_20261009\语料\大统一场论_算法联盟最高权限\v2\螺旋时空大统一场论_V2_全维精算验证报告_详细版.md,B,未审计，待逐件裁定,已复制
大统一场论_算法联盟最高权限/v2/轻子质量谱结构探索.py,4156,90_历史归档\来源语料_utf_20261009\语料\大统一场论_算法联盟最高权限\v2\轻子质量谱结构探索.py,B,未审计，待逐件裁定,已复制
大统一场论_算法联盟最高权限/v2/频率全维归一化_验证脚本.py,3433,90_历史归档\来源语料_utf_20261009\语料\大统一场论_算法联盟最高权限\v2\频率全维归一化_验证脚本.py,B,未审计，待逐件裁定,已复制
大统一场论_算法联盟最高权限/v2/频率全维归一化分析.md,3769,90_历史归档\来源语料_utf_20261009\语料\大统一场论_算法联盟最高权限\v2\频率全维归一化分析.md,B,未审计，待逐件裁定,已复制
大统一场论_算法联盟最高权限/v2/引力场全维破解专著/00_总纲.md,4731,90_历史归档\来源语料_utf_20261009\语料\大统一场论_算法联盟最高权限\v2\引力场全维破解专著\00_总纲.md,B,未审计，待逐件裁定,已复制
大统一场论_算法联盟最高权限/v2/引力场全维破解专著/01_卷一_引力理论全维史.md,3354,90_历史归档\来源语料_utf_20261009\语料\大统一场论_算法联盟最高权限\v2\引力场全维破解专著\01_卷一_引力理论全维史.md,B,未审计，待逐件裁定,已复制
大统一场论_算法联盟最高权限/v2/引力场全维破解专著/02_卷二_引力核心公式体系.md,3174,90_历史归档\来源语料_utf_20261009\语料\大统一场论_算法联盟最高权限\v2\引力场全维破解专著\02_卷二_引力核心公式体系.md,B,未审计，待逐件裁定,已复制
大统一场论_算法联盟最高权限/v2/引力场全维破解专著/03_卷三_引力秘密破解.md,4063,90_历史归档\来源语料_utf_20261009\语料\大统一场论_算法联盟最高权限\v2\引力场全维破解专著\03_卷三_引力秘密破解.md,B,未审计，待逐件裁定,已复制
大统一场论_算法联盟最高权限/v2/引力场全维破解专著/04_卷四_应用场景突破.md,4515,90_历史归档\来源语料_utf_20261009\语料\大统一场论_算法联盟最高权限\v2\引力场全维破解专著\04_卷四_应用场景突破.md,B,未审计，待逐件裁定,已复制
大统一场论_算法联盟最高权限/v2/引力场全维破解专著/05_卷五_超宇宙文明远景.md,4128,90_历史归档\来源语料_utf_20261009\语料\大统一场论_算法联盟最高权限\v2\引力场全维破解专著\05_卷五_超宇宙文明远景.md,B,未审计，待逐件裁定,已复制
大统一场论_算法联盟最高权限/v2/引力场全维破解专著/06_附录_全维审核认证.md,6102,90_历史归档\来源语料_utf_20261009\语料\大统一场论_算法联盟最高权限\v2\引力场全维破解专著\06_附录_全维审核认证.md,B,未审计，待逐件裁定,已复制
大统一场论_算法联盟最高权限/v2/引力场全维破解专著/07_综合验证与全维审核.py,9107,90_历史归档\来源语料_utf_20261009\语料\大统一场论_算法联盟最高权限\v2\引力场全维破解专著\07_综合验证与全维审核.py,B,未审计，待逐件裁定,已复制
大统一场论_算法联盟最高权限/v2/引力场全维破解专著/08_天体多帧精算验证.py,6466,90_历史归档\来源语料_utf_20261009\语料\大统一场论_算法联盟最高权限\v2\引力场全维破解专著\08_天体多帧精算验证.py,B,未审计，待逐件裁定,已复制
大统一场论_算法联盟最高权限/v2/引力场全维破解专著/09_引力透镜引力波GPS精算.py,4919,90_历史归档\来源语料_utf_20261009\语料\大统一场论_算法联盟最高权限\v2\引力场全维破解专著\09_引力透镜引力波GPS精算.py,B,未审计，待逐件裁定,已复制
大统一场论_算法联盟最高权限/v2/引力场全维破解专著/验证_引力场破解.py,2939,90_历史归档\来源语料_utf_20261009\语料\大统一场论_算法联盟最高权限\v2\引力场全维破解专著\验证_引力场破解.py,B,未审计，待逐件裁定,已复制
大统一场论_算法联盟最高权限/v4/00_全维自动处理报告.json,21753,90_历史归档\来源语料_utf_20261009\语料\大统一场论_算法联盟最高权限\v4\00_全维自动处理报告.json,B,未审计，待逐件裁定,已复制
大统一场论_算法联盟最高权限/v4/00_全维自动处理报告.md,6433,90_历史归档\来源语料_utf_20261009\语料\大统一场论_算法联盟最高权限\v4\00_全维自动处理报告.md,B,未审计，待逐件裁定,已复制
大统一场论_算法联盟最高权限/v4/00_全维自动处理管线.py,14497,90_历史归档\来源语料_utf_20261009\语料\大统一场论_算法联盟最高权限\v4\00_全维自动处理管线.py,B,未审计，待逐件裁定,已复制
大统一场论_算法联盟最高权限/v4/00_新创融合版总纲.md,5773,90_历史归档\来源语料_utf_20261009\语料\大统一场论_算法联盟最高权限\v4\00_新创融合版总纲.md,B,未审计，待逐件裁定,已复制
大统一场论_算法联盟最高权限/v4/01_融合公理体系.md,3616,90_历史归档\来源语料_utf_20261009\语料\大统一场论_算法联盟最高权限\v4\01_融合公理体系.md,B,未审计，待逐件裁定,已复制
大统一场论_算法联盟最高权限/v4/02_核心方程融合总表.md,4708,90_历史归档\来源语料_utf_20261009\语料\大统一场论_算法联盟最高权限\v4\02_核心方程融合总表.md,B,未审计，待逐件裁定,已复制
大统一场论_算法联盟最高权限/v4/03_跨数学科技融合.md,4834,90_历史归档\来源语料_utf_20261009\语料\大统一场论_算法联盟最高权限\v4\03_跨数学科技融合.md,B,未审计，待逐件裁定,已复制
大统一场论_算法联盟最高权限/v4/04_融合验证脚本.py,8867,90_历史归档\来源语料_utf_20261009\语料\大统一场论_算法联盟最高权限\v4\04_融合验证脚本.py,B,未审计，待逐件裁定,已复制
大统一场论_算法联盟最高权限/v4/05_全维全域迁移记录.md,29483,90_历史归档\来源语料_utf_20261009\语料\大统一场论_算法联盟最高权限\v4\05_全维全域迁移记录.md,B,未审计，待逐件裁定,已复制
大统一场论_算法联盟最高权限/v4/06_普朗克常数ℏ_空间几何本源化.md,6170,90_历史归档\来源语料_utf_20261009\语料\大统一场论_算法联盟最高权限\v4\06_普朗克常数ℏ_空间几何本源化.md,B,未审计，待逐件裁定,已复制
大统一场论_算法联盟最高权限/v4/07_ℏ_几何本源化验证.py,6529,90_历史归档\来源语料_utf_20261009\语料\大统一场论_算法联盟最高权限\v4\07_ℏ_几何本源化验证.py,B,未审计，待逐件裁定,已复制
大统一场论_算法联盟最高权限/v4/08_ℏ本源化_全维分析验证.md,8566,90_历史归档\来源语料_utf_20261009\语料\大统一场论_算法联盟最高权限\v4\08_ℏ本源化_全维分析验证.md,B,未审计，待逐件裁定,已复制
大统一场论_算法联盟最高权限/v4/09_全维常数曲率挠率精算.py,13706,90_历史归档\来源语料_utf_20261009\语料\大统一场论_算法联盟最高权限\v4\09_全维常数曲率挠率精算.py,B,未审计，待逐件裁定,已复制
大统一场论_算法联盟最高权限/v4/09_全维常数本源精算报告.md,7699,90_历史归档\来源语料_utf_20261009\语料\大统一场论_算法联盟最高权限\v4\09_全维常数本源精算报告.md,B,未审计，待逐件裁定,已复制
大统一场论_算法联盟最高权限/v4/10_元电荷e引力G_全维本源化报告.md,4349,90_历史归档\来源语料_utf_20261009\语料\大统一场论_算法联盟最高权限\v4\10_元电荷e引力G_全维本源化报告.md,B,未审计，待逐件裁定,已复制
大统一场论_算法联盟最高权限/v4/10_元电荷e引力G_全维本源化验证.py,8022,90_历史归档\来源语料_utf_20261009\语料\大统一场论_算法联盟最高权限\v4\10_元电荷e引力G_全维本源化验证.py,B,未审计，待逐件裁定,已复制
大统一场论_算法联盟最高权限/v4/11_元电荷e引力G_全维本源化.md,5877,90_历史归档\来源语料_utf_20261009\语料\大统一场论_算法联盟最高权限\v4\11_元电荷e引力G_全维本源化.md,B,未审计，待逐件裁定,已复制
大统一场论_算法联盟最高权限/v4/12_全维本源化_终极闭环与四力统一.md,5418,90_历史归档\来源语料_utf_20261009\语料\大统一场论_算法联盟最高权限\v4\12_全维本源化_终极闭环与四力统一.md,B,未审计，待逐件裁定,已复制
大统一场论_算法联盟最高权限/v4/12_本源式归一化_全维解析证明.md,6042,90_历史归档\来源语料_utf_20261009\语料\大统一场论_算法联盟最高权限\v4\12_本源式归一化_全维解析证明.md,B,未审计，待逐件裁定,已复制
大统一场论_算法联盟最高权限/v4/13_全维本源化_终极闭环报告.md,4053,90_历史归档\来源语料_utf_20261009\语料\大统一场论_算法联盟最高权限\v4\13_全维本源化_终极闭环报告.md,B,未审计，待逐件裁定,已复制
大统一场论_算法联盟最高权限/v4/13_全维本源化_终极闭环验证.py,7815,90_历史归档\来源语料_utf_20261009\语料\大统一场论_算法联盟最高权限\v4\13_全维本源化_终极闭环验证.py,B,未审计，待逐件裁定,已复制
大统一场论_算法联盟最高权限/v4/14_宇宙本源五问_全维解析.md,10963,90_历史归档\来源语料_utf_20261009\语料\大统一场论_算法联盟最高权限\v4\14_宇宙本源五问_全维解析.md,B,未审计，待逐件裁定,已复制
大统一场论_算法联盟最高权限/v4/15_ℏ几何本源_全维分析验证.md,5866,90_历史归档\来源语料_utf_20261009\语料\大统一场论_算法联盟最高权限\v4\15_ℏ几何本源_全维分析验证.md,B,未审计，待逐件裁定,已复制
大统一场论_算法联盟最高权限/v4/16_ℏ几何本源_全维验证.py,7158,90_历史归档\来源语料_utf_20261009\语料\大统一场论_算法联盟最高权限\v4\16_ℏ几何本源_全维验证.py,B,未审计，待逐件裁定,已复制
大统一场论_算法联盟最高权限/v4/16_ℏ几何本源_全维验证报告.md,3728,90_历史归档\来源语料_utf_20261009\语料\大统一场论_算法联盟最高权限\v4\16_ℏ几何本源_全维验证报告.md,B,未审计，待逐件裁定,已复制
大统一场论_算法联盟最高权限/v4/17_全维求导证明_空间动态与粒子运动.py,6871,90_历史归档\来源语料_utf_20261009\语料\大统一场论_算法联盟最高权限\v4\17_全维求导证明_空间动态与粒子运动.py,B,未审计，待逐件裁定,已复制
大统一场论_算法联盟最高权限/v4/18_破解宇宙秘密密码_全维求导证明论文.md,8285,90_历史归档\来源语料_utf_20261009\语料\大统一场论_算法联盟最高权限\v4\18_破解宇宙秘密密码_全维求导证明论文.md,B,未审计，待逐件裁定,已复制
大统一场论_算法联盟最高权限/v4/19_粒子属性全维归一化_宇宙本源破解.py,7268,90_历史归档\来源语料_utf_20261009\语料\大统一场论_算法联盟最高权限\v4\19_粒子属性全维归一化_宇宙本源破解.py,B,未审计，待逐件裁定,已复制
大统一场论_算法联盟最高权限/v4/19_粒子属性全维归一化_宇宙本源破解报告.md,7468,90_历史归档\来源语料_utf_20261009\语料\大统一场论_算法联盟最高权限\v4\19_粒子属性全维归一化_宇宙本源破解报告.md,B,未审计，待逐件裁定,已复制
大统一场论_算法联盟最高权限/v4/20_NGX边界修复_分级螺旋与Koide谱_全维验证.py,8571,90_历史归档\来源语料_utf_20261009\语料\大统一场论_算法联盟最高权限\v4\20_NGX边界修复_分级螺旋与Koide谱_全维验证.py,B,未审计，待逐件裁定,已复制
大统一场论_算法联盟最高权限/v4/20_NGX边界修复_分级螺旋与Koide谱_全维验证报告.md,8622,90_历史归档\来源语料_utf_20261009\语料\大统一场论_算法联盟最高权限\v4\20_NGX边界修复_分级螺旋与Koide谱_全维验证报告.md,B,未审计，待逐件裁定,已复制
大统一场论_算法联盟最高权限/v4/21_alpha公理地位_修复修复验证.py,5037,90_历史归档\来源语料_utf_20261009\语料\大统一场论_算法联盟最高权限\v4\21_alpha公理地位_修复修复验证.py,B,未审计，待逐件裁定,已复制
大统一场论_算法联盟最高权限/v4/22_四力统一场方程_新理论体系.md,7988,90_历史归档\来源语料_utf_20261009\语料\大统一场论_算法联盟最高权限\v4\22_四力统一场方程_新理论体系.md,B,未审计，待逐件裁定,已复制
大统一场论_算法联盟最高权限/v4/22_四力统一场方程_新理论体系推导.py,7373,90_历史归档\来源语料_utf_20261009\语料\大统一场论_算法联盟最高权限\v4\22_四力统一场方程_新理论体系推导.py,B,未审计，待逐件裁定,已复制
大统一场论_算法联盟最高权限/v4/23_四力耦合异常审查_诚实修正.py,4124,90_历史归档\来源语料_utf_20261009\语料\大统一场论_算法联盟最高权限\v4\23_四力耦合异常审查_诚实修正.py,B,未审计，待逐件裁定,已复制
大统一场论_算法联盟最高权限/v4/24_NGX4强弱暗物质_分级螺旋推导.py,5746,90_历史归档\来源语料_utf_20261009\语料\大统一场论_算法联盟最高权限\v4\24_NGX4强弱暗物质_分级螺旋推导.py,B,未审计，待逐件裁定,已复制
大统一场论_算法联盟最高权限/v4/24_NGX4强弱暗物质_分级螺旋推导报告.md,4294,90_历史归档\来源语料_utf_20261009\语料\大统一场论_算法联盟最高权限\v4\24_NGX4强弱暗物质_分级螺旋推导报告.md,B,未审计，待逐件裁定,已复制
大统一场论_算法联盟最高权限/v4/25_垂直原理全维求证_四力大统一方程.py,10717,90_历史归档\来源语料_utf_20261009\语料\大统一场论_算法联盟最高权限\v4\25_垂直原理全维求证_四力大统一方程.py,B,未审计，待逐件裁定,已复制
大统一场论_算法联盟最高权限/v4/25_垂直原理全维求证_四力大统一方程报告.md,8262,90_历史归档\来源语料_utf_20261009\语料\大统一场论_算法联盟最高权限\v4\25_垂直原理全维求证_四力大统一方程报告.md,B,未审计，待逐件裁定,已复制
大统一场论_算法联盟最高权限/v4/26_四力大小方向距离关系特性_全维求导精算.py,9516,90_历史归档\来源语料_utf_20261009\语料\大统一场论_算法联盟最高权限\v4\26_四力大小方向距离关系特性_全维求导精算.py,B,未审计，待逐件裁定,已复制
大统一场论_算法联盟最高权限/v4/26_四力大小方向距离关系特性_全维求导精算报告.md,6458,90_历史归档\来源语料_utf_20261009\语料\大统一场论_算法联盟最高权限\v4\26_四力大小方向距离关系特性_全维求导精算报告.md,B,未审计，待逐件裁定,已复制
大统一场论_算法联盟最高权限/v4/27_内禀挠率τ_int_第一性原理推导_闭合NGX4.py,8752,90_历史归档\来源语料_utf_20261009\语料\大统一场论_算法联盟最高权限\v4\27_内禀挠率τ_int_第一性原理推导_闭合NGX4.py,B,未审计，待逐件裁定,已复制
大统一场论_算法联盟最高权限/v4/27_内禀挠率τ_int_第一性原理推导_闭合NGX4报告.md,3833,90_历史归档\来源语料_utf_20261009\语料\大统一场论_算法联盟最高权限\v4\27_内禀挠率τ_int_第一性原理推导_闭合NGX4报告.md,B,未审计，待逐件裁定,已复制
大统一场论_算法联盟最高权限/v4/28_四大开放问题全维求导精算.py,10689,90_历史归档\来源语料_utf_20261009\语料\大统一场论_算法联盟最高权限\v4\28_四大开放问题全维求导精算.py,B,未审计，待逐件裁定,已复制
大统一场论_算法联盟最高权限/v4/28_四大开放问题全维求导精算报告.md,5587,90_历史归档\来源语料_utf_20261009\语料\大统一场论_算法联盟最高权限\v4\28_四大开放问题全维求导精算报告.md,B,未审计，待逐件裁定,已复制
大统一场论_算法联盟最高权限/v4/29_ε0几何本源_三大开放点全维复核.py,9732,90_历史归档\来源语料_utf_20261009\语料\大统一场论_算法联盟最高权限\v4\29_ε0几何本源_三大开放点全维复核.py,B,未审计，待逐件裁定,已复制
大统一场论_算法联盟最高权限/v4/29_ε0几何本源_三大开放点全维复核报告.md,4808,90_历史归档\来源语料_utf_20261009\语料\大统一场论_算法联盟最高权限\v4\29_ε0几何本源_三大开放点全维复核报告.md,B,未审计，待逐件裁定,已复制
大统一场论_算法联盟最高权限/v4/30_G的κτ双变量几何本源_修复28号单变量缺憾.py,8115,90_历史归档\来源语料_utf_20261009\语料\大统一场论_算法联盟最高权限\v4\30_G的κτ双变量几何本源_修复28号单变量缺憾.py,B,未审计，待逐件裁定,已复制
大统一场论_算法联盟最高权限/v4/30_G的κτ双变量几何本源_修复28号单变量缺憾报告.md,4164,90_历史归档\来源语料_utf_20261009\语料\大统一场论_算法联盟最高权限\v4\30_G的κτ双变量几何本源_修复28号单变量缺憾报告.md,B,未审计，待逐件裁定,已复制
大统一场论_算法联盟最高权限/v4/31_q0显形为元电荷e_ε0μ0Z0几何链闭合.py,8811,90_历史归档\来源语料_utf_20261009\语料\大统一场论_算法联盟最高权限\v4\31_q0显形为元电荷e_ε0μ0Z0几何链闭合.py,B,未审计，待逐件裁定,已复制
大统一场论_算法联盟最高权限/v4/31_q0显形为元电荷e_ε0μ0Z0几何链闭合报告.md,4612,90_历史归档\来源语料_utf_20261009\语料\大统一场论_算法联盟最高权限\v4\31_q0显形为元电荷e_ε0μ0Z0几何链闭合报告.md,B,未审计，待逐件裁定,已复制
大统一场论_算法联盟最高权限/v4/32_m_e绝对标度_螺旋基频与质量谱κτ生成律.py,8126,90_历史归档\来源语料_utf_20261009\语料\大统一场论_算法联盟最高权限\v4\32_m_e绝对标度_螺旋基频与质量谱κτ生成律.py,B,未审计，待逐件裁定,已复制
大统一场论_算法联盟最高权限/v4/32_m_e绝对标度_螺旋基频与质量谱κτ生成律报告.md,4402,90_历史归档\来源语料_utf_20261009\语料\大统一场论_算法联盟最高权限\v4\32_m_e绝对标度_螺旋基频与质量谱κτ生成律报告.md,B,未审计，待逐件裁定,已复制
大统一场论_算法联盟最高权限/v4/33_alpha的κτ级联投影_几何闭包与测量锚残留.py,9559,90_历史归档\来源语料_utf_20261009\语料\大统一场论_算法联盟最高权限\v4\33_alpha的κτ级联投影_几何闭包与测量锚残留.py,B,未审计，待逐件裁定,已复制
大统一场论_算法联盟最高权限/v4/33_alpha的κτ级联投影_几何闭包与测量锚残留报告.md,5357,90_历史归档\来源语料_utf_20261009\语料\大统一场论_算法联盟最高权限\v4\33_alpha的κτ级联投影_几何闭包与测量锚残留报告.md,B,未审计，待逐件裁定,已复制
大统一场论_算法联盟最高权限/v4/34_暗物质纯κ相丰度_几何分数与Planck验证.py,10402,90_历史归档\来源语料_utf_20261009\语料\大统一场论_算法联盟最高权限\v4\34_暗物质纯κ相丰度_几何分数与Planck验证.py,B,未审计，待逐件裁定,已复制
大统一场论_算法联盟最高权限/v4/34_暗物质纯κ相丰度_几何分数与Planck验证报告.md,4482,90_历史归档\来源语料_utf_20261009\语料\大统一场论_算法联盟最高权限\v4\34_暗物质纯κ相丰度_几何分数与Planck验证报告.md,B,未审计，待逐件裁定,已复制
大统一场论_算法联盟最高权限/v4/35_终极总成_全常数端到端机器零闭包链.py,10656,90_历史归档\来源语料_utf_20261009\语料\大统一场论_算法联盟最高权限\v4\35_终极总成_全常数端到端机器零闭包链.py,B,未审计，待逐件裁定,已复制
大统一场论_算法联盟最高权限/v4/35_终极总成_全常数端到端机器零闭包链报告.md,5364,90_历史归档\来源语料_utf_20261009\语料\大统一场论_算法联盟最高权限\v4\35_终极总成_全常数端到端机器零闭包链报告.md,B,未审计，待逐件裁定,已复制
大统一场论_算法联盟最高权限/v4/36_全维分析总结优化_全集整理.md,11828,90_历史归档\来源语料_utf_20261009\语料\大统一场论_算法联盟最高权限\v4\36_全维分析总结优化_全集整理.md,B,未审计，待逐件裁定,已复制
大统一场论_算法联盟最高权限/v4/36_暗物质预言数值复核_可检验判据机器零验证.py,8191,90_历史归档\来源语料_utf_20261009\语料\大统一场论_算法联盟最高权限\v4\36_暗物质预言数值复核_可检验判据机器零验证.py,B,未审计，待逐件裁定,已复制
大统一场论_算法联盟最高权限/v4/36_暗物质预言数值复核_可检验判据机器零验证报告.md,4202,90_历史归档\来源语料_utf_20261009\语料\大统一场论_算法联盟最高权限\v4\36_暗物质预言数值复核_可检验判据机器零验证报告.md,B,未审计，待逐件裁定,已复制
大统一场论_算法联盟最高权限/v4/37_全维分析求导证明验证精算_全维度.md,8839,90_历史归档\来源语料_utf_20261009\语料\大统一场论_算法联盟最高权限\v4\37_全维分析求导证明验证精算_全维度.md,B,未审计，待逐件裁定,已复制
大统一场论_算法联盟最高权限/v4/37_暗物质可检验预言建议书_实验筛选判据.md,6631,90_历史归档\来源语料_utf_20261009\语料\大统一场论_算法联盟最高权限\v4\37_暗物质可检验预言建议书_实验筛选判据.md,B,未审计，待逐件裁定,已复制
大统一场论_算法联盟最高权限/v4/38_alpha级联阶数_4π拓扑锁定与可数整数集.py,9469,90_历史归档\来源语料_utf_20261009\语料\大统一场论_算法联盟最高权限\v4\38_alpha级联阶数_4π拓扑锁定与可数整数集.py,B,未审计，待逐件裁定,已复制
大统一场论_算法联盟最高权限/v4/38_alpha级联阶数_4π拓扑锁定与可数整数集报告.md,4761,90_历史归档\来源语料_utf_20261009\语料\大统一场论_算法联盟最高权限\v4\38_alpha级联阶数_4π拓扑锁定与可数整数集报告.md,B,未审计，待逐件裁定,已复制
大统一场论_算法联盟最高权限/v4/38_第一性原理审核验证.py,7863,90_历史归档\来源语料_utf_20261009\语料\大统一场论_算法联盟最高权限\v4\38_第一性原理审核验证.py,B,未审计，待逐件裁定,已复制
大统一场论_算法联盟最高权限/v4/38_第一性原理审核验证报告.md,4035,90_历史归档\来源语料_utf_20261009\语料\大统一场论_算法联盟最高权限\v4\38_第一性原理审核验证报告.md,B,未审计，待逐件裁定,已复制
大统一场论_算法联盟最高权限/v4/39_V4权威总成论文_万物同构一螺旋生万物.md,7163,90_历史归档\来源语料_utf_20261009\语料\大统一场论_算法联盟最高权限\v4\39_V4权威总成论文_万物同构一螺旋生万物.md,B,未审计，待逐件裁定,已复制
大统一场论_算法联盟最高权限/v4/39_螺旋时空几何统一场论_顶尖论文与审核.md,9882,90_历史归档\来源语料_utf_20261009\语料\大统一场论_算法联盟最高权限\v4\39_螺旋时空几何统一场论_顶尖论文与审核.md,B,未审计，待逐件裁定,已复制
大统一场论_算法联盟最高权限/v4/40_NGX最终攻坚_α精确值高维拓扑宇宙学唯一锁定.py,8275,90_历史归档\来源语料_utf_20261009\语料\大统一场论_算法联盟最高权限\v4\40_NGX最终攻坚_α精确值高维拓扑宇宙学唯一锁定.py,B,未审计，待逐件裁定,已复制
大统一场论_算法联盟最高权限/v4/40_NGX最终攻坚_α精确值高维拓扑宇宙学唯一锁定报告.md,3689,90_历史归档\来源语料_utf_20261009\语料\大统一场论_算法联盟最高权限\v4\40_NGX最终攻坚_α精确值高维拓扑宇宙学唯一锁定报告.md,B,未审计，待逐件裁定,已复制
大统一场论_算法联盟最高权限/v4/40_四力相互转换_全维分析求导证明验证精算.md,9061,90_历史归档\来源语料_utf_20261009\语料\大统一场论_算法联盟最高权限\v4\40_四力相互转换_全维分析求导证明验证精算.md,B,未审计，待逐件裁定,已复制
大统一场论_算法联盟最高权限/v4/41_out.txt,3527,90_历史归档\来源语料_utf_20261009\语料\大统一场论_算法联盟最高权限\v4\41_out.txt,B,未审计，待逐件裁定,已复制
大统一场论_算法联盟最高权限/v4/41_力的特性属性元数据_精算验证.py,6267,90_历史归档\来源语料_utf_20261009\语料\大统一场论_算法联盟最高权限\v4\41_力的特性属性元数据_精算验证.py,B,未审计，待逐件裁定,已复制
大统一场论_算法联盟最高权限/v4/41_实验组合作验证邀约_暗物质纯κ相预言.md,4324,90_历史归档\来源语料_utf_20261009\语料\大统一场论_算法联盟最高权限\v4\41_实验组合作验证邀约_暗物质纯κ相预言.md,B,未审计，待逐件裁定,已复制
大统一场论_算法联盟最高权限/v4/42_力的特性属性元数据_全维分析精算补充完整.md,9458,90_历史归档\来源语料_utf_20261009\语料\大统一场论_算法联盟最高权限\v4\42_力的特性属性元数据_全维分析精算补充完整.md,B,未审计，待逐件裁定,已复制
大统一场论_算法联盟最高权限/v4/42_独立审核_ε0基准一致性_全局残差诚实性审查.py,7129,90_历史归档\来源语料_utf_20261009\语料\大统一场论_算法联盟最高权限\v4\42_独立审核_ε0基准一致性_全局残差诚实性审查.py,B,未审计，待逐件裁定,已复制
大统一场论_算法联盟最高权限/v4/42_独立审核_ε0基准一致性_全局残差诚实性审查报告.md,3340,90_历史归档\来源语料_utf_20261009\语料\大统一场论_算法联盟最高权限\v4\42_独立审核_ε0基准一致性_全局残差诚实性审查报告.md,B,未审计，待逐件裁定,已复制
大统一场论_算法联盟最高权限/v4/42_螺旋时空几何统一场论_全维分析求导证明验证精算_顶尖论文.md,16407,90_历史归档\来源语料_utf_20261009\语料\大统一场论_算法联盟最高权限\v4\42_螺旋时空几何统一场论_全维分析求导证明验证精算_顶尖论文.md,B,未审计，待逐件裁定,已复制
大统一场论_算法联盟最高权限/v4/43_out.txt,2314,90_历史归档\来源语料_utf_20261009\语料\大统一场论_算法联盟最高权限\v4\43_out.txt,B,未审计，待逐件裁定,已复制
大统一场论_算法联盟最高权限/v4/43_αG口径混淆修复_全维分析.md,3425,90_历史归档\来源语料_utf_20261009\语料\大统一场论_算法联盟最高权限\v4\43_αG口径混淆修复_全维分析.md,B,未审计，待逐件裁定,已复制
大统一场论_算法联盟最高权限/v4/43_αG口径混淆修复_解开.py,2833,90_历史归档\来源语料_utf_20261009\语料\大统一场论_算法联盟最高权限\v4\43_αG口径混淆修复_解开.py,B,未审计，待逐件裁定,已复制
大统一场论_算法联盟最高权限/v4/43_密码体系全集_最详细完整版.md,16756,90_历史归档\来源语料_utf_20261009\语料\大统一场论_算法联盟最高权限\v4\43_密码体系全集_最详细完整版.md,B,未审计，待逐件裁定,已复制
大统一场论_算法联盟最高权限/v4/43_暗物质质量预言收紧_熵守恒冻结几何截面.py,10804,90_历史归档\来源语料_utf_20261009\语料\大统一场论_算法联盟最高权限\v4\43_暗物质质量预言收紧_熵守恒冻结几何截面.py,B,未审计，待逐件裁定,已复制
大统一场论_算法联盟最高权限/v4/43_暗物质质量预言收紧_熵守恒冻结几何截面报告.md,3929,90_历史归档\来源语料_utf_20261009\语料\大统一场论_算法联盟最高权限\v4\43_暗物质质量预言收紧_熵守恒冻结几何截面报告.md,B,未审计，待逐件裁定,已复制
大统一场论_算法联盟最高权限/v4/44_NGX4强弱势突破_全链路验证.py,6052,90_历史归档\来源语料_utf_20261009\语料\大统一场论_算法联盟最高权限\v4\44_NGX4强弱势突破_全链路验证.py,B,未审计，待逐件裁定,已复制
大统一场论_算法联盟最高权限/v4/44_NGX4强弱势突破_全链路验证报告.md,5350,90_历史归档\来源语料_utf_20261009\语料\大统一场论_算法联盟最高权限\v4\44_NGX4强弱势突破_全链路验证报告.md,B,未审计，待逐件裁定,已复制
大统一场论_算法联盟最高权限/v4/44_out.txt,2661,90_历史归档\来源语料_utf_20261009\语料\大统一场论_算法联盟最高权限\v4\44_out.txt,B,未审计，待逐件裁定,已复制
大统一场论_算法联盟最高权限/v4/44_密码体系企业级全维度正确性审计报告.md,11117,90_历史归档\来源语料_utf_20261009\语料\大统一场论_算法联盟最高权限\v4\44_密码体系企业级全维度正确性审计报告.md,B,未审计，待逐件裁定,已复制
大统一场论_算法联盟最高权限/v4/45_NGX4强弱势修复优化_纯几何锁定.py,8355,90_历史归档\来源语料_utf_20261009\语料\大统一场论_算法联盟最高权限\v4\45_NGX4强弱势修复优化_纯几何锁定.py,B,未审计，待逐件裁定,已复制
大统一场论_算法联盟最高权限/v4/45_NGX4强弱势修复优化_纯几何锁定报告.md,5353,90_历史归档\来源语料_utf_20261009\语料\大统一场论_算法联盟最高权限\v4\45_NGX4强弱势修复优化_纯几何锁定报告.md,B,未审计，待逐件裁定,已复制
大统一场论_算法联盟最高权限/v4/45_out.txt,2758,90_历史归档\来源语料_utf_20261009\语料\大统一场论_算法联盟最高权限\v4\45_out.txt,B,未审计，待逐件裁定,已复制
大统一场论_算法联盟最高权限/v4/45_知识体系一步步融合整理总成.md,10967,90_历史归档\来源语料_utf_20261009\语料\大统一场论_算法联盟最高权限\v4\45_知识体系一步步融合整理总成.md,B,未审计，待逐件裁定,已复制
大统一场论_算法联盟最高权限/v4/46_NGX4_F1F2F3攻坚_公理级闭合.py,6249,90_历史归档\来源语料_utf_20261009\语料\大统一场论_算法联盟最高权限\v4\46_NGX4_F1F2F3攻坚_公理级闭合.py,B,未审计，待逐件裁定,已复制
大统一场论_算法联盟最高权限/v4/46_NGX4_F1F2F3攻坚_公理级闭合报告.md,4902,90_历史归档\来源语料_utf_20261009\语料\大统一场论_算法联盟最高权限\v4\46_NGX4_F1F2F3攻坚_公理级闭合报告.md,B,未审计，待逐件裁定,已复制
大统一场论_算法联盟最高权限/v4/46_out.txt,2418,90_历史归档\来源语料_utf_20261009\语料\大统一场论_算法联盟最高权限\v4\46_out.txt,B,未审计，待逐件裁定,已复制
大统一场论_算法联盟最高权限/v4/46_优化整理收口_知识图谱与下一步路线图.md,23040,90_历史归档\来源语料_utf_20261009\语料\大统一场论_算法联盟最高权限\v4\46_优化整理收口_知识图谱与下一步路线图.md,B,未审计，待逐件裁定,已复制
大统一场论_算法联盟最高权限/v4/46_全维度审计_诚实性边界与跨报告口径一致性.py,13245,90_历史归档\来源语料_utf_20261009\语料\大统一场论_算法联盟最高权限\v4\46_全维度审计_诚实性边界与跨报告口径一致性.py,B,未审计，待逐件裁定,已复制
大统一场论_算法联盟最高权限/v4/46_全维度审计_诚实性边界与跨报告口径一致性报告.md,8884,90_历史归档\来源语料_utf_20261009\语料\大统一场论_算法联盟最高权限\v4\46_全维度审计_诚实性边界与跨报告口径一致性报告.md,B,未审计，待逐件裁定,已复制
大统一场论_算法联盟最高权限/v4/47_alpha拓扑窄带约束_诚实变体.py,8345,90_历史归档\来源语料_utf_20261009\语料\大统一场论_算法联盟最高权限\v4\47_alpha拓扑窄带约束_诚实变体.py,B,未审计，待逐件裁定,已复制
大统一场论_算法联盟最高权限/v4/47_alpha拓扑窄带约束_诚实变体报告.md,4411,90_历史归档\来源语料_utf_20261009\语料\大统一场论_算法联盟最高权限\v4\47_alpha拓扑窄带约束_诚实变体报告.md,B,未审计，待逐件裁定,已复制
大统一场论_算法联盟最高权限/v4/47_全维分析突破_R1-R5落地推导.md,7866,90_历史归档\来源语料_utf_20261009\语料\大统一场论_算法联盟最高权限\v4\47_全维分析突破_R1-R5落地推导.md,B,未审计，待逐件裁定,已复制
大统一场论_算法联盟最高权限/v4/48_out.txt,2711,90_历史归档\来源语料_utf_20261009\语料\大统一场论_算法联盟最高权限\v4\48_out.txt,B,未审计，待逐件裁定,已复制
大统一场论_算法联盟最高权限/v4/48_权威总成审计版_单文件.md,4770,90_历史归档\来源语料_utf_20261009\语料\大统一场论_算法联盟最高权限\v4\48_权威总成审计版_单文件.md,B,未审计，待逐件裁定,已复制
大统一场论_算法联盟最高权限/v4/48_电弱破缺放大机制_几何派生.py,9232,90_历史归档\来源语料_utf_20261009\语料\大统一场论_算法联盟最高权限\v4\48_电弱破缺放大机制_几何派生.py,B,未审计，待逐件裁定,已复制
大统一场论_算法联盟最高权限/v4/48_电弱破缺放大机制_几何派生报告.md,4634,90_历史归档\来源语料_utf_20261009\语料\大统一场论_算法联盟最高权限\v4\48_电弱破缺放大机制_几何派生报告.md,B,未审计，待逐件裁定,已复制
大统一场论_算法联盟最高权限/v4/49_F2残差精修_SU2双覆盖三代混合.py,15664,90_历史归档\来源语料_utf_20261009\语料\大统一场论_算法联盟最高权限\v4\49_F2残差精修_SU2双覆盖三代混合.py,B,未审计，待逐件裁定,已复制
大统一场论_算法联盟最高权限/v4/49_F2残差精修_SU2双覆盖三代混合报告.md,6339,90_历史归档\来源语料_utf_20261009\语料\大统一场论_算法联盟最高权限\v4\49_F2残差精修_SU2双覆盖三代混合报告.md,B,未审计，待逐件裁定,已复制
大统一场论_算法联盟最高权限/v4/49_out.txt,5267,90_历史归档\来源语料_utf_20261009\语料\大统一场论_算法联盟最高权限\v4\49_out.txt,B,未审计，待逐件裁定,已复制
大统一场论_算法联盟最高权限/v4/50_out.txt,6420,90_历史归档\来源语料_utf_20261009\语料\大统一场论_算法联盟最高权限\v4\50_out.txt,B,未审计，待逐件裁定,已复制
大统一场论_算法联盟最高权限/v4/50_全维求导证明_NGX4强弱势第一性原理闭合.py,12209,90_历史归档\来源语料_utf_20261009\语料\大统一场论_算法联盟最高权限\v4\50_全维求导证明_NGX4强弱势第一性原理闭合.py,B,未审计，待逐件裁定,已复制
大统一场论_算法联盟最高权限/v4/50_全维求导证明_NGX4强弱势第一性原理闭合报告.md,6441,90_历史归档\来源语料_utf_20261009\语料\大统一场论_算法联盟最高权限\v4\50_全维求导证明_NGX4强弱势第一性原理闭合报告.md,B,未审计，待逐件裁定,已复制
大统一场论_算法联盟最高权限/v4/51_NGX2_X3_第一性原理求导证明验证.py,9003,90_历史归档\来源语料_utf_20261009\语料\大统一场论_算法联盟最高权限\v4\51_NGX2_X3_第一性原理求导证明验证.py,B,未审计，待逐件裁定,已复制
大统一场论_算法联盟最高权限/v4/51_NGX2_X3_第一性原理求导证明验证_out.txt,5968,90_历史归档\来源语料_utf_20261009\语料\大统一场论_算法联盟最高权限\v4\51_NGX2_X3_第一性原理求导证明验证_out.txt,B,未审计，待逐件裁定,已复制
大统一场论_算法联盟最高权限/v4/51_NGX2_X3_第一性原理求导证明验证报告.md,5965,90_历史归档\来源语料_utf_20261009\语料\大统一场论_算法联盟最高权限\v4\51_NGX2_X3_第一性原理求导证明验证报告.md,B,未审计，待逐件裁定,已复制
大统一场论_算法联盟最高权限/v4/51_统一作用量变分求导_四力耦合常数几何涌现与RG精算报告.md,4950,90_历史归档\来源语料_utf_20261009\语料\大统一场论_算法联盟最高权限\v4\51_统一作用量变分求导_四力耦合常数几何涌现与RG精算报告.md,B,未审计，待逐件裁定,已复制
大统一场论_算法联盟最高权限/v4/52_统一作用量变分求导_四力耦合常数几何涌现与RG精算.py,11046,90_历史归档\来源语料_utf_20261009\语料\大统一场论_算法联盟最高权限\v4\52_统一作用量变分求导_四力耦合常数几何涌现与RG精算.py,B,未审计，待逐件裁定,已复制
大统一场论_算法联盟最高权限/v4/52_统一作用量变分求导_四力耦合常数几何涌现与RG精算报告.md,5271,90_历史归档\来源语料_utf_20261009\语料\大统一场论_算法联盟最高权限\v4\52_统一作用量变分求导_四力耦合常数几何涌现与RG精算报告.md,B,未审计，待逐件裁定,已复制
大统一场论_算法联盟最高权限/v4/53_结构本源求导精算_τ_int几何派生与α_S精确RG闭合.py,13837,90_历史归档\来源语料_utf_20261009\语料\大统一场论_算法联盟最高权限\v4\53_结构本源求导精算_τ_int几何派生与α_S精确RG闭合.py,B,未审计，待逐件裁定,已复制
大统一场论_算法联盟最高权限/v4/53_结构本源求导精算_τ_int几何派生与α_S精确RG闭合报告.md,6923,90_历史归档\来源语料_utf_20261009\语料\大统一场论_算法联盟最高权限\v4\53_结构本源求导精算_τ_int几何派生与α_S精确RG闭合报告.md,B,未审计，待逐件裁定,已复制
大统一场论_算法联盟最高权限/v4/54_τ_int全派生方法枚举_求导证明验证精算.py,13532,90_历史归档\来源语料_utf_20261009\语料\大统一场论_算法联盟最高权限\v4\54_τ_int全派生方法枚举_求导证明验证精算.py,B,未审计，待逐件裁定,已复制
大统一场论_算法联盟最高权限/v4/54_τ_int全派生方法枚举_求导证明验证精算报告.md,11507,90_历史归档\来源语料_utf_20261009\语料\大统一场论_算法联盟最高权限\v4\54_τ_int全派生方法枚举_求导证明验证精算报告.md,B,未审计，待逐件裁定,已复制
大统一场论_算法联盟最高权限/v4/55_RG精确跑动闭合_强耦合裸值075到实验10数值积分.py,10548,90_历史归档\来源语料_utf_20261009\语料\大统一场论_算法联盟最高权限\v4\55_RG精确跑动闭合_强耦合裸值075到实验10数值积分.py,B,未审计，待逐件裁定,已复制
大统一场论_算法联盟最高权限/v4/55_RG精确跑动闭合_强耦合裸值075到实验10数值积分报告.md,5528,90_历史归档\来源语料_utf_20261009\语料\大统一场论_算法联盟最高权限\v4\55_RG精确跑动闭合_强耦合裸值075到实验10数值积分报告.md,B,未审计，待逐件裁定,已复制
大统一场论_算法联盟最高权限/v4/56_全维自动处理_审计脚本串联复算与口径一致性校验.py,7541,90_历史归档\来源语料_utf_20261009\语料\大统一场论_算法联盟最高权限\v4\56_全维自动处理_审计脚本串联复算与口径一致性校验.py,B,未审计，待逐件裁定,已复制
大统一场论_算法联盟最高权限/v4/56_全维自动处理_审计脚本串联复算与口径一致性校验报告.md,3762,90_历史归档\来源语料_utf_20261009\语料\大统一场论_算法联盟最高权限\v4\56_全维自动处理_审计脚本串联复算与口径一致性校验报告.md,B,未审计，待逐件裁定,已复制
大统一场论_算法联盟最高权限/v4/57_Ξ场一loopβ函数独立计算_关1攻坚.py,10811,90_历史归档\来源语料_utf_20261009\语料\大统一场论_算法联盟最高权限\v4\57_Ξ场一loopβ函数独立计算_关1攻坚.py,B,未审计，待逐件裁定,已复制
大统一场论_算法联盟最高权限/v4/57_Ξ场一loopβ函数独立计算_关1攻坚报告.md,5116,90_历史归档\来源语料_utf_20261009\语料\大统一场论_算法联盟最高权限\v4\57_Ξ场一loopβ函数独立计算_关1攻坚报告.md,B,未审计，待逐件裁定,已复制
大统一场论_算法联盟最高权限/v4/58_Ξ场规范升格立项_最低限度构造与β函数接口.py,7747,90_历史归档\来源语料_utf_20261009\语料\大统一场论_算法联盟最高权限\v4\58_Ξ场规范升格立项_最低限度构造与β函数接口.py,B,未审计，待逐件裁定,已复制
大统一场论_算法联盟最高权限/v4/58_Ξ场规范升格立项_最低限度构造与β函数接口报告.md,5461,90_历史归档\来源语料_utf_20261009\语料\大统一场论_算法联盟最高权限\v4\58_Ξ场规范升格立项_最低限度构造与β函数接口报告.md,B,未审计，待逐件裁定,已复制
大统一场论_算法联盟最高权限/v4/59_规范升格场精确1loop_β系数对位_SM标准公式.py,8833,90_历史归档\来源语料_utf_20261009\语料\大统一场论_算法联盟最高权限\v4\59_规范升格场精确1loop_β系数对位_SM标准公式.py,B,未审计，待逐件裁定,已复制
大统一场论_算法联盟最高权限/v4/59_规范升格场精确1loop_β系数对位_SM标准公式报告.md,3557,90_历史归档\来源语料_utf_20261009\语料\大统一场论_算法联盟最高权限\v4\59_规范升格场精确1loop_β系数对位_SM标准公式报告.md,B,未审计，待逐件裁定,已复制
大统一场论_算法联盟最高权限/v4/60_升格场2loop_RG流_Z极点汇聚精算.py,10976,90_历史归档\来源语料_utf_20261009\语料\大统一场论_算法联盟最高权限\v4\60_升格场2loop_RG流_Z极点汇聚精算.py,B,未审计，待逐件裁定,已复制
大统一场论_算法联盟最高权限/v4/60_升格场2loop_RG流_Z极点汇聚精算报告.md,3813,90_历史归档\来源语料_utf_20261009\语料\大统一场论_算法联盟最高权限\v4\60_升格场2loop_RG流_Z极点汇聚精算报告.md,B,未审计，待逐件裁定,已复制
大统一场论_算法联盟最高权限/v4/61b_正确符号重验61号_2loop自洽与Jacobian复核.py,7341,90_历史归档\来源语料_utf_20261009\语料\大统一场论_算法联盟最高权限\v4\61b_正确符号重验61号_2loop自洽与Jacobian复核.py,B,未审计，待逐件裁定,已复制
大统一场论_算法联盟最高权限/v4/61b_正确符号重验61号_2loop自洽与Jacobian复核报告.md,2817,90_历史归档\来源语料_utf_20261009\语料\大统一场论_算法联盟最高权限\v4\61b_正确符号重验61号_2loop自洽与Jacobian复核报告.md,B,未审计，待逐件裁定,已复制
大统一场论_算法联盟最高权限/v4/61_升格场2loop_自洽闭合_求导验证精算.py,10683,90_历史归档\来源语料_utf_20261009\语料\大统一场论_算法联盟最高权限\v4\61_升格场2loop_自洽闭合_求导验证精算.py,B,未审计，待逐件裁定,已复制
大统一场论_算法联盟最高权限/v4/61_升格场2loop_自洽闭合_求导验证精算报告.md,4473,90_历史归档\来源语料_utf_20261009\语料\大统一场论_算法联盟最高权限\v4\61_升格场2loop_自洽闭合_求导验证精算报告.md,B,未审计，待逐件裁定,已复制
大统一场论_算法联盟最高权限/v4/62_传统物理问题对照_全维对比与剩余问题一一处理.md,7745,90_历史归档\来源语料_utf_20261009\语料\大统一场论_算法联盟最高权限\v4\62_传统物理问题对照_全维对比与剩余问题一一处理.md,B,未审计，待逐件裁定,已复制
大统一场论_算法联盟最高权限/v4/63_SM阈值匹配反跑_GUT汇聚诚实评估与SUSY对照.py,7772,90_历史归档\来源语料_utf_20261009\语料\大统一场论_算法联盟最高权限\v4\63_SM阈值匹配反跑_GUT汇聚诚实评估与SUSY对照.py,B,未审计，待逐件裁定,已复制
大统一场论_算法联盟最高权限/v4/63_SM阈值匹配反跑_GUT汇聚诚实评估与SUSY对照报告.md,3617,90_历史归档\来源语料_utf_20261009\语料\大统一场论_算法联盟最高权限\v4\63_SM阈值匹配反跑_GUT汇聚诚实评估与SUSY对照报告.md,B,未审计，待逐件裁定,已复制
大统一场论_算法联盟最高权限/v4/64_2loop阈值匹配反跑_正反跑自洽闭合机器零.py,7127,90_历史归档\来源语料_utf_20261009\语料\大统一场论_算法联盟最高权限\v4\64_2loop阈值匹配反跑_正反跑自洽闭合机器零.py,B,未审计，待逐件裁定,已复制
大统一场论_算法联盟最高权限/v4/64_2loop阈值匹配反跑_正反跑自洽闭合机器零报告.md,3562,90_历史归档\来源语料_utf_20261009\语料\大统一场论_算法联盟最高权限\v4\64_2loop阈值匹配反跑_正反跑自洽闭合机器零报告.md,B,未审计，待逐件裁定,已复制
大统一场论_算法联盟最高权限/v4/65b_2loop强耦合Landau极点定位_发散物理化.py,8796,90_历史归档\来源语料_utf_20261009\语料\大统一场论_算法联盟最高权限\v4\65b_2loop强耦合Landau极点定位_发散物理化.py,B,未审计，待逐件裁定,已复制
大统一场论_算法联盟最高权限/v4/65b_2loop强耦合Landau极点定位_发散物理化报告.md,3766,90_历史归档\来源语料_utf_20261009\语料\大统一场论_算法联盟最高权限\v4\65b_2loop强耦合Landau极点定位_发散物理化报告.md,B,未审计，待逐件裁定,已复制
大统一场论_算法联盟最高权限/v4/65_同阶RG自洽修复_反跑正跑真机器零.py,9850,90_历史归档\来源语料_utf_20261009\语料\大统一场论_算法联盟最高权限\v4\65_同阶RG自洽修复_反跑正跑真机器零.py,B,未审计，待逐件裁定,已复制
大统一场论_算法联盟最高权限/v4/65_同阶RG自洽修复_反跑正跑真机器零报告.md,3674,90_历史归档\来源语料_utf_20261009\语料\大统一场论_算法联盟最高权限\v4\65_同阶RG自洽修复_反跑正跑真机器零报告.md,B,未审计，待逐件裁定,已复制
大统一场论_算法联盟最高权限/v4/66_Landau极点整合几何标度层级_自洽性天花板检验.py,10074,90_历史归档\来源语料_utf_20261009\语料\大统一场论_算法联盟最高权限\v4\66_Landau极点整合几何标度层级_自洽性天花板检验.py,B,未审计，待逐件裁定,已复制
大统一场论_算法联盟最高权限/v4/66_Landau极点整合几何标度层级_自洽性天花板检验报告.md,5117,90_历史归档\来源语料_utf_20261009\语料\大统一场论_算法联盟最高权限\v4\66_Landau极点整合几何标度层级_自洽性天花板检验报告.md,B,未审计，待逐件裁定,已复制
大统一场论_算法联盟最高权限/v4/67_全标度对数轴几何律检验_随机对照证伪测试.py,7417,90_历史归档\来源语料_utf_20261009\语料\大统一场论_算法联盟最高权限\v4\67_全标度对数轴几何律检验_随机对照证伪测试.py,B,未审计，待逐件裁定,已复制
大统一场论_算法联盟最高权限/v4/67_全标度对数轴几何律检验_随机对照证伪测试报告.md,3268,90_历史归档\来源语料_utf_20261009\语料\大统一场论_算法联盟最高权限\v4\67_全标度对数轴几何律检验_随机对照证伪测试报告.md,B,未审计，待逐件裁定,已复制
大统一场论_算法联盟最高权限/v4/68b_正确符号2loop同阶往返复核_61_65数值重验.py,6208,90_历史归档\来源语料_utf_20261009\语料\大统一场论_算法联盟最高权限\v4\68b_正确符号2loop同阶往返复核_61_65数值重验.py,B,未审计，待逐件裁定,已复制
大统一场论_算法联盟最高权限/v4/68b_正确符号2loop同阶往返复核_61_65数值重验报告.md,2489,90_历史归档\来源语料_utf_20261009\语料\大统一场论_算法联盟最高权限\v4\68b_正确符号2loop同阶往返复核_61_65数值重验报告.md,B,未审计，待逐件裁定,已复制
大统一场论_算法联盟最高权限/v4/68_2loopβ符号错误修正_Landau极点真伪判定.py,6501,90_历史归档\来源语料_utf_20261009\语料\大统一场论_算法联盟最高权限\v4\68_2loopβ符号错误修正_Landau极点真伪判定.py,B,未审计，待逐件裁定,已复制
大统一场论_算法联盟最高权限/v4/68_2loopβ符号错误修正_Landau极点真伪判定报告.md,22517,90_历史归档\来源语料_utf_20261009\语料\大统一场论_算法联盟最高权限\v4\68_2loopβ符号错误修正_Landau极点真伪判定报告.md,B,未审计，待逐件裁定,已复制
大统一场论_算法联盟最高权限/v4/69_符号修正后框架结论稳健性总审计.py,5555,90_历史归档\来源语料_utf_20261009\语料\大统一场论_算法联盟最高权限\v4\69_符号修正后框架结论稳健性总审计.py,B,未审计，待逐件裁定,已复制
大统一场论_算法联盟最高权限/v4/69_符号修正后框架结论稳健性总审计报告.md,3784,90_历史归档\来源语料_utf_20261009\语料\大统一场论_算法联盟最高权限\v4\69_符号修正后框架结论稳健性总审计报告.md,B,未审计，待逐件裁定,已复制
大统一场论_算法联盟最高权限/v4/70_传统物理公式体系与实验数据基准.md,9495,90_历史归档\来源语料_utf_20261009\语料\大统一场论_算法联盟最高权限\v4\70_传统物理公式体系与实验数据基准.md,B,未审计，待逐件裁定,已复制
大统一场论_算法联盟最高权限/v4/71_三大传统理论诚实边界对照_量子力学广义相对论量子引力.md,11176,90_历史归档\来源语料_utf_20261009\语料\大统一场论_算法联盟最高权限\v4\71_三大传统理论诚实边界对照_量子力学广义相对论量子引力.md,B,未审计，待逐件裁定,已复制
大统一场论_算法联盟最高权限/v4/72_ROOT最高权限全维破解实现统一场论_收口判定.md,6377,90_历史归档\来源语料_utf_20261009\语料\大统一场论_算法联盟最高权限\v4\72_ROOT最高权限全维破解实现统一场论_收口判定.md,B,未审计，待逐件裁定,已复制
大统一场论_算法联盟最高权限/v4/73_R2R3探索入口定量求导验证_时间算子化与GR线性化可达性.py,8101,90_历史归档\来源语料_utf_20261009\语料\大统一场论_算法联盟最高权限\v4\73_R2R3探索入口定量求导验证_时间算子化与GR线性化可达性.py,B,未审计，待逐件裁定,已复制
大统一场论_算法联盟最高权限/v4/73_R2R3探索入口定量求导验证_时间算子化与GR线性化可达性报告.md,4106,90_历史归档\来源语料_utf_20261009\语料\大统一场论_算法联盟最高权限\v4\73_R2R3探索入口定量求导验证_时间算子化与GR线性化可达性报告.md,B,未审计，待逐件裁定,已复制
大统一场论_算法联盟最高权限/v4/74_暗物质丰度任意性求导敏感度与遗迹密度修复验证.py,8937,90_历史归档\来源语料_utf_20261009\语料\大统一场论_算法联盟最高权限\v4\74_暗物质丰度任意性求导敏感度与遗迹密度修复验证.py,B,未审计，待逐件裁定,已复制
大统一场论_算法联盟最高权限/v4/74_暗物质丰度任意性求导敏感度与遗迹密度修复验证报告.md,3717,90_历史归档\来源语料_utf_20261009\语料\大统一场论_算法联盟最高权限\v4\74_暗物质丰度任意性求导敏感度与遗迹密度修复验证报告.md,B,未审计，待逐件裁定,已复制
大统一场论_算法联盟最高权限/v4/75_ROOT最高权限_全系列公式方程方法修复状态总表.md,7661,90_历史归档\来源语料_utf_20261009\语料\大统一场论_算法联盟最高权限\v4\75_ROOT最高权限_全系列公式方程方法修复状态总表.md,B,未审计，待逐件裁定,已复制
大统一场论_算法联盟最高权限/v4/76_ROOT最高权限_深层方程修复补充审计_好好好查询补遗.md,6157,90_历史归档\来源语料_utf_20261009\语料\大统一场论_算法联盟最高权限\v4\76_ROOT最高权限_深层方程修复补充审计_好好好查询补遗.md,B,未审计，待逐件裁定,已复制
大统一场论_算法联盟最高权限/v4/77_ROOT最高权限_全维修复实现统一场论_最终总成.md,7096,90_历史归档\来源语料_utf_20261009\语料\大统一场论_算法联盟最高权限\v4\77_ROOT最高权限_全维修复实现统一场论_最终总成.md,B,未审计，待逐件裁定,已复制
大统一场论_算法联盟最高权限/v4/78_Gε0耦合恒等式审查修正.py,6771,90_历史归档\来源语料_utf_20261009\语料\大统一场论_算法联盟最高权限\v4\78_Gε0耦合恒等式审查修正.py,B,未审计，待逐件裁定,已复制
大统一场论_算法联盟最高权限/v4/78_Gε0耦合恒等式审查修正报告.md,3991,90_历史归档\来源语料_utf_20261009\语料\大统一场论_算法联盟最高权限\v4\78_Gε0耦合恒等式审查修正报告.md,B,未审计，待逐件裁定,已复制
大统一场论_算法联盟最高权限/v4/78_Ξ最小引力扩展_牛顿势对接与GR线性化残余量化.py,10874,90_历史归档\来源语料_utf_20261009\语料\大统一场论_算法联盟最高权限\v4\78_Ξ最小引力扩展_牛顿势对接与GR线性化残余量化.py,B,未审计，待逐件裁定,已复制
大统一场论_算法联盟最高权限/v4/78_Ξ最小引力扩展_牛顿势对接与GR线性化残余量化报告.md,5212,90_历史归档\来源语料_utf_20261009\语料\大统一场论_算法联盟最高权限\v4\78_Ξ最小引力扩展_牛顿势对接与GR线性化残余量化报告.md,B,未审计，待逐件裁定,已复制
大统一场论_算法联盟最高权限/v4/79_GUT尺度几何派生深化_路径枚举与量化可行性.py,9860,90_历史归档\来源语料_utf_20261009\语料\大统一场论_算法联盟最高权限\v4\79_GUT尺度几何派生深化_路径枚举与量化可行性.py,B,未审计，待逐件裁定,已复制
大统一场论_算法联盟最高权限/v4/79_GUT尺度几何派生深化_路径枚举与量化可行性报告.md,3960,90_历史归档\来源语料_utf_20261009\语料\大统一场论_算法联盟最高权限\v4\79_GUT尺度几何派生深化_路径枚举与量化可行性报告.md,B,未审计，待逐件裁定,已复制
大统一场论_算法联盟最高权限/v4/80_全体系可检验预言清单_企业级验收矩阵.md,5999,90_历史归档\来源语料_utf_20261009\语料\大统一场论_算法联盟最高权限\v4\80_全体系可检验预言清单_企业级验收矩阵.md,B,未审计，待逐件裁定,已复制
大统一场论_算法联盟最高权限/v4/81_αS几何裸值075_2loop闭环精算_问题2深化.py,10532,90_历史归档\来源语料_utf_20261009\语料\大统一场论_算法联盟最高权限\v4\81_αS几何裸值075_2loop闭环精算_问题2深化.py,B,未审计，待逐件裁定,已复制
大统一场论_算法联盟最高权限/v4/81_αS几何裸值075_2loop闭环精算_问题2深化报告.md,3781,90_历史归档\来源语料_utf_20261009\语料\大统一场论_算法联盟最高权限\v4\81_αS几何裸值075_2loop闭环精算_问题2深化报告.md,B,未审计，待逐件裁定,已复制
大统一场论_算法联盟最高权限/v4/82_MSSM_2loop阈值匹配_GUT汇聚量化_问题5深化.py,11308,90_历史归档\来源语料_utf_20261009\语料\大统一场论_算法联盟最高权限\v4\82_MSSM_2loop阈值匹配_GUT汇聚量化_问题5深化.py,B,未审计，待逐件裁定,已复制
大统一场论_算法联盟最高权限/v4/82_MSSM_2loop阈值匹配_GUT汇聚量化_问题5深化报告.md,7591,90_历史归档\来源语料_utf_20261009\语料\大统一场论_算法联盟最高权限\v4\82_MSSM_2loop阈值匹配_GUT汇聚量化_问题5深化报告.md,B,未审计，待逐件裁定,已复制
大统一场论_算法联盟最高权限/v4/83_群来源猜想诚实边界量化_问题6深化.py,8558,90_历史归档\来源语料_utf_20261009\语料\大统一场论_算法联盟最高权限\v4\83_群来源猜想诚实边界量化_问题6深化.py,B,未审计，待逐件裁定,已复制
大统一场论_算法联盟最高权限/v4/83_群来源猜想诚实边界量化_问题6深化报告.md,4670,90_历史归档\来源语料_utf_20261009\语料\大统一场论_算法联盟最高权限\v4\83_群来源猜想诚实边界量化_问题6深化报告.md,B,未审计，待逐件裁定,已复制
大统一场论_算法联盟最高权限/v4/README.md,16497,90_历史归档\来源语料_utf_20261009\语料\大统一场论_算法联盟最高权限\v4\README.md,B,未审计，待逐件裁定,已复制
大统一场论_算法联盟最高权限/v4/_gen_figures.py,3513,90_历史归档\来源语料_utf_20261009\语料\大统一场论_算法联盟最高权限\v4\_gen_figures.py,B,未审计，待逐件裁定,已复制
大统一场论_算法联盟最高权限/v4/_migrate_all.py,6101,90_历史归档\来源语料_utf_20261009\语料\大统一场论_算法联盟最高权限\v4\_migrate_all.py,B,未审计，待逐件裁定,已复制
大统一场论_算法联盟最高权限/v4/arxiv_submission/00_self_check_投递自检清单.md,5729,90_历史归档\来源语料_utf_20261009\语料\大统一场论_算法联盟最高权限\v4\arxiv_submission\00_self_check_投递自检清单.md,B,未审计，待逐件裁定,已复制
大统一场论_算法联盟最高权限/v4/arxiv_submission/01_invitation_email.md,4429,90_历史归档\来源语料_utf_20261009\语料\大统一场论_算法联盟最高权限\v4\arxiv_submission\01_invitation_email.md,B,未审计，待逐件裁定,已复制
大统一场论_算法联盟最高权限/v4/arxiv_submission/02_abstract.md,4229,90_历史归档\来源语料_utf_20261009\语料\大统一场论_算法联盟最高权限\v4\arxiv_submission\02_abstract.md,B,未审计，待逐件裁定,已复制
大统一场论_算法联盟最高权限/v4/paper/helical_uft.tex,4417,90_历史归档\来源语料_utf_20261009\语料\大统一场论_算法联盟最高权限\v4\paper\helical_uft.tex,B,未审计，待逐件裁定,已复制
大统一场论_算法联盟最高权限/v5/1.md,35260,90_历史归档\来源语料_utf_20261009\语料\大统一场论_算法联盟最高权限\v5\1.md,B,未审计，待逐件裁定,已复制
大统一场论_算法联盟最高权限/v5/Gε0_μ0_几何本源_修正版.md,8303,90_历史归档\来源语料_utf_20261009\语料\大统一场论_算法联盟最高权限\v5\Gε0_μ0_几何本源_修正版.md,B,未审计，待逐件裁定,已复制
大统一场论_算法联盟最高权限/v5/Gε0_μ0_几何本源_精算验证.py,12881,90_历史归档\来源语料_utf_20261009\语料\大统一场论_算法联盟最高权限\v5\Gε0_μ0_几何本源_精算验证.py,B,未审计，待逐件裁定,已复制
大统一场论_算法联盟最高权限/v5/Gε0_μ0_几何本源_精算验证报告.md,6406,90_历史归档\来源语料_utf_20261009\语料\大统一场论_算法联盟最高权限\v5\Gε0_μ0_几何本源_精算验证报告.md,B,未审计，待逐件裁定,已复制
大统一场论_算法联盟最高权限/v5/Gε0_μ0_统一母方程_全维度修复.py,13480,90_历史归档\来源语料_utf_20261009\语料\大统一场论_算法联盟最高权限\v5\Gε0_μ0_统一母方程_全维度修复.py,B,未审计，待逐件裁定,已复制
大统一场论_算法联盟最高权限/v5/Gε0_μ0_统一母方程_全维度修复报告.md,6973,90_历史归档\来源语料_utf_20261009\语料\大统一场论_算法联盟最高权限\v5\Gε0_μ0_统一母方程_全维度修复报告.md,B,未审计，待逐件裁定,已复制
大统一场论_算法联盟最高权限/v5/Gε0_统一母方程_全维求导证明深化.py,12228,90_历史归档\来源语料_utf_20261009\语料\大统一场论_算法联盟最高权限\v5\Gε0_统一母方程_全维求导证明深化.py,B,未审计，待逐件裁定,已复制
大统一场论_算法联盟最高权限/v5/Gε0_统一母方程_全维求导证明深化报告.md,6952,90_历史归档\来源语料_utf_20261009\语料\大统一场论_算法联盟最高权限\v5\Gε0_统一母方程_全维求导证明深化报告.md,B,未审计，待逐件裁定,已复制
大统一场论_算法联盟最高权限/v5/分形QCD与32维FRW_精算审计.py,11779,90_历史归档\来源语料_utf_20261009\语料\大统一场论_算法联盟最高权限\v5\分形QCD与32维FRW_精算审计.py,B,未审计，待逐件裁定,已复制
大统一场论_算法联盟最高权限/v5/分形QCD与32维FRW_精算审计报告.md,8283,90_历史归档\来源语料_utf_20261009\语料\大统一场论_算法联盟最高权限\v5\分形QCD与32维FRW_精算审计报告.md,B,未审计，待逐件裁定,已复制
大统一场论_算法联盟最高权限/v6/全域双向分形统一场论_完整版.md（14卷82章完整书籍）.md,145895,90_历史归档\来源语料_utf_20261009\语料\大统一场论_算法联盟最高权限\v6\全域双向分形统一场论_完整版.md（14卷82章完整书籍）.md,B,未审计，待逐件裁定,已复制
大统一场论_算法联盟最高权限/v6/全维度精算验证报告.md（250位mpmath数值验证）.md,12705,90_历史归档\来源语料_utf_20261009\语料\大统一场论_算法联盟最高权限\v6\全维度精算验证报告.md（250位mpmath数值验证）.md,B,未审计，待逐件裁定,已复制
大统一场论_算法联盟最高权限/v6/宇宙文明技术落地_完整版.md（20卷100章正文）.md,386532,（内容已在 openuft，不重复复制）,B,未审计；内容已在本库,已在库跳过
大统一场论_算法联盟最高权限/v6/数据附录_完整版.md（10卷8580条数值计算数据）.md,149516,90_历史归档\来源语料_utf_20261009\语料\大统一场论_算法联盟最高权限\v6\数据附录_完整版.md（10卷8580条数值计算数据）.md,B,未审计，待逐件裁定,已复制
大统一场论_算法联盟最高权限/v6/全域双向分形统一场论_完整交付包.zip（书籍+报告+代码+数据）/numerical_results.json,546,90_历史归档\来源语料_utf_20261009\语料\大统一场论_算法联盟最高权限\v6\全域双向分形统一场论_完整交付包.zip（书籍+报告+代码+数据）\numerical_results.json,B,未审计，待逐件裁定,已复制
大统一场论_算法联盟最高权限/v6/全域双向分形统一场论_完整交付包.zip（书籍+报告+代码+数据）/numerical_verification.py,17723,90_历史归档\来源语料_utf_20261009\语料\大统一场论_算法联盟最高权限\v6\全域双向分形统一场论_完整交付包.zip（书籍+报告+代码+数据）\numerical_verification.py,B,未审计，待逐件裁定,已复制
大统一场论_算法联盟最高权限/v6/全域双向分形统一场论_完整交付包.zip（书籍+报告+代码+数据）/全域双向分形统一场论_完整版.md,144482,（内容已在 openuft，不重复复制）,B,未审计；内容已在本库,已在库跳过
大统一场论_算法联盟最高权限/v6/全域双向分形统一场论_完整交付包.zip（书籍+报告+代码+数据）/全维度精算验证报告.md,12568,90_历史归档\来源语料_utf_20261009\语料\大统一场论_算法联盟最高权限\v6\全域双向分形统一场论_完整交付包.zip（书籍+报告+代码+数据）\全维度精算验证报告.md,B,未审计，待逐件裁定,已复制
大统一场论_算法联盟最高权限/v6/宇宙文明技术落地_完整交付包/batch_calculator.py,15148,90_历史归档\来源语料_utf_20261009\语料\大统一场论_算法联盟最高权限\v6\宇宙文明技术落地_完整交付包\batch_calculator.py,B,未审计，待逐件裁定,已复制
大统一场论_算法联盟最高权限/v6/宇宙文明技术落地_完整交付包/data_to_markdown.py,14544,90_历史归档\来源语料_utf_20261009\语料\大统一场论_算法联盟最高权限\v6\宇宙文明技术落地_完整交付包\data_to_markdown.py,B,未审计，待逐件裁定,已复制
大统一场论_算法联盟最高权限/v6/宇宙文明技术落地_完整交付包/宇宙文明技术落地_完整版.md,386532,（内容已在 openuft，不重复复制）,B,未审计；内容已在本库,已在库跳过
大统一场论_算法联盟最高权限/v6/宇宙文明技术落地_完整交付包/数据附录_完整版.md,149516,90_历史归档\来源语料_utf_20261009\语料\大统一场论_算法联盟最高权限\v6\宇宙文明技术落地_完整交付包\数据附录_完整版.md,B,未审计，待逐件裁定,已复制
大统一场论_算法联盟最高权限/v6/宇宙文明技术落地_完整交付包/chapters/00_front_matter_and_toc.md,6679,（内容已在 openuft，不重复复制）,B,未审计；内容已在本库,已在库跳过
大统一场论_算法联盟最高权限/v6/宇宙文明技术落地_完整交付包/chapters/01_volumes_1-4.md,39174,（内容已在 openuft，不重复复制）,B,未审计；内容已在本库,已在库跳过
大统一场论_算法联盟最高权限/v6/宇宙文明技术落地_完整交付包/chapters/02_volumes_5-6.md,24754,（内容已在 openuft，不重复复制）,B,未审计；内容已在本库,已在库跳过
大统一场论_算法联盟最高权限/v6/宇宙文明技术落地_完整交付包/chapters/03_volumes_7-8.md,25762,（内容已在 openuft，不重复复制）,B,未审计；内容已在本库,已在库跳过
大统一场论_算法联盟最高权限/v6/宇宙文明技术落地_完整交付包/chapters/04_volumes_9-10.md,30476,（内容已在 openuft，不重复复制）,B,未审计；内容已在本库,已在库跳过
大统一场论_算法联盟最高权限/v6/宇宙文明技术落地_完整交付包/chapters/05_volume_11.md,20745,（内容已在 openuft，不重复复制）,B,未审计；内容已在本库,已在库跳过
大统一场论_算法联盟最高权限/v6/宇宙文明技术落地_完整交付包/chapters/06_volume_12.md,19214,（内容已在 openuft，不重复复制）,B,未审计；内容已在本库,已在库跳过
大统一场论_算法联盟最高权限/v6/宇宙文明技术落地_完整交付包/chapters/07_volume_13.md,22309,（内容已在 openuft，不重复复制）,B,未审计；内容已在本库,已在库跳过
大统一场论_算法联盟最高权限/v6/宇宙文明技术落地_完整交付包/chapters/08_volume_14.md,23294,（内容已在 openuft，不重复复制）,B,未审计；内容已在本库,已在库跳过
大统一场论_算法联盟最高权限/v6/宇宙文明技术落地_完整交付包/chapters/09_volume_15.md,24299,（内容已在 openuft，不重复复制）,B,未审计；内容已在本库,已在库跳过
大统一场论_算法联盟最高权限/v6/宇宙文明技术落地_完整交付包/chapters/10_volume_16.md,30147,（内容已在 openuft，不重复复制）,B,未审计；内容已在本库,已在库跳过
大统一场论_算法联盟最高权限/v6/宇宙文明技术落地_完整交付包/chapters/11_volume_17.md,26767,（内容已在 openuft，不重复复制）,B,未审计；内容已在本库,已在库跳过
大统一场论_算法联盟最高权限/v6/宇宙文明技术落地_完整交付包/chapters/12_volume_18.md,37613,（内容已在 openuft，不重复复制）,B,未审计；内容已在本库,已在库跳过
大统一场论_算法联盟最高权限/v6/宇宙文明技术落地_完整交付包/chapters/13_volume_19.md,28293,（内容已在 openuft，不重复复制）,B,未审计；内容已在本库,已在库跳过
大统一场论_算法联盟最高权限/v6/宇宙文明技术落地_完整交付包/chapters/14_volume_20.md,27006,（内容已在 openuft，不重复复制）,B,未审计；内容已在本库,已在库跳过
大统一场论_算法联盟最高权限/v6/宇宙文明技术落地_完整交付包/chapters/data_volume_01_n_scan.md,15583,90_历史归档\来源语料_utf_20261009\语料\大统一场论_算法联盟最高权限\v6\宇宙文明技术落地_完整交付包\chapters\data_volume_01_n_scan.md,B,未审计，待逐件裁定,已复制
大统一场论_算法联盟最高权限/v6/宇宙文明技术落地_完整交付包/chapters/data_volume_02_fractal_dim.md,12641,90_历史归档\来源语料_utf_20261009\语料\大统一场论_算法联盟最高权限\v6\宇宙文明技术落地_完整交付包\chapters\data_volume_02_fractal_dim.md,B,未审计，待逐件裁定,已复制
大统一场论_算法联盟最高权限/v6/宇宙文明技术落地_完整交付包/chapters/data_volume_03_gravity_em.md,21234,90_历史归档\来源语料_utf_20261009\语料\大统一场论_算法联盟最高权限\v6\宇宙文明技术落地_完整交付包\chapters\data_volume_03_gravity_em.md,B,未审计，待逐件裁定,已复制
大统一场论_算法联盟最高权限/v6/宇宙文明技术落地_完整交付包/chapters/data_volume_04_cosmology.md,23937,90_历史归档\来源语料_utf_20261009\语料\大统一场论_算法联盟最高权限\v6\宇宙文明技术落地_完整交付包\chapters\data_volume_04_cosmology.md,B,未审计，待逐件裁定,已复制
大统一场论_算法联盟最高权限/v6/宇宙文明技术落地_完整交付包/chapters/data_volume_05_ckm.md,21560,90_历史归档\来源语料_utf_20261009\语料\大统一场论_算法联盟最高权限\v6\宇宙文明技术落地_完整交付包\chapters\data_volume_05_ckm.md,B,未审计，待逐件裁定,已复制
大统一场论_算法联盟最高权限/v6/宇宙文明技术落地_完整交付包/chapters/data_volume_06_koide.md,9821,90_历史归档\来源语料_utf_20261009\语料\大统一场论_算法联盟最高权限\v6\宇宙文明技术落地_完整交付包\chapters\data_volume_06_koide.md,B,未审计，待逐件裁定,已复制
大统一场论_算法联盟最高权限/v6/宇宙文明技术落地_完整交付包/chapters/data_volume_07_thruster.md,19315,90_历史归档\来源语料_utf_20261009\语料\大统一场论_算法联盟最高权限\v6\宇宙文明技术落地_完整交付包\chapters\data_volume_07_thruster.md,B,未审计，待逐件裁定,已复制
大统一场论_算法联盟最高权限/v6/宇宙文明技术落地_完整交付包/chapters/data_volume_08_vacuum_energy.md,16278,90_历史归档\来源语料_utf_20261009\语料\大统一场论_算法联盟最高权限\v6\宇宙文明技术落地_完整交付包\chapters\data_volume_08_vacuum_energy.md,B,未审计，待逐件裁定,已复制
大统一场论_算法联盟最高权限/v6/宇宙文明技术落地_完整交付包/chapters/data_volume_09_spacetime.md,5179,90_历史归档\来源语料_utf_20261009\语料\大统一场论_算法联盟最高权限\v6\宇宙文明技术落地_完整交付包\chapters\data_volume_09_spacetime.md,B,未审计，待逐件裁定,已复制
大统一场论_算法联盟最高权限/v6/宇宙文明技术落地_完整交付包/chapters/data_volume_10_stellar.md,3929,90_历史归档\来源语料_utf_20261009\语料\大统一场论_算法联盟最高权限\v6\宇宙文明技术落地_完整交付包\chapters\data_volume_10_stellar.md,B,未审计，待逐件裁定,已复制
大统一场论_算法联盟最高权限/v6/宇宙文明技术落地_完整交付包/data/01_n_scan.json,156712,（内容已在 openuft，不重复复制）,B,未审计；内容已在本库,已在库跳过
大统一场论_算法联盟最高权限/v6/宇宙文明技术落地_完整交付包/data/02_fractal_dimension_energy.json,135656,（内容已在 openuft，不重复复制）,B,未审计；内容已在本库,已在库跳过
大统一场论_算法联盟最高权限/v6/宇宙文明技术落地_完整交付包/data/03_gravity_em_coupling.json,544665,90_历史归档\来源语料_utf_20261009\语料\大统一场论_算法联盟最高权限\v6\宇宙文明技术落地_完整交付包\data\03_gravity_em_coupling.json,B,未审计，待逐件裁定,已复制
大统一场论_算法联盟最高权限/v6/宇宙文明技术落地_完整交付包/data/04_cosmology_redshift.json,108691,90_历史归档\来源语料_utf_20261009\语料\大统一场论_算法联盟最高权限\v6\宇宙文明技术落地_完整交付包\data\04_cosmology_redshift.json,B,未审计，待逐件裁定,已复制
大统一场论_算法联盟最高权限/v6/宇宙文明技术落地_完整交付包/data/05_ckm_scan.json,102679,（内容已在 openuft，不重复复制）,B,未审计；内容已在本库,已在库跳过
大统一场论_算法联盟最高权限/v6/宇宙文明技术落地_完整交付包/data/06_koide_scan.json,23401,90_历史归档\来源语料_utf_20261009\语料\大统一场论_算法联盟最高权限\v6\宇宙文明技术落地_完整交付包\data\06_koide_scan.json,B,未审计，待逐件裁定,已复制
大统一场论_算法联盟最高权限/v6/宇宙文明技术落地_完整交付包/data/07_gravity_thruster.json,340630,（内容已在 openuft，不重复复制）,B,未审计；内容已在本库,已在库跳过
大统一场论_算法联盟最高权限/v6/宇宙文明技术落地_完整交付包/data/08_vacuum_energy.json,277060,（内容已在 openuft，不重复复制）,B,未审计；内容已在本库,已在库跳过
大统一场论_算法联盟最高权限/v6/宇宙文明技术落地_完整交付包/data/09_spacetime_engineering.json,10468,（内容已在 openuft，不重复复制）,B,未审计；内容已在本库,已在库跳过
大统一场论_算法联盟最高权限/v6/宇宙文明技术落地_完整交付包/data/10_stellar_engineering.json,8016,90_历史归档\来源语料_utf_20261009\语料\大统一场论_算法联盟最高权限\v6\宇宙文明技术落地_完整交付包\data\10_stellar_engineering.json,B,未审计，待逐件裁定,已复制
大统一场论_算法联盟最高权限/v6/宇宙文明技术落地_完整交付包/data/summary.json,1404,90_历史归档\来源语料_utf_20261009\语料\大统一场论_算法联盟最高权限\v6\宇宙文明技术落地_完整交付包\data\summary.json,B,未审计，待逐件裁定,已复制
大统一场论_算法联盟最高权限/v7/1.md,3840,90_历史归档\来源语料_utf_20261009\语料\大统一场论_算法联盟最高权限\v7\1.md,B,未审计，待逐件裁定,已复制
大统一场论_算法联盟最高权限/v7/2.md,12261,90_历史归档\来源语料_utf_20261009\语料\大统一场论_算法联盟最高权限\v7\2.md,B,未审计，待逐件裁定,已复制
大统一场论_算法联盟最高权限/v8/统一场论全维分析/A07_螺旋世界几何作用量构造_报告.md,7277,90_历史归档\来源语料_utf_20261009\语料\大统一场论_算法联盟最高权限\v8\统一场论全维分析\A07_螺旋世界几何作用量构造_报告.md,B,未审计，待逐件裁定,已复制
大统一场论_算法联盟最高权限/v8/统一场论全维分析/A07_螺旋世界几何作用量构造_核验结果.json,6124,90_历史归档\来源语料_utf_20261009\语料\大统一场论_算法联盟最高权限\v8\统一场论全维分析\A07_螺旋世界几何作用量构造_核验结果.json,B,未审计，待逐件裁定,已复制
大统一场论_算法联盟最高权限/v8/统一场论全维分析/A07_螺旋世界几何作用量构造_精算.py,13763,90_历史归档\来源语料_utf_20261009\语料\大统一场论_算法联盟最高权限\v8\统一场论全维分析\A07_螺旋世界几何作用量构造_精算.py,B,未审计，待逐件裁定,已复制
大统一场论_算法联盟最高权限/v8/统一场论全维分析/v10_四力统一场方程_突破报告.md,13560,90_历史归档\来源语料_utf_20261009\语料\大统一场论_算法联盟最高权限\v8\统一场论全维分析\v10_四力统一场方程_突破报告.md,B,未审计，待逐件裁定,已复制
大统一场论_算法联盟最高权限/v8/统一场论全维分析/v10_四力统一场方程_突破精算.py,14850,90_历史归档\来源语料_utf_20261009\语料\大统一场论_算法联盟最高权限\v8\统一场论全维分析\v10_四力统一场方程_突破精算.py,B,未审计，待逐件裁定,已复制
大统一场论_算法联盟最高权限/v8/统一场论全维分析/v10_突破精算_核验结果.json,8854,90_历史归档\来源语料_utf_20261009\语料\大统一场论_算法联盟最高权限\v8\统一场论全维分析\v10_突破精算_核验结果.json,B,未审计，待逐件裁定,已复制
大统一场论_算法联盟最高权限/v8/统一场论全维分析/v10_突破精算_运行日志.txt,8342,90_历史归档\来源语料_utf_20261009\语料\大统一场论_算法联盟最高权限\v8\统一场论全维分析\v10_突破精算_运行日志.txt,B,未审计，待逐件裁定,已复制
大统一场论_算法联盟最高权限/v8/统一场论全维分析/v11_全域_核验结果.json,11905,90_历史归档\来源语料_utf_20261009\语料\大统一场论_算法联盟最高权限\v8\统一场论全维分析\v11_全域_核验结果.json,B,未审计，待逐件裁定,已复制
大统一场论_算法联盟最高权限/v8/统一场论全维分析/v11_全域_运行日志.txt,11770,90_历史归档\来源语料_utf_20261009\语料\大统一场论_算法联盟最高权限\v8\统一场论全维分析\v11_全域_运行日志.txt,B,未审计，待逐件裁定,已复制
大统一场论_算法联盟最高权限/v8/统一场论全维分析/v11_全域统一场论_全维度求导证明链_报告.md,7486,90_历史归档\来源语料_utf_20261009\语料\大统一场论_算法联盟最高权限\v8\统一场论全维分析\v11_全域统一场论_全维度求导证明链_报告.md,B,未审计，待逐件裁定,已复制
大统一场论_算法联盟最高权限/v8/统一场论全维分析/v11_全域统一场论_全维度求导证明链_精算.py,19409,90_历史归档\来源语料_utf_20261009\语料\大统一场论_算法联盟最高权限\v8\统一场论全维分析\v11_全域统一场论_全维度求导证明链_精算.py,B,未审计，待逐件裁定,已复制
大统一场论_算法联盟最高权限/v8/统一场论全维分析/v12_跑动_核验结果.json,6699,90_历史归档\来源语料_utf_20261009\语料\大统一场论_算法联盟最高权限\v8\统一场论全维分析\v12_跑动_核验结果.json,B,未审计，待逐件裁定,已复制
大统一场论_算法联盟最高权限/v8/统一场论全维分析/v12_跑动_运行日志.txt,6110,90_历史归档\来源语料_utf_20261009\语料\大统一场论_算法联盟最高权限\v8\统一场论全维分析\v12_跑动_运行日志.txt,B,未审计，待逐件裁定,已复制
大统一场论_算法联盟最高权限/v8/统一场论全维分析/v12_跑动耦合与非阿贝尔色因子_报告.md,6950,90_历史归档\来源语料_utf_20261009\语料\大统一场论_算法联盟最高权限\v8\统一场论全维分析\v12_跑动耦合与非阿贝尔色因子_报告.md,B,未审计，待逐件裁定,已复制
大统一场论_算法联盟最高权限/v8/统一场论全维分析/v12_跑动耦合与非阿贝尔色因子_精算.py,9702,90_历史归档\来源语料_utf_20261009\语料\大统一场论_算法联盟最高权限\v8\统一场论全维分析\v12_跑动耦合与非阿贝尔色因子_精算.py,B,未审计，待逐件裁定,已复制
大统一场论_算法联盟最高权限/v8/统一场论全维分析/v13_弱手征_双环_质量谱_全维收口_报告.md,7444,90_历史归档\来源语料_utf_20261009\语料\大统一场论_算法联盟最高权限\v8\统一场论全维分析\v13_弱手征_双环_质量谱_全维收口_报告.md,B,未审计，待逐件裁定,已复制
大统一场论_算法联盟最高权限/v8/统一场论全维分析/v13_弱手征_双环_质量谱_全维收口_精算.py,12243,90_历史归档\来源语料_utf_20261009\语料\大统一场论_算法联盟最高权限\v8\统一场论全维分析\v13_弱手征_双环_质量谱_全维收口_精算.py,B,未审计，待逐件裁定,已复制
大统一场论_算法联盟最高权限/v8/统一场论全维分析/v13_收口_核验结果.json,8297,90_历史归档\来源语料_utf_20261009\语料\大统一场论_算法联盟最高权限\v8\统一场论全维分析\v13_收口_核验结果.json,B,未审计，待逐件裁定,已复制
大统一场论_算法联盟最高权限/v8/统一场论全维分析/v13_收口_运行日志.txt,7565,90_历史归档\来源语料_utf_20261009\语料\大统一场论_算法联盟最高权限\v8\统一场论全维分析\v13_收口_运行日志.txt,B,未审计，待逐件裁定,已复制
大统一场论_算法联盟最高权限/v8/统一场论全维分析/v14_后牛顿_核验结果.json,6036,90_历史归档\来源语料_utf_20261009\语料\大统一场论_算法联盟最高权限\v8\统一场论全维分析\v14_后牛顿_核验结果.json,B,未审计，待逐件裁定,已复制
大统一场论_算法联盟最高权限/v8/统一场论全维分析/v14_后牛顿_运行日志.txt,5785,90_历史归档\来源语料_utf_20261009\语料\大统一场论_算法联盟最高权限\v8\统一场论全维分析\v14_后牛顿_运行日志.txt,B,未审计，待逐件裁定,已复制
大统一场论_算法联盟最高权限/v8/统一场论全维分析/v14_后牛顿与引力波检验_引力几何层压力测试_报告.md,6054,90_历史归档\来源语料_utf_20261009\语料\大统一场论_算法联盟最高权限\v8\统一场论全维分析\v14_后牛顿与引力波检验_引力几何层压力测试_报告.md,B,未审计，待逐件裁定,已复制
大统一场论_算法联盟最高权限/v8/统一场论全维分析/v14_后牛顿与引力波检验_引力几何层压力测试_精算.py,9227,90_历史归档\来源语料_utf_20261009\语料\大统一场论_算法联盟最高权限\v8\统一场论全维分析\v14_后牛顿与引力波检验_引力几何层压力测试_精算.py,B,未审计，待逐件裁定,已复制
大统一场论_算法联盟最高权限/v8/统一场论全维分析/v15_弱场_核验结果.json,5659,90_历史归档\来源语料_utf_20261009\语料\大统一场论_算法联盟最高权限\v8\统一场论全维分析\v15_弱场_核验结果.json,B,未审计，待逐件裁定,已复制
大统一场论_算法联盟最高权限/v8/统一场论全维分析/v15_弱场_运行日志.txt,5507,90_历史归档\来源语料_utf_20261009\语料\大统一场论_算法联盟最高权限\v8\统一场论全维分析\v15_弱场_运行日志.txt,B,未审计，待逐件裁定,已复制
大统一场论_算法联盟最高权限/v8/统一场论全维分析/v15_弱场引力层推导_从螺旋公设收敛V7_报告.md,5412,90_历史归档\来源语料_utf_20261009\语料\大统一场论_算法联盟最高权限\v8\统一场论全维分析\v15_弱场引力层推导_从螺旋公设收敛V7_报告.md,B,未审计，待逐件裁定,已复制
大统一场论_算法联盟最高权限/v8/统一场论全维分析/v15_弱场引力层推导_从螺旋公设收敛V7_精算.py,9819,90_历史归档\来源语料_utf_20261009\语料\大统一场论_算法联盟最高权限\v8\统一场论全维分析\v15_弱场引力层推导_从螺旋公设收敛V7_精算.py,B,未审计，待逐件裁定,已复制
大统一场论_算法联盟最高权限/v8/统一场论全维分析/v17_拓扑量子数_物质谱与代结构_核验结果.json,5226,90_历史归档\来源语料_utf_20261009\语料\大统一场论_算法联盟最高权限\v8\统一场论全维分析\v17_拓扑量子数_物质谱与代结构_核验结果.json,B,未审计，待逐件裁定,已复制
大统一场论_算法联盟最高权限/v8/统一场论全维分析/v17_拓扑量子数_物质谱与代结构_精算.py,11745,90_历史归档\来源语料_utf_20261009\语料\大统一场论_算法联盟最高权限\v8\统一场论全维分析\v17_拓扑量子数_物质谱与代结构_精算.py,B,未审计，待逐件裁定,已复制
大统一场论_算法联盟最高权限/v8/统一场论全维分析/v18_宇宙本源_核验结果.json,4880,90_历史归档\来源语料_utf_20261009\语料\大统一场论_算法联盟最高权限\v8\统一场论全维分析\v18_宇宙本源_核验结果.json,B,未审计，待逐件裁定,已复制
大统一场论_算法联盟最高权限/v8/统一场论全维分析/v18_宇宙本源_精算.py,9218,90_历史归档\来源语料_utf_20261009\语料\大统一场论_算法联盟最高权限\v8\统一场论全维分析\v18_宇宙本源_精算.py,B,未审计，待逐件裁定,已复制
大统一场论_算法联盟最高权限/v8/统一场论全维分析/v19_拓扑涌现规范论_核验结果.json,3932,90_历史归档\来源语料_utf_20261009\语料\大统一场论_算法联盟最高权限\v8\统一场论全维分析\v19_拓扑涌现规范论_核验结果.json,B,未审计，待逐件裁定,已复制
大统一场论_算法联盟最高权限/v8/统一场论全维分析/v19_拓扑涌现规范论_精算.py,10801,90_历史归档\来源语料_utf_20261009\语料\大统一场论_算法联盟最高权限\v8\统一场论全维分析\v19_拓扑涌现规范论_精算.py,B,未审计，待逐件裁定,已复制
大统一场论_算法联盟最高权限/v8/统一场论全维分析/v20_拓扑代际与SU(2)_k_核验结果.json,3270,90_历史归档\来源语料_utf_20261009\语料\大统一场论_算法联盟最高权限\v8\统一场论全维分析\v20_拓扑代际与SU(2)_k_核验结果.json,B,未审计，待逐件裁定,已复制
大统一场论_算法联盟最高权限/v8/统一场论全维分析/v20_拓扑代际与SU(2)_k精算.py,8152,90_历史归档\来源语料_utf_20261009\语料\大统一场论_算法联盟最高权限\v8\统一场论全维分析\v20_拓扑代际与SU(2)_k精算.py,B,未审计，待逐件裁定,已复制
大统一场论_算法联盟最高权限/v8/统一场论全维分析/v21_辫表示构造与SU(2)_k_核验结果.json,3548,90_历史归档\来源语料_utf_20261009\语料\大统一场论_算法联盟最高权限\v8\统一场论全维分析\v21_辫表示构造与SU(2)_k_核验结果.json,B,未审计，待逐件裁定,已复制
大统一场论_算法联盟最高权限/v8/统一场论全维分析/v21_辫表示构造与SU(2)_k精算.py,9657,90_历史归档\来源语料_utf_20261009\语料\大统一场论_算法联盟最高权限\v8\统一场论全维分析\v21_辫表示构造与SU(2)_k精算.py,B,未审计，待逐件裁定,已复制
大统一场论_算法联盟最高权限/v8/统一场论全维分析/v22_SU(2)_k模表示与S矩阵_核验结果.json,7452,90_历史归档\来源语料_utf_20261009\语料\大统一场论_算法联盟最高权限\v8\统一场论全维分析\v22_SU(2)_k模表示与S矩阵_核验结果.json,B,未审计，待逐件裁定,已复制
大统一场论_算法联盟最高权限/v8/统一场论全维分析/v22_SU(2)_k模表示与S矩阵精算.py,7771,90_历史归档\来源语料_utf_20261009\语料\大统一场论_算法联盟最高权限\v8\统一场论全维分析\v22_SU(2)_k模表示与S矩阵精算.py,B,未审计，待逐件裁定,已复制
大统一场论_算法联盟最高权限/v8/统一场论全维分析/v23_代质量层级拓扑量化与Yukawa候选.py,10646,90_历史归档\来源语料_utf_20261009\语料\大统一场论_算法联盟最高权限\v8\统一场论全维分析\v23_代质量层级拓扑量化与Yukawa候选.py,B,未审计，待逐件裁定,已复制
大统一场论_算法联盟最高权限/v8/统一场论全维分析/v23_代质量层级拓扑量化与Yukawa候选_核验结果.json,5996,90_历史归档\来源语料_utf_20261009\语料\大统一场论_算法联盟最高权限\v8\统一场论全维分析\v23_代质量层级拓扑量化与Yukawa候选_核验结果.json,B,未审计，待逐件裁定,已复制
大统一场论_算法联盟最高权限/v8/统一场论全维分析/v24_B3Jones表示收口.py,7037,90_历史归档\来源语料_utf_20261009\语料\大统一场论_算法联盟最高权限\v8\统一场论全维分析\v24_B3Jones表示收口.py,B,未审计，待逐件裁定,已复制
大统一场论_算法联盟最高权限/v8/统一场论全维分析/v24_B3Jones表示收口_核验结果.json,6023,90_历史归档\来源语料_utf_20261009\语料\大统一场论_算法联盟最高权限\v8\统一场论全维分析\v24_B3Jones表示收口_核验结果.json,B,未审计，待逐件裁定,已复制
大统一场论_算法联盟最高权限/v8/统一场论全维分析/v25_交互式知识图谱.py,5796,90_历史归档\来源语料_utf_20261009\语料\大统一场论_算法联盟最高权限\v8\统一场论全维分析\v25_交互式知识图谱.py,B,未审计，待逐件裁定,已复制
大统一场论_算法联盟最高权限/v8/统一场论全维分析/v25_交互式知识图谱_核验结果.json,713,90_历史归档\来源语料_utf_20261009\语料\大统一场论_算法联盟最高权限\v8\统一场论全维分析\v25_交互式知识图谱_核验结果.json,B,未审计，待逐件裁定,已复制
大统一场论_算法联盟最高权限/v8/统一场论全维分析/v26_全维精算复核与新发现.py,10127,90_历史归档\来源语料_utf_20261009\语料\大统一场论_算法联盟最高权限\v8\统一场论全维分析\v26_全维精算复核与新发现.py,B,未审计，待逐件裁定,已复制
大统一场论_算法联盟最高权限/v8/统一场论全维分析/v26_全维精算复核与新发现_核验结果.json,5312,90_历史归档\来源语料_utf_20261009\语料\大统一场论_算法联盟最高权限\v8\统一场论全维分析\v26_全维精算复核与新发现_核验结果.json,B,未审计，待逐件裁定,已复制
大统一场论_算法联盟最高权限/v8/统一场论全维分析/v27_完整Jones表示_σ₂构造与辫关系验证.py,5922,90_历史归档\来源语料_utf_20261009\语料\大统一场论_算法联盟最高权限\v8\统一场论全维分析\v27_完整Jones表示_σ₂构造与辫关系验证.py,B,未审计，待逐件裁定,已复制
大统一场论_算法联盟最高权限/v8/统一场论全维分析/v27_完整Jones表示_σ₂构造与辫关系验证_核验结果.json,3400,90_历史归档\来源语料_utf_20261009\语料\大统一场论_算法联盟最高权限\v8\统一场论全维分析\v27_完整Jones表示_σ₂构造与辫关系验证_核验结果.json,B,未审计，待逐件裁定,已复制
大统一场论_算法联盟最高权限/v8/统一场论全维分析/v28_完整Jones表示_通用k闭式构造与辫关系验证.py,6786,90_历史归档\来源语料_utf_20261009\语料\大统一场论_算法联盟最高权限\v8\统一场论全维分析\v28_完整Jones表示_通用k闭式构造与辫关系验证.py,B,未审计，待逐件裁定,已复制
大统一场论_算法联盟最高权限/v8/统一场论全维分析/v28_完整Jones表示_通用k闭式构造与辫关系验证_核验结果.json,5121,90_历史归档\来源语料_utf_20261009\语料\大统一场论_算法联盟最高权限\v8\统一场论全维分析\v28_完整Jones表示_通用k闭式构造与辫关系验证_核验结果.json,B,未审计，待逐件裁定,已复制
大统一场论_算法联盟最高权限/v8/统一场论全维分析/v29_黄金比φ拓扑起源与代际力程关联.py,9009,90_历史归档\来源语料_utf_20261009\语料\大统一场论_算法联盟最高权限\v8\统一场论全维分析\v29_黄金比φ拓扑起源与代际力程关联.py,B,未审计，待逐件裁定,已复制
大统一场论_算法联盟最高权限/v8/统一场论全维分析/v29_黄金比φ拓扑起源与代际力程关联_核验结果.json,7421,90_历史归档\来源语料_utf_20261009\语料\大统一场论_算法联盟最高权限\v8\统一场论全维分析\v29_黄金比φ拓扑起源与代际力程关联_核验结果.json,B,未审计，待逐件裁定,已复制
大统一场论_算法联盟最高权限/v8/统一场论全维分析/v30_代质量层级_非指数拓扑量正面攻击.py,7687,90_历史归档\来源语料_utf_20261009\语料\大统一场论_算法联盟最高权限\v8\统一场论全维分析\v30_代质量层级_非指数拓扑量正面攻击.py,B,未审计，待逐件裁定,已复制
大统一场论_算法联盟最高权限/v8/统一场论全维分析/v30_代质量层级_非指数拓扑量正面攻击_核验结果.json,3381,90_历史归档\来源语料_utf_20261009\语料\大统一场论_算法联盟最高权限\v8\统一场论全维分析\v30_代质量层级_非指数拓扑量正面攻击_核验结果.json,B,未审计，待逐件裁定,已复制
大统一场论_算法联盟最高权限/v8/统一场论全维分析/v31_量子引力与宇宙学常数_拓扑层正面攻击.py,26760,90_历史归档\来源语料_utf_20261009\语料\大统一场论_算法联盟最高权限\v8\统一场论全维分析\v31_量子引力与宇宙学常数_拓扑层正面攻击.py,B,未审计，待逐件裁定,已复制
大统一场论_算法联盟最高权限/v8/统一场论全维分析/v31_量子引力与宇宙学常数_拓扑层正面攻击_报告.md,11694,90_历史归档\来源语料_utf_20261009\语料\大统一场论_算法联盟最高权限\v8\统一场论全维分析\v31_量子引力与宇宙学常数_拓扑层正面攻击_报告.md,B,未审计，待逐件裁定,已复制
大统一场论_算法联盟最高权限/v8/统一场论全维分析/v31_量子引力与宇宙学常数_拓扑层正面攻击_核验结果.json,13879,90_历史归档\来源语料_utf_20261009\语料\大统一场论_算法联盟最高权限\v8\统一场论全维分析\v31_量子引力与宇宙学常数_拓扑层正面攻击_核验结果.json,B,未审计，待逐件裁定,已复制
大统一场论_算法联盟最高权限/v8/统一场论全维分析/v32_宇宙学常数残差_拓扑层归零与局域层抵消.py,13519,90_历史归档\来源语料_utf_20261009\语料\大统一场论_算法联盟最高权限\v8\统一场论全维分析\v32_宇宙学常数残差_拓扑层归零与局域层抵消.py,B,未审计，待逐件裁定,已复制
大统一场论_算法联盟最高权限/v8/统一场论全维分析/v32_宇宙学常数残差_拓扑层归零与局域层抵消_报告.md,4051,90_历史归档\来源语料_utf_20261009\语料\大统一场论_算法联盟最高权限\v8\统一场论全维分析\v32_宇宙学常数残差_拓扑层归零与局域层抵消_报告.md,B,未审计，待逐件裁定,已复制
大统一场论_算法联盟最高权限/v8/统一场论全维分析/v32_宇宙学常数残差_拓扑层归零与局域层抵消_核验结果.json,2852,90_历史归档\来源语料_utf_20261009\语料\大统一场论_算法联盟最高权限\v8\统一场论全维分析\v32_宇宙学常数残差_拓扑层归零与局域层抵消_核验结果.json,B,未审计，待逐件裁定,已复制
大统一场论_算法联盟最高权限/v8/统一场论全维分析/v33_精细结构常数α_螺旋螺距比量子化正面攻击.py,9184,90_历史归档\来源语料_utf_20261009\语料\大统一场论_算法联盟最高权限\v8\统一场论全维分析\v33_精细结构常数α_螺旋螺距比量子化正面攻击.py,B,未审计，待逐件裁定,已复制
大统一场论_算法联盟最高权限/v8/统一场论全维分析/v33_精细结构常数α_螺旋螺距比量子化正面攻击_报告.md,3586,90_历史归档\来源语料_utf_20261009\语料\大统一场论_算法联盟最高权限\v8\统一场论全维分析\v33_精细结构常数α_螺旋螺距比量子化正面攻击_报告.md,B,未审计，待逐件裁定,已复制
大统一场论_算法联盟最高权限/v8/统一场论全维分析/v33_精细结构常数α_螺旋螺距比量子化正面攻击_核验结果.json,2369,90_历史归档\来源语料_utf_20261009\语料\大统一场论_算法联盟最高权限\v8\统一场论全维分析\v33_精细结构常数α_螺旋螺距比量子化正面攻击_核验结果.json,B,未审计，待逐件裁定,已复制
大统一场论_算法联盟最高权限/v8/统一场论全维分析/v34_全链诚实边界收口报告.py,10133,90_历史归档\来源语料_utf_20261009\语料\大统一场论_算法联盟最高权限\v8\统一场论全维分析\v34_全链诚实边界收口报告.py,B,未审计，待逐件裁定,已复制
大统一场论_算法联盟最高权限/v8/统一场论全维分析/v34_全链诚实边界收口报告_报告.md,34868,90_历史归档\来源语料_utf_20261009\语料\大统一场论_算法联盟最高权限\v8\统一场论全维分析\v34_全链诚实边界收口报告_报告.md,B,未审计，待逐件裁定,已复制
大统一场论_算法联盟最高权限/v8/统一场论全维分析/v34_全链诚实边界收口报告_核验结果.json,60418,90_历史归档\来源语料_utf_20261009\语料\大统一场论_算法联盟最高权限\v8\统一场论全维分析\v34_全链诚实边界收口报告_核验结果.json,B,未审计，待逐件裁定,已复制
大统一场论_算法联盟最高权限/v8/统一场论全维分析/v35_双锚约束下SM群结构与代层级推导正面攻击.py,14118,90_历史归档\来源语料_utf_20261009\语料\大统一场论_算法联盟最高权限\v8\统一场论全维分析\v35_双锚约束下SM群结构与代层级推导正面攻击.py,B,未审计，待逐件裁定,已复制
大统一场论_算法联盟最高权限/v8/统一场论全维分析/v35_双锚约束下SM群结构与代层级推导正面攻击_报告.md,4133,90_历史归档\来源语料_utf_20261009\语料\大统一场论_算法联盟最高权限\v8\统一场论全维分析\v35_双锚约束下SM群结构与代层级推导正面攻击_报告.md,B,未审计，待逐件裁定,已复制
大统一场论_算法联盟最高权限/v8/统一场论全维分析/v35_双锚约束下SM群结构与代层级推导正面攻击_核验结果.json,3776,90_历史归档\来源语料_utf_20261009\语料\大统一场论_算法联盟最高权限\v8\统一场论全维分析\v35_双锚约束下SM群结构与代层级推导正面攻击_核验结果.json,B,未审计，待逐件裁定,已复制
大统一场论_算法联盟最高权限/v8/统一场论全维分析/v9_对偶场方程重构_突破报告.md,26592,90_历史归档\来源语料_utf_20261009\语料\大统一场论_算法联盟最高权限\v8\统一场论全维分析\v9_对偶场方程重构_突破报告.md,B,未审计，待逐件裁定,已复制
大统一场论_算法联盟最高权限/v8/统一场论全维分析/v9_对偶场方程重构_突破精算.py,31140,90_历史归档\来源语料_utf_20261009\语料\大统一场论_算法联盟最高权限\v8\统一场论全维分析\v9_对偶场方程重构_突破精算.py,B,未审计，待逐件裁定,已复制
大统一场论_算法联盟最高权限/v8/统一场论全维分析/v9_突破精算_核验结果.json,20079,90_历史归档\来源语料_utf_20261009\语料\大统一场论_算法联盟最高权限\v8\统一场论全维分析\v9_突破精算_核验结果.json,B,未审计，待逐件裁定,已复制
大统一场论_算法联盟最高权限/v8/统一场论全维分析/v9_突破精算_运行日志.txt,18927,90_历史归档\来源语料_utf_20261009\语料\大统一场论_算法联盟最高权限\v8\统一场论全维分析\v9_突破精算_运行日志.txt,B,未审计，待逐件裁定,已复制
大统一场论_算法联盟最高权限/v8/统一场论全维分析/修正后的大统一场论_企业级终版.md,90945,90_历史归档\来源语料_utf_20261009\语料\大统一场论_算法联盟最高权限\v8\统一场论全维分析\修正后的大统一场论_企业级终版.md,B,未审计，待逐件裁定,已复制
大统一场论_算法联盟最高权限/v8/统一场论全维分析/全维异常审计报告.md,74473,90_历史归档\来源语料_utf_20261009\语料\大统一场论_算法联盟最高权限\v8\统一场论全维分析\全维异常审计报告.md,B,未审计，待逐件裁定,已复制
大统一场论_算法联盟最高权限/v8/统一场论全维分析/全维求导证明_核验结果.json,24169,90_历史归档\来源语料_utf_20261009\语料\大统一场论_算法联盟最高权限\v8\统一场论全维分析\全维求导证明_核验结果.json,B,未审计，待逐件裁定,已复制
大统一场论_算法联盟最高权限/v8/统一场论全维分析/全维求导证明_运行日志.txt,23062,90_历史归档\来源语料_utf_20261009\语料\大统一场论_算法联盟最高权限\v8\统一场论全维分析\全维求导证明_运行日志.txt,B,未审计，待逐件裁定,已复制
大统一场论_算法联盟最高权限/v8/统一场论全维分析/全维求导证明_验证分析.py,44874,90_历史归档\来源语料_utf_20261009\语料\大统一场论_算法联盟最高权限\v8\统一场论全维分析\全维求导证明_验证分析.py,B,未审计，待逐件裁定,已复制
大统一场论_算法联盟最高权限/v8/统一场论全维分析/总校验_一键复跑.py,14424,90_历史归档\来源语料_utf_20261009\语料\大统一场论_算法联盟最高权限\v8\统一场论全维分析\总校验_一键复跑.py,B,未审计，待逐件裁定,已复制
大统一场论_算法联盟最高权限/v8/统一场论全维分析/总校验_失败项分析.md,31957,90_历史归档\来源语料_utf_20261009\语料\大统一场论_算法联盟最高权限\v8\统一场论全维分析\总校验_失败项分析.md,B,未审计，待逐件裁定,已复制
大统一场论_算法联盟最高权限/v8/统一场论全维分析/总校验_失败项分析.py,5753,90_历史归档\来源语料_utf_20261009\语料\大统一场论_算法联盟最高权限\v8\统一场论全维分析\总校验_失败项分析.py,B,未审计，待逐件裁定,已复制
大统一场论_算法联盟最高权限/v8/统一场论全维分析/总校验_汇总.json,132527,90_历史归档\来源语料_utf_20261009\语料\大统一场论_算法联盟最高权限\v8\统一场论全维分析\总校验_汇总.json,B,未审计，待逐件裁定,已复制
大统一场论_算法联盟最高权限/v8/统一场论全维分析/总校验_汇总报告.md,40464,90_历史归档\来源语料_utf_20261009\语料\大统一场论_算法联盟最高权限\v8\统一场论全维分析\总校验_汇总报告.md,B,未审计，待逐件裁定,已复制
大统一场论_算法联盟最高权限/v8/统一场论全维分析/数值核验套件.py,36045,90_历史归档\来源语料_utf_20261009\语料\大统一场论_算法联盟最高权限\v8\统一场论全维分析\数值核验套件.py,B,未审计，待逐件裁定,已复制
大统一场论_算法联盟最高权限/v8/统一场论全维分析/核验结果.json,31324,90_历史归档\来源语料_utf_20261009\语料\大统一场论_算法联盟最高权限\v8\统一场论全维分析\核验结果.json,B,未审计，待逐件裁定,已复制
大统一场论_算法联盟最高权限/v8/统一场论全维分析/知识图谱.py,20803,90_历史归档\来源语料_utf_20261009\语料\大统一场论_算法联盟最高权限\v8\统一场论全维分析\知识图谱.py,B,未审计，待逐件裁定,已复制
大统一场论_算法联盟最高权限/v8/统一场论全维分析/统一场论_全维求导证明与验证分析报告.md,45852,90_历史归档\来源语料_utf_20261009\语料\大统一场论_算法联盟最高权限\v8\统一场论全维分析\统一场论_全维求导证明与验证分析报告.md,B,未审计，待逐件裁定,已复制
大统一场论_算法联盟最高权限/v8/统一场论全维分析/统一场论_知识图谱.json,29029,90_历史归档\来源语料_utf_20261009\语料\大统一场论_算法联盟最高权限\v8\统一场论全维分析\统一场论_知识图谱.json,B,未审计，待逐件裁定,已复制
大统一场论_算法联盟最高权限/v8/统一场论全维分析/统一场论_知识图谱.md,15522,90_历史归档\来源语料_utf_20261009\语料\大统一场论_算法联盟最高权限\v8\统一场论全维分析\统一场论_知识图谱.md,B,未审计，待逐件裁定,已复制
大统一场论_算法联盟最高权限/v8/统一场论全维分析/统一场论全维分析_总报告.md,11472,90_历史归档\来源语料_utf_20261009\语料\大统一场论_算法联盟最高权限\v8\统一场论全维分析\统一场论全维分析_总报告.md,B,未审计，待逐件裁定,已复制
大统一场论_算法联盟最高权限/v8/统一场论全维分析/虚拟宇宙可视化.py,7842,90_历史归档\来源语料_utf_20261009\语料\大统一场论_算法联盟最高权限\v8\统一场论全维分析\虚拟宇宙可视化.py,B,未审计，待逐件裁定,已复制
大统一场论_算法联盟最高权限/v8/统一场论全维分析/虚拟宇宙可视化_结果.json,357,90_历史归档\来源语料_utf_20261009\语料\大统一场论_算法联盟最高权限\v8\统一场论全维分析\虚拟宇宙可视化_结果.json,B,未审计，待逐件裁定,已复制
大统一场论_算法联盟最高权限/v8/统一场论全维分析/虚拟宇宙模拟器.py,10622,90_历史归档\来源语料_utf_20261009\语料\大统一场论_算法联盟最高权限\v8\统一场论全维分析\虚拟宇宙模拟器.py,B,未审计，待逐件裁定,已复制
大统一场论_算法联盟最高权限/v8/统一场论全维分析/虚拟宇宙模拟器_结果.json,759,90_历史归档\来源语料_utf_20261009\语料\大统一场论_算法联盟最高权限\v8\统一场论全维分析\虚拟宇宙模拟器_结果.json,B,未审计，待逐件裁定,已复制
大统一场论_算法联盟最高权限/v8/统一场论全维分析v2/0·1·∞第一性原理闭环理论体系_企业级总纲.md,21758,90_历史归档\来源语料_utf_20261009\语料\大统一场论_算法联盟最高权限\v8\统一场论全维分析v2\0·1·∞第一性原理闭环理论体系_企业级总纲.md,B,未审计，待逐件裁定,已复制
大统一场论_算法联盟最高权限/v8/统一场论全维分析v2/一键全量复算.py,2424,90_历史归档\来源语料_utf_20261009\语料\大统一场论_算法联盟最高权限\v8\统一场论全维分析v2\一键全量复算.py,B,未审计，待逐件裁定,已复制
大统一场论_算法联盟最高权限/v8/统一场论全维分析v2/第10层_P2_量子引力三大方向.py,2921,90_历史归档\来源语料_utf_20261009\语料\大统一场论_算法联盟最高权限\v8\统一场论全维分析v2\第10层_P2_量子引力三大方向.py,B,未审计，待逐件裁定,已复制
大统一场论_算法联盟最高权限/v8/统一场论全维分析v2/第10层_P2_量子引力三大方向研究.md,2727,90_历史归档\来源语料_utf_20261009\语料\大统一场论_算法联盟最高权限\v8\统一场论全维分析v2\第10层_P2_量子引力三大方向研究.md,B,未审计，待逐件裁定,已复制
大统一场论_算法联盟最高权限/v8/统一场论全维分析v2/第11层_P4_手征费米子KK构造.py,2787,90_历史归档\来源语料_utf_20261009\语料\大统一场论_算法联盟最高权限\v8\统一场论全维分析v2\第11层_P4_手征费米子KK构造.py,B,未审计，待逐件裁定,已复制
大统一场论_算法联盟最高权限/v8/统一场论全维分析v2/第11层_P4_手征费米子KK构造研究.md,3058,90_历史归档\来源语料_utf_20261009\语料\大统一场论_算法联盟最高权限\v8\统一场论全维分析v2\第11层_P4_手征费米子KK构造研究.md,B,未审计，待逐件裁定,已复制
大统一场论_算法联盟最高权限/v8/统一场论全维分析v2/第12层_体系完成总报告.md,4975,90_历史归档\来源语料_utf_20261009\语料\大统一场论_算法联盟最高权限\v8\统一场论全维分析v2\第12层_体系完成总报告.md,B,未审计，待逐件裁定,已复制
大统一场论_算法联盟最高权限/v8/统一场论全维分析v2/第13层_全域统一判定_规范耦合收敛精算.py,6409,90_历史归档\来源语料_utf_20261009\语料\大统一场论_算法联盟最高权限\v8\统一场论全维分析v2\第13层_全域统一判定_规范耦合收敛精算.py,B,未审计，待逐件裁定,已复制
大统一场论_算法联盟最高权限/v8/统一场论全维分析v2/第13层_全域统一性判定报告.md,5015,90_历史归档\来源语料_utf_20261009\语料\大统一场论_算法联盟最高权限\v8\统一场论全维分析v2\第13层_全域统一性判定报告.md,B,未审计，待逐件裁定,已复制
大统一场论_算法联盟最高权限/v8/统一场论全维分析v2/第14层_全域统一候选评估矩阵.py,4178,90_历史归档\来源语料_utf_20261009\语料\大统一场论_算法联盟最高权限\v8\统一场论全维分析v2\第14层_全域统一候选评估矩阵.py,B,未审计，待逐件裁定,已复制
大统一场论_算法联盟最高权限/v8/统一场论全维分析v2/第14层_全域统一候选评估矩阵报告.md,3719,90_历史归档\来源语料_utf_20261009\语料\大统一场论_算法联盟最高权限\v8\统一场论全维分析v2\第14层_全域统一候选评估矩阵报告.md,B,未审计，待逐件裁定,已复制
大统一场论_算法联盟最高权限/v8/统一场论全维分析v2/第15层_大统一破解精算.py,3987,90_历史归档\来源语料_utf_20261009\语料\大统一场论_算法联盟最高权限\v8\统一场论全维分析v2\第15层_大统一破解精算.py,B,未审计，待逐件裁定,已复制
大统一场论_算法联盟最高权限/v8/统一场论全维分析v2/第15层_大统一破解精算报告.md,3276,90_历史归档\来源语料_utf_20261009\语料\大统一场论_算法联盟最高权限\v8\统一场论全维分析v2\第15层_大统一破解精算报告.md,B,未审计，待逐件裁定,已复制
大统一场论_算法联盟最高权限/v8/统一场论全维分析v2/第16层_全域理论体系突破矩阵.py,21378,90_历史归档\来源语料_utf_20261009\语料\大统一场论_算法联盟最高权限\v8\统一场论全维分析v2\第16层_全域理论体系突破矩阵.py,B,未审计，待逐件裁定,已复制
大统一场论_算法联盟最高权限/v8/统一场论全维分析v2/第16层_全域理论体系突破矩阵报告.md,8939,90_历史归档\来源语料_utf_20261009\语料\大统一场论_算法联盟最高权限\v8\统一场论全维分析v2\第16层_全域理论体系突破矩阵报告.md,B,未审计，待逐件裁定,已复制
大统一场论_算法联盟最高权限/v8/统一场论全维分析v2/第17层_实验判决时间线与覆盖矩阵.py,16596,90_历史归档\来源语料_utf_20261009\语料\大统一场论_算法联盟最高权限\v8\统一场论全维分析v2\第17层_实验判决时间线与覆盖矩阵.py,B,未审计，待逐件裁定,已复制
大统一场论_算法联盟最高权限/v8/统一场论全维分析v2/第17层_实验判决时间线与覆盖矩阵报告.md,7426,90_历史归档\来源语料_utf_20261009\语料\大统一场论_算法联盟最高权限\v8\统一场论全维分析v2\第17层_实验判决时间线与覆盖矩阵报告.md,B,未审计，待逐件裁定,已复制
大统一场论_算法联盟最高权限/v8/统一场论全维分析v2/第1层_全维异常审计报告.md,4331,90_历史归档\来源语料_utf_20261009\语料\大统一场论_算法联盟最高权限\v8\统一场论全维分析v2\第1层_全维异常审计报告.md,B,未审计，待逐件裁定,已复制
大统一场论_算法联盟最高权限/v8/统一场论全维分析v2/第1层_数值核验套件.py,5089,90_历史归档\来源语料_utf_20261009\语料\大统一场论_算法联盟最高权限\v8\统一场论全维分析v2\第1层_数值核验套件.py,B,未审计，待逐件裁定,已复制
大统一场论_算法联盟最高权限/v8/统一场论全维分析v2/第2层_全路径突破精算.py,3869,90_历史归档\来源语料_utf_20261009\语料\大统一场论_算法联盟最高权限\v8\统一场论全维分析v2\第2层_全路径突破精算.py,B,未审计，待逐件裁定,已复制
大统一场论_算法联盟最高权限/v8/统一场论全维分析v2/第2层_突破尝试报告.md,3813,90_历史归档\来源语料_utf_20261009\语料\大统一场论_算法联盟最高权限\v8\统一场论全维分析v2\第2层_突破尝试报告.md,B,未审计，待逐件裁定,已复制
大统一场论_算法联盟最高权限/v8/统一场论全维分析v2/第3层_动力学化修复方案.md,5077,90_历史归档\来源语料_utf_20261009\语料\大统一场论_算法联盟最高权限\v8\统一场论全维分析v2\第3层_动力学化修复方案.md,B,未审计，待逐件裁定,已复制
大统一场论_算法联盟最高权限/v8/统一场论全维分析v2/第3层_动力学化构造性修复.py,4046,90_历史归档\来源语料_utf_20261009\语料\大统一场论_算法联盟最高权限\v8\统一场论全维分析v2\第3层_动力学化构造性修复.py,B,未审计，待逐件裁定,已复制
大统一场论_算法联盟最高权限/v8/统一场论全维分析v2/第4层_GR经典检验精算.py,2238,90_历史归档\来源语料_utf_20261009\语料\大统一场论_算法联盟最高权限\v8\统一场论全维分析v2\第4层_GR经典检验精算.py,B,未审计，待逐件裁定,已复制
大统一场论_算法联盟最高权限/v8/统一场论全维分析v2/第5层_KK精算.py,2100,90_历史归档\来源语料_utf_20261009\语料\大统一场论_算法联盟最高权限\v8\统一场论全维分析v2\第5层_KK精算.py,B,未审计，待逐件裁定,已复制
大统一场论_算法联盟最高权限/v8/统一场论全维分析v2/第7层_EC唯象学_挠率可观测性.py,4914,90_历史归档\来源语料_utf_20261009\语料\大统一场论_算法联盟最高权限\v8\统一场论全维分析v2\第7层_EC唯象学_挠率可观测性.py,B,未审计，待逐件裁定,已复制
大统一场论_算法联盟最高权限/v8/统一场论全维分析v2/第7层_EC唯象学_挠率可观测性研究.md,6230,90_历史归档\来源语料_utf_20261009\语料\大统一场论_算法联盟最高权限\v8\统一场论全维分析v2\第7层_EC唯象学_挠率可观测性研究.md,B,未审计，待逐件裁定,已复制
大统一场论_算法联盟最高权限/v8/统一场论全维分析v2/第7层延伸_自旋相关力实验方案研究.md,3685,90_历史归档\来源语料_utf_20261009\语料\大统一场论_算法联盟最高权限\v8\统一场论全维分析v2\第7层延伸_自旋相关力实验方案研究.md,B,未审计，待逐件裁定,已复制
大统一场论_算法联盟最高权限/v8/统一场论全维分析v2/第7层延伸_自旋相关力实验灵敏度.py,4149,90_历史归档\来源语料_utf_20261009\语料\大统一场论_算法联盟最高权限\v8\统一场论全维分析v2\第7层延伸_自旋相关力实验灵敏度.py,B,未审计，待逐件裁定,已复制
大统一场论_算法联盟最高权限/v8/统一场论全维分析v2/第8层_P1_KK实验约束深化.py,3747,90_历史归档\来源语料_utf_20261009\语料\大统一场论_算法联盟最高权限\v8\统一场论全维分析v2\第8层_P1_KK实验约束深化.py,B,未审计，待逐件裁定,已复制
大统一场论_算法联盟最高权限/v8/统一场论全维分析v2/第8层_P1_KK实验约束深化研究.md,3279,90_历史归档\来源语料_utf_20261009\语料\大统一场论_算法联盟最高权限\v8\统一场论全维分析v2\第8层_P1_KK实验约束深化研究.md,B,未审计，待逐件裁定,已复制
大统一场论_算法联盟最高权限/v8/统一场论全维分析v2/第9层_P3_胀子物理与等效原理.py,2661,90_历史归档\来源语料_utf_20261009\语料\大统一场论_算法联盟最高权限\v8\统一场论全维分析v2\第9层_P3_胀子物理与等效原理.py,B,未审计，待逐件裁定,已复制
大统一场论_算法联盟最高权限/v8/统一场论全维分析v2/第9层_P3_胀子物理与等效原理研究.md,2799,90_历史归档\来源语料_utf_20261009\语料\大统一场论_算法联盟最高权限\v8\统一场论全维分析v2\第9层_P3_胀子物理与等效原理研究.md,B,未审计，待逐件裁定,已复制
大统一场论_算法联盟最高权限/v8/统一场论全维分析v2/闭环数值验证套件.py,5100,90_历史归档\来源语料_utf_20261009\语料\大统一场论_算法联盟最高权限\v8\统一场论全维分析v2\闭环数值验证套件.py,B,未审计，待逐件裁定,已复制
大统一场论_算法联盟最高权限/v8/统一场论全维分析v2/.preview/0d55d9669696/manifest.json,1711,90_历史归档\来源语料_utf_20261009\语料\大统一场论_算法联盟最高权限\v8\统一场论全维分析v2\.preview\0d55d9669696\manifest.json,B,未审计，待逐件裁定,已复制
大统一场论_算法联盟最高权限/v8/统一场论全维分析v2/.preview/0d55d9669696/text.md,23237,90_历史归档\来源语料_utf_20261009\语料\大统一场论_算法联盟最高权限\v8\统一场论全维分析v2\.preview\0d55d9669696\text.md,B,未审计，待逐件裁定,已复制
大统一场论_算法联盟最高权限/v8/统一场论全维分析v2/.preview/25c5127865dd/manifest.json,1711,90_历史归档\来源语料_utf_20261009\语料\大统一场论_算法联盟最高权限\v8\统一场论全维分析v2\.preview\25c5127865dd\manifest.json,B,未审计，待逐件裁定,已复制
大统一场论_算法联盟最高权限/v8/统一场论全维分析v2/.preview/25c5127865dd/text.md,22014,90_历史归档\来源语料_utf_20261009\语料\大统一场论_算法联盟最高权限\v8\统一场论全维分析v2\.preview\25c5127865dd\text.md,B,未审计，待逐件裁定,已复制
大统一场论_算法联盟最高权限/v8/统一场论全维分析v2/.preview/37696d632964/manifest.json,1711,90_历史归档\来源语料_utf_20261009\语料\大统一场论_算法联盟最高权限\v8\统一场论全维分析v2\.preview\37696d632964\manifest.json,B,未审计，待逐件裁定,已复制
大统一场论_算法联盟最高权限/v8/统一场论全维分析v2/.preview/37696d632964/text.md,23094,90_历史归档\来源语料_utf_20261009\语料\大统一场论_算法联盟最高权限\v8\统一场论全维分析v2\.preview\37696d632964\text.md,B,未审计，待逐件裁定,已复制
大统一场论_算法联盟最高权限/v8/统一场论全维分析v2/.preview/eb860062e592/manifest.json,1711,90_历史归档\来源语料_utf_20261009\语料\大统一场论_算法联盟最高权限\v8\统一场论全维分析v2\.preview\eb860062e592\manifest.json,B,未审计，待逐件裁定,已复制
大统一场论_算法联盟最高权限/v8/统一场论全维分析v2/.preview/eb860062e592/text.md,22907,90_历史归档\来源语料_utf_20261009\语料\大统一场论_算法联盟最高权限\v8\统一场论全维分析v2\.preview\eb860062e592\text.md,B,未审计，待逐件裁定,已复制
大统一场论_算法联盟最高权限/v9/统一场论全维分析/0·1·∞第一性原理闭环理论体系_企业级总纲.md,23548,90_历史归档\来源语料_utf_20261009\语料\大统一场论_算法联盟最高权限\v9\统一场论全维分析\0·1·∞第一性原理闭环理论体系_企业级总纲.md,B,未审计，待逐件裁定,已复制
大统一场论_算法联盟最高权限/v9/统一场论全维分析/0·1·∞第一性原理闭环理论体系_企业级总纲_v13.0.md,38451,90_历史归档\来源语料_utf_20261009\语料\大统一场论_算法联盟最高权限\v9\统一场论全维分析\0·1·∞第一性原理闭环理论体系_企业级总纲_v13.0.md,B,未审计，待逐件裁定,已复制
大统一场论_算法联盟最高权限/v9/统一场论全维分析/layer28_output.txt,2643,90_历史归档\来源语料_utf_20261009\语料\大统一场论_算法联盟最高权限\v9\统一场论全维分析\layer28_output.txt,B,未审计，待逐件裁定,已复制
大统一场论_算法联盟最高权限/v9/统一场论全维分析/一键全量复算.py,7545,90_历史归档\来源语料_utf_20261009\语料\大统一场论_算法联盟最高权限\v9\统一场论全维分析\一键全量复算.py,B,未审计，待逐件裁定,已复制
大统一场论_算法联盟最高权限/v9/统一场论全维分析/求导统一场论_终极总纲.md,11574,90_历史归档\来源语料_utf_20261009\语料\大统一场论_算法联盟最高权限\v9\统一场论全维分析\求导统一场论_终极总纲.md,B,未审计，待逐件裁定,已复制
大统一场论_算法联盟最高权限/v9/统一场论全维分析/求导统一场论_统一数值总表.md,4722,90_历史归档\来源语料_utf_20261009\语料\大统一场论_算法联盟最高权限\v9\统一场论全维分析\求导统一场论_统一数值总表.md,B,未审计，待逐件裁定,已复制
大统一场论_算法联盟最高权限/v9/统一场论全维分析/第10层_P2_量子引力三大方向.py,2921,90_历史归档\来源语料_utf_20261009\语料\大统一场论_算法联盟最高权限\v9\统一场论全维分析\第10层_P2_量子引力三大方向.py,B,未审计，待逐件裁定,已复制
大统一场论_算法联盟最高权限/v9/统一场论全维分析/第10层_P2_量子引力三大方向研究.md,2727,90_历史归档\来源语料_utf_20261009\语料\大统一场论_算法联盟最高权限\v9\统一场论全维分析\第10层_P2_量子引力三大方向研究.md,B,未审计，待逐件裁定,已复制
大统一场论_算法联盟最高权限/v9/统一场论全维分析/第11层_P4_手征费米子KK构造.py,2787,90_历史归档\来源语料_utf_20261009\语料\大统一场论_算法联盟最高权限\v9\统一场论全维分析\第11层_P4_手征费米子KK构造.py,B,未审计，待逐件裁定,已复制
大统一场论_算法联盟最高权限/v9/统一场论全维分析/第11层_P4_手征费米子KK构造研究.md,3058,90_历史归档\来源语料_utf_20261009\语料\大统一场论_算法联盟最高权限\v9\统一场论全维分析\第11层_P4_手征费米子KK构造研究.md,B,未审计，待逐件裁定,已复制
大统一场论_算法联盟最高权限/v9/统一场论全维分析/第12层_体系完成总报告.md,4975,90_历史归档\来源语料_utf_20261009\语料\大统一场论_算法联盟最高权限\v9\统一场论全维分析\第12层_体系完成总报告.md,B,未审计，待逐件裁定,已复制
大统一场论_算法联盟最高权限/v9/统一场论全维分析/第13层_全域统一判定_规范耦合收敛精算.py,6409,90_历史归档\来源语料_utf_20261009\语料\大统一场论_算法联盟最高权限\v9\统一场论全维分析\第13层_全域统一判定_规范耦合收敛精算.py,B,未审计，待逐件裁定,已复制
大统一场论_算法联盟最高权限/v9/统一场论全维分析/第13层_全域统一性判定报告.md,5015,90_历史归档\来源语料_utf_20261009\语料\大统一场论_算法联盟最高权限\v9\统一场论全维分析\第13层_全域统一性判定报告.md,B,未审计，待逐件裁定,已复制
大统一场论_算法联盟最高权限/v9/统一场论全维分析/第14层_全域统一候选评估矩阵.py,4178,90_历史归档\来源语料_utf_20261009\语料\大统一场论_算法联盟最高权限\v9\统一场论全维分析\第14层_全域统一候选评估矩阵.py,B,未审计，待逐件裁定,已复制
大统一场论_算法联盟最高权限/v9/统一场论全维分析/第14层_全域统一候选评估矩阵报告.md,3719,90_历史归档\来源语料_utf_20261009\语料\大统一场论_算法联盟最高权限\v9\统一场论全维分析\第14层_全域统一候选评估矩阵报告.md,B,未审计，待逐件裁定,已复制
大统一场论_算法联盟最高权限/v9/统一场论全维分析/第15层_大统一破解精算.py,3987,90_历史归档\来源语料_utf_20261009\语料\大统一场论_算法联盟最高权限\v9\统一场论全维分析\第15层_大统一破解精算.py,B,未审计，待逐件裁定,已复制
大统一场论_算法联盟最高权限/v9/统一场论全维分析/第15层_大统一破解精算报告.md,3276,90_历史归档\来源语料_utf_20261009\语料\大统一场论_算法联盟最高权限\v9\统一场论全维分析\第15层_大统一破解精算报告.md,B,未审计，待逐件裁定,已复制
大统一场论_算法联盟最高权限/v9/统一场论全维分析/第16层_全域理论体系突破矩阵.py,21378,90_历史归档\来源语料_utf_20261009\语料\大统一场论_算法联盟最高权限\v9\统一场论全维分析\第16层_全域理论体系突破矩阵.py,B,未审计，待逐件裁定,已复制
大统一场论_算法联盟最高权限/v9/统一场论全维分析/第16层_全域理论体系突破矩阵报告.md,8939,90_历史归档\来源语料_utf_20261009\语料\大统一场论_算法联盟最高权限\v9\统一场论全维分析\第16层_全域理论体系突破矩阵报告.md,B,未审计，待逐件裁定,已复制
大统一场论_算法联盟最高权限/v9/统一场论全维分析/第17层_实验判决时间线与覆盖矩阵.py,16596,90_历史归档\来源语料_utf_20261009\语料\大统一场论_算法联盟最高权限\v9\统一场论全维分析\第17层_实验判决时间线与覆盖矩阵.py,B,未审计，待逐件裁定,已复制
大统一场论_算法联盟最高权限/v9/统一场论全维分析/第17层_实验判决时间线与覆盖矩阵报告.md,7426,90_历史归档\来源语料_utf_20261009\语料\大统一场论_算法联盟最高权限\v9\统一场论全维分析\第17层_实验判决时间线与覆盖矩阵报告.md,B,未审计，待逐件裁定,已复制
大统一场论_算法联盟最高权限/v9/统一场论全维分析/第18层_求导统一场论_结果.json,526,90_历史归档\来源语料_utf_20261009\语料\大统一场论_算法联盟最高权限\v9\统一场论全维分析\第18层_求导统一场论_结果.json,B,未审计，待逐件裁定,已复制
大统一场论_算法联盟最高权限/v9/统一场论全维分析/第18层_求导统一场论证明_全维度报告.md,19041,90_历史归档\来源语料_utf_20261009\语料\大统一场论_算法联盟最高权限\v9\统一场论全维分析\第18层_求导统一场论证明_全维度报告.md,B,未审计，待逐件裁定,已复制
大统一场论_算法联盟最高权限/v9/统一场论全维分析/第18层_求导统一场论证明_全维度精算.py,22563,90_历史归档\来源语料_utf_20261009\语料\大统一场论_算法联盟最高权限\v9\统一场论全维分析\第18层_求导统一场论证明_全维度精算.py,B,未审计，待逐件裁定,已复制
大统一场论_算法联盟最高权限/v9/统一场论全维分析/第19层_RG流数据.json,160807,90_历史归档\来源语料_utf_20261009\语料\大统一场论_算法联盟最高权限\v9\统一场论全维分析\第19层_RG流数据.json,B,未审计，待逐件裁定,已复制
大统一场论_算法联盟最高权限/v9/统一场论全维分析/第19层_量子引力闭合_全维度报告.md,7048,90_历史归档\来源语料_utf_20261009\语料\大统一场论_算法联盟最高权限\v9\统一场论全维分析\第19层_量子引力闭合_全维度报告.md,B,未审计，待逐件裁定,已复制
大统一场论_算法联盟最高权限/v9/统一场论全维分析/第19层_量子引力闭合_渐近安全精算.py,20767,90_历史归档\来源语料_utf_20261009\语料\大统一场论_算法联盟最高权限\v9\统一场论全维分析\第19层_量子引力闭合_渐近安全精算.py,B,未审计，待逐件裁定,已复制
大统一场论_算法联盟最高权限/v9/统一场论全维分析/第19层_量子引力闭合_结果.json,492,90_历史归档\来源语料_utf_20261009\语料\大统一场论_算法联盟最高权限\v9\统一场论全维分析\第19层_量子引力闭合_结果.json,B,未审计，待逐件裁定,已复制
大统一场论_算法联盟最高权限/v9/统一场论全维分析/第1层_全维异常审计报告.md,4331,90_历史归档\来源语料_utf_20261009\语料\大统一场论_算法联盟最高权限\v9\统一场论全维分析\第1层_全维异常审计报告.md,B,未审计，待逐件裁定,已复制
大统一场论_算法联盟最高权限/v9/统一场论全维分析/第1层_数值核验套件.py,5089,90_历史归档\来源语料_utf_20261009\语料\大统一场论_算法联盟最高权限\v9\统一场论全维分析\第1层_数值核验套件.py,B,未审计，待逐件裁定,已复制
大统一场论_算法联盟最高权限/v9/统一场论全维分析/第20层v2_求导统一场论终极总纲_全链路复算.py,17718,90_历史归档\来源语料_utf_20261009\语料\大统一场论_算法联盟最高权限\v9\统一场论全维分析\第20层v2_求导统一场论终极总纲_全链路复算.py,B,未审计，待逐件裁定,已复制
大统一场论_算法联盟最高权限/v9/统一场论全维分析/第20层v2_求导统一场论终极总纲_结果.json,8024,90_历史归档\来源语料_utf_20261009\语料\大统一场论_算法联盟最高权限\v9\统一场论全维分析\第20层v2_求导统一场论终极总纲_结果.json,B,未审计，待逐件裁定,已复制
大统一场论_算法联盟最高权限/v9/统一场论全维分析/第20层_求导统一场论终极总纲_全链路复算.py,16463,90_历史归档\来源语料_utf_20261009\语料\大统一场论_算法联盟最高权限\v9\统一场论全维分析\第20层_求导统一场论终极总纲_全链路复算.py,B,未审计，待逐件裁定,已复制
大统一场论_算法联盟最高权限/v9/统一场论全维分析/第20层_求导统一场论终极总纲_结果.json,7277,90_历史归档\来源语料_utf_20261009\语料\大统一场论_算法联盟最高权限\v9\统一场论全维分析\第20层_求导统一场论终极总纲_结果.json,B,未审计，待逐件裁定,已复制
大统一场论_算法联盟最高权限/v9/统一场论全维分析/第21层_几何代数统一_Clifford精算.py,18561,90_历史归档\来源语料_utf_20261009\语料\大统一场论_算法联盟最高权限\v9\统一场论全维分析\第21层_几何代数统一_Clifford精算.py,B,未审计，待逐件裁定,已复制
大统一场论_算法联盟最高权限/v9/统一场论全维分析/第21层_几何代数统一_突破报告.md,9876,90_历史归档\来源语料_utf_20261009\语料\大统一场论_算法联盟最高权限\v9\统一场论全维分析\第21层_几何代数统一_突破报告.md,B,未审计，待逐件裁定,已复制
大统一场论_算法联盟最高权限/v9/统一场论全维分析/第21层_几何代数统一_结果.json,5296,90_历史归档\来源语料_utf_20261009\语料\大统一场论_算法联盟最高权限\v9\统一场论全维分析\第21层_几何代数统一_结果.json,B,未审计，待逐件裁定,已复制
大统一场论_算法联盟最高权限/v9/统一场论全维分析/第22层_变分原理_全套场方程推导.py,20035,90_历史归档\来源语料_utf_20261009\语料\大统一场论_算法联盟最高权限\v9\统一场论全维分析\第22层_变分原理_全套场方程推导.py,B,未审计，待逐件裁定,已复制
大统一场论_算法联盟最高权限/v9/统一场论全维分析/第22层_变分原理_突破报告.md,9753,90_历史归档\来源语料_utf_20261009\语料\大统一场论_算法联盟最高权限\v9\统一场论全维分析\第22层_变分原理_突破报告.md,B,未审计，待逐件裁定,已复制
大统一场论_算法联盟最高权限/v9/统一场论全维分析/第22层_变分原理_结果.json,5360,90_历史归档\来源语料_utf_20261009\语料\大统一场论_算法联盟最高权限\v9\统一场论全维分析\第22层_变分原理_结果.json,B,未审计，待逐件裁定,已复制
大统一场论_算法联盟最高权限/v9/统一场论全维分析/第23层_宇宙学推论_大反弹精算.py,19630,90_历史归档\来源语料_utf_20261009\语料\大统一场论_算法联盟最高权限\v9\统一场论全维分析\第23层_宇宙学推论_大反弹精算.py,B,未审计，待逐件裁定,已复制
大统一场论_算法联盟最高权限/v9/统一场论全维分析/第23层_宇宙学推论_结果.json,5672,90_历史归档\来源语料_utf_20261009\语料\大统一场论_算法联盟最高权限\v9\统一场论全维分析\第23层_宇宙学推论_结果.json,B,未审计，待逐件裁定,已复制
大统一场论_算法联盟最高权限/v9/统一场论全维分析/第23层_宇宙学统一_突破报告.md,5745,90_历史归档\来源语料_utf_20261009\语料\大统一场论_算法联盟最高权限\v9\统一场论全维分析\第23层_宇宙学统一_突破报告.md,B,未审计，待逐件裁定,已复制
大统一场论_算法联盟最高权限/v9/统一场论全维分析/第24层_黑洞全息统一_突破报告.md,6662,90_历史归档\来源语料_utf_20261009\语料\大统一场论_算法联盟最高权限\v9\统一场论全维分析\第24层_黑洞全息统一_突破报告.md,B,未审计，待逐件裁定,已复制
大统一场论_算法联盟最高权限/v9/统一场论全维分析/第24层_黑洞热力学_全息原理精算.py,21776,90_历史归档\来源语料_utf_20261009\语料\大统一场论_算法联盟最高权限\v9\统一场论全维分析\第24层_黑洞热力学_全息原理精算.py,B,未审计，待逐件裁定,已复制
大统一场论_算法联盟最高权限/v9/统一场论全维分析/第24层_黑洞热力学_结果.json,5698,90_历史归档\来源语料_utf_20261009\语料\大统一场论_算法联盟最高权限\v9\统一场论全维分析\第24层_黑洞热力学_结果.json,B,未审计，待逐件裁定,已复制
大统一场论_算法联盟最高权限/v9/统一场论全维分析/第25层_物质引力联合渐近安全_C5闭合.py,20389,90_历史归档\来源语料_utf_20261009\语料\大统一场论_算法联盟最高权限\v9\统一场论全维分析\第25层_物质引力联合渐近安全_C5闭合.py,B,未审计，待逐件裁定,已复制
大统一场论_算法联盟最高权限/v9/统一场论全维分析/第25层_联合渐近安全_C5闭合_突破报告.md,4719,90_历史归档\来源语料_utf_20261009\语料\大统一场论_算法联盟最高权限\v9\统一场论全维分析\第25层_联合渐近安全_C5闭合_突破报告.md,B,未审计，待逐件裁定,已复制
大统一场论_算法联盟最高权限/v9/统一场论全维分析/第25层_联合渐近安全_结果.json,4604,90_历史归档\来源语料_utf_20261009\语料\大统一场论_算法联盟最高权限\v9\统一场论全维分析\第25层_联合渐近安全_结果.json,B,未审计，待逐件裁定,已复制
大统一场论_算法联盟最高权限/v9/统一场论全维分析/第26层_终极统一场论总纲_全整合.py,19533,90_历史归档\来源语料_utf_20261009\语料\大统一场论_算法联盟最高权限\v9\统一场论全维分析\第26层_终极统一场论总纲_全整合.py,B,未审计，待逐件裁定,已复制
大统一场论_算法联盟最高权限/v9/统一场论全维分析/第26层_终极统一场论总纲_突破报告.md,7102,90_历史归档\来源语料_utf_20261009\语料\大统一场论_算法联盟最高权限\v9\统一场论全维分析\第26层_终极统一场论总纲_突破报告.md,B,未审计，待逐件裁定,已复制
大统一场论_算法联盟最高权限/v9/统一场论全维分析/第26层_终极统一场论总纲_结果.json,17536,90_历史归档\来源语料_utf_20261009\语料\大统一场论_算法联盟最高权限\v9\统一场论全维分析\第26层_终极统一场论总纲_结果.json,B,未审计，待逐件裁定,已复制
大统一场论_算法联盟最高权限/v9/统一场论全维分析/第27层_量子测量退相干统一_QMUFT.py,18773,90_历史归档\来源语料_utf_20261009\语料\大统一场论_算法联盟最高权限\v9\统一场论全维分析\第27层_量子测量退相干统一_QMUFT.py,B,未审计，待逐件裁定,已复制
大统一场论_算法联盟最高权限/v9/统一场论全维分析/第27层_量子测量退相干统一_突破报告.md,5768,90_历史归档\来源语料_utf_20261009\语料\大统一场论_算法联盟最高权限\v9\统一场论全维分析\第27层_量子测量退相干统一_突破报告.md,B,未审计，待逐件裁定,已复制
大统一场论_算法联盟最高权限/v9/统一场论全维分析/第27层_量子测量退相干统一_结果.json,4502,90_历史归档\来源语料_utf_20261009\语料\大统一场论_算法联盟最高权限\v9\统一场论全维分析\第27层_量子测量退相干统一_结果.json,B,未审计，待逐件裁定,已复制
大统一场论_算法联盟最高权限/v9/统一场论全维分析/第28层_时间本质热力学统一_TEUFT.py,21047,90_历史归档\来源语料_utf_20261009\语料\大统一场论_算法联盟最高权限\v9\统一场论全维分析\第28层_时间本质热力学统一_TEUFT.py,B,未审计，待逐件裁定,已复制
大统一场论_算法联盟最高权限/v9/统一场论全维分析/第28层_时间本质热力学统一_突破报告.md,5774,90_历史归档\来源语料_utf_20261009\语料\大统一场论_算法联盟最高权限\v9\统一场论全维分析\第28层_时间本质热力学统一_突破报告.md,B,未审计，待逐件裁定,已复制
大统一场论_算法联盟最高权限/v9/统一场论全维分析/第28层_时间本质热力学统一_结果.json,3943,90_历史归档\来源语料_utf_20261009\语料\大统一场论_算法联盟最高权限\v9\统一场论全维分析\第28层_时间本质热力学统一_结果.json,B,未审计，待逐件裁定,已复制
大统一场论_算法联盟最高权限/v9/统一场论全维分析/第29层_高维FRG截断鲁棒性_HFRG.py,20138,90_历史归档\来源语料_utf_20261009\语料\大统一场论_算法联盟最高权限\v9\统一场论全维分析\第29层_高维FRG截断鲁棒性_HFRG.py,B,未审计，待逐件裁定,已复制
大统一场论_算法联盟最高权限/v9/统一场论全维分析/第29层_高维FRG截断鲁棒性_突破报告.md,5304,90_历史归档\来源语料_utf_20261009\语料\大统一场论_算法联盟最高权限\v9\统一场论全维分析\第29层_高维FRG截断鲁棒性_突破报告.md,B,未审计，待逐件裁定,已复制
大统一场论_算法联盟最高权限/v9/统一场论全维分析/第29层_高维FRG截断鲁棒性_结果.json,4537,90_历史归档\来源语料_utf_20261009\语料\大统一场论_算法联盟最高权限\v9\统一场论全维分析\第29层_高维FRG截断鲁棒性_结果.json,B,未审计，待逐件裁定,已复制
大统一场论_算法联盟最高权限/v9/统一场论全维分析/第2层_全路径突破精算.py,3869,90_历史归档\来源语料_utf_20261009\语料\大统一场论_算法联盟最高权限\v9\统一场论全维分析\第2层_全路径突破精算.py,B,未审计，待逐件裁定,已复制
大统一场论_算法联盟最高权限/v9/统一场论全维分析/第2层_突破尝试报告.md,3813,90_历史归档\来源语料_utf_20261009\语料\大统一场论_算法联盟最高权限\v9\统一场论全维分析\第2层_突破尝试报告.md,B,未审计，待逐件裁定,已复制
大统一场论_算法联盟最高权限/v9/统一场论全维分析/第30层_实验方案设计可检验预言_EPDUFT.py,21083,90_历史归档\来源语料_utf_20261009\语料\大统一场论_算法联盟最高权限\v9\统一场论全维分析\第30层_实验方案设计可检验预言_EPDUFT.py,B,未审计，待逐件裁定,已复制
大统一场论_算法联盟最高权限/v9/统一场论全维分析/第30层_实验方案设计可检验预言_突破报告.md,5875,90_历史归档\来源语料_utf_20261009\语料\大统一场论_算法联盟最高权限\v9\统一场论全维分析\第30层_实验方案设计可检验预言_突破报告.md,B,未审计，待逐件裁定,已复制
大统一场论_算法联盟最高权限/v9/统一场论全维分析/第30层_实验方案设计可检验预言_结果.json,11898,90_历史归档\来源语料_utf_20261009\语料\大统一场论_算法联盟最高权限\v9\统一场论全维分析\第30层_实验方案设计可检验预言_结果.json,B,未审计，待逐件裁定,已复制
大统一场论_算法联盟最高权限/v9/统一场论全维分析/第31层_终极哲学整合三元统一_PPUUFT.py,23897,90_历史归档\来源语料_utf_20261009\语料\大统一场论_算法联盟最高权限\v9\统一场论全维分析\第31层_终极哲学整合三元统一_PPUUFT.py,B,未审计，待逐件裁定,已复制
大统一场论_算法联盟最高权限/v9/统一场论全维分析/第31层_终极哲学整合三元统一_突破报告.md,7381,90_历史归档\来源语料_utf_20261009\语料\大统一场论_算法联盟最高权限\v9\统一场论全维分析\第31层_终极哲学整合三元统一_突破报告.md,B,未审计，待逐件裁定,已复制
大统一场论_算法联盟最高权限/v9/统一场论全维分析/第31层_终极哲学整合三元统一_结果.json,7701,90_历史归档\来源语料_utf_20261009\语料\大统一场论_算法联盟最高权限\v9\统一场论全维分析\第31层_终极哲学整合三元统一_结果.json,B,未审计，待逐件裁定,已复制
大统一场论_算法联盟最高权限/v9/统一场论全维分析/第32层_全体系数值一致性验证_NCVUFT.py,21109,90_历史归档\来源语料_utf_20261009\语料\大统一场论_算法联盟最高权限\v9\统一场论全维分析\第32层_全体系数值一致性验证_NCVUFT.py,B,未审计，待逐件裁定,已复制
大统一场论_算法联盟最高权限/v9/统一场论全维分析/第32层_全体系数值一致性验证_突破报告.md,5116,90_历史归档\来源语料_utf_20261009\语料\大统一场论_算法联盟最高权限\v9\统一场论全维分析\第32层_全体系数值一致性验证_突破报告.md,B,未审计，待逐件裁定,已复制
大统一场论_算法联盟最高权限/v9/统一场论全维分析/第32层_全体系数值一致性验证_结果.json,9883,90_历史归档\来源语料_utf_20261009\语料\大统一场论_算法联盟最高权限\v9\统一场论全维分析\第32层_全体系数值一致性验证_结果.json,B,未审计，待逐件裁定,已复制
大统一场论_算法联盟最高权限/v9/统一场论全维分析/第33层_信息论统一全息深化_ITUFT.py,19544,90_历史归档\来源语料_utf_20261009\语料\大统一场论_算法联盟最高权限\v9\统一场论全维分析\第33层_信息论统一全息深化_ITUFT.py,B,未审计，待逐件裁定,已复制
大统一场论_算法联盟最高权限/v9/统一场论全维分析/第33层_信息论统一全息深化_突破报告.md,6334,90_历史归档\来源语料_utf_20261009\语料\大统一场论_算法联盟最高权限\v9\统一场论全维分析\第33层_信息论统一全息深化_突破报告.md,B,未审计，待逐件裁定,已复制
大统一场论_算法联盟最高权限/v9/统一场论全维分析/第33层_信息论统一全息深化_结果.json,4163,90_历史归档\来源语料_utf_20261009\语料\大统一场论_算法联盟最高权限\v9\统一场论全维分析\第33层_信息论统一全息深化_结果.json,B,未审计，待逐件裁定,已复制
大统一场论_算法联盟最高权限/v9/统一场论全维分析/第34层_全体系终极整合优化_FUOFT.py,22268,90_历史归档\来源语料_utf_20261009\语料\大统一场论_算法联盟最高权限\v9\统一场论全维分析\第34层_全体系终极整合优化_FUOFT.py,B,未审计，待逐件裁定,已复制
大统一场论_算法联盟最高权限/v9/统一场论全维分析/第34层_全体系终极整合优化_突破报告.md,9304,90_历史归档\来源语料_utf_20261009\语料\大统一场论_算法联盟最高权限\v9\统一场论全维分析\第34层_全体系终极整合优化_突破报告.md,B,未审计，待逐件裁定,已复制
大统一场论_算法联盟最高权限/v9/统一场论全维分析/第34层_全体系终极整合优化_结果.json,18662,90_历史归档\来源语料_utf_20261009\语料\大统一场论_算法联盟最高权限\v9\统一场论全维分析\第34层_全体系终极整合优化_结果.json,B,未审计，待逐件裁定,已复制
大统一场论_算法联盟最高权限/v9/统一场论全维分析/第35层_传统物理异常修复全方程统一_APUFT.py,27655,90_历史归档\来源语料_utf_20261009\语料\大统一场论_算法联盟最高权限\v9\统一场论全维分析\第35层_传统物理异常修复全方程统一_APUFT.py,B,未审计，待逐件裁定,已复制
大统一场论_算法联盟最高权限/v9/统一场论全维分析/第35层_传统物理异常修复全方程统一_突破报告.md,7243,90_历史归档\来源语料_utf_20261009\语料\大统一场论_算法联盟最高权限\v9\统一场论全维分析\第35层_传统物理异常修复全方程统一_突破报告.md,B,未审计，待逐件裁定,已复制
大统一场论_算法联盟最高权限/v9/统一场论全维分析/第35层_传统物理异常修复全方程统一_结果.json,11064,90_历史归档\来源语料_utf_20261009\语料\大统一场论_算法联盟最高权限\v9\统一场论全维分析\第35层_传统物理异常修复全方程统一_结果.json,B,未审计，待逐件裁定,已复制
大统一场论_算法联盟最高权限/v9/统一场论全维分析/第36层_拓扑场论任意子拓扑量子计算统一_TTUFT.py,25761,90_历史归档\来源语料_utf_20261009\语料\大统一场论_算法联盟最高权限\v9\统一场论全维分析\第36层_拓扑场论任意子拓扑量子计算统一_TTUFT.py,B,未审计，待逐件裁定,已复制
大统一场论_算法联盟最高权限/v9/统一场论全维分析/第36层_拓扑场论任意子拓扑量子计算统一_突破报告.md,7111,90_历史归档\来源语料_utf_20261009\语料\大统一场论_算法联盟最高权限\v9\统一场论全维分析\第36层_拓扑场论任意子拓扑量子计算统一_突破报告.md,B,未审计，待逐件裁定,已复制
大统一场论_算法联盟最高权限/v9/统一场论全维分析/第36层_拓扑场论任意子拓扑量子计算统一_结果.json,5052,90_历史归档\来源语料_utf_20261009\语料\大统一场论_算法联盟最高权限\v9\统一场论全维分析\第36层_拓扑场论任意子拓扑量子计算统一_结果.json,B,未审计，待逐件裁定,已复制
大统一场论_算法联盟最高权限/v9/统一场论全维分析/第37层_非对易几何谱作用量统一_NCGUFT.py,24363,90_历史归档\来源语料_utf_20261009\语料\大统一场论_算法联盟最高权限\v9\统一场论全维分析\第37层_非对易几何谱作用量统一_NCGUFT.py,B,未审计，待逐件裁定,已复制
大统一场论_算法联盟最高权限/v9/统一场论全维分析/第37层_非对易几何谱作用量统一_突破报告.md,6680,90_历史归档\来源语料_utf_20261009\语料\大统一场论_算法联盟最高权限\v9\统一场论全维分析\第37层_非对易几何谱作用量统一_突破报告.md,B,未审计，待逐件裁定,已复制
大统一场论_算法联盟最高权限/v9/统一场论全维分析/第37层_非对易几何谱作用量统一_结果.json,4689,90_历史归档\来源语料_utf_20261009\语料\大统一场论_算法联盟最高权限\v9\统一场论全维分析\第37层_非对易几何谱作用量统一_结果.json,B,未审计，待逐件裁定,已复制
大统一场论_算法联盟最高权限/v9/统一场论全维分析/第38层_全链路求导证明精算验证_FDVUFT.py,22268,90_历史归档\来源语料_utf_20261009\语料\大统一场论_算法联盟最高权限\v9\统一场论全维分析\第38层_全链路求导证明精算验证_FDVUFT.py,B,未审计，待逐件裁定,已复制
大统一场论_算法联盟最高权限/v9/统一场论全维分析/第38层_全链路求导证明精算验证_突破报告.md,10135,90_历史归档\来源语料_utf_20261009\语料\大统一场论_算法联盟最高权限\v9\统一场论全维分析\第38层_全链路求导证明精算验证_突破报告.md,B,未审计，待逐件裁定,已复制
大统一场论_算法联盟最高权限/v9/统一场论全维分析/第38层_全链路求导证明精算验证_结果.json,8234,90_历史归档\来源语料_utf_20261009\语料\大统一场论_算法联盟最高权限\v9\统一场论全维分析\第38层_全链路求导证明精算验证_结果.json,B,未审计，待逐件裁定,已复制
大统一场论_算法联盟最高权限/v9/统一场论全维分析/第39层_深度求导证明漏洞修复_DPVUFT.py,27688,90_历史归档\来源语料_utf_20261009\语料\大统一场论_算法联盟最高权限\v9\统一场论全维分析\第39层_深度求导证明漏洞修复_DPVUFT.py,B,未审计，待逐件裁定,已复制
大统一场论_算法联盟最高权限/v9/统一场论全维分析/第39层_深度求导证明漏洞修复_突破报告.md,6733,90_历史归档\来源语料_utf_20261009\语料\大统一场论_算法联盟最高权限\v9\统一场论全维分析\第39层_深度求导证明漏洞修复_突破报告.md,B,未审计，待逐件裁定,已复制
大统一场论_算法联盟最高权限/v9/统一场论全维分析/第39层_深度求导证明漏洞修复_结果.json,8027,90_历史归档\来源语料_utf_20261009\语料\大统一场论_算法联盟最高权限\v9\统一场论全维分析\第39层_深度求导证明漏洞修复_结果.json,B,未审计，待逐件裁定,已复制
大统一场论_算法联盟最高权限/v9/统一场论全维分析/第3层_动力学化修复方案.md,5077,90_历史归档\来源语料_utf_20261009\语料\大统一场论_算法联盟最高权限\v9\统一场论全维分析\第3层_动力学化修复方案.md,B,未审计，待逐件裁定,已复制
大统一场论_算法联盟最高权限/v9/统一场论全维分析/第3层_动力学化构造性修复.py,4046,90_历史归档\来源语料_utf_20261009\语料\大统一场论_算法联盟最高权限\v9\统一场论全维分析\第3层_动力学化构造性修复.py,B,未审计，待逐件裁定,已复制
大统一场论_算法联盟最高权限/v9/统一场论全维分析/第40层_终极本源总纲_UOSFT.py,20695,90_历史归档\来源语料_utf_20261009\语料\大统一场论_算法联盟最高权限\v9\统一场论全维分析\第40层_终极本源总纲_UOSFT.py,B,未审计，待逐件裁定,已复制
大统一场论_算法联盟最高权限/v9/统一场论全维分析/第40层_终极本源总纲_突破报告.md,9836,90_历史归档\来源语料_utf_20261009\语料\大统一场论_算法联盟最高权限\v9\统一场论全维分析\第40层_终极本源总纲_突破报告.md,B,未审计，待逐件裁定,已复制
大统一场论_算法联盟最高权限/v9/统一场论全维分析/第40层_终极本源总纲_结果.json,11802,90_历史归档\来源语料_utf_20261009\语料\大统一场论_算法联盟最高权限\v9\统一场论全维分析\第40层_终极本源总纲_结果.json,B,未审计，待逐件裁定,已复制
大统一场论_算法联盟最高权限/v9/统一场论全维分析/第41层_关键异常修复预言精确化_KARPUFT.py,18535,90_历史归档\来源语料_utf_20261009\语料\大统一场论_算法联盟最高权限\v9\统一场论全维分析\第41层_关键异常修复预言精确化_KARPUFT.py,B,未审计，待逐件裁定,已复制
大统一场论_算法联盟最高权限/v9/统一场论全维分析/第41层_关键异常修复预言精确化_突破报告.md,7043,90_历史归档\来源语料_utf_20261009\语料\大统一场论_算法联盟最高权限\v9\统一场论全维分析\第41层_关键异常修复预言精确化_突破报告.md,B,未审计，待逐件裁定,已复制
大统一场论_算法联盟最高权限/v9/统一场论全维分析/第41层_关键异常修复预言精确化_结果.json,3585,90_历史归档\来源语料_utf_20261009\语料\大统一场论_算法联盟最高权限\v9\统一场论全维分析\第41层_关键异常修复预言精确化_结果.json,B,未审计，待逐件裁定,已复制
大统一场论_算法联盟最高权限/v9/统一场论全维分析/第42层_全体系终极整理优化总纲v12_FUOF2.py,24082,90_历史归档\来源语料_utf_20261009\语料\大统一场论_算法联盟最高权限\v9\统一场论全维分析\第42层_全体系终极整理优化总纲v12_FUOF2.py,B,未审计，待逐件裁定,已复制
大统一场论_算法联盟最高权限/v9/统一场论全维分析/第42层_全体系终极整理优化总纲v12_突破报告.md,8326,90_历史归档\来源语料_utf_20261009\语料\大统一场论_算法联盟最高权限\v9\统一场论全维分析\第42层_全体系终极整理优化总纲v12_突破报告.md,B,未审计，待逐件裁定,已复制
大统一场论_算法联盟最高权限/v9/统一场论全维分析/第42层_全体系终极整理优化总纲v12_结果.json,21928,90_历史归档\来源语料_utf_20261009\语料\大统一场论_算法联盟最高权限\v9\统一场论全维分析\第42层_全体系终极整理优化总纲v12_结果.json,B,未审计，待逐件裁定,已复制
大统一场论_算法联盟最高权限/v9/统一场论全维分析/第43层_量子引力理论深度对比_CGCUFT.py,21758,90_历史归档\来源语料_utf_20261009\语料\大统一场论_算法联盟最高权限\v9\统一场论全维分析\第43层_量子引力理论深度对比_CGCUFT.py,B,未审计，待逐件裁定,已复制
大统一场论_算法联盟最高权限/v9/统一场论全维分析/第43层_量子引力理论深度对比_突破报告.md,7382,90_历史归档\来源语料_utf_20261009\语料\大统一场论_算法联盟最高权限\v9\统一场论全维分析\第43层_量子引力理论深度对比_突破报告.md,B,未审计，待逐件裁定,已复制
大统一场论_算法联盟最高权限/v9/统一场论全维分析/第43层_量子引力理论深度对比_结果.json,15482,90_历史归档\来源语料_utf_20261009\语料\大统一场论_算法联盟最高权限\v9\统一场论全维分析\第43层_量子引力理论深度对比_结果.json,B,未审计，待逐件裁定,已复制
大统一场论_算法联盟最高权限/v9/统一场论全维分析/第44层_终极求导证明精算验证_UDPVUFT.py,26312,90_历史归档\来源语料_utf_20261009\语料\大统一场论_算法联盟最高权限\v9\统一场论全维分析\第44层_终极求导证明精算验证_UDPVUFT.py,B,未审计，待逐件裁定,已复制
大统一场论_算法联盟最高权限/v9/统一场论全维分析/第44层_终极求导证明精算验证_突破报告.md,8664,90_历史归档\来源语料_utf_20261009\语料\大统一场论_算法联盟最高权限\v9\统一场论全维分析\第44层_终极求导证明精算验证_突破报告.md,B,未审计，待逐件裁定,已复制
大统一场论_算法联盟最高权限/v9/统一场论全维分析/第44层_终极求导证明精算验证_结果.json,7110,90_历史归档\来源语料_utf_20261009\语料\大统一场论_算法联盟最高权限\v9\统一场论全维分析\第44层_终极求导证明精算验证_结果.json,B,未审计，待逐件裁定,已复制
大统一场论_算法联盟最高权限/v9/统一场论全维分析/第45层_全维融合互通归一化证明_UFINUFT.py,22969,90_历史归档\来源语料_utf_20261009\语料\大统一场论_算法联盟最高权限\v9\统一场论全维分析\第45层_全维融合互通归一化证明_UFINUFT.py,B,未审计，待逐件裁定,已复制
大统一场论_算法联盟最高权限/v9/统一场论全维分析/第45层_全维融合互通归一化证明_突破报告.md,8726,90_历史归档\来源语料_utf_20261009\语料\大统一场论_算法联盟最高权限\v9\统一场论全维分析\第45层_全维融合互通归一化证明_突破报告.md,B,未审计，待逐件裁定,已复制
大统一场论_算法联盟最高权限/v9/统一场论全维分析/第45层_全维融合互通归一化证明_结果.json,13920,90_历史归档\来源语料_utf_20261009\语料\大统一场论_算法联盟最高权限\v9\统一场论全维分析\第45层_全维融合互通归一化证明_结果.json,B,未审计，待逐件裁定,已复制
大统一场论_算法联盟最高权限/v9/统一场论全维分析/第46层_全体系问题深度修复优化_DFIUFT.py,22346,90_历史归档\来源语料_utf_20261009\语料\大统一场论_算法联盟最高权限\v9\统一场论全维分析\第46层_全体系问题深度修复优化_DFIUFT.py,B,未审计，待逐件裁定,已复制
大统一场论_算法联盟最高权限/v9/统一场论全维分析/第46层_全体系问题深度修复优化_突破报告.md,6481,90_历史归档\来源语料_utf_20261009\语料\大统一场论_算法联盟最高权限\v9\统一场论全维分析\第46层_全体系问题深度修复优化_突破报告.md,B,未审计，待逐件裁定,已复制
大统一场论_算法联盟最高权限/v9/统一场论全维分析/第46层_全体系问题深度修复优化_结果.json,9712,90_历史归档\来源语料_utf_20261009\语料\大统一场论_算法联盟最高权限\v9\统一场论全维分析\第46层_全体系问题深度修复优化_结果.json,B,未审计，待逐件裁定,已复制
大统一场论_算法联盟最高权限/v9/统一场论全维分析/第47层_深度修复优化v2_DFIUFTv2.py,20882,90_历史归档\来源语料_utf_20261009\语料\大统一场论_算法联盟最高权限\v9\统一场论全维分析\第47层_深度修复优化v2_DFIUFTv2.py,B,未审计，待逐件裁定,已复制
大统一场论_算法联盟最高权限/v9/统一场论全维分析/第47层_深度修复优化v2_突破报告.md,4616,90_历史归档\来源语料_utf_20261009\语料\大统一场论_算法联盟最高权限\v9\统一场论全维分析\第47层_深度修复优化v2_突破报告.md,B,未审计，待逐件裁定,已复制
大统一场论_算法联盟最高权限/v9/统一场论全维分析/第47层_深度修复优化v2_结果.json,7523,90_历史归档\来源语料_utf_20261009\语料\大统一场论_算法联盟最高权限\v9\统一场论全维分析\第47层_深度修复优化v2_结果.json,B,未审计，待逐件裁定,已复制
大统一场论_算法联盟最高权限/v9/统一场论全维分析/第48层_量子计算信息处理统一_QCUFT.py,20365,90_历史归档\来源语料_utf_20261009\语料\大统一场论_算法联盟最高权限\v9\统一场论全维分析\第48层_量子计算信息处理统一_QCUFT.py,B,未审计，待逐件裁定,已复制
大统一场论_算法联盟最高权限/v9/统一场论全维分析/第48层_量子计算信息处理统一_突破报告.md,5811,90_历史归档\来源语料_utf_20261009\语料\大统一场论_算法联盟最高权限\v9\统一场论全维分析\第48层_量子计算信息处理统一_突破报告.md,B,未审计，待逐件裁定,已复制
大统一场论_算法联盟最高权限/v9/统一场论全维分析/第48层_量子计算信息处理统一_结果.json,6803,90_历史归档\来源语料_utf_20261009\语料\大统一场论_算法联盟最高权限\v9\统一场论全维分析\第48层_量子计算信息处理统一_结果.json,B,未审计，待逐件裁定,已复制
大统一场论_算法联盟最高权限/v9/统一场论全维分析/第49层_全体系终极整理优化v3_FUOFTv3.py,26600,90_历史归档\来源语料_utf_20261009\语料\大统一场论_算法联盟最高权限\v9\统一场论全维分析\第49层_全体系终极整理优化v3_FUOFTv3.py,B,未审计，待逐件裁定,已复制
大统一场论_算法联盟最高权限/v9/统一场论全维分析/第49层_全体系终极整理优化v3_突破报告.md,7025,90_历史归档\来源语料_utf_20261009\语料\大统一场论_算法联盟最高权限\v9\统一场论全维分析\第49层_全体系终极整理优化v3_突破报告.md,B,未审计，待逐件裁定,已复制
大统一场论_算法联盟最高权限/v9/统一场论全维分析/第49层_全体系终极整理优化v3_结果.json,7778,90_历史归档\来源语料_utf_20261009\语料\大统一场论_算法联盟最高权限\v9\统一场论全维分析\第49层_全体系终极整理优化v3_结果.json,B,未审计，待逐件裁定,已复制
大统一场论_算法联盟最高权限/v9/统一场论全维分析/第4层_GR经典检验精算.py,2238,90_历史归档\来源语料_utf_20261009\语料\大统一场论_算法联盟最高权限\v9\统一场论全维分析\第4层_GR经典检验精算.py,B,未审计，待逐件裁定,已复制
大统一场论_算法联盟最高权限/v9/统一场论全维分析/第50层_R3截断FRG精算_R3UFT.py,25780,90_历史归档\来源语料_utf_20261009\语料\大统一场论_算法联盟最高权限\v9\统一场论全维分析\第50层_R3截断FRG精算_R3UFT.py,B,未审计，待逐件裁定,已复制
大统一场论_算法联盟最高权限/v9/统一场论全维分析/第50层_R3截断FRG精算_突破报告.md,8510,90_历史归档\来源语料_utf_20261009\语料\大统一场论_算法联盟最高权限\v9\统一场论全维分析\第50层_R3截断FRG精算_突破报告.md,B,未审计，待逐件裁定,已复制
大统一场论_算法联盟最高权限/v9/统一场论全维分析/第50层_R3截断FRG精算_结果.json,11021,90_历史归档\来源语料_utf_20261009\语料\大统一场论_算法联盟最高权限\v9\统一场论全维分析\第50层_R3截断FRG精算_结果.json,B,未审计，待逐件裁定,已复制
大统一场论_算法联盟最高权限/v9/统一场论全维分析/第51层_完整阈值函数FRG流精算_FTFRG.py,18679,90_历史归档\来源语料_utf_20261009\语料\大统一场论_算法联盟最高权限\v9\统一场论全维分析\第51层_完整阈值函数FRG流精算_FTFRG.py,B,未审计，待逐件裁定,已复制
大统一场论_算法联盟最高权限/v9/统一场论全维分析/第51层_完整阈值函数FRG流精算_突破报告.md,6922,90_历史归档\来源语料_utf_20261009\语料\大统一场论_算法联盟最高权限\v9\统一场论全维分析\第51层_完整阈值函数FRG流精算_突破报告.md,B,未审计，待逐件裁定,已复制
大统一场论_算法联盟最高权限/v9/统一场论全维分析/第51层_完整阈值函数FRG流精算_结果.json,7486,90_历史归档\来源语料_utf_20261009\语料\大统一场论_算法联盟最高权限\v9\统一场论全维分析\第51层_完整阈值函数FRG流精算_结果.json,B,未审计，待逐件裁定,已复制
大统一场论_算法联盟最高权限/v9/统一场论全维分析/第52层_高阶fR截断与截断收敛精算_FULLFRG.py,20500,90_历史归档\来源语料_utf_20261009\语料\大统一场论_算法联盟最高权限\v9\统一场论全维分析\第52层_高阶fR截断与截断收敛精算_FULLFRG.py,B,未审计，待逐件裁定,已复制
大统一场论_算法联盟最高权限/v9/统一场论全维分析/第52层_高阶fR截断与截断收敛精算_突破报告.md,8065,90_历史归档\来源语料_utf_20261009\语料\大统一场论_算法联盟最高权限\v9\统一场论全维分析\第52层_高阶fR截断与截断收敛精算_突破报告.md,B,未审计，待逐件裁定,已复制
大统一场论_算法联盟最高权限/v9/统一场论全维分析/第52层_高阶fR截断与截断收敛精算_结果.json,8575,90_历史归档\来源语料_utf_20261009\语料\大统一场论_算法联盟最高权限\v9\统一场论全维分析\第52层_高阶fR截断与截断收敛精算_结果.json,B,未审计，待逐件裁定,已复制
大统一场论_算法联盟最高权限/v9/统一场论全维分析/第53层_阈值结构形式交叉与lambdaIR行为闭合_IRUFT.py,21194,90_历史归档\来源语料_utf_20261009\语料\大统一场论_算法联盟最高权限\v9\统一场论全维分析\第53层_阈值结构形式交叉与lambdaIR行为闭合_IRUFT.py,B,未审计，待逐件裁定,已复制
大统一场论_算法联盟最高权限/v9/统一场论全维分析/第53层_阈值结构形式交叉与lambdaIR行为闭合_突破报告.md,8460,90_历史归档\来源语料_utf_20261009\语料\大统一场论_算法联盟最高权限\v9\统一场论全维分析\第53层_阈值结构形式交叉与lambdaIR行为闭合_突破报告.md,B,未审计，待逐件裁定,已复制
大统一场论_算法联盟最高权限/v9/统一场论全维分析/第53层_阈值结构形式交叉与lambdaIR行为闭合_结果.json,7881,90_历史归档\来源语料_utf_20261009\语料\大统一场论_算法联盟最高权限\v9\统一场论全维分析\第53层_阈值结构形式交叉与lambdaIR行为闭合_结果.json,B,未审计，待逐件裁定,已复制
大统一场论_算法联盟最高权限/v9/统一场论全维分析/第54层_意识与生命物理统一_CLUFT.py,27337,90_历史归档\来源语料_utf_20261009\语料\大统一场论_算法联盟最高权限\v9\统一场论全维分析\第54层_意识与生命物理统一_CLUFT.py,B,未审计，待逐件裁定,已复制
大统一场论_算法联盟最高权限/v9/统一场论全维分析/第54层_意识与生命物理统一_突破报告.md,8254,90_历史归档\来源语料_utf_20261009\语料\大统一场论_算法联盟最高权限\v9\统一场论全维分析\第54层_意识与生命物理统一_突破报告.md,B,未审计，待逐件裁定,已复制
大统一场论_算法联盟最高权限/v9/统一场论全维分析/第54层_意识与生命物理统一_结果.json,9086,90_历史归档\来源语料_utf_20261009\语料\大统一场论_算法联盟最高权限\v9\统一场论全维分析\第54层_意识与生命物理统一_结果.json,B,未审计，待逐件裁定,已复制
大统一场论_算法联盟最高权限/v9/统一场论全维分析/第55层_完整泛函fR_LPA收敛精算_FLPA.py,17163,90_历史归档\来源语料_utf_20261009\语料\大统一场论_算法联盟最高权限\v9\统一场论全维分析\第55层_完整泛函fR_LPA收敛精算_FLPA.py,B,未审计，待逐件裁定,已复制
大统一场论_算法联盟最高权限/v9/统一场论全维分析/第55层_完整泛函fR_LPA收敛精算_突破报告.md,7428,90_历史归档\来源语料_utf_20261009\语料\大统一场论_算法联盟最高权限\v9\统一场论全维分析\第55层_完整泛函fR_LPA收敛精算_突破报告.md,B,未审计，待逐件裁定,已复制
大统一场论_算法联盟最高权限/v9/统一场论全维分析/第55层_完整泛函fR_LPA收敛精算_结果.json,8189,90_历史归档\来源语料_utf_20261009\语料\大统一场论_算法联盟最高权限\v9\统一场论全维分析\第55层_完整泛函fR_LPA收敛精算_结果.json,B,未审计，待逐件裁定,已复制
大统一场论_算法联盟最高权限/v9/统一场论全维分析/第56层_LQG异常诊断求导验证修复_LQGD.py,26940,90_历史归档\来源语料_utf_20261009\语料\大统一场论_算法联盟最高权限\v9\统一场论全维分析\第56层_LQG异常诊断求导验证修复_LQGD.py,B,未审计，待逐件裁定,已复制
大统一场论_算法联盟最高权限/v9/统一场论全维分析/第56层_LQG异常诊断求导验证修复_突破报告.md,6616,90_历史归档\来源语料_utf_20261009\语料\大统一场论_算法联盟最高权限\v9\统一场论全维分析\第56层_LQG异常诊断求导验证修复_突破报告.md,B,未审计，待逐件裁定,已复制
大统一场论_算法联盟最高权限/v9/统一场论全维分析/第56层_LQG异常诊断求导验证修复_结果.json,12124,90_历史归档\来源语料_utf_20261009\语料\大统一场论_算法联盟最高权限\v9\统一场论全维分析\第56层_LQG异常诊断求导验证修复_结果.json,B,未审计，待逐件裁定,已复制
大统一场论_算法联盟最高权限/v9/统一场论全维分析/第57层_全体系疑问闭合与全维融合精算_QUFUFT.py,22587,90_历史归档\来源语料_utf_20261009\语料\大统一场论_算法联盟最高权限\v9\统一场论全维分析\第57层_全体系疑问闭合与全维融合精算_QUFUFT.py,B,未审计，待逐件裁定,已复制
大统一场论_算法联盟最高权限/v9/统一场论全维分析/第57层_全体系疑问闭合与全维融合精算_突破报告.md,8427,90_历史归档\来源语料_utf_20261009\语料\大统一场论_算法联盟最高权限\v9\统一场论全维分析\第57层_全体系疑问闭合与全维融合精算_突破报告.md,B,未审计，待逐件裁定,已复制
大统一场论_算法联盟最高权限/v9/统一场论全维分析/第57层_全体系疑问闭合与全维融合精算_结果.json,17736,90_历史归档\来源语料_utf_20261009\语料\大统一场论_算法联盟最高权限\v9\统一场论全维分析\第57层_全体系疑问闭合与全维融合精算_结果.json,B,未审计，待逐件裁定,已复制
大统一场论_算法联盟最高权限/v9/统一场论全维分析/第58层_渐近安全收敛闭合与lambdaIR结构泛化_ASCC.py,19059,90_历史归档\来源语料_utf_20261009\语料\大统一场论_算法联盟最高权限\v9\统一场论全维分析\第58层_渐近安全收敛闭合与lambdaIR结构泛化_ASCC.py,B,未审计，待逐件裁定,已复制
大统一场论_算法联盟最高权限/v9/统一场论全维分析/第58层_渐近安全收敛闭合与lambdaIR结构泛化_突破报告.md,7120,90_历史归档\来源语料_utf_20261009\语料\大统一场论_算法联盟最高权限\v9\统一场论全维分析\第58层_渐近安全收敛闭合与lambdaIR结构泛化_突破报告.md,B,未审计，待逐件裁定,已复制
大统一场论_算法联盟最高权限/v9/统一场论全维分析/第58层_渐近安全收敛闭合与lambdaIR结构泛化_结果.json,10415,90_历史归档\来源语料_utf_20261009\语料\大统一场论_算法联盟最高权限\v9\统一场论全维分析\第58层_渐近安全收敛闭合与lambdaIR结构泛化_结果.json,B,未审计，待逐件裁定,已复制
大统一场论_算法联盟最高权限/v9/统一场论全维分析/第59层_AI数学与思想意识统一方程精算_AMC.py,22998,90_历史归档\来源语料_utf_20261009\语料\大统一场论_算法联盟最高权限\v9\统一场论全维分析\第59层_AI数学与思想意识统一方程精算_AMC.py,B,未审计，待逐件裁定,已复制
大统一场论_算法联盟最高权限/v9/统一场论全维分析/第59层_AI数学与思想意识统一方程精算_突破报告.md,8225,90_历史归档\来源语料_utf_20261009\语料\大统一场论_算法联盟最高权限\v9\统一场论全维分析\第59层_AI数学与思想意识统一方程精算_突破报告.md,B,未审计，待逐件裁定,已复制
大统一场论_算法联盟最高权限/v9/统一场论全维分析/第59层_AI数学与思想意识统一方程精算_结果.json,9182,90_历史归档\来源语料_utf_20261009\语料\大统一场论_算法联盟最高权限\v9\统一场论全维分析\第59层_AI数学与思想意识统一方程精算_结果.json,B,未审计，待逐件裁定,已复制
大统一场论_算法联盟最高权限/v9/统一场论全维分析/第5层_KK精算.py,2100,90_历史归档\来源语料_utf_20261009\语料\大统一场论_算法联盟最高权限\v9\统一场论全维分析\第5层_KK精算.py,B,未审计，待逐件裁定,已复制
大统一场论_算法联盟最高权限/v9/统一场论全维分析/第7层_EC唯象学_挠率可观测性.py,4914,90_历史归档\来源语料_utf_20261009\语料\大统一场论_算法联盟最高权限\v9\统一场论全维分析\第7层_EC唯象学_挠率可观测性.py,B,未审计，待逐件裁定,已复制
大统一场论_算法联盟最高权限/v9/统一场论全维分析/第7层_EC唯象学_挠率可观测性研究.md,6230,90_历史归档\来源语料_utf_20261009\语料\大统一场论_算法联盟最高权限\v9\统一场论全维分析\第7层_EC唯象学_挠率可观测性研究.md,B,未审计，待逐件裁定,已复制
大统一场论_算法联盟最高权限/v9/统一场论全维分析/第7层延伸_自旋相关力实验方案研究.md,3685,90_历史归档\来源语料_utf_20261009\语料\大统一场论_算法联盟最高权限\v9\统一场论全维分析\第7层延伸_自旋相关力实验方案研究.md,B,未审计，待逐件裁定,已复制
大统一场论_算法联盟最高权限/v9/统一场论全维分析/第7层延伸_自旋相关力实验灵敏度.py,4149,90_历史归档\来源语料_utf_20261009\语料\大统一场论_算法联盟最高权限\v9\统一场论全维分析\第7层延伸_自旋相关力实验灵敏度.py,B,未审计，待逐件裁定,已复制
大统一场论_算法联盟最高权限/v9/统一场论全维分析/第8层_P1_KK实验约束深化.py,3747,90_历史归档\来源语料_utf_20261009\语料\大统一场论_算法联盟最高权限\v9\统一场论全维分析\第8层_P1_KK实验约束深化.py,B,未审计，待逐件裁定,已复制
大统一场论_算法联盟最高权限/v9/统一场论全维分析/第8层_P1_KK实验约束深化研究.md,3279,90_历史归档\来源语料_utf_20261009\语料\大统一场论_算法联盟最高权限\v9\统一场论全维分析\第8层_P1_KK实验约束深化研究.md,B,未审计，待逐件裁定,已复制
大统一场论_算法联盟最高权限/v9/统一场论全维分析/第9层_P3_胀子物理与等效原理.py,2661,90_历史归档\来源语料_utf_20261009\语料\大统一场论_算法联盟最高权限\v9\统一场论全维分析\第9层_P3_胀子物理与等效原理.py,B,未审计，待逐件裁定,已复制
大统一场论_算法联盟最高权限/v9/统一场论全维分析/第9层_P3_胀子物理与等效原理研究.md,2799,90_历史归档\来源语料_utf_20261009\语料\大统一场论_算法联盟最高权限\v9\统一场论全维分析\第9层_P3_胀子物理与等效原理研究.md,B,未审计，待逐件裁定,已复制
大统一场论_算法联盟最高权限/v9/统一场论全维分析/闭环数值验证套件.py,5100,90_历史归档\来源语料_utf_20261009\语料\大统一场论_算法联盟最高权限\v9\统一场论全维分析\闭环数值验证套件.py,B,未审计，待逐件裁定,已复制
大统一场论_算法联盟最高权限/v9/统一场论全维分析/.preview/0d55d9669696/manifest.json,1711,90_历史归档\来源语料_utf_20261009\语料\大统一场论_算法联盟最高权限\v9\统一场论全维分析\.preview\0d55d9669696\manifest.json,B,未审计，待逐件裁定,已复制
大统一场论_算法联盟最高权限/v9/统一场论全维分析/.preview/0d55d9669696/text.md,23237,90_历史归档\来源语料_utf_20261009\语料\大统一场论_算法联盟最高权限\v9\统一场论全维分析\.preview\0d55d9669696\text.md,B,未审计，待逐件裁定,已复制
大统一场论_算法联盟最高权限/v9/统一场论全维分析/.preview/25c5127865dd/manifest.json,1711,90_历史归档\来源语料_utf_20261009\语料\大统一场论_算法联盟最高权限\v9\统一场论全维分析\.preview\25c5127865dd\manifest.json,B,未审计，待逐件裁定,已复制
大统一场论_算法联盟最高权限/v9/统一场论全维分析/.preview/25c5127865dd/text.md,22014,90_历史归档\来源语料_utf_20261009\语料\大统一场论_算法联盟最高权限\v9\统一场论全维分析\.preview\25c5127865dd\text.md,B,未审计，待逐件裁定,已复制
大统一场论_算法联盟最高权限/v9/统一场论全维分析/.preview/37696d632964/manifest.json,1711,90_历史归档\来源语料_utf_20261009\语料\大统一场论_算法联盟最高权限\v9\统一场论全维分析\.preview\37696d632964\manifest.json,B,未审计，待逐件裁定,已复制
大统一场论_算法联盟最高权限/v9/统一场论全维分析/.preview/37696d632964/text.md,23094,90_历史归档\来源语料_utf_20261009\语料\大统一场论_算法联盟最高权限\v9\统一场论全维分析\.preview\37696d632964\text.md,B,未审计，待逐件裁定,已复制
大统一场论_算法联盟最高权限/v9/统一场论全维分析/.preview/eb860062e592/manifest.json,1711,90_历史归档\来源语料_utf_20261009\语料\大统一场论_算法联盟最高权限\v9\统一场论全维分析\.preview\eb860062e592\manifest.json,B,未审计，待逐件裁定,已复制
大统一场论_算法联盟最高权限/v9/统一场论全维分析/.preview/eb860062e592/text.md,22907,90_历史归档\来源语料_utf_20261009\语料\大统一场论_算法联盟最高权限\v9\统一场论全维分析\.preview\eb860062e592\text.md,B,未审计，待逐件裁定,已复制
大统一场论_算法联盟最高权限/verification_scripts/alpha_deep_analysis.py,8667,90_历史归档\来源语料_utf_20261009\语料\大统一场论_算法联盟最高权限\verification_scripts\alpha_deep_analysis.py,B,未审计，待逐件裁定,已复制
大统一场论_算法联盟最高权限/verification_scripts/alpha_derivation.py,12077,90_历史归档\来源语料_utf_20261009\语料\大统一场论_算法联盟最高权限\verification_scripts\alpha_derivation.py,B,未审计，待逐件裁定,已复制
大统一场论_算法联盟最高权限/verification_scripts/breakthrough_attempts.py,16293,90_历史归档\来源语料_utf_20261009\语料\大统一场论_算法联盟最高权限\verification_scripts\breakthrough_attempts.py,B,未审计，待逐件裁定,已复制
大统一场论_算法联盟最高权限/verification_scripts/breakthrough_comprehensive.py,10064,90_历史归档\来源语料_utf_20261009\语料\大统一场论_算法联盟最高权限\verification_scripts\breakthrough_comprehensive.py,B,未审计，待逐件裁定,已复制
大统一场论_算法联盟最高权限/verification_scripts/breakthrough_v2.py,16656,90_历史归档\来源语料_utf_20261009\语料\大统一场论_算法联盟最高权限\verification_scripts\breakthrough_v2.py,B,未审计，待逐件裁定,已复制
大统一场论_算法联盟最高权限/verification_scripts/breakthrough_v3.py,15074,90_历史归档\来源语料_utf_20261009\语料\大统一场论_算法联盟最高权限\verification_scripts\breakthrough_v3.py,B,未审计，待逐件裁定,已复制
大统一场论_算法联盟最高权限/verification_scripts/breakthrough_v4.py,10015,90_历史归档\来源语料_utf_20261009\语料\大统一场论_算法联盟最高权限\verification_scripts\breakthrough_v4.py,B,未审计，待逐件裁定,已复制
大统一场论_算法联盟最高权限/verification_scripts/core_issues.py,10280,90_历史归档\来源语料_utf_20261009\语料\大统一场论_算法联盟最高权限\verification_scripts\core_issues.py,B,未审计，待逐件裁定,已复制
大统一场论_算法联盟最高权限/verification_scripts/full_dimension_unification.py,24278,90_历史归档\来源语料_utf_20261009\语料\大统一场论_算法联盟最高权限\verification_scripts\full_dimension_unification.py,B,未审计，待逐件裁定,已复制
大统一场论_算法联盟最高权限/verification_scripts/prediction_test.py,18837,90_历史归档\来源语料_utf_20261009\语料\大统一场论_算法联盟最高权限\verification_scripts\prediction_test.py,B,未审计，待逐件裁定,已复制
大统一场论_算法联盟最高权限/verification_scripts/verify_core.py,13888,90_历史归档\来源语料_utf_20261009\语料\大统一场论_算法联盟最高权限\verification_scripts\verify_core.py,B,未审计，待逐件裁定,已复制
大统一场论_算法联盟最高权限/verification_scripts/z3_reanalysis.py,9407,90_历史归档\来源语料_utf_20261009\语料\大统一场论_算法联盟最高权限\verification_scripts\z3_reanalysis.py,B,未审计，待逐件裁定,已复制
大统一场论_算法联盟最高权限/verification_scripts/z3_reanalysis2.py,9413,90_历史归档\来源语料_utf_20261009\语料\大统一场论_算法联盟最高权限\verification_scripts\z3_reanalysis2.py,B,未审计，待逐件裁定,已复制
核心算法/代码扩展计划.md,2814,90_历史归档\来源语料_utf_20261009\语料\核心算法\代码扩展计划.md,B,未审计，待逐件裁定,已复制
核心算法/统一场论核心算法扩展.py,32828,90_历史归档\来源语料_utf_20261009\语料\核心算法\统一场论核心算法扩展.py,B,未审计，待逐件裁定,已复制
核心算法/三维螺旋/three_dimensional_spiral_core.py,32718,90_历史归档\来源语料_utf_20261009\语料\核心算法\三维螺旋\three_dimensional_spiral_core.py,B,未审计，待逐件裁定,已复制
核心算法/三维螺旋/three_dimensional_spiral_expanded.py,50137,90_历史归档\来源语料_utf_20261009\语料\核心算法\三维螺旋\three_dimensional_spiral_expanded.py,B,未审计，待逐件裁定,已复制
核心算法/几何因子/geometric_factor_algorithms.py,20035,90_历史归档\来源语料_utf_20261009\语料\核心算法\几何因子\geometric_factor_algorithms.py,B,未审计，待逐件裁定,已复制
核心算法/几何因子/geometric_factor_core.py,30798,90_历史归档\来源语料_utf_20261009\语料\核心算法\几何因子\geometric_factor_core.py,B,未审计，待逐件裁定,已复制
核心算法/几何因子/geometric_factor_expanded.py,48742,90_历史归档\来源语料_utf_20261009\语料\核心算法\几何因子\geometric_factor_expanded.py,B,未审计，待逐件裁定,已复制
核心算法/可视化工具/visualization_tools_core.py,20842,90_历史归档\来源语料_utf_20261009\语料\核心算法\可视化工具\visualization_tools_core.py,B,未审计，待逐件裁定,已复制
核心算法/宇宙大统一/cosmic_grand_unification_core.py,28870,90_历史归档\来源语料_utf_20261009\语料\核心算法\宇宙大统一\cosmic_grand_unification_core.py,B,未审计，待逐件裁定,已复制
核心算法/宇宙大统一/cosmic_grand_unification_expanded.py,37314,90_历史归档\来源语料_utf_20261009\语料\核心算法\宇宙大统一\cosmic_grand_unification_expanded.py,B,未审计，待逐件裁定,已复制
核心算法/宇宙学模型/cosmology_models_expanded.py,28986,90_历史归档\来源语料_utf_20261009\语料\核心算法\宇宙学模型\cosmology_models_expanded.py,B,未审计，待逐件裁定,已复制
核心算法/并行计算/parallel_computing_expanded.py,60960,90_历史归档\来源语料_utf_20261009\语料\核心算法\并行计算\parallel_computing_expanded.py,B,未审计，待逐件裁定,已复制
核心算法/引力光速/gravity_light_speed_core.py,31020,90_历史归档\来源语料_utf_20261009\语料\核心算法\引力光速\gravity_light_speed_core.py,B,未审计，待逐件裁定,已复制
核心算法/引力光速/gravity_light_speed_expanded.py,37667,90_历史归档\来源语料_utf_20261009\语料\核心算法\引力光速\gravity_light_speed_expanded.py,B,未审计，待逐件裁定,已复制
核心算法/性能优化/performance_optimization_core.py,18624,90_历史归档\来源语料_utf_20261009\语料\核心算法\性能优化\performance_optimization_core.py,B,未审计，待逐件裁定,已复制
核心算法/性能优化/performance_optimization_expanded.py,25986,90_历史归档\来源语料_utf_20261009\语料\核心算法\性能优化\performance_optimization_expanded.py,B,未审计，待逐件裁定,已复制
核心算法/性能测试/performance_testing_core.py,18600,90_历史归档\来源语料_utf_20261009\语料\核心算法\性能测试\performance_testing_core.py,B,未审计，待逐件裁定,已复制
核心算法/时空同一化/spacetime_unification_core.py,27418,90_历史归档\来源语料_utf_20261009\语料\核心算法\时空同一化\spacetime_unification_core.py,B,未审计，待逐件裁定,已复制
核心算法/时空同一化/spacetime_unification_expanded.py,33781,90_历史归档\来源语料_utf_20261009\语料\核心算法\时空同一化\spacetime_unification_expanded.py,B,未审计，待逐件裁定,已复制
核心算法/机器学习/machine_learning_core.py,16826,90_历史归档\来源语料_utf_20261009\语料\核心算法\机器学习\machine_learning_core.py,B,未审计，待逐件裁定,已复制
核心算法/机器学习/machine_learning_expanded.py,61611,90_历史归档\来源语料_utf_20261009\语料\核心算法\机器学习\machine_learning_expanded.py,B,未审计，待逐件裁定,已复制
核心算法/波动方程/wave_equation_core.py,30674,90_历史归档\来源语料_utf_20261009\语料\核心算法\波动方程\wave_equation_core.py,B,未审计，待逐件裁定,已复制
核心算法/波动方程/wave_equation_expanded.py,37796,90_历史归档\来源语料_utf_20261009\语料\核心算法\波动方程\wave_equation_expanded.py,B,未审计，待逐件裁定,已复制
核心算法/电磁耦合/electromagnetic_coupling_core.py,30328,90_历史归档\来源语料_utf_20261009\语料\核心算法\电磁耦合\electromagnetic_coupling_core.py,B,未审计，待逐件裁定,已复制
核心算法/电磁耦合/electromagnetic_coupling_expanded.py,38042,90_历史归档\来源语料_utf_20261009\语料\核心算法\电磁耦合\electromagnetic_coupling_expanded.py,B,未审计，待逐件裁定,已复制
核心算法/量子计算/quantum_computing_expanded.py,44263,90_历史归档\来源语料_utf_20261009\语料\核心算法\量子计算\quantum_computing_expanded.py,B,未审计，待逐件裁定,已复制
核心算法/验证框架/verification_framework_core.py,18679,90_历史归档\来源语料_utf_20261009\语料\核心算法\验证框架\verification_framework_core.py,B,未审计，待逐件裁定,已复制
核心算法/黑洞物理/black_hole_physics_expanded.py,35562,90_历史归档\来源语料_utf_20261009\语料\核心算法\黑洞物理\black_hole_physics_expanded.py,B,未审计，待逐件裁定,已复制
验证系统/高级验证系统.py,37830,90_历史归档\来源语料_utf_20261009\语料\验证系统\高级验证系统.py,B,未审计，待逐件裁定,已复制
GAQ_UFT_V8_最终报告.md,6887,90_历史归档\来源语料_utf_20261009\语料\GAQ_UFT_V8_最终报告.md,B,未审计，待逐件裁定,已复制
GAQ_UFT_v3_严格验证与错误诊断.py,22050,90_历史归档\来源语料_utf_20261009\语料\GAQ_UFT_v3_严格验证与错误诊断.py,B,未审计，待逐件裁定,已复制
NambuGoto修复_路径积分_α拓扑起源.py,22018,90_历史归档\来源语料_utf_20261009\语料\NambuGoto修复_路径积分_α拓扑起源.py,B,未审计，待逐件裁定,已复制
SYSTEM_INTEGRATION_GUIDE.md,8171,90_历史归档\来源语料_utf_20261009\语料\SYSTEM_INTEGRATION_GUIDE.md,B,未审计，待逐件裁定,已复制
V3_1_辐射输运60方程全维精算验证.py,28830,90_历史归档\来源语料_utf_20261009\语料\V3_1_辐射输运60方程全维精算验证.py,B,未审计，待逐件裁定,已复制
Z值引用扫描报告.md,1426144,90_历史归档\来源语料_utf_20261009\语料\Z值引用扫描报告.md,B,未审计，待逐件裁定,已复制
_fix_files.py,27131,90_历史归档\来源语料_utf_20261009\语料\_fix_files.py,B,未审计，待逐件裁定,已复制
_gen_rc2.py,0,（内容已在 openuft，不重复复制）,B,未审计；内容已在本库,已在库跳过
_loc.py,1563,90_历史归档\来源语料_utf_20261009\语料\_loc.py,B,未审计，待逐件裁定,已复制
_locate.py,0,（内容已在 openuft，不重复复制）,B,未审计；内容已在本库,已在库跳过
_modify.py,10301,90_历史归档\来源语料_utf_20261009\语料\_modify.py,B,未审计，待逐件裁定,已复制
_modify_script.py,15268,90_历史归档\来源语料_utf_20261009\语料\_modify_script.py,B,未审计，待逐件裁定,已复制
_origin_explore.py,0,（内容已在 openuft，不重复复制）,B,未审计；内容已在本库,已在库跳过
_rc2_p1.py,393,90_历史归档\来源语料_utf_20261009\语料\_rc2_p1.py,B,未审计，待逐件裁定,已复制
_step0.py,450,90_历史归档\来源语料_utf_20261009\语料\_step0.py,B,未审计，待逐件裁定,已复制
_write_rc2.py,0,（内容已在 openuft，不重复复制）,B,未审计；内容已在本库,已在库跳过
b0_scale_qnm_branchB.py,1181,90_历史归档\来源语料_utf_20261009\语料\b0_scale_qnm_branchB.py,B,未审计，待逐件裁定,已复制
delta_F_verify.py,3048,90_历史归档\来源语料_utf_20261009\语料\delta_F_verify.py,B,未审计，待逐件裁定,已复制
derive_mass_ratio.py,6829,90_历史归档\来源语料_utf_20261009\语料\derive_mass_ratio.py,B,未审计，待逐件裁定,已复制
dimensional_analysis_paper.py,9638,90_历史归档\来源语料_utf_20261009\语料\dimensional_analysis_paper.py,B,未审计，待逐件裁定,已复制
experiment_analysis.py,8497,90_历史归档\来源语料_utf_20261009\语料\experiment_analysis.py,B,未审计，待逐件裁定,已复制
fix_triple_quotes.py,2441,90_历史归档\来源语料_utf_20261009\语料\fix_triple_quotes.py,B,未审计，待逐件裁定,已复制
gaq_uft_G_eps0_fundamental_relation.py,25550,90_历史归档\来源语料_utf_20261009\语料\gaq_uft_G_eps0_fundamental_relation.py,B,未审计，待逐件裁定,已复制
gaq_uft_breakthroughs.py,5799,90_历史归档\来源语料_utf_20261009\语料\gaq_uft_breakthroughs.py,B,未审计，待逐件裁定,已复制
gaq_uft_cosmic_code_ultimate.py,26205,90_历史归档\来源语料_utf_20261009\语料\gaq_uft_cosmic_code_ultimate.py,B,未审计，待逐件裁定,已复制
gaq_uft_frequency_origin_G_eps0.py,5108,90_历史归档\来源语料_utf_20261009\语料\gaq_uft_frequency_origin_G_eps0.py,B,未审计，待逐件裁定,已复制
gaq_uft_math_mysteries.py,0,（内容已在 openuft，不重复复制）,B,未审计；内容已在本库,已在库跳过
gaq_uft_matter_space_unity.py,27641,90_历史归档\来源语料_utf_20261009\语料\gaq_uft_matter_space_unity.py,B,未审计，待逐件裁定,已复制
gaq_uft_open_problems.py,29946,90_历史归档\来源语料_utf_20261009\语料\gaq_uft_open_problems.py,B,未审计，待逐件裁定,已复制
gaq_uft_research_grade_proof.py,41062,90_历史归档\来源语料_utf_20261009\语料\gaq_uft_research_grade_proof.py,B,未审计，待逐件裁定,已复制
gaq_uft_ultimate_math.py,0,（内容已在 openuft，不重复复制）,B,未审计；内容已在本库,已在库跳过
gaq_uft_v10_full_derivation.py,20341,90_历史归档\来源语料_utf_20261009\语料\gaq_uft_v10_full_derivation.py,B,未审计，待逐件裁定,已复制
gaq_uft_v11_ultimate.py,32124,90_历史归档\来源语料_utf_20261009\语料\gaq_uft_v11_ultimate.py,B,未审计，待逐件裁定,已复制
gaq_uft_v12_deep.py,35498,90_历史归档\来源语料_utf_20261009\语料\gaq_uft_v12_deep.py,B,未审计，待逐件裁定,已复制
gaq_uft_v13_ontology.py,32628,90_历史归档\来源语料_utf_20261009\语料\gaq_uft_v13_ontology.py,B,未审计，待逐件裁定,已复制
gaq_uft_v14_2_ultimate_primal_book_v4.py,62192,90_历史归档\来源语料_utf_20261009\语料\gaq_uft_v14_2_ultimate_primal_book_v4.py,B,未审计，待逐件裁定,已复制
gaq_uft_v14_primal_book.py,49098,90_历史归档\来源语料_utf_20261009\语料\gaq_uft_v14_primal_book.py,B,未审计，待逐件裁定,已复制
gaq_uft_v15_gravity_origin.py,43702,90_历史归档\来源语料_utf_20261009\语料\gaq_uft_v15_gravity_origin.py,B,未审计，待逐件裁定,已复制
gaq_uft_v15_gravity_origin_ultimate.py,55312,90_历史归档\来源语料_utf_20261009\语料\gaq_uft_v15_gravity_origin_ultimate.py,B,未审计，待逐件裁定,已复制
gaq_uft_v7_cosmology.py,25474,90_历史归档\来源语料_utf_20261009\语料\gaq_uft_v7_cosmology.py,B,未审计，待逐件裁定,已复制
gaq_uft_v8_final.py,11650,90_历史归档\来源语料_utf_20261009\语料\gaq_uft_v8_final.py,B,未审计，待逐件裁定,已复制
gaq_uft_v8_spatial_freq.py,28262,90_历史归档\来源语料_utf_20261009\语料\gaq_uft_v8_spatial_freq.py,B,未审计，待逐件裁定,已复制
gaq_uft_v9_QED_EL_质量谱.py,76323,90_历史归档\来源语料_utf_20261009\语料\gaq_uft_v9_QED_EL_质量谱.py,B,未审计，待逐件裁定,已复制
gaq_uft_v9_fundamental.py,28178,90_历史归档\来源语料_utf_20261009\语料\gaq_uft_v9_fundamental.py,B,未审计，待逐件裁定,已复制
gaq_uft_v∞_rc1_full_validation.py,33850,90_历史归档\来源语料_utf_20261009\语料\gaq_uft_v∞_rc1_full_validation.py,B,未审计，待逐件裁定,已复制
gaq_uft_v∞_rc2_origin_equation.py,0,（内容已在 openuft，不重复复制）,B,未审计；内容已在本库,已在库跳过
helix_spacetime_core.py,12871,90_历史归档\来源语料_utf_20261009\语料\helix_spacetime_core.py,B,未审计，待逐件裁定,已复制
matter_space_unity_report.txt,72,90_历史归档\来源语料_utf_20261009\语料\matter_space_unity_report.txt,B,未审计，待逐件裁定,已复制
paper_fixer.py,15052,90_历史归档\来源语料_utf_20261009\语料\paper_fixer.py,B,未审计，待逐件裁定,已复制
rc2_temp.py,33850,90_历史归档\来源语料_utf_20261009\语料\rc2_temp.py,B,未审计，待逐件裁定,已复制
replace_script.py,16784,90_历史归档\来源语料_utf_20261009\语料\replace_script.py,B,未审计，待逐件裁定,已复制
simple_fix_report.md,1667,90_历史归档\来源语料_utf_20261009\语料\simple_fix_report.md,B,未审计，待逐件裁定,已复制
simple_paper_fixer.py,8524,90_历史归档\来源语料_utf_20261009\语料\simple_paper_fixer.py,B,未审计，待逐件裁定,已复制
theory_fixer.py,20532,90_历史归档\来源语料_utf_20261009\语料\theory_fixer.py,B,未审计，待逐件裁定,已复制
theory_fixer_ascii.py,16860,90_历史归档\来源语料_utf_20261009\语料\theory_fixer_ascii.py,B,未审计，待逐件裁定,已复制
thesis_verification_system.py,19905,90_历史归档\来源语料_utf_20261009\语料\thesis_verification_system.py,B,未审计，待逐件裁定,已复制
utf目录全面分析验证总结与破解新理论.md,11601,90_历史归档\来源语料_utf_20261009\语料\utf目录全面分析验证总结与破解新理论.md,B,未审计，待逐件裁定,已复制
v2_final.txt,25170,90_历史归档\来源语料_utf_20261009\语料\v2_final.txt,B,未审计，待逐件裁定,已复制
v2_output.txt,25170,90_历史归档\来源语料_utf_20261009\语料\v2_output.txt,B,未审计，待逐件裁定,已复制
v31_output.txt,18031,90_历史归档\来源语料_utf_20261009\语料\v31_output.txt,B,未审计，待逐件裁定,已复制
v31_validation_report.json,1339,90_历史归档\来源语料_utf_20261009\语料\v31_validation_report.json,B,未审计，待逐件裁定,已复制
vacuous_check_census.py,2912,90_历史归档\来源语料_utf_20261009\语料\vacuous_check_census.py,B,未审计，待逐件裁定,已复制
validation_report_v∞_RC1.txt,80,90_历史归档\来源语料_utf_20261009\语料\validation_report_v∞_RC1.txt,B,未审计，待逐件裁定,已复制
verify.py,5678,90_历史归档\来源语料_utf_20261009\语料\verify.py,B,未审计，待逐件裁定,已复制
verify_breakthrough.py,24528,90_历史归档\来源语料_utf_20261009\语料\verify_breakthrough.py,B,未审计，待逐件裁定,已复制
verify_final_breakthrough.py,24491,90_历史归档\来源语料_utf_20261009\语料\verify_final_breakthrough.py,B,未审计，待逐件裁定,已复制
verify_full_dimensional.py,22271,90_历史归档\来源语料_utf_20261009\语料\verify_full_dimensional.py,B,未审计，待逐件裁定,已复制
verify_kappa_tau_UFT.py,21586,90_历史归档\来源语料_utf_20261009\语料\verify_kappa_tau_UFT.py,B,未审计，待逐件裁定,已复制
verify_output.txt,176,90_历史归档\来源语料_utf_20261009\语料\verify_output.txt,B,未审计，待逐件裁定,已复制
verify_physics_breakthrough.py,25856,90_历史归档\来源语料_utf_20261009\语料\verify_physics_breakthrough.py,B,未审计，待逐件裁定,已复制
verify_pure.py,6159,90_历史归档\来源语料_utf_20261009\语料\verify_pure.py,B,未审计，待逐件裁定,已复制
verify_result.txt,2623,90_历史归档\来源语料_utf_20261009\语料\verify_result.txt,B,未审计，待逐件裁定,已复制
verify_ultimate_output.txt,34408,90_历史归档\来源语料_utf_20261009\语料\verify_ultimate_output.txt,B,未审计，待逐件裁定,已复制
web_interface.py,30224,90_历史归档\来源语料_utf_20261009\语料\web_interface.py,B,未审计，待逐件裁定,已复制
κτUFT_V6修复报告_独立可证伪预测.md,11711,90_历史归档\来源语料_utf_20261009\语料\κτUFT_V6修复报告_独立可证伪预测.md,B,未审计，待逐件裁定,已复制
κτ_UFT_诚实评估与动力学公理探索.py,14591,90_历史归档\来源语料_utf_20261009\语料\κτ_UFT_诚实评估与动力学公理探索.py,B,未审计，待逐件裁定,已复制
κτ_UFT_诚实评估报告_α几何意义.md,6435,90_历史归档\来源语料_utf_20261009\语料\κτ_UFT_诚实评估报告_α几何意义.md,B,未审计，待逐件裁定,已复制
万物几何统一场论_全维巨著.md,120709,90_历史归档\来源语料_utf_20261009\语料\万物几何统一场论_全维巨著.md,B,未审计，待逐件裁定,已复制
三大批评全维修复_精算分析.py,27631,90_历史归档\来源语料_utf_20261009\语料\三大批评全维修复_精算分析.py,B,未审计，待逐件裁定,已复制
三大批评全维修复报告.md,10034,90_历史归档\来源语料_utf_20261009\语料\三大批评全维修复报告.md,B,未审计，待逐件裁定,已复制
修复完成总结报告.md,11858,90_历史归档\来源语料_utf_20261009\语料\修复完成总结报告.md,B,未审计，待逐件裁定,已复制
全维频率化_曲率挠率分析.py,18998,90_历史归档\来源语料_utf_20261009\语料\全维频率化_曲率挠率分析.py,B,未审计，待逐件裁定,已复制
全维频率化_曲率挠率分析报告_V9.md,21363,90_历史归档\来源语料_utf_20261009\语料\全维频率化_曲率挠率分析报告_V9.md,B,未审计，待逐件裁定,已复制
全维频率化与螺旋几何化_完整体系.py,24535,90_历史归档\来源语料_utf_20261009\语料\全维频率化与螺旋几何化_完整体系.py,B,未审计，待逐件裁定,已复制
全维频率化与螺旋几何化_完整报告.md,8050,90_历史归档\来源语料_utf_20261009\语料\全维频率化与螺旋几何化_完整报告.md,B,未审计，待逐件裁定,已复制
共形规范Polyakov稳态解_诚实求解.py,13362,90_历史归档\来源语料_utf_20261009\语料\共形规范Polyakov稳态解_诚实求解.py,B,未审计，待逐件裁定,已复制
分支B_黑洞QNM_预注册作战单_v1.md,19469,90_历史归档\来源语料_utf_20261009\语料\分支B_黑洞QNM_预注册作战单_v1.md,B,未审计，待逐件裁定,已复制
分析_output.txt,13597,90_历史归档\来源语料_utf_20261009\语料\分析_output.txt,B,未审计，待逐件裁定,已复制
四力统一方程全维精算验证报告.md,8780,90_历史归档\来源语料_utf_20261009\语料\四力统一方程全维精算验证报告.md,B,未审计，待逐件裁定,已复制
四力统一方程全维精算验证报告_最终版.md,7881,90_历史归档\来源语料_utf_20261009\语料\四力统一方程全维精算验证报告_最终版.md,B,未审计，待逐件裁定,已复制
四力统一方程验证脚本.py,25281,90_历史归档\来源语料_utf_20261009\语料\四力统一方程验证脚本.py,B,未审计，待逐件裁定,已复制
新理论框架_螺旋时空流形统一场论.md,12190,90_历史归档\来源语料_utf_20261009\语料\新理论框架_螺旋时空流形统一场论.md,B,未审计，待逐件裁定,已复制
曲率挠率复几何统一场论_第一性原理.md,23170,90_历史归档\来源语料_utf_20261009\语料\曲率挠率复几何统一场论_第一性原理.md,B,未审计，待逐件裁定,已复制
本源_光速螺旋_曲率挠率_频率_全维分析.md,29300,90_历史归档\来源语料_utf_20261009\语料\本源_光速螺旋_曲率挠率_频率_全维分析.md,B,未审计，待逐件裁定,已复制
深度破解_QED质量修正_α物理起源.py,15991,90_历史归档\来源语料_utf_20261009\语料\深度破解_QED质量修正_α物理起源.py,B,未审计，待逐件裁定,已复制
物理数学难题终极突破报告.md,12806,90_历史归档\来源语料_utf_20261009\语料\物理数学难题终极突破报告.md,B,未审计，待逐件裁定,已复制
独立可证伪预测推导_κτUFT.py,13635,90_历史归档\来源语料_utf_20261009\语料\独立可证伪预测推导_κτUFT.py,B,未审计，待逐件裁定,已复制
理论修复实施计划.md,10228,90_历史归档\来源语料_utf_20261009\语料\理论修复实施计划.md,B,未审计，待逐件裁定,已复制
真正突破_QED跑动与Smin验证.py,17861,90_历史归档\来源语料_utf_20261009\语料\真正突破_QED跑动与Smin验证.py,B,未审计，待逐件裁定,已复制
科研级全维度验证_κτUFT.py,19623,90_历史归档\来源语料_utf_20261009\语料\科研级全维度验证_κτUFT.py,B,未审计，待逐件裁定,已复制
科研级验证报告_V5.md,12227,90_历史归档\来源语料_utf_20261009\语料\科研级验证报告_V5.md,B,未审计，待逐件裁定,已复制
突破_Smin拓扑起源与质量比推导.py,32351,90_历史归档\来源语料_utf_20261009\语料\突破_Smin拓扑起源与质量比推导.py,B,未审计，待逐件裁定,已复制
算法联盟最高权限_无常数频率化终极引擎.py,25839,90_历史归档\来源语料_utf_20261009\语料\算法联盟最高权限_无常数频率化终极引擎.py,B,未审计，待逐件裁定,已复制
算法联盟最高权限_频率化动力学完整计算引擎.py,15122,90_历史归档\来源语料_utf_20261009\语料\算法联盟最高权限_频率化动力学完整计算引擎.py,B,未审计，待逐件裁定,已复制
终极全维精算验证与理论突破.py,38732,90_历史归档\来源语料_utf_20261009\语料\终极全维精算验证与理论突破.py,B,未审计，待逐件裁定,已复制
终极全维精算验证与理论突破_v2.py,29198,90_历史归档\来源语料_utf_20261009\语料\终极全维精算验证与理论突破_v2.py,B,未审计，待逐件裁定,已复制
统一场论修复与重构_最终成果汇总.md,9872,90_历史归档\来源语料_utf_20261009\语料\统一场论修复与重构_最终成果汇总.md,B,未审计，待逐件裁定,已复制
统一场论核心算法深度分析报告.md,12105,90_历史归档\来源语料_utf_20261009\语料\统一场论核心算法深度分析报告.md,B,未审计，待逐件裁定,已复制
统一场论综合验证报告.md,5831,90_历史归档\来源语料_utf_20261009\语料\统一场论综合验证报告.md,B,未审计，待逐件裁定,已复制
统一场论项目验证与修复报告.md,9749,90_历史归档\来源语料_utf_20261009\语料\统一场论项目验证与修复报告.md,B,未审计，待逐件裁定,已复制
统计代码行数.py,5626,90_历史归档\来源语料_utf_20261009\语料\统计代码行数.py,B,未审计，待逐件裁定,已复制
螺旋归一化_独立预测探索.py,16869,90_历史归档\来源语料_utf_20261009\语料\螺旋归一化_独立预测探索.py,B,未审计，待逐件裁定,已复制
螺旋归一化全维分析.py,19179,90_历史归档\来源语料_utf_20261009\语料\螺旋归一化全维分析.py,B,未审计，待逐件裁定,已复制
螺旋归一化诚实分析报告_V8.md,12086,90_历史归档\来源语料_utf_20261009\语料\螺旋归一化诚实分析报告_V8.md,B,未审计，待逐件裁定,已复制
螺旋时空超宇宙统一场论_算法联盟最高权限论文.md,42535,90_历史归档\来源语料_utf_20261009\语料\螺旋时空超宇宙统一场论_算法联盟最高权限论文.md,B,未审计，待逐件裁定,已复制
螺旋框架可检验预测_诚实分析.py,21766,90_历史归档\来源语料_utf_20261009\语料\螺旋框架可检验预测_诚实分析.py,B,未审计，待逐件裁定,已复制
螺旋相互作用与α起源_动力学探索.py,16615,90_历史归档\来源语料_utf_20261009\语料\螺旋相互作用与α起源_动力学探索.py,B,未审计，待逐件裁定,已复制
诚实突破报告_α的QED物理解释.md,12117,90_历史归档\来源语料_utf_20261009\语料\诚实突破报告_α的QED物理解释.md,B,未审计，待逐件裁定,已复制
超宇宙统一场论_全系统精算验证.py,11862,90_历史归档\来源语料_utf_20261009\语料\超宇宙统一场论_全系统精算验证.py,B,未审计，待逐件裁定,已复制
追加分析_对比与哲学.py,7331,90_历史归档\来源语料_utf_20261009\语料\追加分析_对比与哲学.py,B,未审计，待逐件裁定,已复制
顶尖论文α推导_全维分析.py,19402,90_历史归档\来源语料_utf_20261009\语料\顶尖论文α推导_全维分析.py,B,未审计，待逐件裁定,已复制
大统一场论_算法联盟最高权限/_ref_downloads,1159410483,/90_历史归档/来源语料_utf_20261009/（只登记）,B,1亿字知识大典语料的下载副本，非理论成果,只登记未写入（1343 文件 / 1105.70MB）
大统一场论_算法联盟最高权限/v4/source_all,1161822208,/90_历史归档/来源语料_utf_20261009/（只登记）,B,1亿字知识大典语料原区，非理论成果,只登记未写入（1546 文件 / 1108.00MB）
07-参考资料,485144657,/90_历史归档/来源语料_utf_20261009/（只登记）,B,图片/docx/pdf 参考资料，非理论成果,只登记未写入（1047 文件 / 462.67MB）
16-古书,334128742,/90_历史归档/来源语料_utf_20261009/（只登记）,B,古籍 doc/docx，非本仓库科学对象,只登记未写入（77 文件 / 318.65MB）
06-工具脚本,1824522,/90_历史归档/来源语料_utf_20261009/（只登记）,B,1486 个 .log 运行日志，无理论信息,只登记未写入（1502 文件 / 1.74MB）
.history,16861102,/90_历史归档/来源语料_utf_20261009/（只登记）,B,编辑器历史备份副本,只登记未写入（905 文件 / 16.08MB）
17-空间光速螺旋引力理论（文本 >50MB 部分）,61897441,/90_历史归档/来源语料_utf_20261009/（只登记）,B,v1–v23 版本堆积与 614 份验证 md，未逐件审计,只登记未写入（1629 文件 / 59.03MB）
