order_0_x,order_0_y,order_0_z,order_0_magnitude,order_1_x,order_1_y,order_1_z,order_1_magnitude,order_2_x,order_2_y,order_2_z,order_2_magnitude,order_3_x,order_3_y,order_3_z,order_3_magnitude,order_4_x,order_4_y,order_4_z,order_4_magnitude,order_5_x,order_5_y,order_5_z,order_5_magnitude,order_6_x,order_6_y,order_6_z,order_6_magnitude,order_7_x,order_7_y,order_7_z,order_7_magnitude,order_8_x,order_8_y,order_8_z,order_8_magnitude,time,rotation_angle
1.0,0.0,0.0,1.0,-0.0,1.0,1.0,1.4142135623730951,-1.0,-0.0,0.0,1.0,0.0,-1.0,0.0,1.0,1.0,0.0,0.0,1.0,-0.0,1.0,0.0,1.0,-1.0,-0.0,0.0,1.0,0.0,-1.0,0.0,1.0,1.0,0.0,0.0,1.0,0.0,0.0
0.9999208860571255,0.012578617838741058,0.012578949563923095,1.000079111856723,-0.012578617838741058,0.9999208860571255,1.0,1.4142135623730951,-0.9999208860571255,-0.012578617838741058,0.0,1.0,0.012578617838741058,-0.9999208860571255,0.0,1.0,0.9999208860571255,0.012578617838741058,0.0,1.0,-0.012578617838741058,0.9999208860571255,0.0,1.0,-0.9999208860571255,-0.012578617838741058,0.0,1.0,0.012578617838741058,-0.9999208860571255,0.0,1.0,0.9999208860571255,0.012578617838741058,0.0,1.0,0.012578949563923095,0.012578949563923095
0.9996835567465339,0.025155245389375847,0.02515789912784619,1.0003164098866553,-0.025155245389375847,0.9996835567465339,1.0,1.4142135623730951,-0.9996835567465339,-0.025155245389375847,0.0,1.0,0.025155245389375847,-0.9996835567465339,0.0,1.0,0.9996835567465339,0.025155245389375847,0.0,1.0,-0.025155245389375847,0.9996835567465339,0.0,1.0,-0.9996835567465339,-0.025155245389375847,0.0,1.0,0.025155245389375847,-0.9996835567465339,0.0,1.0,0.9996835567465339,0.025155245389375847,0.0,1.0,0.02515789912784619,0.02515789912784619
0.99928804962034,0.03772789267871718,0.037736848691769284,1.0007117815580995,-0.03772789267871718,0.99928804962034,1.0,1.4142135623730951,-0.99928804962034,-0.03772789267871718,0.0,0.9999999999999999,0.03772789267871718,-0.99928804962034,0.0,0.9999999999999999,0.99928804962034,0.03772789267871718,0.0,0.9999999999999999,-0.03772789267871718,0.99928804962034,0.0,0.9999999999999999,-0.99928804962034,-0.03772789267871718,0.0,0.9999999999999999,0.03772789267871718,-0.99928804962034,0.0,0.9999999999999999,0.99928804962034,0.03772789267871718,0.0,0.9999999999999999,0.037736848691769284,0.037736848691769284
0.9987344272588006,0.05029457036336618,0.05031579825569238,1.0012650396144407,-0.05029457036336618,0.9987344272588006,1.0,1.4142135623730951,-0.9987344272588006,-0.05029457036336618,0.0,1.0,0.05029457036336618,-0.9987344272588006,0.0,1.0,0.9987344272588006,0.05029457036336618,0.0,1.0,-0.05029457036336618,0.9987344272588006,0.0,1.0,-0.9987344272588006,-0.05029457036336618,0.0,1.0,0.05029457036336618,-0.9987344272588006,0.0,1.0,0.9987344272588006,0.05029457036336618,0.0,1.0,0.05031579825569238,0.05031579825569238
0.9980227772604111,0.06285329004448194,0.06289474781961547,1.0019759225167504,-0.06285329004448194,0.9980227772604111,1.0,1.4142135623730951,-0.9980227772604111,-0.06285329004448194,0.0,0.9999999999999999,0.06285329004448194,-0.9980227772604111,0.0,0.9999999999999999,0.9980227772604111,0.06285329004448194,0.0,0.9999999999999999,-0.06285329004448194,0.9980227772604111,0.0,0.9999999999999999,-0.9980227772604111,-0.06285329004448194,0.0,0.9999999999999999,0.06285329004448194,-0.9980227772604111,0.0,0.9999999999999999,0.9980227772604111,0.06285329004448194,0.0,0.9999999999999999,0.06289474781961547,0.06289474781961547
0.9971532122280464,0.07540206458240159,0.07547369738353857,1.0028440950600157,-0.07540206458240159,0.9971532122280464,1.0,1.4142135623730951,-0.9971532122280464,-0.07540206458240159,0.0,1.0,0.07540206458240159,-0.9971532122280464,0.0,1.0,0.9971532122280464,0.07540206458240159,0.0,1.0,-0.07540206458240159,0.9971532122280464,0.0,1.0,-0.9971532122280464,-0.07540206458240159,0.0,1.0,0.07540206458240159,-0.9971532122280464,0.0,1.0,0.9971532122280464,0.07540206458240159,0.0,1.0,0.07547369738353857,0.07547369738353857
0.9961258697511429,0.08793890841106125,0.08805264694746166,1.0038691491596174,-0.08793890841106125,0.9961258697511429,1.0,1.4142135623730951,-0.9961258697511429,-0.08793890841106125,0.0,1.0,0.08793890841106125,-0.9961258697511429,0.0,1.0,0.9961258697511429,0.08793890841106125,0.0,1.0,-0.08793890841106125,0.9961258697511429,0.0,1.0,-0.9961258697511429,-0.08793890841106125,0.0,1.0,0.08793890841106125,-0.9961258697511429,0.0,1.0,0.9961258697511429,0.08793890841106125,0.0,1.0,0.08805264694746166,0.08805264694746166
0.9949409123839288,0.10046183785216795,0.10063159651138476,1.005050604803773,-0.10046183785216795,0.9949409123839288,1.0,1.4142135623730951,-0.9949409123839288,-0.10046183785216795,0.0,0.9999999999999999,0.10046183785216795,-0.9949409123839288,0.0,0.9999999999999999,0.9949409123839288,0.10046183785216795,0.0,0.9999999999999999,-0.10046183785216795,0.9949409123839288,0.0,0.9999999999999999,-0.9949409123839288,-0.10046183785216795,0.0,0.9999999999999999,0.10046183785216795,-0.9949409123839288,0.0,0.9999999999999999,0.9949409123839288,0.10046183785216795,0.0,0.9999999999999999,0.10063159651138476,0.10063159651138476
0.9935985276197029,0.11296887142907283,0.11321054607530785,1.0063879111667973,-0.11296887142907283,0.9935985276197029,1.0,1.4142135623730951,-0.9935985276197029,-0.11296887142907283,0.0,1.0,0.11296887142907283,-0.9935985276197029,0.0,1.0,0.9935985276197029,0.11296887142907283,0.0,1.0,-0.11296887142907283,0.9935985276197029,0.0,1.0,-0.9935985276197029,-0.11296887142907283,0.0,1.0,0.11296887142907283,-0.9935985276197029,0.0,1.0,0.9935985276197029,0.11296887142907283,0.0,1.0,0.11321054607530785,0.11321054607530785
0.9920989278611685,0.12545803018029603,0.12578949563923095,1.0078804478772132,-0.12545803018029603,0.9920989278611685,1.0,1.4142135623730951,-0.9920989278611685,-0.12545803018029603,0.0,1.0,0.12545803018029603,-0.9920989278611685,0.0,1.0,0.9920989278611685,0.12545803018029603,0.0,1.0,-0.12545803018029603,0.9920989278611685,0.0,1.0,-0.9920989278611685,-0.12545803018029603,0.0,1.0,0.12545803018029603,-0.9920989278611685,0.0,1.0,0.9920989278611685,0.12545803018029603,0.0,1.0,0.12578949563923095,0.12578949563923095
0.9904423503868246,0.13792733797265358,0.13836844520315406,1.009527526433994,-0.13792733797265358,0.9904423503868246,1.0,1.4142135623730951,-0.9904423503868246,-0.13792733797265358,0.0,1.0,0.13792733797265358,-0.9904423503868246,0.0,1.0,0.9904423503868246,0.13792733797265358,0.0,1.0,-0.13792733797265358,0.9904423503868246,0.0,1.0,-0.9904423503868246,-0.13792733797265358,0.0,1.0,0.13792733797265358,-0.9904423503868246,0.0,1.0,0.9904423503868246,0.13792733797265358,0.0,1.0,0.13836844520315406,0.13836844520315406
0.9886290573134227,0.1503748218139367,0.15094739476707714,1.01132839176351,-0.1503748218139367,0.9886290573134227,1.0,1.4142135623730951,-0.9886290573134227,-0.1503748218139367,0.0,1.0,0.1503748218139367,-0.9886290573134227,0.0,1.0,0.9886290573134227,0.1503748218139367,0.0,1.0,-0.1503748218139367,0.9886290573134227,0.0,1.0,-0.9886290573134227,-0.1503748218139367,0.0,1.0,0.1503748218139367,-0.9886290573134227,0.0,1.0,0.9886290573134227,0.1503748218139367,0.0,1.0,0.15094739476707714,0.15094739476707714
0.986659335554492,0.1627985121650943,0.16352634433100022,1.0132822239091441,-0.1627985121650943,0.986659335554492,1.0,1.4142135623730951,-0.986659335554492,-0.1627985121650943,0.0,1.0,0.1627985121650943,-0.986659335554492,0.0,1.0,0.986659335554492,0.1627985121650943,0.0,1.0,-0.1627985121650943,0.986659335554492,0.0,1.0,-0.986659335554492,-0.1627985121650943,0.0,1.0,0.1627985121650943,-0.986659335554492,0.0,1.0,0.986659335554492,0.1627985121650943,0.0,1.0,0.16352634433100022,0.16352634433100022
0.984533496774942,0.17519644325186898,0.17610529389492333,1.0153881398449647,-0.17519644325186898,0.984533496774942,1.0,1.4142135623730951,-0.984533496774942,-0.17519644325186898,0.0,1.0,0.17519644325186898,-0.984533496774942,0.0,1.0,0.984533496774942,0.17519644325186898,0.0,1.0,-0.17519644325186898,0.984533496774942,0.0,1.0,-0.984533496774942,-0.17519644325186898,0.0,1.0,0.17519644325186898,-0.984533496774942,0.0,1.0,0.984533496774942,0.17519644325186898,0.0,1.0,0.17610529389492333,0.17610529389492333
0.9822518773417481,0.18756665337583714,0.18868424345884643,1.017645195404389,-0.18756665337583714,0.9822518773417481,1.0,1.4142135623730951,-0.9822518773417481,-0.18756665337583714,0.0,1.0,0.18756665337583714,-0.9822518773417481,0.0,1.0,0.9822518773417481,0.18756665337583714,0.0,1.0,-0.18756665337583714,0.9822518773417481,0.0,1.0,-0.9822518773417481,-0.18756665337583714,0.0,1.0,0.18756665337583714,-0.9822518773417481,0.0,1.0,0.9822518773417481,0.18756665337583714,0.0,1.0,0.18868424345884643,0.18868424345884643
0.9798148382707295,0.19990718522480458,0.20126319302276952,1.0200523873143577,-0.19990718522480458,0.9798148382707295,1.0,1.4142135623730951,-0.9798148382707295,-0.19990718522480458,0.0,1.0,0.19990718522480458,-0.9798148382707295,0.0,1.0,0.9798148382707295,0.19990718522480458,0.0,1.0,-0.19990718522480458,0.9798148382707295,0.0,1.0,-0.9798148382707295,-0.19990718522480458,0.0,1.0,0.19990718522480458,-0.9798148382707295,0.0,1.0,0.9798148382707295,0.19990718522480458,0.0,1.0,0.20126319302276952,0.20126319302276952
0.9772227651694256,0.21221608618250787,0.2138421425866926,1.0226086553252263,-0.21221608618250787,0.9772227651694256,1.0,1.4142135623730951,-0.9772227651694256,-0.21221608618250787,0.0,1.0,0.21221608618250787,-0.9772227651694256,0.0,1.0,0.9772227651694256,0.21221608618250787,0.0,1.0,-0.21221608618250787,0.9772227651694256,0.0,1.0,-0.9772227651694256,-0.21221608618250787,0.0,1.0,0.21221608618250787,-0.9772227651694256,0.0,1.0,0.9772227651694256,0.21221608618250787,0.0,1.0,0.2138421425866926,0.2138421425866926
0.9744760681760832,0.22449140863757258,0.2264210921506157,1.025312884426348,-0.22449140863757258,0.9744760681760832,1.0,1.4142135623730951,-0.9744760681760832,-0.22449140863757258,0.0,1.0,0.22449140863757258,-0.9744760681760832,0.0,1.0,0.9744760681760832,0.22449140863757258,0.0,1.0,-0.22449140863757258,0.9744760681760832,0.0,1.0,-0.9744760681760832,-0.22449140863757258,0.0,1.0,0.22449140863757258,-0.9744760681760832,0.0,1.0,0.9744760681760832,0.22449140863757258,0.0,1.0,0.2264210921506157,0.2264210921506157
0.9715751818947602,0.23673121029167973,0.2390000417145388,1.0281639071371602,-0.23673121029167973,0.9715751818947602,1.0,1.4142135623730951,-0.9715751818947602,-0.23673121029167973,0.0,0.9999999999999999,0.23673121029167973,-0.9715751818947602,0.0,0.9999999999999999,0.9715751818947602,0.23673121029167973,0.0,0.9999999999999999,-0.23673121029167973,0.9715751818947602,0.0,0.9999999999999999,-0.9715751818947602,-0.23673121029167973,0.0,0.9999999999999999,0.23673121029167973,-0.9715751818947602,0.0,0.9999999999999999,0.9715751818947602,0.23673121029167973,0.0,0.9999999999999999,0.2390000417145388,0.2390000417145388
0.9685205653265598,0.2489335544668916,0.2515789912784619,1.0311605058635094,-0.2489335544668916,0.9685205653265598,1.0,1.4142135623730951,-0.9685205653265598,-0.2489335544668916,0.0,0.9999999999999999,0.2489335544668916,-0.9685205653265598,0.0,0.9999999999999999,0.9685205653265598,0.2489335544668916,0.0,0.9999999999999999,-0.2489335544668916,0.9685205653265598,0.0,0.9999999999999999,-0.9685205653265598,-0.2489335544668916,0.0,0.9999999999999999,0.2489335544668916,-0.9685205653265598,0.0,0.9999999999999999,0.9685205653265598,0.2489335544668916,0.0,0.9999999999999999,0.2515789912784619,0.2515789912784619
0.9653127017970033,0.2610965104120882,0.264157940842385,1.034301415308946,-0.2610965104120882,0.9653127017970033,1.0,1.4142135623730951,-0.9653127017970033,-0.2610965104120882,0.0,1.0,0.2610965104120882,-0.9653127017970033,0.0,1.0,0.9653127017970033,0.2610965104120882,0.0,1.0,-0.2610965104120882,0.9653127017970033,0.0,1.0,-0.9653127017970033,-0.2610965104120882,0.0,1.0,0.2610965104120882,-0.9653127017970033,0.0,1.0,0.9653127017970033,0.2610965104120882,0.0,1.0,0.264157940842385,0.264157940842385
0.9619520988795548,0.27321815360846585,0.2767368904063081,1.0375853249307996,-0.27321815360846585,0.9619520988795548,1.0,1.4142135623730951,-0.9619520988795548,-0.27321815360846585,0.0,1.0,0.27321815360846585,-0.9619520988795548,0.0,1.0,0.9619520988795548,0.27321815360846585,0.0,1.0,-0.27321815360846585,0.9619520988795548,0.0,1.0,-0.9619520988795548,-0.27321815360846585,0.0,1.0,0.27321815360846585,-0.9619520988795548,0.0,1.0,0.9619520988795548,0.27321815360846585,0.0,1.0,0.2767368904063081,0.2767368904063081
0.9584392883153087,0.28529656607404974,0.2893158399702312,1.0410108814309678,-0.28529656607404974,0.9584392883153087,1.0,1.4142135623730951,-0.9584392883153087,-0.28529656607404974,0.0,1.0,0.28529656607404974,-0.9584392883153087,0.0,1.0,0.9584392883153087,0.28529656607404974,0.0,1.0,-0.28529656607404974,0.9584392883153087,0.0,1.0,-0.9584392883153087,-0.28529656607404974,0.0,1.0,0.28529656607404974,-0.9584392883153087,0.0,1.0,0.9584392883153087,0.28529656607404974,0.0,1.0,0.2893158399702312,0.2893158399702312
0.9547748259288535,0.2973298366671723,0.3018947895341543,1.044576691271575,-0.2973298366671723,0.9547748259288535,1.0,1.4142135623730951,-0.9547748259288535,-0.2973298366671723,0.0,0.9999999999999999,0.2973298366671723,-0.9547748259288535,0.0,0.9999999999999999,0.9547748259288535,0.2973298366671723,0.0,0.9999999999999999,-0.2973298366671723,0.9547748259288535,0.0,0.9999999999999999,-0.9547748259288535,-0.2973298366671723,0.0,0.9999999999999999,0.2973298366671723,-0.9547748259288535,0.0,0.9999999999999999,0.9547748259288535,0.2973298366671723,0.0,0.9999999999999999,0.3018947895341543,0.3018947895341543
0.9509592915403253,0.30931606138886886,0.31447373909807735,1.0482813232059063,-0.30931606138886886,0.9509592915403253,1.0,1.4142135623730951,-0.9509592915403253,-0.30931606138886886,0.0,1.0,0.30931606138886886,-0.9509592915403253,0.0,1.0,0.9509592915403253,0.30931606138886886,0.0,1.0,-0.30931606138886886,0.9509592915403253,0.0,1.0,-0.9509592915403253,-0.30931606138886886,0.0,1.0,0.30931606138886886,-0.9509592915403253,0.0,1.0,0.9509592915403253,0.30931606138886886,0.0,1.0,0.31447373909807735,0.31447373909807735
0.9469932888736633,0.32125334368414366,0.32705268866200043,1.0521233108153452,-0.32125334368414366,0.9469932888736633,1.0,1.4142135623730951,-0.9469932888736633,-0.32125334368414366,0.0,1.0,0.32125334368414366,-0.9469932888736633,0.0,1.0,0.9469932888736633,0.32125334368414366,0.0,1.0,-0.32125334368414366,0.9469932888736633,0.0,1.0,-0.9469932888736633,-0.32125334368414366,0.0,1.0,0.32125334368414366,-0.9469932888736633,0.0,1.0,0.9469932888736633,0.32125334368414366,0.0,1.0,0.32705268866200043,0.32705268866200043
0.9428774454610842,0.33313979474205757,0.33963163822592357,1.05610115504341,-0.33313979474205757,0.9428774454610842,1.0,1.4142135623730951,-0.9428774454610842,-0.33313979474205757,0.0,1.0,0.33313979474205757,-0.9428774454610842,0.0,1.0,0.9428774454610842,0.33313979474205757,0.0,1.0,-0.33313979474205757,0.9428774454610842,0.0,1.0,-0.9428774454610842,-0.33313979474205757,0.0,1.0,0.33313979474205757,-0.9428774454610842,0.0,1.0,0.9428774454610842,0.33313979474205757,0.0,1.0,0.33963163822592357,0.33963163822592357
0.9386124125437894,0.34497353379459045,0.35221058778984665,1.060213326718387,-0.34497353379459045,0.9386124125437894,1.0,1.4142135623730951,-0.9386124125437894,-0.34497353379459045,0.0,1.0,0.34497353379459045,-0.9386124125437894,0.0,1.0,0.9386124125437894,0.34497353379459045,0.0,1.0,-0.34497353379459045,0.9386124125437894,0.0,1.0,-0.9386124125437894,-0.34497353379459045,0.0,1.0,0.34497353379459045,-0.9386124125437894,0.0,1.0,0.9386124125437894,0.34497353379459045,0.0,1.0,0.35221058778984665,0.35221058778984665
0.9341988649689198,0.3567526884142317,0.36478953735376973,1.064458269056508,-0.3567526884142317,0.9341988649689198,1.0,1.4142135623730951,-0.9341988649689198,-0.3567526884142317,0.0,0.9999999999999999,0.3567526884142317,-0.9341988649689198,0.0,0.9999999999999999,0.9341988649689198,0.3567526884142317,0.0,0.9999999999999999,-0.3567526884142317,0.9341988649689198,0.0,0.9999999999999999,-0.9341988649689198,-0.3567526884142317,0.0,0.9999999999999999,0.3567526884142317,-0.9341988649689198,0.0,0.9999999999999999,0.9341988649689198,0.3567526884142317,0.0,0.9999999999999999,0.36478953735376973,0.36478953735376973
0.9296375010827771,0.3684753948102499,0.37736848691769287,1.0688344001380892,-0.3684753948102499,0.9296375010827771,1.0,1.4142135623730951,-0.9296375010827771,-0.3684753948102499,0.0,1.0,0.3684753948102499,-0.9296375010827771,0.0,1.0,0.9296375010827771,0.3684753948102499,0.0,1.0,-0.3684753948102499,0.9296375010827771,0.0,1.0,-0.9296375010827771,-0.3684753948102499,0.0,1.0,0.3684753948102499,-0.9296375010827771,0.0,1.0,0.9296375010827771,0.3684753948102499,0.0,1.0,0.37736848691769287,0.37736848691769287
0.924929042620325,0.38013979812359666,0.38994743648161595,1.0733401153495494,-0.38013979812359666,0.924929042620325,1.0,1.4142135623730951,-0.924929042620325,-0.38013979812359666,0.0,1.0,0.38013979812359666,-0.924929042620325,0.0,1.0,0.924929042620325,0.38013979812359666,0.0,1.0,-0.38013979812359666,0.924929042620325,0.0,1.0,-0.924929042620325,-0.38013979812359666,0.0,1.0,0.38013979812359666,-0.924929042620325,0.0,1.0,0.924929042620325,0.38013979812359666,0.0,1.0,0.38994743648161595,0.38994743648161595
0.9200742345909914,0.3917440527203973,0.40252638604553903,1.0779737897847435,-0.3917440527203973,0.9200742345909914,1.0,1.4142135623730951,-0.9200742345909914,-0.3917440527203973,0.0,1.0,0.3917440527203973,-0.9200742345909914,0.0,1.0,0.9200742345909914,0.3917440527203973,0.0,1.0,-0.3917440527203973,0.9200742345909914,0.0,1.0,-0.9200742345909914,-0.3917440527203973,0.0,1.0,0.3917440527203973,-0.9200742345909914,0.0,1.0,0.9200742345909914,0.3917440527203973,0.0,1.0,0.40252638604553903,0.40252638604553903
0.915073845160786,0.4032863224839812,0.4151053356094621,1.082733780599573,-0.4032863224839812,0.915073845160786,1.0,1.4142135623730951,-0.915073845160786,-0.4032863224839812,0.0,0.9999999999999999,0.4032863224839812,-0.915073845160786,0.0,0.9999999999999999,0.915073845160786,0.4032863224839812,0.0,0.9999999999999999,-0.4032863224839812,0.915073845160786,0.0,0.9999999999999999,-0.915073845160786,-0.4032863224839812,0.0,0.9999999999999999,0.4032863224839812,-0.915073845160786,0.0,0.9999999999999999,0.915073845160786,0.4032863224839812,0.0,0.9999999999999999,0.4151053356094621,0.4151053356094621
0.9099286655307568,0.41476478110540693,0.4276842851733852,1.0876184293143756,-0.41476478110540693,0.9099286655307568,1.0,1.4142135623730951,-0.9099286655307568,-0.41476478110540693,0.0,1.0,0.41476478110540693,-0.9099286655307568,0.0,1.0,0.9099286655307568,0.41476478110540693,0.0,1.0,-0.41476478110540693,0.9099286655307568,0.0,1.0,-0.9099286655307568,-0.41476478110540693,0.0,1.0,0.41476478110540693,-0.9099286655307568,0.0,1.0,0.9099286655307568,0.41476478110540693,0.0,1.0,0.4276842851733852,0.4276842851733852
0.9046395098117981,0.4261776123724353,0.44026323473730833,1.0926260640591356,-0.4261776123724353,0.9046395098117981,1.0,1.4142135623730951,-0.9046395098117981,-0.4261776123724353,0.0,1.0,0.4261776123724353,-0.9046395098117981,0.0,1.0,0.9046395098117981,0.4261776123724353,0.0,1.0,-0.4261776123724353,0.9046395098117981,0.0,1.0,-0.9046395098117981,-0.4261776123724353,0.0,1.0,0.4261776123724353,-0.9046395098117981,0.0,1.0,0.9046395098117981,0.4261776123724353,0.0,1.0,0.44026323473730833,0.44026323473730833
0.8992072148958368,0.4375230104569043,0.4528421843012314,1.0977550017570907,-0.4375230104569043,0.8992072148958368,1.0,1.4142135623730951,-0.8992072148958368,-0.4375230104569043,0.0,1.0,0.4375230104569043,-0.8992072148958368,0.0,1.0,0.8992072148958368,0.4375230104569043,0.0,1.0,-0.4375230104569043,0.8992072148958368,0.0,1.0,-0.8992072148958368,-0.4375230104569043,0.0,1.0,0.4375230104569043,-0.8992072148958368,0.0,1.0,0.8992072148958368,0.4375230104569043,0.0,1.0,0.4528421843012314,0.4528421843012314
0.8936326403234123,0.4487991802004621,0.4654211338651545,1.1030035502428477,-0.4487991802004621,0.8936326403234123,1.0,1.4142135623730951,-0.8936326403234123,-0.4487991802004621,0.0,1.0,0.4487991802004621,-0.8936326403234123,0.0,1.0,0.8936326403234123,0.4487991802004621,0.0,1.0,-0.4487991802004621,0.8936326403234123,0.0,1.0,-0.8936326403234123,-0.4487991802004621,0.0,1.0,0.4487991802004621,-0.8936326403234123,0.0,1.0,0.8936326403234123,0.4487991802004621,0.0,1.0,0.4654211338651545,0.4654211338651545
0.887916668147673,0.46000433739861096,0.4780000834290776,1.1083700103116312,-0.46000433739861096,0.887916668147673,1.0,1.4142135623730951,-0.887916668147673,-0.46000433739861096,0.0,1.0,0.46000433739861096,-0.887916668147673,0.0,1.0,0.887916668147673,0.46000433739861096,0.0,1.0,-0.46000433739861096,0.887916668147673,0.0,1.0,-0.887916668147673,-0.46000433739861096,0.0,1.0,0.46000433739861096,-0.887916668147673,0.0,1.0,0.887916668147673,0.46000433739861096,0.0,1.0,0.4780000834290776,0.4780000834290776
0.8820602027948115,0.4711367090830178,0.4905790329930007,1.1138526776968074,-0.4711367090830178,0.8820602027948115,1.0,1.4142135623730951,-0.8820602027948115,-0.4711367090830178,0.0,1.0,0.4711367090830178,-0.8820602027948115,0.0,1.0,0.8820602027948115,0.4711367090830178,0.0,1.0,-0.4711367090830178,0.8820602027948115,0.0,1.0,-0.8820602027948115,-0.4711367090830178,0.0,1.0,0.4711367090830178,-0.8820602027948115,0.0,1.0,0.8820602027948115,0.4711367090830178,0.0,1.0,0.4905790329930007,0.4905790329930007
0.8760641709209582,0.4821945338020477,0.5031579825569238,1.1194498449733037,-0.4821945338020477,0.8760641709209582,1.0,1.4142135623730951,-0.8760641709209582,-0.4821945338020477,0.0,1.0,0.4821945338020477,-0.8760641709209582,0.0,1.0,0.8760641709209582,0.4821945338020477,0.0,1.0,-0.4821945338020477,0.8760641709209582,0.0,1.0,-0.8760641709209582,-0.4821945338020477,0.0,1.0,0.4821945338020477,-0.8760641709209582,0.0,1.0,0.8760641709209582,0.4821945338020477,0.0,1.0,0.5031579825569238,0.5031579825569238
0.8699295212655597,0.4931760618994744,0.5157369321208469,1.1251598033850227,-0.4931760618994744,0.8699295212655597,1.0,1.4142135623730951,-0.8699295212655597,-0.4931760618994744,0.0,1.0,0.4931760618994744,-0.8699295212655597,0.0,1.0,0.8699295212655597,0.4931760618994744,0.0,1.0,-0.4931760618994744,0.8699295212655597,0.0,1.0,-0.8699295212655597,-0.4931760618994744,0.0,1.0,0.4931760618994744,-0.8699295212655597,0.0,1.0,0.8699295212655597,0.4931760618994744,0.0,1.0,0.5157369321208469,0.5157369321208469
0.8636572245012607,0.5040795557913246,0.52831588168477,1.1309808445947949,-0.5040795557913246,0.8636572245012607,1.0,1.4142135623730951,-0.8636572245012607,-0.5040795557913246,0.0,1.0,0.5040795557913246,-0.8636572245012607,0.0,1.0,0.8636572245012607,0.5040795557913246,0.0,1.0,-0.5040795557913246,0.8636572245012607,0.0,1.0,-0.8636572245012607,-0.5040795557913246,0.0,1.0,0.5040795557913246,-0.8636572245012607,0.0,1.0,0.8636572245012607,0.5040795557913246,0.0,1.0,0.52831588168477,0.52831588168477
0.8572482730803168,0.5149032902408126,0.5408948312486931,1.136911262355841,-0.5149032902408126,0.8572482730803168,1.0,1.4142135623730951,-0.8572482730803168,-0.5149032902408126,0.0,0.9999999999999999,0.5149032902408126,-0.8572482730803168,0.0,0.9999999999999999,0.8572482730803168,0.5149032902408126,0.0,0.9999999999999999,-0.5149032902408126,0.8572482730803168,0.0,0.9999999999999999,-0.8572482730803168,-0.5149032902408126,0.0,0.9999999999999999,0.5149032902408126,-0.8572482730803168,0.0,0.9999999999999999,0.8572482730803168,0.5149032902408126,0.0,0.9999999999999999,0.5408948312486931,0.5408948312486931
0.8507036810775614,0.5256455526313207,0.5534737808126162,1.1429493541041142,-0.5256455526313207,0.8507036810775614,1.0,1.4142135623730951,-0.8507036810775614,-0.5256455526313207,0.0,0.9999999999999999,0.5256455526313207,-0.8507036810775614,0.0,0.9999999999999999,0.8507036810775614,0.5256455526313207,0.0,0.9999999999999999,-0.5256455526313207,0.8507036810775614,0.0,0.9999999999999999,-0.8507036810775614,-0.5256455526313207,0.0,0.9999999999999999,0.5256455526313207,-0.8507036810775614,0.0,0.9999999999999999,0.8507036810775614,0.5256455526313207,0.0,0.9999999999999999,0.5534737808126162,0.5534737808126162
0.8440244840299503,0.5363046432373824,0.5660527303765392,1.1490934224712692,-0.5363046432373824,0.8440244840299503,1.0,1.4142135623730951,-0.8440244840299503,-0.5363046432373824,0.0,0.9999999999999999,0.5363046432373824,-0.8440244840299503,0.0,0.9999999999999999,0.8440244840299503,0.5363046432373824,0.0,0.9999999999999999,-0.5363046432373824,0.8440244840299503,0.0,0.9999999999999999,-0.8440244840299503,-0.5363046432373824,0.0,0.9999999999999999,0.5363046432373824,-0.8440244840299503,0.0,0.9999999999999999,0.8440244840299503,0.5363046432373824,0.0,0.9999999999999999,0.5660527303765392,0.5660527303765392
0.8372117387727107,0.5468788754936273,0.5786316799404624,1.1553417767183534,-0.5468788754936273,0.8372117387727107,1.0,1.4142135623730951,-0.8372117387727107,-0.5468788754936273,0.0,1.0,0.5468788754936273,-0.8372117387727107,0.0,1.0,0.8372117387727107,0.5468788754936273,0.0,1.0,-0.5468788754936273,0.8372117387727107,0.0,1.0,-0.8372117387727107,-0.5468788754936273,0.0,1.0,0.5468788754936273,-0.8372117387727107,0.0,1.0,0.8372117387727107,0.5468788754936273,0.0,1.0,0.5786316799404624,0.5786316799404624
0.8302665232721208,0.5573665762616421,0.5912106295043854,1.1616927340906336,-0.5573665762616421,0.8302665232721208,1.0,1.4142135623730951,-0.8302665232721208,-0.5573665762616421,0.0,1.0,0.5573665762616421,-0.8302665232721208,0.0,1.0,0.8302665232721208,0.5573665762616421,0.0,1.0,-0.5573665762616421,0.8302665232721208,0.0,1.0,-0.8302665232721208,-0.5573665762616421,0.0,1.0,0.5573665762616421,-0.8302665232721208,0.0,1.0,0.8302665232721208,0.5573665762616421,0.0,1.0,0.5912106295043854,0.5912106295043854
0.8231899364549453,0.5677660860947078,0.6037895790683085,1.168144621094274,-0.5677660860947078,0.8231899364549453,1.0,1.4142135623730951,-0.8231899364549453,-0.5677660860947078,0.0,1.0,0.5677660860947078,-0.8231899364549453,0.0,1.0,0.8231899364549453,0.5677660860947078,0.0,1.0,-0.5677660860947078,0.8231899364549453,0.0,1.0,-0.8231899364549453,-0.5677660860947078,0.0,1.0,0.5677660860947078,-0.8231899364549453,0.0,1.0,0.8231899364549453,0.5677660860947078,0.0,1.0,0.6037895790683085,0.6037895790683085
0.8159830980345546,0.5780757595003707,0.6163685286322317,1.174695774695841,-0.5780757595003707,0.8159830980345546,1.0,1.4142135623730951,-0.8159830980345546,-0.5780757595003707,0.0,1.0,0.5780757595003707,-0.8159830980345546,0.0,1.0,0.8159830980345546,0.5780757595003707,0.0,1.0,-0.5780757595003707,0.8159830980345546,0.0,1.0,-0.8159830980345546,-0.5780757595003707,0.0,1.0,0.5780757595003707,-0.8159830980345546,0.0,1.0,0.8159830980345546,0.5780757595003707,0.0,1.0,0.6163685286322317,0.6163685286322317
0.8086471483337551,0.588293965200805,0.6289474781961547,1.181344543445858,-0.588293965200805,0.8086471483337551,1.0,1.4142135623730951,-0.8086471483337551,-0.588293965200805,0.0,1.0,0.588293965200805,-0.8086471483337551,0.0,1.0,0.8086471483337551,0.588293965200805,0.0,1.0,-0.588293965200805,0.8086471483337551,0.0,1.0,-0.8086471483337551,-0.588293965200805,0.0,1.0,0.588293965200805,-0.8086471483337551,0.0,1.0,0.8086471483337551,0.588293965200805,0.0,1.0,0.6289474781961547,0.6289474781961547
0.8011832481043575,0.5984190863909268,0.6415264277600778,1.1880892885278473,-0.5984190863909268,0.8011832481043575,1.0,1.4142135623730951,-0.8011832481043575,-0.5984190863909268,0.0,0.9999999999999999,0.5984190863909268,-0.8011832481043575,0.0,0.9999999999999999,0.8011832481043575,0.5984190863909268,0.0,0.9999999999999999,-0.5984190863909268,0.8011832481043575,0.0,0.9999999999999999,-0.8011832481043575,-0.5984190863909268,0.0,0.9999999999999999,0.5984190863909268,-0.8011832481043575,0.0,0.9999999999999999,0.8011832481043575,0.5984190863909268,0.0,0.9999999999999999,0.6415264277600778,0.6415264277600778
0.7935925783435149,0.608449520994217,0.6541053773240009,1.1949283847344885,-0.608449520994217,0.7935925783435149,1.0,1.4142135623730951,-0.7935925783435149,-0.608449520994217,0.0,1.0,0.608449520994217,-0.7935925783435149,0.0,1.0,0.7935925783435149,0.608449520994217,0.0,1.0,-0.608449520994217,0.7935925783435149,0.0,1.0,-0.7935925783435149,-0.608449520994217,0.0,1.0,0.608449520994217,-0.7935925783435149,0.0,1.0,0.7935925783435149,0.608449520994217,0.0,1.0,0.6541053773240009,0.6541053773240009
0.7858763401068549,0.6183836819162153,0.666684326887924,1.201860221372687,-0.6183836819162153,0.7858763401068549,1.0,1.4142135623730951,-0.7858763401068549,-0.6183836819162153,0.0,1.0,0.6183836819162153,-0.7858763401068549,0.0,1.0,0.7858763401068549,0.6183836819162153,0.0,1.0,-0.6183836819162153,0.7858763401068549,0.0,1.0,-0.7858763401068549,-0.6183836819162153,0.0,1.0,0.6183836819162153,-0.7858763401068549,0.0,1.0,0.7858763401068549,0.6183836819162153,0.0,1.0,0.666684326887924,0.666684326887924
0.7780357543184395,0.6282199972956423,0.6792632764518471,1.2088832030994965,-0.6282199972956423,0.7780357543184395,1.0,1.4142135623730951,-0.7780357543184395,-0.6282199972956423,0.0,0.9999999999999999,0.6282199972956423,-0.7780357543184395,0.0,0.9999999999999999,0.7780357543184395,0.6282199972956423,0.0,0.9999999999999999,-0.6282199972956423,0.7780357543184395,0.0,0.9999999999999999,-0.7780357543184395,-0.6282199972956423,0.0,0.9999999999999999,0.6282199972956423,-0.7780357543184395,0.0,0.9999999999999999,0.7780357543184395,0.6282199972956423,0.0,0.9999999999999999,0.6792632764518471,0.6792632764518471
0.7700720615775812,0.6379569107531118,0.6918422260157702,1.2159957506909538,-0.6379569107531118,0.7700720615775812,1.0,1.4142135623730951,-0.7700720615775812,-0.6379569107531118,0.0,1.0,0.6379569107531118,-0.7700720615775812,0.0,1.0,0.7700720615775812,0.6379569107531118,0.0,1.0,-0.6379569107531118,0.7700720615775812,0.0,1.0,-0.7700720615775812,-0.6379569107531118,0.0,1.0,0.6379569107531118,-0.7700720615775812,0.0,1.0,0.7700720615775812,0.6379569107531118,0.0,1.0,0.6918422260157702,0.6918422260157702
0.7619865219625451,0.647592881637394,0.7044211755796933,1.2231963017459941,-0.647592881637394,0.7619865219625451,1.0,1.4142135623730951,-0.7619865219625451,-0.647592881637394,0.0,1.0,0.647592881637394,-0.7619865219625451,0.0,1.0,0.7619865219625451,0.647592881637394,0.0,1.0,-0.647592881637394,0.7619865219625451,0.0,1.0,-0.7619865219625451,-0.647592881637394,0.0,1.0,0.647592881637394,-0.7619865219625451,0.0,1.0,0.7619865219625451,0.647592881637394,0.0,1.0,0.7044211755796933,0.7044211755796933
0.7537804148311695,0.6571263852691885,0.7170001251436164,1.2304833113276918,-0.6571263852691885,0.7537804148311695,1.0,1.4142135623730951,-0.7537804148311695,-0.6571263852691885,0.0,1.0,0.6571263852691885,-0.7537804148311695,0.0,1.0,0.7537804148311695,0.6571263852691885,0.0,1.0,-0.6571263852691885,0.7537804148311695,0.0,1.0,-0.7537804148311695,-0.6571263852691885,0.0,1.0,0.6571263852691885,-0.7537804148311695,0.0,1.0,0.7537804148311695,0.6571263852691885,0.0,1.0,0.7170001251436164,0.7170001251436164
0.7454550386184362,0.666555913182372,0.7295790747075395,1.237855252544137,-0.666555913182372,0.7454550386184362,1.0,1.4142135623730951,-0.7454550386184362,-0.666555913182372,0.0,1.0,0.666555913182372,-0.7454550386184362,0.0,1.0,0.7454550386184362,0.666555913182372,0.0,1.0,-0.666555913182372,0.7454550386184362,0.0,1.0,-0.7454550386184362,-0.666555913182372,0.0,1.0,0.666555913182372,-0.7454550386184362,0.0,1.0,0.7454550386184362,0.666555913182372,0.0,1.0,0.7295790747075395,0.7295790747075395
0.7370117106310213,0.675879973362679,0.7421580242714626,1.2453106170713075,-0.675879973362679,0.7370117106310213,1.0,1.4142135623730951,-0.7370117106310213,-0.675879973362679,0.0,1.0,0.675879973362679,-0.7370117106310213,0.0,1.0,0.7370117106310213,0.675879973362679,0.0,1.0,-0.675879973362679,0.7370117106310213,0.0,1.0,-0.7370117106310213,-0.675879973362679,0.0,1.0,0.675879973362679,-0.7370117106310213,0.0,1.0,0.7370117106310213,0.675879973362679,0.0,1.0,0.7421580242714626,0.7421580242714626
0.7284517668388609,0.6850970904837809,0.7547369738353857,1.252847915620326,-0.6850970904837809,0.7284517668388609,1.0,1.4142135623730951,-0.7284517668388609,-0.6850970904837809,0.0,1.0,0.6850970904837809,-0.7284517668388609,0.0,1.0,0.7284517668388609,0.6850970904837809,0.0,1.0,-0.6850970904837809,0.7284517668388609,0.0,1.0,-0.7284517668388609,-0.6850970904837809,0.0,1.0,0.6850970904837809,-0.7284517668388609,0.0,1.0,0.7284517668388609,0.6850970904837809,0.0,1.0,0.7547369738353857,0.7547369738353857
0.7197765616637636,0.6942058061407225,0.7673159233993088,1.2604656783515107,-0.6942058061407225,0.7197765616637636,1.0,1.4142135623730951,-0.7197765616637636,-0.6942058061407225,0.0,1.0,0.6942058061407225,-0.7197765616637636,0.0,1.0,0.7197765616637636,0.6942058061407225,0.0,1.0,-0.6942058061407225,0.7197765616637636,0.0,1.0,-0.7197765616637636,-0.6942058061407225,0.0,1.0,0.6942058061407225,-0.7197765616637636,0.0,1.0,0.7197765616637636,0.6942058061407225,0.0,1.0,0.7673159233993088,0.7673159233993088
0.7109874677651024,0.7032046790806838,0.7798948729632319,1.2681624552376307,-0.7032046790806838,0.7109874677651024,1.0,1.4142135623730951,-0.7109874677651024,-0.7032046790806838,0.0,1.0,0.7032046790806838,-0.7109874677651024,0.0,1.0,0.7109874677651024,0.7032046790806838,0.0,1.0,-0.7032046790806838,0.7109874677651024,0.0,1.0,-0.7109874677651024,-0.7032046790806838,0.0,1.0,0.7032046790806838,-0.7109874677651024,0.0,1.0,0.7109874677651024,0.7032046790806838,0.0,1.0,0.7798948729632319,0.7798948729632319
0.7020858758226226,0.7120922854310253,0.7924738225271549,1.2759368163787739,-0.7120922854310253,0.7020858758226226,1.0,1.4142135623730951,-0.7020858758226226,-0.7120922854310253,0.0,1.0,0.7120922854310253,-0.7020858758226226,0.0,1.0,0.7020858758226226,0.7120922854310253,0.0,1.0,-0.7120922854310253,0.7020858758226226,0.0,1.0,-0.7020858758226226,-0.7120922854310253,0.0,1.0,0.7120922854310253,-0.7020858758226226,0.0,1.0,0.7020858758226226,0.7120922854310253,0.0,1.0,0.7924738225271549,0.7924738225271549
0.6930731943163971,0.720867218924585,0.8050527720910781,1.2837873522712122,-0.720867218924585,0.6930731943163971,1.0,1.4142135623730951,-0.6930731943163971,-0.720867218924585,0.0,1.0,0.720867218924585,-0.6930731943163971,0.0,1.0,0.6930731943163971,0.720867218924585,0.0,1.0,-0.720867218924585,0.6930731943163971,0.0,1.0,-0.6930731943163971,-0.720867218924585,0.0,1.0,0.720867218924585,-0.6930731943163971,0.0,1.0,0.6930731943163971,0.720867218924585,0.0,1.0,0.8050527720910781,0.8050527720910781
0.6839508493039657,0.7295280911221884,0.8176317216550012,1.2917126740326277,-0.7295280911221884,0.6839508493039657,1.0,1.4142135623730951,-0.6839508493039657,-0.7295280911221884,0.0,1.0,0.7295280911221884,-0.6839508493039657,0.0,1.0,0.6839508493039657,0.7295280911221884,0.0,1.0,-0.7295280911221884,0.6839508493039657,0.0,1.0,-0.6839508493039657,-0.7295280911221884,0.0,1.0,0.7295280911221884,-0.6839508493039657,0.0,1.0,0.6839508493039657,0.7295280911221884,0.0,1.0,0.8176317216550012,0.8176317216550012
0.6747202841946927,0.7380735316323389,0.8302106712189242,1.2997114135860224,-0.7380735316323389,0.6747202841946927,1.0,1.4142135623730951,-0.6747202841946927,-0.7380735316323389,0.0,1.0,0.7380735316323389,-0.6747202841946927,0.0,1.0,0.6747202841946927,0.7380735316323389,0.0,1.0,-0.7380735316323389,0.6747202841946927,0.0,1.0,-0.6747202841946927,-0.7380735316323389,0.0,1.0,0.7380735316323389,-0.6747202841946927,0.0,1.0,0.6747202841946927,0.7380735316323389,0.0,1.0,0.8302106712189242,0.8302106712189242
0.6653829595213794,0.7465021883280519,0.8427896207828474,1.3077822238045964,-0.7465021883280519,0.6653829595213794,1.0,1.4142135623730951,-0.6653829595213794,-0.7465021883280519,0.0,0.9999999999999999,0.7465021883280519,-0.6653829595213794,0.0,0.9999999999999999,0.6653829595213794,0.7465021883280519,0.0,0.9999999999999999,-0.7465021883280519,0.6653829595213794,0.0,0.9999999999999999,-0.6653829595213794,-0.7465021883280519,0.0,0.9999999999999999,0.7465021883280519,-0.6653829595213794,0.0,0.9999999999999999,0.6653829595213794,0.7465021883280519,0.0,0.9999999999999999,0.8427896207828474,0.8427896207828474
0.6559403527091677,0.7548127275607988,0.8553685703467704,1.3159237786198248,-0.7548127275607988,0.6559403527091677,1.0,1.4142135623730951,-0.6559403527091677,-0.7548127275607988,0.0,1.0,0.7548127275607988,-0.6559403527091677,0.0,1.0,0.6559403527091677,0.7548127275607988,0.0,1.0,-0.7548127275607988,0.6559403527091677,0.0,1.0,-0.6559403527091677,-0.7548127275607988,0.0,1.0,0.7548127275607988,-0.6559403527091677,0.0,1.0,0.6559403527091677,0.7548127275607988,0.0,1.0,0.8553685703467704,0.8553685703467704
0.6463939578417693,0.7630038343715273,0.8679475199106935,1.3241347730949156,-0.7630038343715273,0.6463939578417693,1.0,1.4142135623730951,-0.6463939578417693,-0.7630038343715273,0.0,1.0,0.7630038343715273,-0.6463939578417693,0.0,1.0,0.6463939578417693,0.7630038343715273,0.0,1.0,-0.7630038343715273,0.6463939578417693,0.0,1.0,-0.6463939578417693,-0.7630038343715273,0.0,1.0,0.7630038343715273,-0.6463939578417693,0.0,1.0,0.6463939578417693,0.7630038343715273,0.0,1.0,0.8679475199106935,0.8679475199106935
0.6367452854250606,0.7710742126987247,0.8805264694746167,1.3324139234657648,-0.7710742126987247,0.6367452854250606,1.0,1.4142135623730951,-0.6367452854250606,-0.7710742126987247,0.0,1.0,0.7710742126987247,-0.6367452854250606,0.0,1.0,0.6367452854250606,0.7710742126987247,0.0,1.0,-0.7710742126987247,0.6367452854250606,0.0,1.0,-0.6367452854250606,-0.7710742126987247,0.0,1.0,0.7710742126987247,-0.6367452854250606,0.0,1.0,0.6367452854250606,0.7710742126987247,0.0,1.0,0.8805264694746167,0.8805264694746167
0.6269958621480786,0.7790225855834911,0.8931054190385397,1.340759967151468,-0.7790225855834911,0.6269958621480786,1.0,1.4142135623730951,-0.6269958621480786,-0.7790225855834911,0.0,1.0,0.7790225855834911,-0.6269958621480786,0.0,1.0,0.6269958621480786,0.7790225855834911,0.0,1.0,-0.7790225855834911,0.6269958621480786,0.0,1.0,-0.6269958621480786,-0.7790225855834911,0.0,1.0,0.7790225855834911,-0.6269958621480786,0.0,1.0,0.6269958621480786,0.7790225855834911,0.0,1.0,0.8931054190385397,0.8931054190385397
0.6171472306414553,0.7868476953715899,0.9056843686024628,1.3491716627363777,-0.7868476953715899,0.6171472306414553,1.0,1.4142135623730951,-0.6171472306414553,-0.7868476953715899,0.0,1.0,0.7868476953715899,-0.6171472306414553,0.0,1.0,0.6171472306414553,0.7868476953715899,0.0,1.0,-0.7868476953715899,0.6171472306414553,0.0,1.0,-0.6171472306414553,-0.7868476953715899,0.0,1.0,0.7868476953715899,-0.6171472306414553,0.0,1.0,0.6171472306414553,0.7868476953715899,0.0,1.0,0.9056843686024628,0.9056843686024628
0.6072009492333317,0.7945483039124437,0.918263318166386,1.3576477899256278,-0.7945483039124437,0.6072009492333317,1.0,1.4142135623730951,-0.6072009492333317,-0.7945483039124437,0.0,1.0,0.7945483039124437,-0.6072009492333317,0.0,1.0,0.6072009492333317,0.7945483039124437,0.0,1.0,-0.7945483039124437,0.6072009492333317,0.0,1.0,-0.6072009492333317,-0.7945483039124437,0.0,1.0,0.7945483039124437,-0.6072009492333317,0.0,1.0,0.6072009492333317,0.7945483039124437,0.0,1.0,0.918263318166386,0.918263318166386
0.5971585917027863,0.8021231927550437,0.930842267730309,1.36618714947598,-0.8021231927550437,0.5971585917027863,1.0,1.4142135623730951,-0.5971585917027863,-0.8021231927550437,0.0,1.0,0.8021231927550437,-0.5971585917027863,0.0,1.0,0.5971585917027863,0.8021231927550437,0.0,1.0,-0.8021231927550437,0.5971585917027863,0.0,1.0,-0.5971585917027863,-0.8021231927550437,0.0,1.0,0.8021231927550437,-0.5971585917027863,0.0,1.0,0.5971585917027863,0.8021231927550437,0.0,1.0,0.930842267730309,0.930842267730309
0.5870217470308187,0.809571163340744,0.9434212172942321,1.3747885631037708,-0.809571163340744,0.5870217470308187,1.0,1.4142135623730951,-0.5870217470308187,-0.809571163340744,0.0,1.0,0.809571163340744,-0.5870217470308187,0.0,1.0,0.5870217470308187,0.809571163340744,0.0,1.0,-0.809571163340744,0.5870217470308187,0.0,1.0,-0.5870217470308187,-0.809571163340744,0.0,1.0,0.809571163340744,-0.5870217470308187,0.0,1.0,0.5870217470308187,0.809571163340744,0.0,1.0,0.9434212172942321,0.9434212172942321
0.5767920191489297,0.8168910371929053,0.9560001668581553,1.3834508733716644,-0.8168910371929053,0.5767920191489297,1.0,1.4142135623730951,-0.5767920191489297,-0.8168910371929053,0.0,1.0,0.8168910371929053,-0.5767920191489297,0.0,1.0,0.5767920191489297,0.8168910371929053,0.0,1.0,-0.8168910371929053,0.5767920191489297,0.0,1.0,-0.5767920191489297,-0.8168910371929053,0.0,1.0,0.8168910371929053,-0.5767920191489297,0.0,1.0,0.5767920191489297,0.8168910371929053,0.0,1.0,0.9560001668581553,0.9560001668581553
0.566471026685334,0.8240816561033644,0.9685791164220783,1.392172943555855,-0.8240816561033644,0.566471026685334,1.0,1.4142135623730951,-0.566471026685334,-0.8240816561033644,0.0,1.0,0.8240816561033644,-0.566471026685334,0.0,1.0,0.566471026685334,0.8240816561033644,0.0,1.0,-0.8240816561033644,0.566471026685334,0.0,1.0,-0.566471026685334,-0.8240816561033644,0.0,1.0,0.8240816561033644,-0.566471026685334,0.0,1.0,0.566471026685334,0.8240816561033644,0.0,1.0,0.9685791164220783,0.9685791164220783
0.5560604027088476,0.8311418823156935,0.9811580659860014,1.400953657495276,-0.8311418823156935,0.5560604027088476,1.0,1.4142135623730951,-0.5560604027088476,-0.8311418823156935,0.0,1.0,0.8311418823156935,-0.5560604027088476,0.0,1.0,0.5560604027088476,0.8311418823156935,0.0,1.0,-0.8311418823156935,0.5560604027088476,0.0,1.0,-0.5560604027088476,-0.8311418823156935,0.0,1.0,0.8311418823156935,-0.5560604027088476,0.0,1.0,0.5560604027088476,0.8311418823156935,0.0,1.0,0.9811580659860014,0.9811580659860014
0.545561794470492,0.8380705987052264,0.9937370155499244,1.4097919194243067,-0.8380705987052264,0.545561794470492,1.0,1.4142135623730951,-0.545561794470492,-0.8380705987052264,0.0,1.0,0.8380705987052264,-0.545561794470492,0.0,1.0,0.545561794470492,0.8380705987052264,0.0,1.0,-0.8380705987052264,0.545561794470492,0.0,1.0,-0.545561794470492,-0.8380705987052264,0.0,1.0,0.8380705987052264,-0.545561794470492,0.0,1.0,0.545561794470492,0.8380705987052264,0.0,1.0,0.9937370155499244,0.9937370155499244
0.5349768631428518,0.8448667089558177,1.0063159651138476,1.4186866537904042,-0.8448667089558177,0.5349768631428518,1.0,1.4142135623730951,-0.5349768631428518,-0.8448667089558177,0.0,1.0,0.8448667089558177,-0.5349768631428518,0.0,1.0,0.5349768631428518,0.8448667089558177,0.0,1.0,-0.8448667089558177,0.5349768631428518,0.0,1.0,-0.5349768631428518,-0.8448667089558177,0.0,1.0,0.8448667089558177,-0.5349768631428518,0.0,1.0,0.5349768631428518,0.8448667089558177,0.0,1.0,1.0063159651138476,1.0063159651138476
0.5243072835572319,0.8515291377333112,1.0188949146777706,1.4276368050580026,-0.8515291377333112,0.5243072835572319,1.0,1.4142135623730951,-0.5243072835572319,-0.8515291377333112,0.0,1.0,0.8515291377333112,-0.5243072835572319,0.0,1.0,0.5243072835572319,0.8515291377333112,0.0,1.0,-0.8515291377333112,0.5243072835572319,0.0,1.0,-0.5243072835572319,-0.8515291377333112,0.0,1.0,0.8515291377333112,-0.5243072835572319,0.0,1.0,0.5243072835572319,0.8515291377333112,0.0,1.0,1.0188949146777706,1.0188949146777706
0.5135547439386516,0.8580568308556875,1.0314738642416938,1.4366413374999665,-0.8580568308556875,0.5135547439386516,1.0,1.4142135623730951,-0.5135547439386516,-0.8580568308556875,0.0,1.0,0.8580568308556875,-0.5135547439386516,0.0,1.0,0.5135547439386516,0.8580568308556875,0.0,1.0,-0.8580568308556875,0.5135547439386516,0.0,1.0,-0.5135547439386516,-0.8580568308556875,0.0,1.0,0.8580568308556875,-0.5135547439386516,0.0,1.0,0.5135547439386516,0.8580568308556875,0.0,1.0,1.0314738642416938,1.0314738642416938
0.5027209456387218,0.8644487554598649,1.0440528138056169,1.4456992349778102,-0.8644487554598649,0.5027209456387218,1.0,1.4142135623730951,-0.5027209456387218,-0.8644487554598649,0.0,1.0,0.8644487554598649,-0.5027209456387218,0.0,1.0,0.5027209456387218,0.8644487554598649,0.0,1.0,-0.8644487554598649,0.5027209456387218,0.0,1.0,-0.5027209456387218,-0.8644487554598649,0.0,1.0,0.8644487554598649,-0.5027209456387218,0.0,1.0,0.5027209456387218,0.8644487554598649,0.0,1.0,1.0440528138056169,1.0440528138056169
0.4918076028664418,0.8707039001651274,1.05663176336954,1.4548095007118365,-0.8707039001651274,0.4918076028664418,1.0,1.4142135623730951,-0.4918076028664418,-0.8707039001651274,0.0,0.9999999999999999,0.8707039001651274,-0.4918076028664418,0.0,0.9999999999999999,0.4918076028664418,0.8707039001651274,0.0,0.9999999999999999,-0.8707039001651274,0.4918076028664418,0.0,0.9999999999999999,-0.4918076028664418,-0.8707039001651274,0.0,0.9999999999999999,0.8707039001651274,-0.4918076028664418,0.0,0.9999999999999999,0.4918076028664418,0.8707039001651274,0.0,0.9999999999999999,1.05663176336954,1.05663176336954
0.4808164424169648,0.8768212752331536,1.0692107129334631,1.4639711570422707,-0.8768212752331536,0.4808164424169648,1.0,1.4142135623730951,-0.4808164424169648,-0.8768212752331536,0.0,1.0,0.8768212752331536,-0.4808164424169648,0.0,1.0,0.4808164424169648,0.8768212752331536,0.0,1.0,-0.8768212752331536,0.4808164424169648,0.0,1.0,-0.4808164424169648,-0.8768212752331536,0.0,1.0,0.8768212752331536,-0.4808164424169648,0.0,1.0,0.4808164424169648,0.8768212752331536,0.0,1.0,1.0692107129334631,1.0692107129334631
0.4697492033983709,0.8827999127246196,1.0817896624973862,1.4731832451824207,-0.8827999127246196,0.4697492033983709,1.0,1.4142135623730951,-0.4697492033983709,-0.8827999127246196,0.0,0.9999999999999999,0.8827999127246196,-0.4697492033983709,0.0,0.9999999999999999,0.4697492033983709,0.8827999127246196,0.0,0.9999999999999999,-0.8827999127246196,0.4697492033983709,0.0,0.9999999999999999,-0.4697492033983709,-0.8827999127246196,0.0,0.9999999999999999,0.8827999127246196,-0.4697492033983709,0.0,0.9999999999999999,0.4697492033983709,0.8827999127246196,0.0,0.9999999999999999,1.0817896624973862,1.0817896624973862
0.458607636956491,0.8886388666523558,1.0943686120613092,1.482444824964827,-0.8886388666523558,0.458607636956491,1.0,1.4142135623730951,-0.458607636956491,-0.8886388666523558,0.0,1.0,0.8886388666523558,-0.458607636956491,0.0,1.0,0.458607636956491,0.8886388666523558,0.0,1.0,-0.8886388666523558,0.458607636956491,0.0,1.0,-0.458607636956491,-0.8886388666523558,0.0,1.0,0.8886388666523558,-0.458607636956491,0.0,1.0,0.458607636956491,0.8886388666523558,0.0,1.0,1.0943686120613092,1.0943686120613092
0.4473935059978269,0.8943372131310272,1.1069475616252324,1.4917549745812977,-0.8943372131310272,0.4473935059978269,1.0,1.4142135623730951,-0.4473935059978269,-0.8943372131310272,0.0,1.0,0.8943372131310272,-0.4473935059978269,0.0,1.0,0.4473935059978269,0.8943372131310272,0.0,1.0,-0.8943372131310272,0.4473935059978269,0.0,1.0,-0.4473935059978269,-0.8943372131310272,0.0,1.0,0.8943372131310272,-0.4473935059978269,0.0,1.0,0.4473935059978269,0.8943372131310272,0.0,1.0,1.1069475616252324,1.1069475616252324
0.4361085849106111,0.8998940505233182,1.1195265111891555,1.5011127903176904,-0.8998940505233182,0.4361085849106111,1.0,1.4142135623730951,-0.4361085849106111,-0.8998940505233182,0.0,1.0,0.8998940505233182,-0.4361085849106111,0.0,1.0,0.4361085849106111,0.8998940505233182,0.0,1.0,-0.8998940505233182,0.4361085849106111,0.0,1.0,-0.4361085849106111,-0.8998940505233182,0.0,1.0,0.8998940505233182,-0.4361085849106111,0.0,1.0,0.4361085849106111,0.8998940505233182,0.0,1.0,1.1195265111891555,1.1195265111891555
0.42475465928404793,0.9053084995825966,1.1321054607530785,1.5105173862842296,-0.9053084995825966,0.42475465928404793,1.0,1.4142135623730951,-0.42475465928404793,-0.9053084995825966,0.0,1.0,0.9053084995825966,-0.42475465928404793,0.0,1.0,0.42475465928404793,0.9053084995825966,0.0,1.0,-0.9053084995825966,0.42475465928404793,0.0,1.0,-0.42475465928404793,-0.9053084995825966,0.0,1.0,0.9053084995825966,-0.42475465928404793,0.0,1.0,0.42475465928404793,0.9053084995825966,0.0,1.0,1.1321054607530785,1.1321054607530785
0.4133335256257842,0.9105797035920355,1.1446844103170015,1.519967894142104,-0.9105797035920355,0.4133335256257842,1.0,1.4142135623730951,-0.4133335256257842,-0.9105797035920355,0.0,1.0,0.9105797035920355,-0.4133335256257842,0.0,1.0,0.4133335256257842,0.9105797035920355,0.0,1.0,-0.9105797035920355,0.4133335256257842,0.0,1.0,-0.4133335256257842,-0.9105797035920355,0.0,1.0,0.9105797035920355,-0.4133335256257842,0.0,1.0,0.4133335256257842,0.9105797035920355,0.0,1.0,1.1446844103170015,1.1446844103170015
0.4018469910776512,0.9157068285001692,1.1572633598809248,1.529463462827042,-0.9157068285001692,0.4018469910776512,1.0,1.4142135623730951,-0.4018469910776512,-0.9157068285001692,0.0,1.0,0.9157068285001692,-0.4018469910776512,0.0,1.0,0.4018469910776512,0.9157068285001692,0.0,1.0,-0.9157068285001692,0.4018469910776512,0.0,1.0,-0.4018469910776512,-0.9157068285001692,0.0,1.0,0.9157068285001692,-0.4018469910776512,0.0,1.0,0.4018469910776512,0.9157068285001692,0.0,1.0,1.1572633598809248,1.1572633598809248
0.3902968731297256,0.920689063052863,1.1698423094448478,1.5390032582705129,-0.920689063052863,0.3902968731297256,1.0,1.4142135623730951,-0.3902968731297256,-0.920689063052863,0.0,0.9999999999999999,0.920689063052863,-0.3902968731297256,0.0,0.9999999999999999,0.3902968731297256,0.920689063052863,0.0,0.9999999999999999,-0.920689063052863,0.3902968731297256,0.0,0.9999999999999999,-0.3902968731297256,-0.920689063052863,0.0,0.9999999999999999,0.920689063052863,-0.3902968731297256,0.0,0.9999999999999999,0.3902968731297256,0.920689063052863,0.0,0.9999999999999999,1.1698423094448478,1.1698423094448478
0.37868499933275024,0.9255256189216778,1.1824212590087708,1.5485864631191526,-0.9255256189216778,0.37868499933275024,1.0,1.4142135623730951,-0.37868499933275024,-0.9255256189216778,0.0,0.9999999999999999,0.9255256189216778,-0.37868499933275024,0.0,0.9999999999999999,0.37868499933275024,0.9255256189216778,0.0,0.9999999999999999,-0.9255256189216778,0.37868499933275024,0.0,0.9999999999999999,-0.37868499933275024,-0.9255256189216778,0.0,0.9999999999999999,0.9255256189216778,-0.37868499933275024,0.0,0.9999999999999999,0.37868499933275024,0.9255256189216778,0.0,0.9999999999999999,1.1824212590087708,1.1824212590087708
0.3670132070089654,0.9302157308286042,1.195000208572694,1.5582122764529813,-0.9302157308286042,0.3670132070089654,1.0,1.4142135623730951,-0.3670132070089654,-0.9302157308286042,0.0,0.9999999999999999,0.9302157308286042,-0.3670132070089654,0.0,0.9999999999999999,0.3670132070089654,0.9302157308286042,0.0,0.9999999999999999,-0.9302157308286042,0.3670132070089654,0.0,0.9999999999999999,-0.3670132070089654,-0.9302157308286042,0.0,0.9999999999999999,0.9302157308286042,-0.3670132070089654,0.0,0.9999999999999999,0.3670132070089654,0.9302157308286042,0.0,0.9999999999999999,1.195000208572694,1.195000208572694
0.35528334296139374,0.934758656667151,1.207579158136617,1.5678799135029253,-0.934758656667151,0.35528334296139374,1.0,1.4142135623730951,-0.35528334296139374,-0.934758656667151,0.0,0.9999999999999999,0.934758656667151,-0.35528334296139374,0.0,0.9999999999999999,0.35528334296139374,0.934758656667151,0.0,0.9999999999999999,-0.934758656667151,0.35528334296139374,0.0,0.9999999999999999,-0.35528334296139374,-0.934758656667151,0.0,0.9999999999999999,0.934758656667151,-0.35528334296139374,0.0,0.9999999999999999,0.35528334296139374,0.934758656667151,0.0,0.9999999999999999,1.207579158136617,1.207579158136617
0.34349726318162344,0.9391536776197676,1.2201581077005401,1.5775886053681305,-0.9391536776197676,0.34349726318162344,1.0,1.4142135623730951,-0.34349726318162344,-0.9391536776197676,0.0,1.0,0.9391536776197676,-0.34349726318162344,0.0,1.0,0.34349726318162344,0.9391536776197676,0.0,1.0,-0.9391536776197676,0.34349726318162344,0.0,1.0,-0.34349726318162344,-0.9391536776197676,0.0,1.0,0.9391536776197676,-0.34349726318162344,0.0,1.0,0.34349726318162344,0.9391536776197676,0.0,1.0,1.2201581077005401,1.2201581077005401
0.3316568325561391,0.9434000982715812,1.2327370572644634,1.5873375987335048,-0.9434000982715812,0.3316568325561391,1.0,1.4142135623730951,-0.3316568325561391,-0.9434000982715812,0.0,1.0,0.9434000982715812,-0.3316568325561391,0.0,1.0,0.3316568325561391,0.9434000982715812,0.0,1.0,-0.9434000982715812,0.3316568325561391,0.0,1.0,-0.3316568325561391,-0.9434000982715812,0.0,1.0,0.9434000982715812,-0.3316568325561391,0.0,1.0,0.3316568325561391,0.9434000982715812,0.0,1.0,1.2327370572644634,1.2327370572644634
0.31976392457124536,0.9474972467204298,1.2453160068283864,1.597126155587904,-0.9474972467204298,0.31976392457124536,1.0,1.4142135623730951,-0.31976392457124536,-0.9474972467204298,0.0,1.0,0.9474972467204298,-0.31976392457124536,0.0,1.0,0.31976392457124536,0.9474972467204298,0.0,1.0,-0.9474972467204298,0.31976392457124536,0.0,1.0,-0.31976392457124536,-0.9474972467204298,0.0,1.0,0.9474972467204298,-0.31976392457124536,0.0,1.0,0.31976392457124536,0.9474972467204298,0.0,1.0,1.2453160068283864,1.2453160068283864
0.30782042101662793,0.9514444746831766,1.2578949563923094,1.6069535529433359,-0.9514444746831766,0.30782042101662793,1.0,1.4142135623730951,-0.30782042101662793,-0.9514444746831766,0.0,1.0,0.9514444746831766,-0.30782042101662793,0.0,1.0,0.30782042101662793,0.9514444746831766,0.0,1.0,-0.9514444746831766,0.30782042101662793,0.0,1.0,-0.30782042101662793,-0.9514444746831766,0.0,1.0,0.9514444746831766,-0.30782042101662793,0.0,1.0,0.30782042101662793,0.9514444746831766,0.0,1.0,1.2578949563923094,1.2578949563923094
0.2958282116876025,0.9552411575982869,1.2704739059562327,1.616819082555524,-0.9552411575982869,0.2958282116876025,1.0,1.4142135623730951,-0.2958282116876025,-0.9552411575982869,0.0,1.0,0.9552411575982869,-0.2958282116876025,0.0,1.0,0.2958282116876025,0.9552411575982869,0.0,1.0,-0.9552411575982869,0.2958282116876025,0.0,1.0,-0.2958282116876025,-0.9552411575982869,0.0,1.0,0.9552411575982869,-0.2958282116876025,0.0,1.0,0.2958282116876025,0.9552411575982869,0.0,1.0,1.2704739059562327,1.2704739059562327
0.28378919408609693,0.9588866947246497,1.2830528555201557,1.626722050646153,-0.9588866947246497,0.28378919408609693,1.0,1.4142135623730951,-0.28378919408609693,-0.9588866947246497,0.0,1.0,0.9588866947246497,-0.28378919408609693,0.0,1.0,0.28378919408609693,0.9588866947246497,0.0,1.0,-0.9588866947246497,0.28378919408609693,0.0,1.0,-0.28378919408609693,-0.9588866947246497,0.0,1.0,0.9588866947246497,-0.28378919408609693,0.0,1.0,0.28378919408609693,0.9588866947246497,0.0,1.0,1.2830528555201557,1.2830528555201557
0.27170527312041276,0.9623805092366334,1.2956318050840787,1.6366617776270784,-0.9623805092366334,0.27170527312041276,1.0,1.4142135623730951,-0.27170527312041276,-0.9623805092366334,0.0,1.0,0.9623805092366334,-0.27170527312041276,0.0,1.0,0.27170527312041276,0.9623805092366334,0.0,1.0,-0.9623805092366334,0.27170527312041276,0.0,1.0,-0.27170527312041276,-0.9623805092366334,0.0,1.0,0.9623805092366334,-0.27170527312041276,0.0,1.0,0.27170527312041276,0.9623805092366334,0.0,1.0,1.2956318050840787,1.2956318050840787
0.2595783608038158,0.9657220483153546,1.3082107546480017,1.6466375978267636,-0.9657220483153546,0.2595783608038158,1.0,1.4142135623730951,-0.2595783608038158,-0.9657220483153546,0.0,1.0,0.9657220483153546,-0.2595783608038158,0.0,1.0,0.2595783608038158,0.9657220483153546,0.0,1.0,-0.9657220483153546,0.2595783608038158,0.0,1.0,-0.2595783608038158,-0.9657220483153546,0.0,1.0,0.9657220483153546,-0.2595783608038158,0.0,1.0,0.2595783608038158,0.9657220483153546,0.0,1.0,1.3082107546480017,1.3082107546480017
0.24741037595200252,0.9689107832361495,1.320789704211925,1.6566488592191841,-0.9689107832361495,0.24741037595200252,1.0,1.4142135623730951,-0.24741037595200252,-0.9689107832361495,0.0,1.0,0.9689107832361495,-0.24741037595200252,0.0,1.0,0.24741037595200252,0.9689107832361495,0.0,1.0,-0.9689107832361495,0.24741037595200252,0.0,1.0,-0.24741037595200252,-0.9689107832361495,0.0,1.0,0.9689107832361495,-0.24741037595200252,0.0,1.0,0.24741037595200252,0.9689107832361495,0.0,1.0,1.320789704211925,1.320789704211925
0.23520324387949015,0.9719462094522335,1.333368653775848,1.6666949231554098,-0.9719462094522335,0.23520324387949015,1.0,1.4142135623730951,-0.23520324387949015,-0.9719462094522335,0.0,1.0,0.9719462094522335,-0.23520324387949015,0.0,1.0,0.23520324387949015,0.9719462094522335,0.0,1.0,-0.9719462094522335,0.23520324387949015,0.0,1.0,-0.23520324387949015,-0.9719462094522335,0.0,1.0,0.9719462094522335,-0.23520324387949015,0.0,1.0,0.23520324387949015,0.9719462094522335,0.0,1.0,1.333368653775848,1.333368653775848
0.2229588960949774,0.9748278466745341,1.345947603339771,1.6767751640980593,-0.9748278466745341,0.2229588960949774,1.0,1.4142135623730951,-0.2229588960949774,-0.9748278466745341,0.0,1.0,0.9748278466745341,-0.2229588960949774,0.0,1.0,0.2229588960949774,0.9748278466745341,0.0,1.0,-0.9748278466745341,0.2229588960949774,0.0,1.0,-0.2229588960949774,-0.9748278466745341,0.0,1.0,0.9748278466745341,-0.2229588960949774,0.0,1.0,0.2229588960949774,0.9748278466745341,0.0,1.0,1.345947603339771,1.345947603339771
0.21067926999572642,0.9775552389476861,1.3585265529036943,1.6868889693587998,-0.9775552389476861,0.21067926999572642,1.0,1.4142135623730951,-0.21067926999572642,-0.9775552389476861,0.0,1.0,0.9775552389476861,-0.21067926999572642,0.0,1.0,0.21067926999572642,0.9775552389476861,0.0,1.0,-0.9775552389476861,0.21067926999572642,0.0,1.0,-0.21067926999572642,-0.9775552389476861,0.0,1.0,0.9775552389476861,-0.21067926999572642,0.0,1.0,0.21067926999572642,0.9775552389476861,0.0,1.0,1.3585265529036943,1.3585265529036943
0.19836630856101303,0.9801279547221765,1.3711055024676173,1.6970357388390431,-0.9801279547221765,0.19836630856101303,1.0,1.4142135623730951,-0.19836630856101303,-0.9801279547221765,0.0,1.0,0.9801279547221765,-0.19836630856101303,0.0,1.0,0.19836630856101303,0.9801279547221765,0.0,1.0,-0.9801279547221765,0.19836630856101303,0.0,1.0,-0.19836630856101303,-0.9801279547221765,0.0,1.0,0.9801279547221765,-0.19836630856101303,0.0,1.0,0.19836630856101303,0.9801279547221765,0.0,1.0,1.3711055024676173,1.3711055024676173
0.18602196004469224,0.9825455869226277,1.3836844520315403,1.7072148847739772,-0.9825455869226277,0.18602196004469224,1.0,1.4142135623730951,-0.18602196004469224,-0.9825455869226277,0.0,1.0,0.9825455869226277,-0.18602196004469224,0.0,1.0,0.18602196004469224,0.9825455869226277,0.0,1.0,-0.9825455869226277,0.18602196004469224,0.0,1.0,-0.18602196004469224,-0.9825455869226277,0.0,1.0,0.9825455869226277,-0.18602196004469224,0.0,1.0,0.18602196004469224,0.9825455869226277,0.0,1.0,1.3836844520315403,1.3836844520315403
0.17364817766693041,0.984807753012208,1.3962634015954636,1.7174258314800481,-0.984807753012208,0.17364817766693041,1.0,1.4142135623730951,-0.17364817766693041,-0.984807753012208,0.0,0.9999999999999999,0.984807753012208,-0.17364817766693041,0.0,0.9999999999999999,0.17364817766693041,0.984807753012208,0.0,0.9999999999999999,-0.984807753012208,0.17364817766693041,0.0,0.9999999999999999,-0.17364817766693041,-0.984807753012208,0.0,0.9999999999999999,0.984807753012208,-0.17364817766693041,0.0,0.9999999999999999,0.17364817766693041,0.984807753012208,0.0,0.9999999999999999,1.3962634015954636,1.3962634015954636
0.16124691930515242,0.98691409505316,1.4088423511593866,1.7276680151060007,-0.98691409505316,0.16124691930515242,1.0,1.4142135623730951,-0.16124691930515242,-0.98691409505316,0.0,1.0,0.98691409505316,-0.16124691930515242,0.0,1.0,0.16124691930515242,0.98691409505316,0.0,1.0,-0.98691409505316,0.16124691930515242,0.0,1.0,-0.16124691930515242,-0.98691409505316,0.0,1.0,0.98691409505316,-0.16124691930515242,0.0,1.0,0.16124691930515242,0.98691409505316,0.0,1.0,1.4088423511593866,1.4088423511593866
0.14882014718424924,0.9888642797634357,1.4214213007233096,1.7379408833875636,-0.9888642797634357,0.14882014718424924,1.0,1.4142135623730951,-0.14882014718424924,-0.9888642797634357,0.0,1.0,0.9888642797634357,-0.14882014718424924,0.0,1.0,0.14882014718424924,0.9888642797634357,0.0,1.0,-0.9888642797634357,0.14882014718424924,0.0,1.0,-0.14882014718424924,-0.9888642797634357,0.0,1.0,0.9888642797634357,-0.14882014718424924,0.0,1.0,0.14882014718424924,0.9888642797634357,0.0,1.0,1.4214213007233096,1.4214213007233096
0.1363698275661,0.9906579985694317,1.4340002502872329,1.7482438954058575,-0.9906579985694317,0.1363698275661,1.0,1.4142135623730951,-0.1363698275661,-0.9906579985694317,0.0,1.0,0.9906579985694317,-0.1363698275661,0.0,1.0,0.1363698275661,0.9906579985694317,0.0,1.0,-0.9906579985694317,0.1363698275661,0.0,1.0,-0.1363698275661,-0.9906579985694317,0.0,1.0,0.9906579985694317,-0.1363698275661,0.0,1.0,0.1363698275661,0.9906579985694317,0.0,1.0,1.4340002502872329,1.4340002502872329
0.12389793043845522,0.9922949676548136,1.446579199851156,1.7585765213495859,-0.9922949676548136,0.12389793043845522,1.0,1.4142135623730951,-0.12389793043845522,-0.9922949676548136,0.0,0.9999999999999999,0.9922949676548136,-0.12389793043845522,0.0,0.9999999999999999,0.12389793043845522,0.9922949676548136,0.0,0.9999999999999999,-0.9922949676548136,0.12389793043845522,0.0,0.9999999999999999,-0.12389793043845522,-0.9922949676548136,0.0,0.9999999999999999,0.9922949676548136,-0.12389793043845522,0.0,0.9999999999999999,0.12389793043845522,0.9922949676548136,0.0,0.9999999999999999,1.446579199851156,1.446579199851156
0.11140642920322849,0.9937749280054242,1.459158149415079,1.7689382422810689,-0.9937749280054242,0.11140642920322849,1.0,1.4142135623730951,-0.11140642920322849,-0.9937749280054242,0.0,1.0,0.9937749280054242,-0.11140642920322849,0.0,1.0,0.11140642920322849,0.9937749280054242,0.0,1.0,-0.9937749280054242,0.11140642920322849,0.0,1.0,-0.11140642920322849,-0.9937749280054242,0.0,1.0,0.9937749280054242,-0.11140642920322849,0.0,1.0,0.11140642920322849,0.9937749280054242,0.0,1.0,1.459158149415079,1.459158149415079
0.09889730036424986,0.995097645450266,1.4717370989790022,1.7793285499061517,-0.995097645450266,0.09889730036424986,1.0,1.4142135623730951,-0.09889730036424986,-0.995097645450266,0.0,1.0,0.995097645450266,-0.09889730036424986,0.0,1.0,0.09889730036424986,0.995097645450266,0.0,1.0,-0.995097645450266,0.09889730036424986,0.0,1.0,-0.09889730036424986,-0.995097645450266,0.0,1.0,0.995097645450266,-0.09889730036424986,0.0,1.0,0.09889730036424986,0.995097645450266,0.0,1.0,1.4717370989790022,1.4717370989790022
0.08637252321452853,0.9962629106985543,1.4843160485429252,1.7897469463480258,-0.9962629106985543,0.08637252321452853,1.0,1.4142135623730951,-0.08637252321452853,-0.9962629106985543,0.0,0.9999999999999999,0.9962629106985543,-0.08637252321452853,0.0,0.9999999999999999,0.08637252321452853,0.9962629106985543,0.0,0.9999999999999999,-0.9962629106985543,0.08637252321452853,0.0,0.9999999999999999,-0.08637252321452853,-0.9962629106985543,0.0,0.9999999999999999,0.9962629106985543,-0.08637252321452853,0.0,0.9999999999999999,0.08637252321452853,0.9962629106985543,0.0,0.9999999999999999,1.4843160485429252,1.4843160485429252
0.07383407952307214,0.9972705393728327,1.4968949981068482,1.8001929439249842,-0.9972705393728327,0.07383407952307214,1.0,1.4142135623730951,-0.07383407952307214,-0.9972705393728327,0.0,1.0,0.9972705393728327,-0.07383407952307214,0.0,1.0,0.07383407952307214,0.9972705393728327,0.0,1.0,-0.9972705393728327,0.07383407952307214,0.0,1.0,-0.07383407952307214,-0.9972705393728327,0.0,1.0,0.9972705393728327,-0.07383407952307214,0.0,1.0,0.07383407952307214,0.9972705393728327,0.0,1.0,1.4968949981068482,1.4968949981068482
0.06128395322131638,0.9981203720381463,1.5094739476707715,1.810666064932124,-0.9981203720381463,0.06128395322131638,1.0,1.4142135623730951,-0.06128395322131638,-0.9981203720381463,0.0,1.0,0.9981203720381463,-0.06128395322131638,0.0,1.0,0.06128395322131638,0.9981203720381463,0.0,1.0,-0.9981203720381463,0.06128395322131638,0.0,1.0,-0.06128395322131638,-0.9981203720381463,0.0,1.0,0.9981203720381463,-0.06128395322131638,0.0,1.0,0.06128395322131638,0.9981203720381463,0.0,1.0,1.5094739476707715,1.5094739476707715
0.04872413008921228,0.9988122742272691,1.5220528972346945,1.821165841427004,-0.9988122742272691,0.04872413008921228,1.0,1.4142135623730951,-0.04872413008921228,-0.9988122742272691,0.0,1.0,0.9988122742272691,-0.04872413008921228,0.0,1.0,0.04872413008921228,0.9988122742272691,0.0,1.0,-0.9988122742272691,0.04872413008921228,0.0,1.0,-0.04872413008921228,-0.9988122742272691,0.0,1.0,0.9988122742272691,-0.04872413008921228,0.0,1.0,0.04872413008921228,0.9988122742272691,0.0,1.0,1.5220528972346945,1.5220528972346945
0.036156597441019206,0.9993461364619809,1.5346318467986175,1.8316918150192558,-0.9993461364619809,0.036156597441019206,1.0,1.4142135623730951,-0.036156597441019206,-0.9993461364619809,0.0,1.0,0.9993461364619809,-0.036156597441019206,0.0,1.0,0.036156597441019206,0.9993461364619809,0.0,1.0,-0.9993461364619809,0.036156597441019206,0.0,1.0,-0.036156597441019206,-0.9993461364619809,0.0,1.0,0.9993461364619809,-0.036156597441019206,0.0,1.0,0.036156597441019206,0.9993461364619809,0.0,1.0,1.5346318467986175,1.5346318467986175
0.023583343810857166,0.9997218742703887,1.5472107963625406,1.8422435366641423,-0.9997218742703887,0.023583343810857166,1.0,1.4142135623730951,-0.023583343810857166,-0.9997218742703887,0.0,1.0,0.9997218742703887,-0.023583343810857166,0.0,1.0,0.023583343810857166,0.9997218742703887,0.0,1.0,-0.9997218742703887,0.023583343810857166,0.0,1.0,-0.023583343810857166,-0.9997218742703887,0.0,1.0,0.9997218742703887,-0.023583343810857166,0.0,1.0,0.023583343810857166,0.9997218742703887,0.0,1.0,1.5472107963625406,1.5472107963625406
0.011006358638064812,0.9999394282002937,1.5597897459264638,1.8528205664600506,-0.9999394282002937,0.011006358638064812,1.0,1.4142135623730951,-0.011006358638064812,-0.9999394282002937,0.0,1.0,0.9999394282002937,-0.011006358638064812,0.0,1.0,0.011006358638064812,0.9999394282002937,0.0,1.0,-0.9999394282002937,0.011006358638064812,0.0,1.0,-0.011006358638064812,-0.9999394282002937,0.0,1.0,0.9999394282002937,-0.011006358638064812,0.0,1.0,0.011006358638064812,0.9999394282002937,0.0,1.0,1.5597897459264638,1.5597897459264638
-0.001572368047584414,0.9999987638285974,1.5723686954903868,1.8634224734498994,-0.9999987638285974,-0.001572368047584414,1.0,1.4142135623730951,0.001572368047584414,-0.9999987638285974,0.0,1.0,0.9999987638285974,0.001572368047584414,0.0,1.0,-0.001572368047584414,0.9999987638285974,0.0,1.0,-0.9999987638285974,-0.001572368047584414,0.0,1.0,0.001572368047584414,-0.9999987638285974,0.0,1.0,0.9999987638285974,0.001572368047584414,0.0,1.0,-0.001572368047584414,0.9999987638285974,0.0,1.0,1.5723686954903868,1.5723686954903868
-0.014150845940761853,0.9998998717667489,1.5849476450543099,1.8740488354264417,-0.9998998717667489,-0.014150845940761853,1.0,1.4142135623730951,0.014150845940761853,-0.9998998717667489,0.0,1.0,0.9998998717667489,0.014150845940761853,0.0,1.0,-0.014150845940761853,0.9998998717667489,0.0,1.0,-0.9998998717667489,-0.014150845940761853,0.0,1.0,0.014150845940761853,-0.9998998717667489,0.0,1.0,0.9998998717667489,0.014150845940761853,0.0,1.0,-0.014150845940761853,0.9998998717667489,0.0,1.0,1.5849476450543099,1.5849476450543099
-0.026727084775504745,0.9996427676622299,1.597526594618233,1.8846992387414307,-0.9996427676622299,-0.026727084775504745,1.0,1.4142135623730951,0.026727084775504745,-0.9996427676622299,0.0,1.0,0.9996427676622299,0.026727084775504745,0.0,1.0,-0.026727084775504745,0.9996427676622299,0.0,1.0,-0.9996427676622299,-0.026727084775504745,0.0,1.0,0.026727084775504745,-0.9996427676622299,0.0,1.0,0.9996427676622299,0.026727084775504745,0.0,1.0,-0.026727084775504745,0.9996427676622299,0.0,1.0,1.597526594618233,1.597526594618233
-0.03929909464013115,0.9992274921960794,1.6101055441821561,1.8953732781186183,-0.9992274921960794,-0.03929909464013115,1.0,1.4142135623730951,0.03929909464013115,-0.9992274921960794,0.0,0.9999999999999999,0.9992274921960794,0.03929909464013115,0.0,0.9999999999999999,-0.03929909464013115,0.9992274921960794,0.0,0.9999999999999999,-0.9992274921960794,-0.03929909464013115,0.0,0.9999999999999999,0.03929909464013115,-0.9992274921960794,0.0,0.9999999999999999,0.9992274921960794,0.03929909464013115,0.0,0.9999999999999999,-0.03929909464013115,0.9992274921960794,0.0,0.9999999999999999,1.6101055441821561,1.6101055441821561
-0.0518648862921008,0.9986541110764565,1.6226844937460791,1.9060705564705545,-0.9986541110764565,-0.0518648862921008,1.0,1.4142135623730951,0.0518648862921008,-0.9986541110764565,0.0,1.0,0.9986541110764565,0.0518648862921008,0.0,1.0,-0.0518648862921008,0.9986541110764565,0.0,1.0,-0.9986541110764565,-0.0518648862921008,0.0,1.0,0.0518648862921008,-0.9986541110764565,0.0,1.0,0.9986541110764565,0.0518648862921008,0.0,1.0,-0.0518648862921008,0.9986541110764565,0.0,1.0,1.6226844937460791,1.6226844937460791
-0.06442247147276806,0.9979227150282433,1.6352634433100024,1.9167906847191443,-0.9979227150282433,-0.06442247147276806,1.0,1.4142135623730951,0.06442247147276806,-0.9979227150282433,0.0,1.0,0.9979227150282433,0.06442247147276806,0.0,1.0,-0.06442247147276806,0.9979227150282433,0.0,1.0,-0.9979227150282433,-0.06442247147276806,0.0,1.0,0.06442247147276806,-0.9979227150282433,0.0,1.0,0.9979227150282433,0.06442247147276806,0.0,1.0,-0.06442247147276806,0.9979227150282433,0.0,1.0,1.6352634433100024,1.6352634433100024
-0.07696986322197923,0.9970334197786902,1.6478423928739254,1.9275332816199218,-0.9970334197786902,-0.07696986322197923,1.0,1.4142135623730951,0.07696986322197923,-0.9970334197786902,0.0,1.0,0.9970334197786902,0.07696986322197923,0.0,1.0,-0.07696986322197923,0.9970334197786902,0.0,1.0,-0.9970334197786902,-0.07696986322197923,0.0,1.0,0.07696986322197923,-0.9970334197786902,0.0,1.0,0.9970334197786902,0.07696986322197923,0.0,1.0,-0.07696986322197923,0.9970334197786902,0.0,1.0,1.6478423928739254,1.6478423928739254
-0.08950507619246638,0.9959863660391044,1.6604213424378484,1.9382979735900017,-0.9959863660391044,-0.08950507619246638,1.0,1.4142135623730951,0.08950507619246638,-0.9959863660391044,0.0,1.0,0.9959863660391044,0.08950507619246638,0.0,1.0,-0.08950507619246638,0.9959863660391044,0.0,1.0,-0.9959863660391044,-0.08950507619246638,0.0,1.0,0.08950507619246638,-0.9959863660391044,0.0,1.0,0.9959863660391044,0.08950507619246638,0.0,1.0,-0.08950507619246638,0.9959863660391044,0.0,1.0,1.6604213424378484,1.6604213424378484
-0.10202612696398403,0.9947817194825853,1.6730002920017717,1.949084394539655,-0.9947817194825853,-0.10202612696398403,1.0,1.4142135623730951,0.10202612696398403,-0.9947817194825853,0.0,1.0,0.9947817194825853,0.10202612696398403,0.0,1.0,-0.10202612696398403,0.9947817194825853,0.0,1.0,-0.9947817194825853,-0.10202612696398403,0.0,1.0,0.10202612696398403,-0.9947817194825853,0.0,1.0,0.9947817194825853,0.10202612696398403,0.0,1.0,-0.10202612696398403,0.9947817194825853,0.0,1.0,1.6730002920017717,1.6730002920017717
-0.11453103435714077,0.9934196707178107,1.6855792415656947,1.9598921857074645,-0.9934196707178107,-0.11453103435714077,1.0,1.4142135623730951,0.11453103435714077,-0.9934196707178107,0.0,1.0,0.9934196707178107,0.11453103435714077,0.0,1.0,-0.11453103435714077,0.9934196707178107,0.0,1.0,-0.9934196707178107,-0.11453103435714077,0.0,1.0,0.11453103435714077,-0.9934196707178107,0.0,1.0,0.9934196707178107,0.11453103435714077,0.0,1.0,-0.11453103435714077,0.9934196707178107,0.0,1.0,1.6855792415656947,1.6855792415656947
-0.12701781974687854,0.991900435258877,1.6981581911296177,1.9707209954990115,-0.991900435258877,-0.12701781974687854,1.0,1.4142135623730951,0.12701781974687854,-0.991900435258877,0.0,1.0,0.991900435258877,0.12701781974687854,0.0,1.0,-0.12701781974687854,0.991900435258877,0.0,1.0,-0.991900435258877,-0.12701781974687854,0.0,1.0,0.12701781974687854,-0.991900435258877,0.0,1.0,0.991900435258877,0.12701781974687854,0.0,1.0,-0.12701781974687854,0.991900435258877,0.0,1.0,1.6981581911296177,1.6981581911296177
-0.1394845073755453,0.9902242534911986,1.7107371406935408,1.9815704793290376,-0.9902242534911986,-0.1394845073755453,1.0,1.4142135623730951,0.1394845073755453,-0.9902242534911986,0.0,1.0,0.9902242534911986,0.1394845073755453,0.0,1.0,-0.1394845073755453,0.9902242534911986,0.0,1.0,-0.9902242534911986,-0.1394845073755453,0.0,1.0,0.1394845073755453,-0.9902242534911986,0.0,1.0,0.9902242534911986,0.1394845073755453,0.0,1.0,-0.1394845073755453,0.9902242534911986,0.0,1.0,1.7107371406935408,1.7107371406935408
-0.15192912466551547,0.9883913906334728,1.723316090257464,1.992440299467031,-0.9883913906334728,-0.15192912466551547,1.0,1.4142135623730951,0.15192912466551547,-0.9883913906334728,0.0,1.0,0.9883913906334728,0.15192912466551547,0.0,1.0,-0.15192912466551547,0.9883913906334728,0.0,1.0,-0.9883913906334728,-0.15192912466551547,0.0,1.0,0.15192912466551547,-0.9883913906334728,0.0,1.0,0.9883913906334728,0.15192912466551547,0.0,1.0,-0.15192912466551547,0.9883913906334728,0.0,1.0,1.723316090257464,1.723316090257464
-0.16434970253130593,0.9864021366957146,1.735895039821387,2.0033301248861846,-0.9864021366957146,-0.16434970253130593,1.0,1.4142135623730951,0.16434970253130593,-0.9864021366957146,0.0,1.0,0.9864021366957146,0.16434970253130593,0.0,1.0,-0.16434970253130593,0.9864021366957146,0.0,1.0,-0.9864021366957146,-0.16434970253130593,0.0,1.0,0.16434970253130593,-0.9864021366957146,0.0,1.0,0.9864021366957146,0.16434970253130593,0.0,1.0,-0.16434970253130593,0.9864021366957146,0.0,1.0,1.735895039821387,1.735895039821387
-0.17674427569114137,0.9842568064333687,1.74847398938531,2.0142396311156676,-0.9842568064333687,-0.17674427569114137,1.0,1.4142135623730951,0.17674427569114137,-0.9842568064333687,0.0,0.9999999999999999,0.9842568064333687,0.17674427569114137,0.0,0.9999999999999999,-0.17674427569114137,0.9842568064333687,0.0,0.9999999999999999,-0.9842568064333687,-0.17674427569114137,0.0,0.9999999999999999,0.17674427569114137,-0.9842568064333687,0.0,0.9999999999999999,0.9842568064333687,0.17674427569114137,0.0,0.9999999999999999,-0.17674427569114137,0.9842568064333687,0.0,0.9999999999999999,1.74847398938531,1.74847398938531
-0.18911088297791617,0.9819557392975067,1.7610529389492333,2.0251685000961603,-0.9819557392975067,-0.18911088297791617,1.0,1.4142135623730951,0.18911088297791617,-0.9819557392975067,0.0,1.0,0.9819557392975067,0.18911088297791617,0.0,1.0,-0.18911088297791617,0.9819557392975067,0.0,1.0,-0.9819557392975067,-0.18911088297791617,0.0,1.0,0.18911088297791617,-0.9819557392975067,0.0,1.0,0.9819557392975067,0.18911088297791617,0.0,1.0,-0.18911088297791617,0.9819557392975067,0.0,1.0,1.7610529389492333,1.7610529389492333
-0.20144756764950503,0.9794992993811165,1.7736318885131563,2.0361164200385855,-0.9794992993811165,-0.20144756764950503,1.0,1.4142135623730951,0.20144756764950503,-0.9794992993811165,0.0,1.0,0.9794992993811165,0.20144756764950503,0.0,1.0,-0.20144756764950503,0.9794992993811165,0.0,1.0,-0.9794992993811165,-0.20144756764950503,0.0,1.0,0.20144756764950503,-0.9794992993811165,0.0,1.0,0.9794992993811165,0.20144756764950503,0.0,1.0,-0.20144756764950503,0.9794992993811165,0.0,1.0,1.7736318885131563,1.7736318885131563
-0.21375237769837538,0.9768878753614926,1.7862108380770794,2.0470830852859936,-0.9768878753614926,-0.21375237769837538,1.0,1.4142135623730951,0.21375237769837538,-0.9768878753614926,0.0,1.0,0.9768878753614926,0.21375237769837538,0.0,1.0,-0.21375237769837538,0.9768878753614926,0.0,1.0,-0.9768878753614926,-0.21375237769837538,0.0,1.0,0.21375237769837538,-0.9768878753614926,0.0,1.0,0.9768878753614926,0.21375237769837538,0.0,1.0,-0.21375237769837538,0.9768878753614926,0.0,1.0,1.7862108380770794,1.7862108380770794
-0.22602336616044894,0.9741218804387363,1.7987897876410026,2.0580681961785334,-0.9741218804387363,-0.22602336616044894,1.0,1.4142135623730951,0.22602336616044894,-0.9741218804387363,0.0,0.9999999999999999,0.9741218804387363,0.22602336616044894,0.0,0.9999999999999999,-0.22602336616044894,0.9741218804387363,0.0,0.9999999999999999,-0.9741218804387363,-0.22602336616044894,0.0,0.9999999999999999,0.22602336616044894,-0.9741218804387363,0.0,0.9999999999999999,0.9741218804387363,0.22602336616044894,0.0,0.9999999999999999,-0.22602336616044894,0.9741218804387363,0.0,0.9999999999999999,1.7987897876410026,1.7987897876410026
-0.23825859142316483,0.9712017522703763,1.8113687372049256,2.069071458921457,-0.9712017522703763,-0.23825859142316483,1.0,1.4142135623730951,0.23825859142316483,-0.9712017522703763,0.0,1.0,0.9712017522703763,0.23825859142316483,0.0,1.0,-0.23825859142316483,0.9712017522703763,0.0,1.0,-0.9712017522703763,-0.23825859142316483,0.0,1.0,0.23825859142316483,-0.9712017522703763,0.0,1.0,0.9712017522703763,0.23825859142316483,0.0,1.0,-0.23825859142316483,0.9712017522703763,0.0,1.0,1.8113687372049256,1.8113687372049256
-0.25045611753269825,0.9681279529021188,1.8239476867688487,2.080092585456098,-0.9681279529021188,-0.25045611753269825,1.0,1.4142135623730951,0.25045611753269825,-0.9681279529021188,0.0,1.0,0.9681279529021188,0.25045611753269825,0.0,1.0,-0.25045611753269825,0.9681279529021188,0.0,1.0,-0.9681279529021188,-0.25045611753269825,0.0,1.0,0.25045611753269825,-0.9681279529021188,0.0,1.0,0.9681279529021188,0.25045611753269825,0.0,1.0,-0.25045611753269825,0.9681279529021188,0.0,1.0,1.8239476867688487,1.8239476867688487
-0.2626140145002818,0.9649009686947391,1.836526636332772,2.09113129333377,-0.9649009686947391,-0.2626140145002818,1.0,1.4142135623730951,0.2626140145002818,-0.9649009686947391,0.0,1.0,0.9649009686947391,0.2626140145002818,0.0,1.0,-0.2626140145002818,0.9649009686947391,0.0,1.0,-0.9649009686947391,-0.2626140145002818,0.0,1.0,0.2626140145002818,-0.9649009686947391,0.0,1.0,0.9649009686947391,0.2626140145002818,0.0,1.0,-0.2626140145002818,0.9649009686947391,0.0,1.0,1.836526636332772,1.836526636332772
-0.27473035860758266,0.9615213102471255,1.849105585896695,2.102187305592525,-0.9615213102471255,-0.27473035860758266,1.0,1.4142135623730951,0.27473035860758266,-0.9615213102471255,0.0,1.0,0.9615213102471255,0.27473035860758266,0.0,1.0,-0.27473035860758266,0.9615213102471255,0.0,1.0,-0.9615213102471255,-0.27473035860758266,0.0,1.0,0.27473035860758266,-0.9615213102471255,0.0,1.0,0.9615213102471255,0.27473035860758266,0.0,1.0,-0.27473035860758266,0.9615213102471255,0.0,1.0,1.849105585896695,1.849105585896695
-0.28680323271109,0.9579895123154889,1.861684535460618,2.113260350636716,-0.9579895123154889,-0.28680323271109,1.0,1.4142135623730951,0.28680323271109,-0.9579895123154889,0.0,0.9999999999999999,0.9579895123154889,0.28680323271109,0.0,0.9999999999999999,-0.28680323271109,0.9579895123154889,0.0,0.9999999999999999,-0.9579895123154889,-0.28680323271109,0.0,0.9999999999999999,0.28680323271109,-0.9579895123154889,0.0,0.9999999999999999,0.9579895123154889,0.28680323271109,0.0,0.9999999999999999,-0.28680323271109,0.9579895123154889,0.0,0.9999999999999999,1.861684535460618,1.861684535460618
-0.29883072654545967,0.9543061337287488,1.8742634850245412,2.1243501621193097,-0.9543061337287488,-0.29883072654545967,1.0,1.4142135623730951,0.29883072654545967,-0.9543061337287488,0.0,0.9999999999999999,0.9543061337287488,0.29883072654545967,0.0,0.9999999999999999,-0.29883072654545967,0.9543061337287488,0.0,0.9999999999999999,-0.9543061337287488,-0.29883072654545967,0.0,0.9999999999999999,0.29883072654545967,-0.9543061337287488,0.0,0.9999999999999999,0.9543061337287488,0.29883072654545967,0.0,0.9999999999999999,-0.29883072654545967,0.9543061337287488,0.0,0.9999999999999999,1.8742634850245412,1.8742634850245412
-0.310810937025771,0.9504717573001116,1.8868424345884642,2.135456478826886,-0.9504717573001116,-0.310810937025771,1.0,1.4142135623730951,0.310810937025771,-0.9504717573001116,0.0,1.0,0.9504717573001116,0.310810937025771,0.0,1.0,-0.310810937025771,0.9504717573001116,0.0,1.0,-0.9504717573001116,-0.310810937025771,0.0,1.0,0.310810937025771,-0.9504717573001116,0.0,1.0,0.9504717573001116,0.310810937025771,0.0,1.0,-0.310810937025771,0.9504717573001116,0.0,1.0,1.8868424345884642,1.8868424345884642
-0.32274196854864906,0.9464869897348526,1.8994213841523873,2.1465790445672788,-0.9464869897348526,-0.32274196854864906,1.0,1.4142135623730951,0.32274196854864906,-0.9464869897348526,0.0,1.0,0.9464869897348526,0.32274196854864906,0.0,1.0,-0.32274196854864906,0.9464869897348526,0.0,1.0,-0.9464869897348526,-0.32274196854864906,0.0,1.0,0.32274196854864906,-0.9464869897348526,0.0,1.0,0.9464869897348526,0.32274196854864906,0.0,1.0,-0.32274196854864906,0.9464869897348526,0.0,1.0,1.8994213841523873,1.8994213841523873
-0.33462193329220136,0.9423524615343186,1.9120003337163105,2.157717608059795,-0.9423524615343186,-0.33462193329220136,1.0,1.4142135623730951,0.33462193329220136,-0.9423524615343186,0.0,1.0,0.9423524615343186,0.33462193329220136,0.0,1.0,-0.33462193329220136,0.9423524615343186,0.0,1.0,-0.9423524615343186,-0.33462193329220136,0.0,1.0,0.33462193329220136,-0.9423524615343186,0.0,1.0,0.9423524615343186,0.33462193329220136,0.0,1.0,-0.33462193329220136,0.9423524615343186,0.0,1.0,1.9120003337163105,1.9120003337163105
-0.3464489515147234,0.9380688268961659,1.9245792832802335,2.168871922827961,-0.9380688268961659,-0.3464489515147234,1.0,1.4142135623730951,0.3464489515147234,-0.9380688268961659,0.0,1.0,0.9380688268961659,0.3464489515147234,0.0,1.0,-0.3464489515147234,0.9380688268961659,0.0,1.0,-0.9380688268961659,-0.3464489515147234,0.0,1.0,0.3464489515147234,-0.9380688268961659,0.0,1.0,0.9380688268961659,0.3464489515147234,0.0,1.0,-0.3464489515147234,0.9380688268961659,0.0,1.0,1.9245792832802335,1.9245792832802335
-0.3582211518521272,0.9336367636108462,1.9371582328441566,2.180041747094742,-0.9336367636108462,-0.3582211518521272,1.0,1.4142135623730951,0.3582211518521272,-0.9336367636108462,0.0,1.0,0.9336367636108462,0.3582211518521272,0.0,1.0,-0.3582211518521272,0.9336367636108462,0.0,1.0,-0.9336367636108462,-0.3582211518521272,0.0,1.0,0.3582211518521272,-0.9336367636108462,0.0,1.0,0.9336367636108462,0.3582211518521272,0.0,1.0,-0.3582211518521272,0.9336367636108462,0.0,1.0,1.9371582328441566,1.9371582328441566
-0.369936671614043,0.9290569729543628,1.9497371824080796,2.1912268436801785,-0.9290569729543628,-0.369936671614043,1.0,1.4142135623730951,0.369936671614043,-0.9290569729543628,0.0,1.0,0.9290569729543628,0.369936671614043,0.0,1.0,-0.369936671614043,0.9290569729543628,0.0,1.0,-0.9290569729543628,-0.369936671614043,0.0,1.0,0.369936671614043,-0.9290569729543628,0.0,1.0,0.9290569729543628,0.369936671614043,0.0,1.0,-0.369936671614043,0.9290569729543628,0.0,1.0,1.9497371824080796,1.9497371824080796
-0.38159365707854837,0.9243301795773085,1.9623161319720028,2.202426979901391,-0.9243301795773085,-0.38159365707854837,1.0,1.4142135623730951,0.38159365707854837,-0.9243301795773085,0.0,1.0,0.9243301795773085,0.38159365707854837,0.0,1.0,-0.38159365707854837,0.9243301795773085,0.0,1.0,-0.9243301795773085,-0.38159365707854837,0.0,1.0,0.38159365707854837,-0.9243301795773085,0.0,1.0,0.9243301795773085,0.38159365707854837,0.0,1.0,-0.38159365707854837,0.9243301795773085,0.0,1.0,1.9623161319720028,1.9623161319720028
-0.3931902637854788,0.9194571313902055,1.9748950815359259,2.2136419274749004,-0.9194571313902055,-0.3931902637854788,1.0,1.4142135623730951,0.3931902637854788,-0.9194571313902055,0.0,1.0,0.9194571313902055,0.3931902637854788,0.0,1.0,-0.3931902637854788,0.9194571313902055,0.0,1.0,-0.9194571313902055,-0.3931902637854788,0.0,1.0,0.3931902637854788,-0.9194571313902055,0.0,1.0,0.9194571313902055,0.3931902637854788,0.0,1.0,-0.3931902637854788,0.9194571313902055,0.0,1.0,1.9748950815359259,1.9748950815359259
-0.40472465682827324,0.9144385994451658,1.9874740310998489,2.2248714624212074,-0.9144385994451658,-0.40472465682827324,1.0,1.4142135623730951,0.40472465682827324,-0.9144385994451658,0.0,1.0,0.9144385994451658,0.40472465682827324,0.0,1.0,-0.40472465682827324,0.9144385994451658,0.0,1.0,-0.9144385994451658,-0.40472465682827324,0.0,1.0,0.40472465682827324,-0.9144385994451658,0.0,1.0,0.9144385994451658,0.40472465682827324,0.0,1.0,-0.40472465682827324,0.9144385994451658,0.0,1.0,1.9874740310998489,1.9874740310998489
-0.4161950111443075,0.9092753778138886,2.000052980663772,2.236115364971593,-0.9092753778138886,-0.4161950111443075,1.0,1.4142135623730951,0.4161950111443075,-0.9092753778138886,0.0,1.0,0.9092753778138886,0.4161950111443075,0.0,1.0,-0.4161950111443075,0.9092753778138886,0.0,1.0,-0.9092753778138886,-0.4161950111443075,0.0,1.0,0.4161950111443075,-0.9092753778138886,0.0,1.0,0.9092753778138886,0.4161950111443075,0.0,1.0,-0.4161950111443075,0.9092753778138886,0.0,1.0,2.000052980663772,2.000052980663772
-0.42759951180366895,0.9039682834620162,2.012631930227695,2.2473734194770696,-0.9039682834620162,-0.42759951180366895,1.0,1.4142135623730951,0.42759951180366895,-0.9039682834620162,0.0,1.0,0.9039682834620162,0.42759951180366895,0.0,1.0,-0.42759951180366895,0.9039682834620162,0.0,1.0,-0.9039682834620162,-0.42759951180366895,0.0,1.0,0.42759951180366895,-0.9039682834620162,0.0,1.0,0.9039682834620162,0.42759951180366895,0.0,1.0,-0.42759951180366895,0.9039682834620162,0.0,1.0,2.012631930227695,2.012631930227695
-0.4389363542963303,0.8985181561198674,2.025210879791618,2.258645414319463,-0.8985181561198674,-0.4389363542963303,1.0,1.4142135623730951,0.4389363542963303,-0.8985181561198674,0.0,1.0,0.8985181561198674,0.4389363542963303,0.0,1.0,-0.4389363542963303,0.8985181561198674,0.0,1.0,-0.8985181561198674,-0.4389363542963303,0.0,1.0,0.4389363542963303,-0.8985181561198674,0.0,1.0,0.8985181561198674,0.4389363542963303,0.0,1.0,-0.4389363542963303,0.8985181561198674,0.0,1.0,2.025210879791618,2.025210879791618
-0.450203744817673,0.8929258581495686,2.037789829355541,2.2699311418245456,-0.8929258581495686,-0.450203744817673,1.0,1.4142135623730951,0.450203744817673,-0.8929258581495686,0.0,0.9999999999999999,0.8929258581495686,0.450203744817673,0.0,0.9999999999999999,-0.450203744817673,0.8929258581495686,0.0,0.9999999999999999,-0.8929258581495686,-0.450203744817673,0.0,0.9999999999999999,0.450203744817673,-0.8929258581495686,0.0,0.9999999999999999,0.8929258581495686,0.450203744817673,0.0,0.9999999999999999,-0.450203744817673,0.8929258581495686,0.0,0.9999999999999999,2.037789829355541,2.037789829355541
-0.46139990055231683,0.8871922744086043,2.0503687789194642,2.2812303981771973,-0.8871922744086043,-0.46139990055231683,1.0,1.4142135623730951,0.46139990055231683,-0.8871922744086043,0.0,1.0,0.8871922744086043,0.46139990055231683,0.0,1.0,-0.46139990055231683,0.8871922744086043,0.0,1.0,-0.8871922744086043,-0.46139990055231683,0.0,1.0,0.46139990055231683,-0.8871922744086043,0.0,1.0,0.8871922744086043,0.46139990055231683,0.0,1.0,-0.46139990055231683,0.8871922744086043,0.0,1.0,2.0503687789194642,2.0503687789194642
-0.47252304995621186,0.881318312109807,2.0629477284833877,2.292542983338539,-0.881318312109807,-0.47252304995621186,1.0,1.4142135623730951,0.47252304995621186,-0.881318312109807,0.0,1.0,0.881318312109807,0.47252304995621186,0.0,1.0,-0.47252304995621186,0.881318312109807,0.0,1.0,-0.881318312109807,-0.47252304995621186,0.0,1.0,0.47252304995621186,-0.881318312109807,0.0,1.0,0.881318312109807,0.47252304995621186,0.0,1.0,-0.47252304995621186,0.881318312109807,0.0,1.0,2.0629477284833877,2.0629477284833877
-0.4835714330369443,0.8753049006778131,2.0755266780473107,2.3038687009649887,-0.8753049006778131,-0.4835714330369443,1.0,1.4142135623730951,0.4835714330369443,-0.8753049006778131,0.0,1.0,0.8753049006778131,0.4835714330369443,0.0,1.0,-0.4835714330369443,0.8753049006778131,0.0,1.0,-0.8753049006778131,-0.4835714330369443,0.0,1.0,0.4835714330369443,-0.8753049006778131,0.0,1.0,0.8753049006778131,0.4835714330369443,0.0,1.0,-0.4835714330369443,0.8753049006778131,0.0,1.0,2.0755266780473107,2.0755266780473107
-0.4945433016322186,0.869152991601999,2.0881056276112337,2.3152073583292068,-0.869152991601999,-0.4945433016322186,1.0,1.4142135623730951,0.4945433016322186,-0.869152991601999,0.0,1.0,0.869152991601999,0.4945433016322186,0.0,1.0,-0.4945433016322186,0.869152991601999,0.0,1.0,-0.869152991601999,-0.4945433016322186,0.0,1.0,0.4945433016322186,-0.869152991601999,0.0,1.0,0.869152991601999,0.4945433016322186,0.0,1.0,-0.4945433016322186,0.869152991601999,0.0,1.0,2.0881056276112337,2.0881056276112337
-0.5054369196864643,0.8628635582859312,2.1006845771751568,2.326558766242875,-0.8628635582859312,-0.5054369196864643,1.0,1.4142135623730951,0.5054369196864643,-0.8628635582859312,0.0,1.0,0.8628635582859312,0.5054369196864643,0.0,1.0,-0.5054369196864643,0.8628635582859312,0.0,1.0,-0.8628635582859312,-0.5054369196864643,0.0,1.0,0.5054369196864643,-0.8628635582859312,0.0,1.0,0.8628635582859312,0.5054369196864643,0.0,1.0,-0.5054369196864643,0.8628635582859312,0.0,1.0,2.1006845771751568,2.1006845771751568
-0.5162505635255284,0.856437595893346,2.11326352673908,2.337922738981272,-0.856437595893346,-0.5162505635255284,1.0,1.4142135623730951,0.5162505635255284,-0.856437595893346,0.0,0.9999999999999999,0.856437595893346,0.5162505635255284,0.0,0.9999999999999999,-0.5162505635255284,0.856437595893346,0.0,0.9999999999999999,-0.856437595893346,-0.5162505635255284,0.0,0.9999999999999999,0.5162505635255284,-0.856437595893346,0.0,0.9999999999999999,0.856437595893346,0.5162505635255284,0.0,0.9999999999999999,-0.5162505635255284,0.856437595893346,0.0,0.9999999999999999,2.11326352673908,2.11326352673908
-0.5269825221294092,0.8498761211906867,2.125842476303003,2.349299094209608,-0.8498761211906867,-0.5269825221294092,1.0,1.4142135623730951,0.5269825221294092,-0.8498761211906867,0.0,1.0,0.8498761211906867,0.5269825221294092,0.0,1.0,-0.5269825221294092,0.8498761211906867,0.0,1.0,-0.8498761211906867,-0.5269825221294092,0.0,1.0,0.5269825221294092,-0.8498761211906867,0.0,1.0,0.8498761211906867,0.5269825221294092,0.0,1.0,-0.5269825221294092,0.8498761211906867,0.0,1.0,2.125842476303003,2.125842476303003
-0.5376310974029872,0.8431801723862224,2.1384214258669263,2.3606876529110616,-0.8431801723862224,-0.5376310974029872,1.0,1.4142135623730951,0.5376310974029872,-0.8431801723862224,0.0,1.0,0.8431801723862224,0.5376310974029872,0.0,1.0,-0.5376310974029872,0.8431801723862224,0.0,1.0,-0.8431801723862224,-0.5376310974029872,0.0,1.0,0.5376310974029872,-0.8431801723862224,0.0,1.0,0.8431801723862224,0.5376310974029872,0.0,1.0,-0.5376310974029872,0.8431801723862224,0.0,1.0,2.1384214258669263,2.1384214258669263
-0.5481946044447097,0.8363508089657762,2.1510003754308493,2.3720882393165006,-0.8363508089657762,-0.5481946044447097,1.0,1.4142135623730951,0.5481946044447097,-0.8363508089657762,0.0,1.0,0.8363508089657762,0.5481946044447097,0.0,1.0,-0.5481946044447097,0.8363508089657762,0.0,1.0,-0.8363508089657762,-0.5481946044447097,0.0,1.0,0.5481946044447097,-0.8363508089657762,0.0,1.0,0.8363508089657762,0.5481946044447097,0.0,1.0,-0.5481946044447097,0.8363508089657762,0.0,1.0,2.1510003754308493,2.1510003754308493
-0.5586713718131919,0.8293891115250829,2.1635793249947723,2.3835006808358234,-0.8293891115250829,-0.5586713718131919,1.0,1.4142135623730951,0.5586713718131919,-0.8293891115250829,0.0,1.0,0.8293891115250829,0.5586713718131919,0.0,1.0,-0.5586713718131919,0.8293891115250829,0.0,1.0,-0.8293891115250829,-0.5586713718131919,0.0,1.0,0.5586713718131919,-0.8293891115250829,0.0,1.0,0.8293891115250829,0.5586713718131919,0.0,1.0,-0.5586713718131919,0.8293891115250829,0.0,1.0,2.1635793249947723,2.1635793249947723
-0.5690597417916836,0.8222961815988096,2.1761582745586954,2.394924807990906,-0.8222961815988096,-0.5690597417916836,1.0,1.4142135623730951,0.5690597417916836,-0.8222961815988096,0.0,1.0,0.8222961815988096,0.5690597417916836,0.0,1.0,-0.5690597417916836,0.8222961815988096,0.0,1.0,-0.8222961815988096,-0.5690597417916836,0.0,1.0,0.5690597417916836,-0.8222961815988096,0.0,1.0,0.8222961815988096,0.5690597417916836,0.0,1.0,-0.5690597417916836,0.8222961815988096,0.0,1.0,2.1761582745586954,2.1761582745586954
-0.5793580706503667,0.8150731414862624,2.1887372241226184,2.406360454350093,-0.8150731414862624,-0.5793580706503667,1.0,1.4142135623730951,0.5793580706503667,-0.8150731414862624,0.0,1.0,0.8150731414862624,0.5793580706503667,0.0,1.0,-0.5793580706503667,0.8150731414862624,0.0,1.0,-0.8150731414862624,-0.5793580706503667,0.0,1.0,0.5793580706503667,-0.8150731414862624,0.0,1.0,0.8150731414862624,0.5793580706503667,0.0,1.0,-0.5793580706503667,0.8150731414862624,0.0,1.0,2.1887372241226184,2.1887372241226184
-0.5895647289064391,0.8077211340738071,2.2013161736865414,2.4178074564642147,-0.8077211340738071,-0.5895647289064391,1.0,1.4142135623730951,0.5895647289064391,-0.8077211340738071,0.0,1.0,0.8077211340738071,0.5895647289064391,0.0,1.0,-0.5895647289064391,0.8077211340738071,0.0,1.0,-0.8077211340738071,-0.5895647289064391,0.0,1.0,0.5895647289064391,-0.8077211340738071,0.0,1.0,0.8077211340738071,0.5895647289064391,0.0,1.0,-0.5895647289064391,0.8077211340738071,0.0,1.0,2.2013161736865414,2.2013161736865414
-0.5996781015819448,0.800241322654032,2.213895123250465,2.4292656538040855,-0.800241322654032,-0.5996781015819448,1.0,1.414213562373095,0.5996781015819448,-0.800241322654032,0.0,0.9999999999999999,0.800241322654032,0.5996781015819448,0.0,0.9999999999999999,-0.5996781015819448,0.800241322654032,0.0,0.9999999999999999,-0.800241322654032,-0.5996781015819448,0.0,0.9999999999999999,0.5996781015819448,-0.800241322654032,0.0,0.9999999999999999,0.800241322654032,0.5996781015819448,0.0,0.9999999999999999,-0.5996781015819448,0.800241322654032,0.0,0.9999999999999999,2.213895123250465,2.213895123250465
-0.6096965884593069,0.7926348907416848,2.226474072814388,2.440734888699444,-0.7926348907416848,-0.6096965884593069,1.0,1.4142135623730951,0.6096965884593069,-0.7926348907416848,0.0,1.0,0.7926348907416848,0.6096965884593069,0.0,1.0,-0.6096965884593069,0.7926348907416848,0.0,1.0,-0.7926348907416848,-0.6096965884593069,0.0,1.0,0.6096965884593069,-0.7926348907416848,0.0,1.0,0.7926348907416848,0.6096965884593069,0.0,1.0,-0.6096965884593069,0.7926348907416848,0.0,1.0,2.226474072814388,2.226474072814388
-0.6196186043345285,0.7849030418864046,2.239053022378311,2.4522150062793124,-0.7849030418864046,-0.6196186043345285,1.0,1.4142135623730951,0.6196186043345285,-0.7849030418864046,0.0,1.0,0.7849030418864046,0.6196186043345285,0.0,1.0,-0.6196186043345285,0.7849030418864046,0.0,1.0,-0.7849030418864046,-0.6196186043345285,0.0,1.0,0.6196186043345285,-0.7849030418864046,0.0,1.0,0.7849030418864046,0.6196186043345285,0.0,1.0,-0.6196186043345285,0.7849030418864046,0.0,1.0,2.239053022378311,2.239053022378311
-0.6294425792680156,0.7770469994822886,2.251631971942234,2.463705854413727,-0.7770469994822886,-0.6294425792680156,1.0,1.4142135623730951,0.6294425792680156,-0.7770469994822886,0.0,1.0,0.7770469994822886,0.6294425792680156,0.0,1.0,-0.6294425792680156,0.7770469994822886,0.0,1.0,-0.7770469994822886,-0.6294425792680156,0.0,1.0,0.6294425792680156,-0.7770469994822886,0.0,1.0,0.7770469994822886,0.6294425792680156,0.0,1.0,-0.6294425792680156,0.7770469994822886,0.0,1.0,2.251631971942234,2.251631971942234
-0.6391669588329847,0.769068006574317,2.264210921506157,2.4752072836568173,-0.769068006574317,-0.6391669588329847,1.0,1.4142135623730951,0.6391669588329847,-0.769068006574317,0.0,1.0,0.769068006574317,0.6391669588329847,0.0,1.0,-0.6391669588329847,0.769068006574317,0.0,1.0,-0.769068006574317,-0.6391669588329847,0.0,1.0,0.6391669588329847,-0.769068006574317,0.0,1.0,0.769068006574317,0.6391669588329847,0.0,1.0,-0.6391669588329847,0.769068006574317,0.0,1.0,2.264210921506157,2.264210921506157
-0.648790204361417,0.7609673256616678,2.27678987107008,2.4867191471911965,-0.7609673256616678,-0.648790204361417,1.0,1.4142135623730951,0.648790204361417,-0.7609673256616678,0.0,1.0,0.7609673256616678,0.648790204361417,0.0,1.0,-0.648790204361417,0.7609673256616678,0.0,1.0,-0.7609673256616678,-0.648790204361417,0.0,1.0,0.648790204361417,-0.7609673256616678,0.0,1.0,0.7609673256616678,0.648790204361417,0.0,1.0,-0.648790204361417,0.7609673256616678,0.0,1.0,2.27678987107008,2.27678987107008
-0.6583107931875185,0.7527462384979551,2.289368820634003,2.4982413007736315,-0.7527462384979551,-0.6583107931875185,1.0,1.4142135623730951,0.6583107931875185,-0.7527462384979551,0.0,1.0,0.7527462384979551,0.6583107931875185,0.0,1.0,-0.6583107931875185,0.7527462384979551,0.0,1.0,-0.7527462384979551,-0.6583107931875185,0.0,1.0,0.6583107931875185,-0.7527462384979551,0.0,1.0,0.7527462384979551,0.6583107931875185,0.0,1.0,-0.6583107931875185,0.7527462384979551,0.0,1.0,2.289368820634003,2.289368820634003
-0.6677272188886484,0.744406045888419,2.3019477701979265,2.509773602681964,-0.744406045888419,-0.6677272188886484,1.0,1.4142135623730951,0.6677272188886484,-0.744406045888419,0.0,0.9999999999999999,0.744406045888419,0.6677272188886484,0.0,0.9999999999999999,-0.6677272188886484,0.744406045888419,0.0,0.9999999999999999,-0.744406045888419,-0.6677272188886484,0.0,0.9999999999999999,0.6677272188886484,-0.744406045888419,0.0,0.9999999999999999,0.744406045888419,0.6677272188886484,0.0,0.9999999999999999,-0.6677272188886484,0.744406045888419,0.0,0.9999999999999999,2.3019477701979265,2.3019477701979265
-0.6770379915236762,0.7359480674841035,2.3145267197618495,2.5213159136632495,-0.7359480674841035,-0.6770379915236762,1.0,1.4142135623730951,0.6770379915236762,-0.7359480674841035,0.0,1.0,0.7359480674841035,0.6770379915236762,0.0,1.0,-0.6770379915236762,0.7359480674841035,0.0,1.0,-0.7359480674841035,-0.6770379915236762,0.0,1.0,0.6770379915236762,-0.7359480674841035,0.0,1.0,0.7359480674841035,0.6770379915236762,0.0,1.0,-0.6770379915236762,0.7359480674841035,0.0,1.0,2.3145267197618495,2.3145267197618495
-0.6862416378687335,0.7273736415730488,2.3271056693257726,2.532868096883087,-0.7273736415730488,-0.6862416378687335,1.0,1.4142135623730951,0.6862416378687335,-0.7273736415730488,0.0,1.0,0.7273736415730488,0.6862416378687335,0.0,1.0,-0.6862416378687335,0.7273736415730488,0.0,1.0,-0.7273736415730488,-0.6862416378687335,0.0,1.0,0.6862416378687335,-0.7273736415730488,0.0,1.0,0.7273736415730488,0.6862416378687335,0.0,1.0,-0.6862416378687335,0.7273736415730488,0.0,1.0,2.3271056693257726,2.3271056693257726
-0.6953367016503177,0.7186841248685385,2.3396846188896956,2.5444300178761097,-0.7186841248685385,-0.6953367016503177,1.0,1.4142135623730951,0.6953367016503177,-0.7186841248685385,0.0,1.0,0.7186841248685385,0.6953367016503177,0.0,1.0,-0.6953367016503177,0.7186841248685385,0.0,1.0,-0.7186841248685385,-0.6953367016503177,0.0,1.0,0.6953367016503177,-0.7186841248685385,0.0,1.0,0.7186841248685385,0.6953367016503177,0.0,1.0,-0.6953367016503177,0.7186841248685385,0.0,1.0,2.3396846188896956,2.3396846188896956
-0.7043217437757161,0.7098808922944289,2.3522635684536186,2.5560015444976067,-0.7098808922944289,-0.7043217437757161,1.0,1.4142135623730951,0.7043217437757161,-0.7098808922944289,0.0,1.0,0.7098808922944289,0.7043217437757161,0.0,1.0,-0.7043217437757161,0.7098808922944289,0.0,1.0,-0.7098808922944289,-0.7043217437757161,0.0,1.0,0.7043217437757161,-0.7098808922944289,0.0,1.0,0.7098808922944289,0.7043217437757161,0.0,1.0,-0.7043217437757161,0.7098808922944289,0.0,1.0,2.3522635684536186,2.3522635684536186
-0.7131953425607098,0.7009653367675978,2.3648425180175416,2.5675825468762534,-0.7009653367675978,-0.7131953425607098,1.0,1.4142135623730951,0.7131953425607098,-0.7009653367675978,0.0,1.0,0.7009653367675978,0.7131953425607098,0.0,1.0,-0.7131953425607098,0.7009653367675978,0.0,1.0,-0.7009653367675978,-0.7131953425607098,0.0,1.0,0.7131953425607098,-0.7009653367675978,0.0,1.0,0.7009653367675978,0.7131953425607098,0.0,1.0,-0.7131953425607098,0.7009653367675978,0.0,1.0,2.3648425180175416,2.3648425180175416
-0.7219560939545244,0.6919388689775462,2.377421467581465,2.5791728973679153,-0.6919388689775462,-0.7219560939545244,1.0,1.4142135623730951,0.7219560939545244,-0.6919388689775462,0.0,1.0,0.6919388689775462,0.7219560939545244,0.0,1.0,-0.7219560939545244,0.6919388689775462,0.0,1.0,-0.6919388689775462,-0.7219560939545244,0.0,1.0,0.7219560939545244,-0.6919388689775462,0.0,1.0,0.6919388689775462,0.7219560939545244,0.0,1.0,-0.7219560939545244,0.6919388689775462,0.0,1.0,2.377421467581465,2.377421467581465
-0.7306026117619886,0.6828029171631891,2.390000417145388,2.5907724705105095,-0.6828029171631891,-0.7306026117619886,1.0,1.414213562373095,0.7306026117619886,-0.6828029171631891,0.0,0.9999999999999999,0.6828029171631891,0.7306026117619886,0.0,0.9999999999999999,-0.7306026117619886,0.6828029171631891,0.0,0.9999999999999999,-0.6828029171631891,-0.7306026117619886,0.0,0.9999999999999999,0.7306026117619886,-0.6828029171631891,0.0,0.9999999999999999,0.6828029171631891,0.7306026117619886,0.0,0.9999999999999999,-0.7306026117619886,0.6828029171631891,0.0,0.9999999999999999,2.390000417145388,2.390000417145388
-0.739133527862871,0.673558926886866,2.402579366709311,2.602381142979889,-0.673558926886866,-0.739133527862871,1.0,1.4142135623730951,0.739133527862871,-0.673558926886866,0.0,1.0,0.673558926886866,0.739133527862871,0.0,1.0,-0.739133527862871,0.673558926886866,0.0,1.0,-0.673558926886866,-0.739133527862871,0.0,1.0,0.739133527862871,-0.673558926886866,0.0,1.0,0.673558926886866,0.739133527862871,0.0,1.0,-0.739133527862871,0.673558926886866,0.0,1.0,2.402579366709311,2.402579366709311
-0.7475474924283534,0.6642083608056142,2.415158316273234,2.6139987935467306,-0.6642083608056142,-0.7475474924283534,1.0,1.4142135623730951,0.7475474924283534,-0.6642083608056142,0.0,1.0,0.6642083608056142,0.7475474924283534,0.0,1.0,-0.7475474924283534,0.6642083608056142,0.0,1.0,-0.6642083608056142,-0.7475474924283534,0.0,1.0,0.7475474924283534,-0.6642083608056142,0.0,1.0,0.6642083608056142,0.7475474924283534,0.0,1.0,-0.7475474924283534,0.6642083608056142,0.0,1.0,2.415158316273234,2.415158316273234
-0.7558431741346118,0.6547526984397353,2.427737265837157,2.6256253030343983,-0.6547526984397353,-0.7558431741346118,1.0,1.4142135623730951,0.7558431741346118,-0.6547526984397353,0.0,0.9999999999999999,0.6547526984397353,0.7558431741346118,0.0,0.9999999999999999,-0.7558431741346118,0.6547526984397353,0.0,0.9999999999999999,-0.6547526984397353,-0.7558431741346118,0.0,0.9999999999999999,0.7558431741346118,-0.6547526984397353,0.0,0.9999999999999999,0.6547526984397353,0.7558431741346118,0.0,0.9999999999999999,-0.7558431741346118,0.6547526984397353,0.0,0.9999999999999999,2.427737265837157,2.427737265837157
-0.764019260373469,0.6451934359386937,2.4403162154010802,2.6372605542777627,-0.6451934359386937,-0.764019260373469,1.0,1.4142135623730951,0.764019260373469,-0.6451934359386937,0.0,0.9999999999999999,0.6451934359386937,0.764019260373469,0.0,0.9999999999999999,-0.764019260373469,0.6451934359386937,0.0,0.9999999999999999,-0.6451934359386937,-0.764019260373469,0.0,0.9999999999999999,0.764019260373469,-0.6451934359386937,0.0,0.9999999999999999,0.6451934359386937,0.764019260373469,0.0,0.9999999999999999,-0.764019260373469,0.6451934359386937,0.0,0.9999999999999999,2.4403162154010802,2.4403162154010802
-0.7720744574600859,0.6355320858443845,2.4528951649650033,2.648904432082949,-0.6355320858443845,-0.7720744574600859,1.0,1.4142135623730951,0.7720744574600859,-0.6355320858443845,0.0,1.0,0.6355320858443845,0.7720744574600859,0.0,1.0,-0.7720744574600859,0.6355320858443845,0.0,1.0,-0.6355320858443845,-0.7720744574600859,0.0,1.0,0.7720744574600859,-0.6355320858443845,0.0,1.0,0.6355320858443845,0.7720744574600859,0.0,1.0,-0.7720744574600859,0.6355320858443845,0.0,1.0,2.4528951649650033,2.4528951649650033
-0.7800074908376582,0.6257701768518059,2.4654741145289267,2.660556823187995,-0.6257701768518059,-0.7800074908376582,1.0,1.4142135623730951,0.7800074908376582,-0.6257701768518059,0.0,0.9999999999999999,0.6257701768518059,0.7800074908376582,0.0,0.9999999999999999,-0.7800074908376582,0.6257701768518059,0.0,0.9999999999999999,-0.6257701768518059,-0.7800074908376582,0.0,0.9999999999999999,0.7800074908376582,-0.6257701768518059,0.0,0.9999999999999999,0.6257701768518059,0.7800074908376582,0.0,0.9999999999999999,-0.7800074908376582,0.6257701768518059,0.0,0.9999999999999999,2.4654741145289267,2.4654741145289267
-0.7878171052790867,0.6159092535671797,2.4780530640928498,2.67221761622439,-0.6159092535671797,-0.7878171052790867,1.0,1.4142135623730951,0.7878171052790867,-0.6159092535671797,0.0,1.0,0.6159092535671797,0.7878171052790867,0.0,1.0,-0.7878171052790867,0.6159092535671797,0.0,1.0,-0.6159092535671797,-0.7878171052790867,0.0,1.0,0.7878171052790867,-0.6159092535671797,0.0,1.0,0.6159092535671797,0.7878171052790867,0.0,1.0,-0.7878171052790867,0.6159092535671797,0.0,1.0,2.4780530640928498,2.4780530640928498
-0.7955020650855897,0.6059508762635484,2.490632013656773,2.6838867016794863,-0.6059508762635484,-0.7955020650855897,1.0,1.4142135623730951,0.7955020650855897,-0.6059508762635484,0.0,0.9999999999999999,0.6059508762635484,0.7955020650855897,0.0,0.9999999999999999,-0.7955020650855897,0.6059508762635484,0.0,0.9999999999999999,-0.6059508762635484,-0.7955020650855897,0.0,0.9999999999999999,0.7955020650855897,-0.6059508762635484,0.0,0.9999999999999999,0.6059508762635484,0.7955020650855897,0.0,0.9999999999999999,-0.7955020650855897,0.6059508762635484,0.0,0.9999999999999999,2.490632013656773,2.490632013656773
-0.8030611542822255,0.5958966206338979,2.503210963220696,2.695563971859745,-0.5958966206338979,-0.8030611542822255,1.0,1.4142135623730951,0.8030611542822255,-0.5958966206338979,0.0,1.0,0.5958966206338979,0.8030611542822255,0.0,1.0,-0.8030611542822255,0.5958966206338979,0.0,1.0,-0.5958966206338979,-0.8030611542822255,0.0,1.0,0.8030611542822255,-0.5958966206338979,0.0,1.0,0.5958966206338979,0.8030611542822255,0.0,1.0,-0.8030611542822255,0.5958966206338979,0.0,1.0,2.503210963220696,2.503210963220696
-0.8104931768102918,0.5857480775418397,2.515789912784619,2.707249320854812,-0.5857480775418397,-0.8104931768102918,1.0,1.4142135623730951,0.8104931768102918,-0.5857480775418397,0.0,0.9999999999999999,0.5857480775418397,0.8104931768102918,0.0,0.9999999999999999,-0.8104931768102918,0.5857480775418397,0.0,0.9999999999999999,-0.5857480775418397,-0.8104931768102918,0.0,0.9999999999999999,0.8104931768102918,-0.5857480775418397,0.0,0.9999999999999999,0.5857480775418397,0.8104931768102918,0.0,0.9999999999999999,-0.8104931768102918,0.5857480775418397,0.0,0.9999999999999999,2.515789912784619,2.515789912784619
-0.8177969567165775,0.5755068527698903,2.528368862348542,2.7189426445023916,-0.5755068527698903,-0.8177969567165775,1.0,1.4142135623730951,0.8177969567165775,-0.5755068527698903,0.0,1.0,0.5755068527698903,0.8177969567165775,0.0,1.0,-0.8177969567165775,0.5755068527698903,0.0,1.0,-0.5755068527698903,-0.8177969567165775,0.0,1.0,0.8177969567165775,-0.5755068527698903,0.0,1.0,0.5755068527698903,0.8177969567165775,0.0,1.0,-0.8177969567165775,0.5755068527698903,0.0,1.0,2.528368862348542,2.528368862348542
-0.8249713383394301,0.5651745667653928,2.5409478119124653,2.7306438403539093,-0.5651745667653928,-0.8249713383394301,1.0,1.4142135623730951,0.8249713383394301,-0.5651745667653928,0.0,1.0,0.5651745667653928,0.8249713383394301,0.0,1.0,-0.8249713383394301,0.5651745667653928,0.0,1.0,-0.5651745667653928,-0.8249713383394301,0.0,1.0,0.8249713383394301,-0.5651745667653928,0.0,1.0,0.5651745667653928,0.8249713383394301,0.0,1.0,-0.8249713383394301,0.5651745667653928,0.0,1.0,2.5409478119124653,2.5409478119124653
-0.8320151864916135,0.5547528543841173,2.5535267614763884,2.74235280764093,-0.5547528543841173,-0.8320151864916135,1.0,1.4142135623730951,0.8320151864916135,-0.5547528543841173,0.0,1.0,0.5547528543841173,0.8320151864916135,0.0,1.0,-0.8320151864916135,0.5547528543841173,0.0,1.0,-0.5547528543841173,-0.8320151864916135,0.0,1.0,0.8320151864916135,-0.5547528543841173,0.0,1.0,0.5547528543841173,0.8320151864916135,0.0,1.0,-0.8320151864916135,0.5547528543841173,0.0,1.0,2.5535267614763884,2.5535267614763884
-0.8389273866399272,0.5442433646315792,2.5661057110403114,2.7540694472423355,-0.5442433646315792,-0.8389273866399272,1.0,1.4142135623730951,0.8389273866399272,-0.5442433646315792,0.0,0.9999999999999999,0.5442433646315792,0.8389273866399272,0.0,0.9999999999999999,-0.8389273866399272,0.5442433646315792,0.0,0.9999999999999999,-0.5442433646315792,-0.8389273866399272,0.0,0.9999999999999999,0.8389273866399272,-0.5442433646315792,0.0,0.9999999999999999,0.5442433646315792,0.8389273866399272,0.0,0.9999999999999999,-0.8389273866399272,0.5442433646315792,0.0,0.9999999999999999,2.5661057110403114,2.5661057110403114
-0.8457068450815559,0.5336477604021226,2.5786846606042344,2.7657936616522165,-0.5336477604021226,-0.8457068450815559,1.0,1.4142135623730951,0.8457068450815559,-0.5336477604021226,0.0,1.0,0.5336477604021226,0.8457068450815559,0.0,1.0,-0.8457068450815559,0.5336477604021226,0.0,1.0,-0.5336477604021226,-0.8457068450815559,0.0,1.0,0.8457068450815559,-0.5336477604021226,0.0,1.0,0.5336477604021226,0.8457068450815559,0.0,1.0,-0.8457068450815559,0.5336477604021226,0.0,1.0,2.5786846606042344,2.5786846606042344
-0.8523524891171238,0.5229677182158028,2.5912636101681574,2.777525354948486,-0.5229677182158028,-0.8523524891171238,1.0,1.4142135623730951,0.8523524891171238,-0.5229677182158028,0.0,1.0,0.5229677182158028,0.8523524891171238,0.0,1.0,-0.8523524891171238,0.5229677182158028,0.0,1.0,-0.5229677182158028,-0.8523524891171238,0.0,1.0,0.8523524891171238,-0.5229677182158028,0.0,1.0,0.5229677182158028,0.8523524891171238,0.0,1.0,-0.8523524891171238,0.5229677182158028,0.0,1.0,2.5912636101681574,2.5912636101681574
-0.8588632672204258,0.5122049279531147,2.6038425597320805,2.789264432762178,-0.5122049279531147,-0.8588632672204258,1.0,1.4142135623730951,0.8588632672204258,-0.5122049279531147,0.0,1.0,0.5122049279531147,0.8588632672204258,0.0,1.0,-0.8588632672204258,0.5122049279531147,0.0,1.0,-0.5122049279531147,-0.8588632672204258,0.0,1.0,0.8588632672204258,-0.5122049279531147,0.0,1.0,0.5122049279531147,0.8588632672204258,0.0,1.0,-0.8588632672204258,0.5122049279531147,0.0,1.0,2.6038425597320805,2.6038425597320805
-0.865238149204808,0.5013610925876063,2.6164215092960035,2.8010108022474274,-0.5013610925876063,-0.865238149204808,1.0,1.4142135623730951,0.865238149204808,-0.5013610925876063,0.0,1.0,0.5013610925876063,0.865238149204808,0.0,1.0,-0.865238149204808,0.5013610925876063,0.0,1.0,-0.5013610925876063,-0.865238149204808,0.0,1.0,0.865238149204808,-0.5013610925876063,0.0,1.0,0.5013610925876063,0.865238149204808,0.0,1.0,-0.865238149204808,0.5013610925876063,0.0,1.0,2.6164215092960035,2.6164215092960035
-0.8714761263861723,0.4904379279164206,2.629000458859927,2.812764372052111,-0.4904379279164206,-0.8714761263861723,1.0,1.4142135623730951,0.8714761263861723,-0.4904379279164206,0.0,1.0,0.4904379279164206,0.8714761263861723,0.0,1.0,-0.8714761263861723,0.4904379279164206,0.0,1.0,-0.4904379279164206,-0.8714761263861723,0.0,1.0,0.8714761263861723,-0.4904379279164206,0.0,1.0,0.4904379279164206,0.8714761263861723,0.0,1.0,-0.8714761263861723,0.4904379279164206,0.0,1.0,2.629000458859927,2.629000458859927
-0.8775762117425775,0.47943716228880995,2.64157940842385,2.824525052289127,-0.47943716228880995,-0.8775762117425775,1.0,1.4142135623730951,0.8775762117425775,-0.47943716228880995,0.0,0.9999999999999999,0.47943716228880995,0.8775762117425775,0.0,0.9999999999999999,-0.8775762117425775,0.47943716228880995,0.0,0.9999999999999999,-0.47943716228880995,-0.8775762117425775,0.0,0.9999999999999999,0.8775762117425775,-0.47943716228880995,0.0,0.9999999999999999,0.47943716228880995,0.8775762117425775,0.0,0.9999999999999999,-0.8775762117425775,0.47943716228880995,0.0,0.9999999999999999,2.64157940842385,2.64157940842385
-0.8835374400704151,0.4683605363326608,2.654158357987773,2.8362927545083125,-0.4683605363326608,-0.8835374400704151,1.0,1.4142135623730951,0.8835374400704151,-0.4683605363326608,0.0,1.0,0.4683605363326608,0.8835374400704151,0.0,1.0,-0.8835374400704151,0.4683605363326608,0.0,1.0,-0.4683605363326608,-0.8835374400704151,0.0,1.0,0.8835374400704151,-0.4683605363326608,0.0,1.0,0.4683605363326608,0.8835374400704151,0.0,1.0,-0.8835374400704151,0.4683605363326608,0.0,1.0,2.654158357987773,2.654158357987773
-0.8893588681371302,0.4572098026790794,2.666737307551696,2.8480673916689665,-0.4572098026790794,-0.8893588681371302,1.0,1.4142135623730951,0.8893588681371302,-0.4572098026790794,0.0,1.0,0.4572098026790794,0.8893588681371302,0.0,1.0,-0.8893588681371302,0.4572098026790794,0.0,1.0,-0.4572098026790794,-0.8893588681371302,0.0,1.0,0.8893588681371302,-0.4572098026790794,0.0,1.0,0.4572098026790794,0.8893588681371302,0.0,1.0,-0.8893588681371302,0.4572098026790794,0.0,1.0,2.666737307551696,2.666737307551696
-0.8950395748304677,0.44598672568507636,2.679316257115619,2.8598488781129765,-0.44598672568507636,-0.8950395748304677,1.0,1.4142135623730951,0.8950395748304677,-0.44598672568507636,0.0,1.0,0.44598672568507636,0.8950395748304677,0.0,1.0,-0.8950395748304677,0.44598672568507636,0.0,1.0,-0.44598672568507636,-0.8950395748304677,0.0,1.0,0.8950395748304677,-0.44598672568507636,0.0,1.0,0.44598672568507636,0.8950395748304677,0.0,1.0,-0.8950395748304677,0.44598672568507636,0.0,1.0,2.679316257115619,2.679316257115619
-0.9005786613042182,0.4346930811543961,2.691895206679542,2.8716371295385312,-0.4346930811543961,-0.9005786613042182,1.0,1.4142135623730951,0.9005786613042182,-0.4346930811543961,0.0,1.0,0.4346930811543961,0.9005786613042182,0.0,1.0,-0.9005786613042182,0.4346930811543961,0.0,1.0,-0.4346930811543961,-0.9005786613042182,0.0,1.0,0.9005786613042182,-0.4346930811543961,0.0,1.0,0.4346930811543961,0.9005786613042182,0.0,1.0,-0.9005786613042182,0.4346930811543961,0.0,1.0,2.691895206679542,2.691895206679542
-0.9059752511204399,0.4233306560565345,2.7044741562434655,2.8834320629744,-0.4233306560565345,-0.9059752511204399,1.0,1.4142135623730951,0.9059752511204399,-0.4233306560565345,0.0,1.0,0.4233306560565345,0.9059752511204399,0.0,1.0,-0.9059752511204399,0.4233306560565345,0.0,1.0,-0.4233306560565345,-0.9059752511204399,0.0,1.0,0.9059752511204399,-0.4233306560565345,0.0,1.0,0.4233306560565345,0.9059752511204399,0.0,1.0,-0.9059752511204399,0.4233306560565345,0.0,1.0,2.7044741562434655,2.7044741562434655
-0.9112284903881356,0.4119012482439928,2.7170531058073886,2.8952335967547724,-0.4119012482439928,-0.9112284903881356,1.0,1.4142135623730951,0.9112284903881356,-0.4119012482439928,0.0,0.9999999999999999,0.4119012482439928,0.9112284903881356,0.0,0.9999999999999999,-0.9112284903881356,0.4119012482439928,0.0,0.9999999999999999,-0.4119012482439928,-0.9112284903881356,0.0,0.9999999999999999,0.9112284903881356,-0.4119012482439928,0.0,0.9999999999999999,0.4119012482439928,0.9112284903881356,0.0,0.9999999999999999,-0.9112284903881356,0.4119012482439928,0.0,0.9999999999999999,2.7170531058073886,2.7170531058073886
-0.916337547898363,0.40040666616780407,2.7296320553713116,2.9070416504946417,-0.40040666616780407,-0.916337547898363,1.0,1.4142135623730951,0.916337547898363,-0.40040666616780407,0.0,1.0,0.40040666616780407,0.916337547898363,0.0,1.0,-0.916337547898363,0.40040666616780407,0.0,1.0,-0.40040666616780407,-0.916337547898363,0.0,1.0,0.916337547898363,-0.40040666616780407,0.0,1.0,0.40040666616780407,0.916337547898363,0.0,1.0,-0.916337547898363,0.40040666616780407,0.0,1.0,2.7296320553713116,2.7296320553713116
-0.9213016152557539,0.3888487285913878,2.7422110049352346,2.918856145065719,-0.3888487285913878,-0.9213016152557539,1.0,1.4142135623730951,0.9213016152557539,-0.3888487285913878,0.0,1.0,0.3888487285913878,0.9213016152557539,0.0,1.0,-0.9213016152557539,0.3888487285913878,0.0,1.0,-0.3888487285913878,-0.9213016152557539,0.0,1.0,0.9213016152557539,-0.3888487285913878,0.0,1.0,0.3888487285913878,0.9213016152557539,0.0,1.0,-0.9213016152557539,0.3888487285913878,0.0,1.0,2.7422110049352346,2.7422110049352346
-0.9261199070064258,0.37722926430277026,2.7547899544991576,2.930677002572865,-0.37722926430277026,-0.9261199070064258,1.0,1.4142135623730951,0.9261199070064258,-0.37722926430277026,0.0,1.0,0.37722926430277026,0.9261199070064258,0.0,1.0,-0.9261199070064258,0.37722926430277026,0.0,1.0,-0.37722926430277026,-0.9261199070064258,0.0,1.0,0.9261199070064258,-0.37722926430277026,0.0,1.0,0.37722926430277026,0.9261199070064258,0.0,1.0,-0.9261199070064258,0.37722926430277026,0.0,1.0,2.7547899544991576,2.7547899544991576
-0.9307916607622618,0.36555011182521946,2.7673689040630807,2.9425041463310286,-0.36555011182521946,-0.9307916607622618,1.0,1.4142135623730951,0.9307916607622618,-0.36555011182521946,0.0,1.0,0.36555011182521946,0.9307916607622618,0.0,1.0,-0.9307916607622618,0.36555011182521946,0.0,1.0,-0.36555011182521946,-0.9307916607622618,0.0,1.0,0.9307916607622618,-0.36555011182521946,0.0,1.0,0.36555011182521946,0.9307916607622618,0.0,1.0,-0.9307916607622618,0.36555011182521946,0.0,1.0,2.7673689040630807,2.7673689040630807
-0.9353161373215428,0.3538131191263388,2.779947853627004,2.9543375008426827,-0.3538131191263388,-0.9353161373215428,1.0,1.4142135623730951,0.9353161373215428,-0.3538131191263388,0.0,1.0,0.3538131191263388,0.9353161373215428,0.0,1.0,-0.9353161373215428,0.3538131191263388,0.0,1.0,-0.3538131191263388,-0.9353161373215428,0.0,1.0,0.9353161373215428,-0.3538131191263388,0.0,1.0,0.3538131191263388,0.9353161373215428,0.0,1.0,-0.9353161373215428,0.3538131191263388,0.0,1.0,2.779947853627004,2.779947853627004
-0.9396926207859083,0.3420201433256689,2.792526803190927,2.9661769917757335,-0.3420201433256689,-0.9396926207859083,1.0,1.4142135623730951,0.9396926207859083,-0.3420201433256689,0.0,0.9999999999999999,0.3420201433256689,0.9396926207859083,0.0,0.9999999999999999,-0.9396926207859083,0.3420201433256689,0.0,0.9999999999999999,-0.3420201433256689,-0.9396926207859083,0.0,0.9999999999999999,0.9396926207859083,-0.3420201433256689,0.0,0.9999999999999999,0.3420201433256689,0.9396926207859083,0.0,0.9999999999999999,-0.9396926207859083,0.3420201433256689,0.0,0.9999999999999999,2.792526803190927,2.792526803190927
-0.9439204186736329,0.330173050400837,2.80510575275485,2.978022545941913,-0.330173050400837,-0.9439204186736329,1.0,1.4142135623730951,0.9439204186736329,-0.330173050400837,0.0,1.0,0.330173050400837,0.9439204186736329,0.0,1.0,-0.9439204186736329,0.330173050400837,0.0,1.0,-0.330173050400837,-0.9439204186736329,0.0,1.0,0.9439204186736329,-0.330173050400837,0.0,1.0,0.330173050400837,0.9439204186736329,0.0,1.0,-0.9439204186736329,0.330173050400837,0.0,1.0,2.80510575275485,2.80510575275485
-0.9479988620291954,0.3182737148923088,2.817684702318773,2.9898740912756234,-0.3182737148923088,-0.9479988620291954,1.0,1.4142135623730951,0.9479988620291954,-0.3182737148923088,0.0,1.0,0.3182737148923088,0.9479988620291954,0.0,1.0,-0.9479988620291954,0.3182737148923088,0.0,1.0,-0.3182737148923088,-0.9479988620291954,0.0,1.0,0.9479988620291954,-0.3182737148923088,0.0,1.0,0.3182737148923088,0.9479988620291954,0.0,1.0,-0.9479988620291954,0.3182737148923088,0.0,1.0,2.817684702318773,2.817684702318773
-0.9519273055291264,0.3063240196067838,2.8302636518826962,3.0017315568132297,-0.3063240196067838,-0.9519273055291264,1.0,1.4142135623730951,0.9519273055291264,-0.3063240196067838,0.0,1.0,0.3063240196067838,0.9519273055291264,0.0,1.0,-0.9519273055291264,0.3063240196067838,0.0,1.0,-0.3063240196067838,-0.9519273055291264,0.0,1.0,0.9519273055291264,-0.3063240196067838,0.0,1.0,0.3063240196067838,0.9519273055291264,0.0,1.0,-0.9519273055291264,0.3063240196067838,0.0,1.0,2.8302636518826962,2.8302636518826962
-0.9557051275841167,0.29432585531928224,2.8428426014466193,3.0135948726727984,-0.29432585531928224,-0.9557051275841167,1.0,1.4142135623730951,0.9557051275841167,-0.29432585531928224,0.0,0.9999999999999999,0.29432585531928224,0.9557051275841167,0.0,0.9999999999999999,-0.9557051275841167,0.29432585531928224,0.0,0.9999999999999999,-0.29432585531928224,-0.9557051275841167,0.0,0.9999999999999999,0.9557051275841167,-0.29432585531928224,0.0,0.9999999999999999,0.29432585531928224,0.9557051275841167,0.0,0.9999999999999999,-0.9557051275841167,0.29432585531928224,0.0,0.9999999999999999,2.8428426014466193,2.8428426014466193
-0.9593317304373701,0.2822811204739722,2.8554215510105423,3.0254639700342576,-0.2822811204739722,-0.9593317304373701,1.0,1.4142135623730951,0.9593317304373701,-0.2822811204739722,0.0,1.0,0.2822811204739722,0.9593317304373701,0.0,1.0,-0.9593317304373701,0.2822811204739722,0.0,1.0,-0.2822811204739722,-0.9593317304373701,0.0,1.0,0.9593317304373701,-0.2822811204739722,0.0,1.0,0.2822811204739722,0.9593317304373701,0.0,1.0,-0.9593317304373701,0.2822811204739722,0.0,1.0,2.8554215510105423,2.8554215510105423
-0.9628065402591843,0.27019172088378224,2.8680005005744658,3.037338781119977,-0.27019172088378224,-0.9628065402591843,1.0,1.4142135623730951,0.9628065402591843,-0.27019172088378224,0.0,1.0,0.27019172088378224,0.9628065402591843,0.0,1.0,-0.9628065402591843,0.27019172088378224,0.0,1.0,-0.27019172088378224,-0.9628065402591843,0.0,1.0,0.9628065402591843,-0.27019172088378224,0.0,1.0,0.27019172088378224,0.9628065402591843,0.0,1.0,-0.9628065402591843,0.27019172088378224,0.0,1.0,2.8680005005744658,2.8680005005744658
-0.9661290072377479,0.25805956942885044,2.880579450138389,3.049219239175757,-0.25805956942885044,-0.9661290072377479,1.0,1.4142135623730951,0.9661290072377479,-0.25805956942885044,0.0,1.0,0.25805956942885044,0.9661290072377479,0.0,1.0,-0.9661290072377479,0.25805956942885044,0.0,1.0,-0.25805956942885044,-0.9661290072377479,0.0,1.0,0.9661290072377479,-0.25805956942885044,0.0,1.0,0.25805956942885044,0.9661290072377479,0.0,1.0,-0.9661290072377479,0.25805956942885044,0.0,1.0,2.880579450138389,2.880579450138389
-0.9692986056661355,0.24588658575385056,2.893158399702312,3.06110527845222,-0.24588658575385056,-0.9692986056661355,1.0,1.4142135623730951,0.9692986056661355,-0.24588658575385056,0.0,1.0,0.24588658575385056,0.9692986056661355,0.0,1.0,-0.9692986056661355,0.24588658575385056,0.0,1.0,-0.24588658575385056,-0.9692986056661355,0.0,1.0,0.9692986056661355,-0.24588658575385056,0.0,1.0,0.24588658575385056,0.9692986056661355,0.0,1.0,-0.9692986056661355,0.24588658575385056,0.0,1.0,2.893158399702312,2.893158399702312
-0.9723148340254889,0.23367469596425278,2.905737349266235,3.0729968341865836,-0.23367469596425278,-0.9723148340254889,1.0,1.4142135623730951,0.9723148340254889,-0.23367469596425278,0.0,1.0,0.23367469596425278,0.9723148340254889,0.0,1.0,-0.9723148340254889,0.23367469596425278,0.0,1.0,-0.23367469596425278,-0.9723148340254889,0.0,1.0,0.9723148340254889,-0.23367469596425278,0.0,1.0,0.23367469596425278,0.9723148340254889,0.0,1.0,-0.9723148340254889,0.23367469596425278,0.0,1.0,2.905737349266235,2.905737349266235
-0.975177215064372,0.22142583232155955,2.918316298830158,3.0848938425848225,-0.22142583232155955,-0.975177215064372,1.0,1.4142135623730951,0.975177215064372,-0.22142583232155955,0.0,0.9999999999999999,0.22142583232155955,0.975177215064372,0.0,0.9999999999999999,-0.975177215064372,0.22142583232155955,0.0,0.9999999999999999,-0.22142583232155955,-0.975177215064372,0.0,0.9999999999999999,0.975177215064372,-0.22142583232155955,0.0,0.9999999999999999,0.22142583232155955,0.975177215064372,0.0,0.9999999999999999,-0.975177215064372,0.22142583232155955,0.0,0.9999999999999999,2.918316298830158,2.918316298830158
-0.977885295874285,0.20914193293756786,2.930895248394081,3.0967962408041965,-0.20914193293756786,-0.977885295874285,1.0,1.4142135623730951,0.977885295874285,-0.20914193293756786,0.0,0.9999999999999999,0.20914193293756786,0.977885295874285,0.0,0.9999999999999999,-0.977885295874285,0.20914193293756786,0.0,0.9999999999999999,-0.20914193293756786,-0.977885295874285,0.0,0.9999999999999999,0.977885295874285,-0.20914193293756786,0.0,0.9999999999999999,0.20914193293756786,0.977885295874285,0.0,0.9999999999999999,-0.977885295874285,0.20914193293756786,0.0,0.9999999999999999,2.930895248394081,2.930895248394081
-0.9804386479613267,0.19682494146770554,2.9434741979580044,3.108703966936144,-0.19682494146770554,-0.9804386479613267,1.0,1.4142135623730951,0.9804386479613267,-0.19682494146770554,0.0,1.0,0.19682494146770554,0.9804386479613267,0.0,1.0,-0.9804386479613267,0.19682494146770554,0.0,1.0,-0.19682494146770554,-0.9804386479613267,0.0,1.0,0.9804386479613267,-0.19682494146770554,0.0,1.0,0.19682494146770554,0.9804386479613267,0.0,1.0,-0.9804386479613267,0.19682494146770554,0.0,1.0,2.9434741979580044,2.9434741979580044
-0.9828368673139948,0.18447680680349254,2.9560531475219274,3.1206169599895297,-0.18447680680349254,-0.9828368673139948,1.0,1.4142135623730951,0.9828368673139948,-0.18447680680349254,0.0,1.0,0.18447680680349254,0.9828368673139948,0.0,1.0,-0.9828368673139948,0.18447680680349254,0.0,1.0,-0.18447680680349254,-0.9828368673139948,0.0,1.0,0.9828368673139948,-0.18447680680349254,0.0,1.0,0.18447680680349254,0.9828368673139948,0.0,1.0,-0.9828368673139948,0.18447680680349254,0.0,1.0,2.9560531475219274,2.9560531475219274
-0.9850795744671115,0.17209948276416928,2.9686320970858504,3.1325351598742404,-0.17209948276416928,-0.9850795744671115,1.0,1.4142135623730951,0.9850795744671115,-0.17209948276416928,0.0,1.0,0.17209948276416928,0.9850795744671115,0.0,1.0,-0.9850795744671115,0.17209948276416928,0.0,1.0,-0.17209948276416928,-0.9850795744671115,0.0,1.0,0.9850795744671115,-0.17209948276416928,0.0,1.0,0.17209948276416928,0.9850795744671115,0.0,1.0,-0.9850795744671115,0.17209948276416928,0.0,1.0,2.9686320970858504,2.9686320970858504
-0.9871664145618657,0.15969492778754976,2.9812110466497734,3.144458507385117,-0.15969492778754976,-0.9871664145618657,1.0,1.4142135623730951,0.9871664145618657,-0.15969492778754976,0.0,1.0,0.15969492778754976,0.9871664145618657,0.0,1.0,-0.9871664145618657,0.15969492778754976,0.0,1.0,-0.15969492778754976,-0.9871664145618657,0.0,1.0,0.9871664145618657,-0.15969492778754976,0.0,1.0,0.15969492778754976,0.9871664145618657,0.0,1.0,-0.9871664145618657,0.15969492778754976,0.0,1.0,2.9812110466497734,2.9812110466497734
-0.9890970574019613,0.14726510462014156,2.9937899962136965,3.1563869441862167,-0.14726510462014156,-0.9890970574019613,1.0,1.4142135623730951,0.9890970574019613,-0.14726510462014156,0.0,1.0,0.14726510462014156,0.9890970574019613,0.0,1.0,-0.9890970574019613,0.14726510462014156,0.0,1.0,-0.14726510462014156,-0.9890970574019613,0.0,1.0,0.9890970574019613,-0.14726510462014156,0.0,1.0,0.14726510462014156,0.9890970574019613,0.0,1.0,-0.9890970574019613,0.14726510462014156,0.0,1.0,2.9937899962136965,2.9937899962136965
-0.9908711975058636,0.1348119800065847,3.0063689457776195,3.168320412795403,-0.1348119800065847,-0.9908711975058636,1.0,1.4142135623730951,0.9908711975058636,-0.1348119800065847,0.0,0.9999999999999999,0.1348119800065847,0.9908711975058636,0.0,0.9999999999999999,-0.9908711975058636,0.1348119800065847,0.0,0.9999999999999999,-0.1348119800065847,-0.9908711975058636,0.0,0.9999999999999999,0.9908711975058636,-0.1348119800065847,0.0,0.9999999999999999,0.1348119800065847,0.9908711975058636,0.0,0.9999999999999999,-0.9908711975058636,0.1348119800065847,0.0,0.9999999999999999,3.0063689457776195,3.0063689457776195
-0.992488554155135,0.12233752437845731,3.018947895341543,3.1802588565692465,-0.12233752437845731,-0.992488554155135,1.0,1.4142135623730951,0.992488554155135,-0.12233752437845731,0.0,1.0,0.12233752437845731,0.992488554155135,0.0,1.0,-0.992488554155135,0.12233752437845731,0.0,1.0,-0.12233752437845731,-0.992488554155135,0.0,1.0,0.992488554155135,-0.12233752437845731,0.0,1.0,0.12233752437845731,0.992488554155135,0.0,1.0,-0.992488554155135,0.12233752437845731,0.0,1.0,3.018947895341543,3.018947895341543
-0.9939488714388522,0.10984371154250018,3.031526844905466,3.1922022196882343,-0.10984371154250018,-0.9939488714388522,1.0,1.4142135623730951,0.9939488714388522,-0.10984371154250018,0.0,1.0,0.10984371154250018,0.9939488714388522,0.0,1.0,-0.9939488714388522,0.10984371154250018,0.0,1.0,-0.10984371154250018,-0.9939488714388522,0.0,1.0,0.9939488714388522,-0.10984371154250018,0.0,1.0,0.10984371154250018,0.9939488714388522,0.0,1.0,-0.9939488714388522,0.10984371154250018,0.0,1.0,3.031526844905466,3.031526844905466
-0.9952519182940991,0.09733251836830287,3.044105794469389,3.2041504471422857,-0.09733251836830287,-0.9952519182940991,1.0,1.4142135623730951,0.9952519182940991,-0.09733251836830287,0.0,1.0,0.09733251836830287,0.9952519182940991,0.0,1.0,-0.9952519182940991,0.09733251836830287,0.0,1.0,-0.09733251836830287,-0.9952519182940991,0.0,1.0,0.9952519182940991,-0.09733251836830287,0.0,1.0,0.09733251836830287,0.9952519182940991,0.0,1.0,-0.9952519182940991,0.09733251836830287,0.0,1.0,3.044105794469389,3.044105794469389
-0.9963974885425265,0.0848059244755095,3.056684744033312,3.2161034847165593,-0.0848059244755095,-0.9963974885425265,1.0,1.4142135623730951,0.9963974885425265,-0.0848059244755095,0.0,1.0,0.0848059244755095,0.9963974885425265,0.0,1.0,-0.9963974885425265,0.0848059244755095,0.0,1.0,-0.0848059244755095,-0.9963974885425265,0.0,1.0,0.9963974885425265,-0.0848059244755095,0.0,1.0,0.0848059244755095,0.9963974885425265,0.0,1.0,-0.9963974885425265,0.0848059244755095,0.0,1.0,3.056684744033312,3.056684744033312
-0.9973854009229761,0.07226591192058739,3.069263693597235,3.228061278977545,-0.07226591192058739,-0.9973854009229761,1.0,1.4142135623730951,0.9973854009229761,-0.07226591192058739,0.0,0.9999999999999999,0.07226591192058739,0.9973854009229761,0.0,0.9999999999999999,-0.9973854009229761,0.07226591192058739,0.0,0.9999999999999999,-0.07226591192058739,-0.9973854009229761,0.0,0.9999999999999999,0.9973854009229761,-0.07226591192058739,0.0,0.9999999999999999,0.07226591192058739,0.9973854009229761,0.0,0.9999999999999999,-0.9973854009229761,0.07226591192058739,0.0,0.9999999999999999,3.069263693597235,3.069263693597235
-0.9982154991201608,0.05971446488321034,3.081842643161158,3.240023777259444,-0.05971446488321034,-0.9982154991201608,1.0,1.4142135623730951,0.9982154991201608,-0.05971446488321034,0.0,0.9999999999999999,0.05971446488321034,0.9982154991201608,0.0,0.9999999999999999,-0.9982154991201608,0.05971446488321034,0.0,0.9999999999999999,-0.05971446488321034,-0.9982154991201608,0.0,0.9999999999999999,0.9982154991201608,-0.05971446488321034,0.0,0.9999999999999999,0.05971446488321034,0.9982154991201608,0.0,0.9999999999999999,-0.9982154991201608,0.05971446488321034,0.0,0.9999999999999999,3.081842643161158,3.081842643161158
-0.9988876517893978,0.04715356935230619,3.094421592725081,3.251990927650818,-0.04715356935230619,-0.9988876517893978,1.0,1.4142135623730951,0.9988876517893978,-0.04715356935230619,0.0,0.9999999999999999,0.04715356935230619,0.9988876517893978,0.0,0.9999999999999999,-0.9988876517893978,0.04715356935230619,0.0,0.9999999999999999,-0.04715356935230619,-0.9988876517893978,0.0,0.9999999999999999,0.9988876517893978,-0.04715356935230619,0.0,0.9999999999999999,0.04715356935230619,0.9988876517893978,0.0,0.9999999999999999,-0.9988876517893978,0.04715356935230619,0.0,0.9999999999999999,3.094421592725081,3.094421592725081
-0.9994017525773913,0.034585212811817465,3.1070005422890046,3.263962678981512,-0.034585212811817465,-0.9994017525773913,1.0,1.4142135623730951,0.9994017525773913,-0.034585212811817465,0.0,0.9999999999999999,0.034585212811817465,0.9994017525773913,0.0,0.9999999999999999,-0.9994017525773913,0.034585212811817465,0.0,0.9999999999999999,-0.034585212811817465,-0.9994017525773913,0.0,0.9999999999999999,0.9994017525773913,-0.034585212811817465,0.0,0.9999999999999999,0.034585212811817465,0.9994017525773913,0.0,0.9999999999999999,-0.9994017525773913,0.034585212811817465,0.0,0.9999999999999999,3.1070005422890046,3.1070005422890046
-0.9997577201390606,0.022011383926227784,3.1195794918529276,3.2759389808098334,-0.022011383926227784,-0.9997577201390606,1.0,1.4142135623730951,0.9997577201390606,-0.022011383926227784,0.0,1.0,0.022011383926227784,0.9997577201390606,0.0,1.0,-0.9997577201390606,0.022011383926227784,0.0,1.0,-0.022011383926227784,-0.9997577201390606,0.0,1.0,0.9997577201390606,-0.022011383926227784,0.0,1.0,0.022011383926227784,0.9997577201390606,0.0,1.0,-0.9997577201390606,0.022011383926227784,0.0,1.0,3.1195794918529276,3.1195794918529276
-0.999955498150411,0.009434072225897046,3.1321584414168506,3.287919783409996,-0.009434072225897046,-0.999955498150411,1.0,1.4142135623730951,0.999955498150411,-0.009434072225897046,0.0,1.0,0.009434072225897046,0.999955498150411,0.0,1.0,-0.999955498150411,0.009434072225897046,0.0,1.0,-0.009434072225897046,-0.999955498150411,0.0,1.0,0.999955498150411,-0.009434072225897046,0.0,1.0,0.009434072225897046,0.999955498150411,0.0,1.0,-0.999955498150411,0.009434072225897046,0.0,1.0,3.1321584414168506,3.1321584414168506
-0.9999950553174459,-0.0031447322077359985,3.1447373909807737,3.2999050377598085,0.0031447322077359985,-0.9999950553174459,1.0,1.4142135623730951,0.9999950553174459,0.0031447322077359985,0.0,1.0,-0.0031447322077359985,0.9999950553174459,0.0,1.0,-0.9999950553174459,-0.0031447322077359985,0.0,1.0,0.0031447322077359985,-0.9999950553174459,0.0,1.0,0.9999950553174459,0.0031447322077359985,0.0,1.0,-0.0031447322077359985,0.9999950553174459,0.0,1.0,-0.9999950553174459,-0.0031447322077359985,0.0,1.0,3.1447373909807737,3.1447373909807737
-0.9998763853811183,-0.015723039057040564,3.1573163405446967,3.3118946955286117,0.015723039057040564,-0.9998763853811183,1.0,1.4142135623730951,0.9998763853811183,0.015723039057040564,0.0,0.9999999999999999,-0.015723039057040564,0.9998763853811183,0.0,0.9999999999999999,-0.9998763853811183,-0.015723039057040564,0.0,0.9999999999999999,0.015723039057040564,-0.9998763853811183,0.0,0.9999999999999999,0.9998763853811183,0.015723039057040564,0.0,0.9999999999999999,-0.015723039057040564,0.9998763853811183,0.0,0.9999999999999999,-0.9998763853811183,-0.015723039057040564,0.0,0.9999999999999999,3.1573163405446967,3.1573163405446967
-0.9995995071183217,-0.02829885808311759,3.1698952901086197,3.323888709065454,0.02829885808311759,-0.9995995071183217,1.0,1.4142135623730951,0.9995995071183217,0.02829885808311759,0.0,1.0,-0.02829885808311759,0.9995995071183217,0.0,1.0,-0.9995995071183217,-0.02829885808311759,0.0,1.0,0.02829885808311759,-0.9995995071183217,0.0,1.0,0.9995995071183217,0.02829885808311759,0.0,1.0,-0.02829885808311759,0.9995995071183217,0.0,1.0,-0.9995995071183217,-0.02829885808311759,0.0,1.0,3.1698952901086197,3.1698952901086197
-0.9991644643389178,-0.04087019944071145,3.182474239672543,3.3358870313875038,0.04087019944071145,-0.9991644643389178,1.0,1.4142135623730951,0.9991644643389178,0.04087019944071145,0.0,1.0,-0.04087019944071145,0.9991644643389178,0.0,1.0,-0.9991644643389178,-0.04087019944071145,0.0,1.0,0.04087019944071145,-0.9991644643389178,0.0,1.0,0.9991644643389178,0.04087019944071145,0.0,1.0,-0.04087019944071145,0.9991644643389178,0.0,1.0,-0.9991644643389178,-0.04087019944071145,0.0,1.0,3.182474239672543,3.182474239672543
-0.9985713258788059,-0.053435073993057226,3.195053189236466,3.347889616168686,0.053435073993057226,-0.9985713258788059,1.0,1.4142135623730951,0.9985713258788059,0.053435073993057226,0.0,0.9999999999999999,-0.053435073993057226,0.9985713258788059,0.0,0.9999999999999999,-0.9985713258788059,-0.053435073993057226,0.0,0.9999999999999999,0.053435073993057226,-0.9985713258788059,0.0,0.9999999999999999,0.9985713258788059,0.053435073993057226,0.0,0.9999999999999999,-0.053435073993057226,0.9985713258788059,0.0,0.9999999999999999,-0.9985713258788059,-0.053435073993057226,0.0,0.9999999999999999,3.195053189236466,3.195053189236466
-0.9978201855890307,-0.06599149362662023,3.207632138800389,3.3598964177285526,0.06599149362662023,-0.9978201855890307,1.0,1.4142135623730951,0.9978201855890307,0.06599149362662023,0.0,1.0,-0.06599149362662023,0.9978201855890307,0.0,1.0,-0.9978201855890307,-0.06599149362662023,0.0,1.0,0.06599149362662023,-0.9978201855890307,0.0,1.0,0.9978201855890307,0.06599149362662023,0.0,1.0,-0.06599149362662023,0.9978201855890307,0.0,1.0,-0.9978201855890307,-0.06599149362662023,0.0,1.0,3.207632138800389,3.207632138800389
-0.996911162320932,-0.07853747156566927,3.2202110883643122,3.371907391021359,0.07853747156566927,-0.996911162320932,1.0,1.4142135623730951,0.996911162320932,0.07853747156566927,0.0,1.0,-0.07853747156566927,0.996911162320932,0.0,1.0,-0.996911162320932,-0.07853747156566927,0.0,1.0,0.07853747156566927,-0.996911162320932,0.0,1.0,0.996911162320932,0.07853747156566927,0.0,1.0,-0.07853747156566927,0.996911162320932,0.0,1.0,-0.996911162320932,-0.07853747156566927,0.0,1.0,3.2202110883643122,3.2202110883643122
-0.9958443999073396,-0.09107102268664041,3.2327900379282353,3.383922491625368,0.09107102268664041,-0.9958443999073396,1.0,1.4142135623730951,0.9958443999073396,0.09107102268664041,0.0,1.0,-0.09107102268664041,0.9958443999073396,0.0,1.0,-0.9958443999073396,-0.09107102268664041,0.0,1.0,0.09107102268664041,-0.9958443999073396,0.0,1.0,0.9958443999073396,0.09107102268664041,0.0,1.0,-0.09107102268664041,0.9958443999073396,0.0,1.0,-0.9958443999073396,-0.09107102268664041,0.0,1.0,3.2327900379282353,3.2327900379282353
-0.9946200671398149,-0.10359016383223883,3.2453689874921583,3.395941675732355,0.10359016383223883,-0.9946200671398149,1.0,1.4142135623730951,0.9946200671398149,0.10359016383223883,0.0,1.0,-0.10359016383223883,0.9946200671398149,0.0,1.0,-0.9946200671398149,-0.10359016383223883,0.0,1.0,0.10359016383223883,-0.9946200671398149,0.0,1.0,0.9946200671398149,0.10359016383223883,0.0,1.0,-0.10359016383223883,0.9946200671398149,0.0,1.0,-0.9946200671398149,-0.10359016383223883,0.0,1.0,3.2453689874921583,3.2453689874921583
-0.993238357741943,-0.11609291412522968,3.2579479370560813,3.4079649001373205,0.11609291412522968,-0.993238357741943,1.0,1.4142135623730951,0.993238357741943,0.11609291412522968,0.0,1.0,-0.11609291412522968,0.993238357741943,0.0,1.0,-0.993238357741943,-0.11609291412522968,0.0,1.0,0.11609291412522968,-0.993238357741943,0.0,1.0,0.993238357741943,0.11609291412522968,0.0,1.0,-0.11609291412522968,0.993238357741943,0.0,1.0,-0.993238357741943,-0.11609291412522968,0.0,1.0,3.2579479370560813,3.2579479370560813
-0.9916994903386808,-0.12857729528186848,3.270526886620005,3.419992122228404,0.12857729528186848,-0.9916994903386808,1.0,1.4142135623730951,0.9916994903386808,0.12857729528186848,0.0,1.0,-0.12857729528186848,0.9916994903386808,0.0,1.0,-0.9916994903386808,-0.12857729528186848,0.0,1.0,0.12857729528186848,-0.9916994903386808,0.0,1.0,0.9916994903386808,0.12857729528186848,0.0,1.0,-0.12857729528186848,0.9916994903386808,0.0,1.0,-0.9916994903386808,-0.12857729528186848,0.0,1.0,3.270526886620005,3.270526886620005
-0.9900037084217639,-0.14104133192491908,3.283105836183928,3.432023299976993,0.14104133192491908,-0.9900037084217639,1.0,1.4142135623730951,0.9900037084217639,0.14104133192491908,0.0,1.0,-0.14104133192491908,0.9900037084217639,0.0,1.0,-0.9900037084217639,-0.14104133192491908,0.0,1.0,0.14104133192491908,-0.9900037084217639,0.0,1.0,0.9900037084217639,0.14104133192491908,0.0,1.0,-0.14104133192491908,0.9900037084217639,0.0,1.0,-0.9900037084217639,-0.14104133192491908,0.0,1.0,3.283105836183928,3.283105836183928
-0.9881512803111796,-0.15348305189621594,3.295684785747851,3.4440583919280257,0.15348305189621594,-0.9881512803111796,1.0,1.4142135623730951,0.9881512803111796,0.15348305189621594,0.0,1.0,-0.15348305189621594,0.9881512803111796,0.0,1.0,-0.9881512803111796,-0.15348305189621594,0.0,1.0,0.15348305189621594,-0.9881512803111796,0.0,1.0,0.9881512803111796,0.15348305189621594,0.0,1.0,-0.15348305189621594,0.9881512803111796,0.0,1.0,-0.9881512803111796,-0.15348305189621594,0.0,1.0,3.295684785747851,3.295684785747851
-0.9861424991127116,-0.16590048656871298,3.308263735311774,3.4560973571904787,0.16590048656871298,-0.9861424991127116,1.0,1.4142135623730951,0.9861424991127116,0.16590048656871298,0.0,1.0,-0.16590048656871298,0.9861424991127116,0.0,1.0,-0.9861424991127116,-0.16590048656871298,0.0,1.0,0.16590048656871298,-0.9861424991127116,0.0,1.0,0.9861424991127116,0.16590048656871298,0.0,1.0,-0.16590048656871298,0.9861424991127116,0.0,1.0,-0.9861424991127116,-0.16590048656871298,0.0,1.0,3.308263735311774,3.308263735311774
-0.9839776826715616,-0.1782916711579755,3.320842684875697,3.4681401554280393,0.1782916711579755,-0.9839776826715616,1.0,1.4142135623730951,0.9839776826715616,0.1782916711579755,0.0,1.0,-0.1782916711579755,0.9839776826715616,0.0,1.0,-0.9839776826715616,-0.1782916711579755,0.0,1.0,0.1782916711579755,-0.9839776826715616,0.0,1.0,0.9839776826715616,0.1782916711579755,0.0,1.0,-0.1782916711579755,0.9839776826715616,0.0,1.0,-0.9839776826715616,-0.1782916711579755,0.0,1.0,3.320842684875697,3.320842684875697
-0.9816571735220583,-0.19065464503306404,3.33342163443962,3.48018674684996,0.19065464503306404,-0.9816571735220583,1.0,1.4142135623730951,0.9816571735220583,0.19065464503306404,0.0,1.0,-0.19065464503306404,0.9816571735220583,0.0,1.0,-0.9816571735220583,-0.19065464503306404,0.0,1.0,0.19065464503306404,-0.9816571735220583,0.0,1.0,0.9816571735220583,0.19065464503306404,0.0,1.0,-0.19065464503306404,0.9816571735220583,0.0,1.0,-0.9816571735220583,-0.19065464503306404,0.0,1.0,3.33342163443962,3.33342163443962
-0.979181338833458,-0.20298745202676116,3.3460005840035434,3.4922370922020822,0.20298745202676116,-0.979181338833458,1.0,1.4142135623730951,0.979181338833458,0.20298745202676116,0.0,1.0,-0.20298745202676116,0.979181338833458,0.0,1.0,-0.979181338833458,-0.20298745202676116,0.0,1.0,0.20298745202676116,-0.979181338833458,0.0,1.0,0.979181338833458,0.20298745202676116,0.0,1.0,-0.20298745202676116,0.979181338833458,0.0,1.0,-0.979181338833458,-0.20298745202676116,0.0,1.0,3.3460005840035434,3.3460005840035434
-0.9765505703518493,-0.2152881407450901,3.3585795335674664,3.504291152758038,0.2152881407450901,-0.9765505703518493,1.0,1.4142135623730951,0.9765505703518493,0.2152881407450901,0.0,0.9999999999999999,-0.2152881407450901,0.9765505703518493,0.0,0.9999999999999999,-0.9765505703518493,-0.2152881407450901,0.0,0.9999999999999999,0.2152881407450901,-0.9765505703518493,0.0,0.9999999999999999,0.9765505703518493,0.2152881407450901,0.0,0.9999999999999999,-0.2152881407450901,0.9765505703518493,0.0,0.9999999999999999,-0.9765505703518493,-0.2152881407450901,0.0,0.9999999999999999,3.3585795335674664,3.3585795335674664
-0.9737652843381669,-0.2275547648760821,3.3711584831313894,3.51634889031062,0.2275547648760821,-0.9737652843381669,1.0,1.4142135623730951,0.9737652843381669,0.2275547648760821,0.0,1.0,-0.2275547648760821,0.9737652843381669,0.0,1.0,-0.9737652843381669,-0.2275547648760821,0.0,1.0,0.2275547648760821,-0.9737652843381669,0.0,1.0,0.9737652843381669,0.2275547648760821,0.0,1.0,-0.2275547648760821,0.9737652843381669,0.0,1.0,-0.9737652843381669,-0.2275547648760821,0.0,1.0,3.3711584831313894,3.3711584831313894
-0.9708259215023277,-0.23978538349773562,3.3837374326953125,3.5284102671633106,0.23978538349773562,-0.9708259215023277,1.0,1.4142135623730951,0.9708259215023277,0.23978538349773562,0.0,1.0,-0.23978538349773562,0.9708259215023277,0.0,1.0,-0.9708259215023277,-0.23978538349773562,0.0,1.0,0.23978538349773562,-0.9708259215023277,0.0,1.0,0.9708259215023277,0.23978538349773562,0.0,1.0,-0.23978538349773562,0.9708259215023277,0.0,1.0,-0.9708259215023277,-0.23978538349773562,0.0,1.0,3.3837374326953125,3.3837374326953125
-0.967732946933499,-0.25197806138512474,3.3963163822592355,3.540475246121975,0.25197806138512474,-0.967732946933499,1.0,1.4142135623730951,0.967732946933499,0.25197806138512474,0.0,1.0,-0.25197806138512474,0.967732946933499,0.0,1.0,-0.967732946933499,-0.25197806138512474,0.0,1.0,0.25197806138512474,-0.967732946933499,0.0,1.0,0.967732946933499,0.25197806138512474,0.0,1.0,-0.25197806138512474,0.967732946933499,0.0,1.0,-0.967732946933499,-0.25197806138512474,0.0,1.0,3.3963163822592355,3.3963163822592355
-0.9644868500265071,-0.2641308693166058,3.4088953318231585,3.5525437904867156,0.2641308693166058,-0.9644868500265071,1.0,1.4142135623730951,0.9644868500265071,0.2641308693166058,0.0,1.0,-0.2641308693166058,0.9644868500265071,0.0,1.0,-0.9644868500265071,-0.2641308693166058,0.0,1.0,0.2641308693166058,-0.9644868500265071,0.0,1.0,0.9644868500265071,0.2641308693166058,0.0,1.0,-0.2641308693166058,0.9644868500265071,0.0,1.0,-0.9644868500265071,-0.2641308693166058,0.0,1.0,3.4088953318231585,3.4088953318231585
-0.9610881444044029,-0.2762418843790738,3.4214742813870815,3.5646158640438728,0.2762418843790738,-0.9610881444044029,1.0,1.4142135623730951,0.9610881444044029,0.2762418843790738,0.0,1.0,-0.2762418843790738,0.9610881444044029,0.0,1.0,-0.9610881444044029,-0.2762418843790738,0.0,1.0,0.2762418843790738,-0.9610881444044029,0.0,1.0,0.9610881444044029,0.2762418843790738,0.0,1.0,-0.2762418843790738,0.9610881444044029,0.0,1.0,-0.9610881444044029,-0.2762418843790738,0.0,1.0,3.4214742813870815,3.4214742813870815
-0.9575373678371909,-0.2883091902722216,3.434053230951005,3.5766914310581837,0.2883091902722216,-0.9575373678371909,1.0,1.4142135623730951,0.9575373678371909,0.2883091902722216,0.0,1.0,-0.2883091902722216,0.9575373678371909,0.0,1.0,-0.9575373678371909,-0.2883091902722216,0.0,1.0,0.2883091902722216,-0.9575373678371909,0.0,1.0,0.9575373678371909,0.2883091902722216,0.0,1.0,-0.2883091902722216,0.9575373678371909,0.0,1.0,-0.9575373678371909,-0.2883091902722216,0.0,1.0,3.434053230951005,3.434053230951005
-0.9538350821567405,-0.3003308776117502,3.446632180514928,3.5887704562650824,0.3003308776117502,-0.9538350821567405,1.0,1.4142135623730951,0.9538350821567405,0.3003308776117502,0.0,1.0,-0.3003308776117502,0.9538350821567405,0.0,1.0,-0.9538350821567405,-0.3003308776117502,0.0,1.0,0.3003308776117502,-0.9538350821567405,0.0,1.0,0.9538350821567405,0.3003308776117502,0.0,1.0,-0.3003308776117502,0.9538350821567405,0.0,1.0,-0.9538350821567405,-0.3003308776117502,0.0,1.0,3.446632180514928,3.446632180514928
-0.9499818731678872,-0.31230504423148914,3.459211130078851,3.600852904863152,0.31230504423148914,-0.9499818731678872,1.0,1.4142135623730951,0.9499818731678872,0.31230504423148914,0.0,1.0,-0.31230504423148914,0.9499818731678872,0.0,1.0,-0.9499818731678872,-0.31230504423148914,0.0,1.0,0.31230504423148914,-0.9499818731678872,0.0,1.0,0.9499818731678872,0.31230504423148914,0.0,1.0,-0.31230504423148914,0.9499818731678872,0.0,1.0,-0.9499818731678872,-0.31230504423148914,0.0,1.0,3.459211130078851,3.459211130078851
-0.9459783505557425,-0.32422979548437053,3.471790079642774,3.6129387425067114,0.32422979548437053,-0.9459783505557425,1.0,1.4142135623730951,0.9459783505557425,0.32422979548437053,0.0,1.0,-0.32422979548437053,0.9459783505557425,0.0,1.0,-0.9459783505557425,-0.32422979548437053,0.0,1.0,0.32422979548437053,-0.9459783505557425,0.0,1.0,0.9459783505557425,0.32422979548437053,0.0,1.0,-0.32422979548437053,0.9459783505557425,0.0,1.0,-0.9459783505557425,-0.32422979548437053,0.0,1.0,3.471790079642774,3.471790079642774
-0.9418251477892251,-0.33610324454221563,3.484369029206697,3.6250279352985437,0.33610324454221563,-0.9418251477892251,1.0,1.4142135623730951,0.9418251477892251,0.33610324454221563,0.0,1.0,-0.33610324454221563,0.9418251477892251,0.0,1.0,-0.9418251477892251,-0.33610324454221563,0.0,1.0,0.33610324454221563,-0.9418251477892251,0.0,1.0,0.9418251477892251,0.33610324454221563,0.0,1.0,-0.33610324454221563,0.9418251477892251,0.0,1.0,-0.9418251477892251,-0.33610324454221563,0.0,1.0,3.484369029206697,3.484369029206697
-0.9375229220208277,-0.34792351269428334,3.49694797877062,3.637120449782757,0.34792351269428334,-0.9375229220208277,1.0,1.4142135623730951,0.9375229220208277,0.34792351269428334,0.0,1.0,-0.34792351269428334,0.9375229220208277,0.0,1.0,-0.9375229220208277,-0.34792351269428334,0.0,1.0,0.34792351269428334,-0.9375229220208277,0.0,1.0,0.9375229220208277,0.34792351269428334,0.0,1.0,-0.34792351269428334,0.9375229220208277,0.0,1.0,-0.9375229220208277,-0.34792351269428334,0.0,1.0,3.49694797877062,3.49694797877062
-0.9330723539826374,-0.3596887296445355,3.5095269283345436,3.6492162529377863,0.3596887296445355,-0.9330723539826374,1.0,1.4142135623730951,0.9330723539826374,0.3596887296445355,0.0,1.0,-0.3596887296445355,0.9330723539826374,0.0,1.0,-0.9330723539826374,-0.3596887296445355,0.0,1.0,0.3596887296445355,-0.9330723539826374,0.0,1.0,0.9330723539826374,0.3596887296445355,0.0,1.0,-0.3596887296445355,0.9330723539826374,0.0,1.0,-0.9330723539826374,-0.3596887296445355,0.0,1.0,3.5095269283345436,3.5095269283345436
-0.9284741478786258,-0.3713970338075679,3.5221058778984666,3.6613153121695117,0.3713970338075679,-0.9284741478786258,1.0,1.4142135623730951,0.9284741478786258,0.3713970338075679,0.0,1.0,-0.3713970338075679,0.9284741478786258,0.0,1.0,-0.9284741478786258,-0.3713970338075679,0.0,1.0,0.3713970338075679,-0.9284741478786258,0.0,1.0,0.9284741478786258,0.3713970338075679,0.0,1.0,-0.3713970338075679,0.9284741478786258,0.0,1.0,-0.9284741478786258,-0.3713970338075679,0.0,1.0,3.5221058778984666,3.5221058778984666
-0.9237290312732227,-0.3830465726031674,3.5346848274623897,3.6734175953045174,0.3830465726031674,-0.9237290312732227,1.0,1.4142135623730951,0.9237290312732227,0.3830465726031674,0.0,1.0,-0.3830465726031674,0.9237290312732227,0.0,1.0,-0.9237290312732227,-0.3830465726031674,0.0,1.0,0.3830465726031674,-0.9237290312732227,0.0,1.0,0.9237290312732227,0.3830465726031674,0.0,1.0,-0.3830465726031674,0.9237290312732227,0.0,1.0,-0.9237290312732227,-0.3830465726031674,0.0,1.0,3.5346848274623897,3.5346848274623897
-0.9188377549761962,-0.3946355027494405,3.5472637770263127,3.685523070583466,0.3946355027494405,-0.9188377549761962,1.0,1.4142135623730951,0.9188377549761962,0.3946355027494405,0.0,1.0,-0.3946355027494405,0.9188377549761962,0.0,1.0,-0.9188377549761962,-0.3946355027494405,0.0,1.0,0.3946355027494405,-0.9188377549761962,0.0,1.0,0.9188377549761962,0.3946355027494405,0.0,1.0,-0.3946355027494405,0.9188377549761962,0.0,1.0,-0.9188377549761962,-0.3946355027494405,0.0,1.0,3.5472637770263127,3.5472637770263127
-0.9138010929238535,-0.406161990554472,3.5598427265902357,3.697631706654599,0.406161990554472,-0.9138010929238535,1.0,1.4142135623730951,0.9138010929238535,0.406161990554472,0.0,1.0,-0.406161990554472,0.9138010929238535,0.0,1.0,-0.9138010929238535,-0.406161990554472,0.0,1.0,0.406161990554472,-0.9138010929238535,0.0,1.0,0.9138010929238535,0.406161990554472,0.0,1.0,-0.406161990554472,0.9138010929238535,0.0,1.0,-0.9138010929238535,-0.406161990554472,0.0,1.0,3.5598427265902357,3.5598427265902357
-0.9086198420565822,-0.41762421220646645,3.5724216761541587,3.7097434725673537,0.41762421220646645,-0.9086198420565822,1.0,1.4142135623730951,0.9086198420565822,0.41762421220646645,0.0,1.0,-0.41762421220646645,0.9086198420565822,0.0,1.0,-0.9086198420565822,-0.41762421220646645,0.0,1.0,0.41762421220646645,-0.9086198420565822,0.0,1.0,0.9086198420565822,0.41762421220646645,0.0,1.0,-0.41762421220646645,0.9086198420565822,0.0,1.0,-0.9086198420565822,-0.41762421220646645,0.0,1.0,3.5724216761541587,3.5724216761541587
-0.9032948221927524,-0.4290203540623263,3.585000625718082,3.7218583377661005,0.4290203540623263,-0.9032948221927524,1.0,1.4142135623730951,0.9032948221927524,0.4290203540623263,0.0,0.9999999999999999,-0.4290203540623263,0.9032948221927524,0.0,0.9999999999999999,-0.9032948221927524,-0.4290203540623263,0.0,0.9999999999999999,0.4290203540623263,-0.9032948221927524,0.0,0.9999999999999999,0.9032948221927524,0.4290203540623263,0.0,0.9999999999999999,-0.4290203540623263,0.9032948221927524,0.0,0.9999999999999999,-0.9032948221927524,-0.4290203540623263,0.0,0.9999999999999999,3.585000625718082,3.585000625718082
-0.8978268758989992,-0.44034861293461913,3.5975795752820052,3.73397627208399,0.44034861293461913,-0.8978268758989992,1.0,1.4142135623730951,0.8978268758989992,0.44034861293461913,0.0,1.0,-0.44034861293461913,0.8978268758989992,0.0,1.0,-0.8978268758989992,-0.44034861293461913,0.0,1.0,0.44034861293461913,-0.8978268758989992,0.0,1.0,0.8978268758989992,0.44034861293461913,0.0,1.0,-0.44034861293461913,0.8978268758989992,0.0,1.0,-0.8978268758989992,-0.44034861293461913,0.0,1.0,3.5975795752820052,3.5975795752820052
-0.892216868356904,-0.4516071963768948,3.6101585248459283,3.746097245736919,0.4516071963768948,-0.892216868356904,1.0,1.4142135623730951,0.892216868356904,0.4516071963768948,0.0,1.0,-0.4516071963768948,0.892216868356904,0.0,1.0,-0.892216868356904,-0.4516071963768948,0.0,1.0,0.4516071963768948,-0.892216868356904,0.0,1.0,0.892216868356904,0.4516071963768948,0.0,1.0,-0.4516071963768948,0.892216868356904,0.0,1.0,-0.892216868356904,-0.4516071963768948,0.0,1.0,3.6101585248459283,3.6101585248459283
-0.8864656872260989,-0.46279432296729867,3.6227374744098513,3.7582212293175967,0.46279432296729867,-0.8864656872260989,1.0,1.4142135623730951,0.8864656872260989,0.46279432296729867,0.0,1.0,-0.46279432296729867,0.8864656872260989,0.0,1.0,-0.8864656872260989,-0.46279432296729867,0.0,1.0,0.46279432296729867,-0.8864656872260989,0.0,1.0,0.8864656872260989,0.46279432296729867,0.0,1.0,-0.46279432296729867,0.8864656872260989,0.0,1.0,-0.8864656872260989,-0.46279432296729867,0.0,1.0,3.6227374744098513,3.6227374744098513
-0.8805742425038149,-0.47390822259044274,3.6353164239737743,3.770348193789729,0.47390822259044274,-0.8805742425038149,1.0,1.4142135623730951,0.8805742425038149,0.47390822259044274,0.0,1.0,-0.47390822259044274,0.8805742425038149,0.0,1.0,-0.8805742425038149,-0.47390822259044274,0.0,1.0,0.47390822259044274,-0.8805742425038149,0.0,1.0,0.8805742425038149,0.47390822259044274,0.0,1.0,-0.47390822259044274,0.8805742425038149,0.0,1.0,-0.8805742425038149,-0.47390822259044274,0.0,1.0,3.6353164239737743,3.6353164239737743
-0.8745434663808944,-0.4849471367174873,3.6478953735376973,3.782478110482298,0.4849471367174873,-0.8745434663808944,1.0,1.4142135623730951,0.8745434663808944,0.4849471367174873,0.0,0.9999999999999999,-0.4849471367174873,0.8745434663808944,0.0,0.9999999999999999,-0.8745434663808944,-0.4849471367174873,0.0,0.9999999999999999,0.4849471367174873,-0.8745434663808944,0.0,0.9999999999999999,0.8745434663808944,0.4849471367174873,0.0,0.9999999999999999,-0.4849471367174873,0.8745434663808944,0.0,0.9999999999999999,-0.8745434663808944,-0.4849471367174873,0.0,0.9999999999999999,3.6478953735376973,3.6478953735376973
-0.8683743130942929,-0.4959093186843889,3.6604743231016204,3.7946109510839534,0.4959093186843889,-0.8683743130942929,1.0,1.4142135623730951,0.8683743130942929,0.4959093186843889,0.0,0.9999999999999999,-0.4959093186843889,0.8683743130942929,0.0,0.9999999999999999,-0.8683743130942929,-0.4959093186843889,0.0,0.9999999999999999,0.4959093186843889,-0.8683743130942929,0.0,0.9999999999999999,0.8683743130942929,0.4959093186843889,0.0,0.9999999999999999,-0.4959093186843889,0.8683743130942929,0.0,0.9999999999999999,-0.8683743130942929,-0.4959093186843889,0.0,0.9999999999999999,3.6604743231016204,3.6604743231016204
-0.8620677587760915,-0.5067930339682724,3.673053272665544,3.806746687637498,0.5067930339682724,-0.8620677587760915,1.0,1.4142135623730951,0.8620677587760915,0.5067930339682724,0.0,1.0,-0.5067930339682724,0.8620677587760915,0.0,1.0,-0.8620677587760915,-0.5067930339682724,0.0,1.0,0.5067930339682724,-0.8620677587760915,0.0,1.0,0.8620677587760915,0.5067930339682724,0.0,1.0,-0.5067930339682724,0.8620677587760915,0.0,1.0,-0.8620677587760915,-0.5067930339682724,0.0,1.0,3.673053272665544,3.673053272665544
-0.8556248012990468,-0.5175965604618782,3.685632222229467,3.8188852925344743,0.5175965604618782,-0.8556248012990468,1.0,1.4142135623730951,0.8556248012990468,0.5175965604618782,0.0,1.0,-0.5175965604618782,0.8556248012990468,0.0,1.0,-0.8556248012990468,-0.5175965604618782,0.0,1.0,0.5175965604618782,-0.8556248012990468,0.0,1.0,0.8556248012990468,0.5175965604618782,0.0,1.0,-0.5175965604618782,0.8556248012990468,0.0,1.0,-0.8556248012990468,-0.5175965604618782,0.0,1.0,3.685632222229467,3.685632222229467
-0.849046460118698,-0.5283181887460511,3.69821117179339,3.8310267385098524,0.5283181887460511,-0.849046460118698,1.0,1.414213562373095,0.849046460118698,0.5283181887460511,0.0,0.9999999999999999,-0.5283181887460511,0.849046460118698,0.0,0.9999999999999999,-0.849046460118698,-0.5283181887460511,0.0,0.9999999999999999,0.5283181887460511,-0.849046460118698,0.0,0.9999999999999999,0.849046460118698,0.5283181887460511,0.0,0.9999999999999999,-0.5283181887460511,0.849046460118698,0.0,0.9999999999999999,-0.849046460118698,-0.5283181887460511,0.0,0.9999999999999999,3.69821117179339,3.69821117179339
-0.842333776112062,-0.538956222360216,3.710790121357313,3.8431709986368054,0.538956222360216,-0.842333776112062,1.0,1.4142135623730951,0.842333776112062,0.538956222360216,0.0,0.9999999999999999,-0.538956222360216,0.842333776112062,0.0,0.9999999999999999,-0.842333776112062,-0.538956222360216,0.0,0.9999999999999999,0.538956222360216,-0.842333776112062,0.0,0.9999999999999999,0.842333776112062,0.538956222360216,0.0,0.9999999999999999,-0.538956222360216,0.842333776112062,0.0,0.9999999999999999,-0.842333776112062,-0.538956222360216,0.0,0.9999999999999999,3.710790121357313,3.710790121357313
-0.8354878114129367,-0.5495089780708056,3.723369070921236,3.855318046321583,0.5495089780708056,-0.8354878114129367,1.0,1.4142135623730951,0.8354878114129367,0.5495089780708056,0.0,1.0,-0.5495089780708056,0.8354878114129367,0.0,1.0,-0.8354878114129367,-0.5495089780708056,0.0,1.0,0.5495089780708056,-0.8354878114129367,0.0,1.0,0.8354878114129367,0.5495089780708056,0.0,1.0,-0.5495089780708056,0.8354878114129367,0.0,1.0,-0.8354878114129367,-0.5495089780708056,0.0,1.0,3.723369070921236,3.723369070921236
-0.8285096492438424,-0.5599747861375949,3.735948020485159,3.867467855298474,0.5599747861375949,-0.8285096492438424,1.0,1.4142135623730951,0.8285096492438424,0.5599747861375949,0.0,1.0,-0.5599747861375949,0.8285096492438424,0.0,1.0,-0.8285096492438424,-0.5599747861375949,0.0,1.0,0.5599747861375949,-0.8285096492438424,0.0,1.0,0.8285096492438424,0.5599747861375949,0.0,1.0,-0.5599747861375949,0.8285096492438424,0.0,1.0,-0.8285096492438424,-0.5599747861375949,0.0,1.0,3.735948020485159,3.735948020485159
-0.8214003937446254,-0.5703519905779012,3.7485269700490824,3.8796203996248595,0.5703519905779012,-0.8214003937446254,1.0,1.414213562373095,0.8214003937446254,0.5703519905779012,0.0,0.9999999999999999,-0.5703519905779012,0.8214003937446254,0.0,0.9999999999999999,-0.8214003937446254,-0.5703519905779012,0.0,0.9999999999999999,0.5703519905779012,-0.8214003937446254,0.0,0.9999999999999999,0.8214003937446254,0.5703519905779012,0.0,0.9999999999999999,-0.5703519905779012,0.8214003937446254,0.0,0.9999999999999999,-0.8214003937446254,-0.5703519905779012,0.0,0.9999999999999999,3.7485269700490824,3.7485269700490824
-0.814161169797753,-0.5806389494286053,3.7611059196130054,3.8917756536763513,0.5806389494286053,-0.814161169797753,1.0,1.4142135623730951,0.814161169797753,0.5806389494286053,0.0,1.0,-0.5806389494286053,0.814161169797753,0.0,1.0,-0.814161169797753,-0.5806389494286053,0.0,1.0,0.5806389494286053,-0.814161169797753,0.0,1.0,0.814161169797753,0.5806389494286053,0.0,1.0,-0.5806389494286053,0.814161169797753,0.0,1.0,-0.814161169797753,-0.5806389494286053,0.0,1.0,3.7611059196130054,3.7611059196130054
-0.8067931228503245,-0.5908340350059578,3.7736848691769285,3.9039335921420193,0.5908340350059578,-0.8067931228503245,1.0,1.4142135623730951,0.8067931228503245,0.5908340350059578,0.0,1.0,-0.5908340350059578,0.8067931228503245,0.0,1.0,-0.8067931228503245,-0.5908340350059578,0.0,1.0,0.5908340350059578,-0.8067931228503245,0.0,1.0,0.8067931228503245,0.5908340350059578,0.0,1.0,-0.5908340350059578,0.8067931228503245,0.0,1.0,-0.8067931228503245,-0.5908340350059578,0.0,1.0,3.7736848691769285,3.7736848691769285
-0.7992974187328304,-0.6009356341631226,3.7862638187408515,3.9160941900197006,0.6009356341631226,-0.7992974187328304,1.0,1.4142135623730951,0.7992974187328304,0.6009356341631226,0.0,1.0,-0.6009356341631226,0.7992974187328304,0.0,1.0,-0.7992974187328304,-0.6009356341631226,0.0,1.0,0.6009356341631226,-0.7992974187328304,0.0,1.0,0.7992974187328304,0.6009356341631226,0.0,1.0,-0.6009356341631226,0.7992974187328304,0.0,1.0,-0.7992974187328304,-0.6009356341631226,0.0,1.0,3.7862638187408515,3.7862638187408515
-0.7916752434746857,-0.6109421485454225,3.7988427683047745,3.92825742261139,0.6109421485454225,-0.7916752434746857,1.0,1.4142135623730951,0.7916752434746857,0.6109421485454225,0.0,0.9999999999999999,-0.6109421485454225,0.7916752434746857,0.0,0.9999999999999999,-0.7916752434746857,-0.6109421485454225,0.0,0.9999999999999999,0.6109421485454225,-0.7916752434746857,0.0,0.9999999999999999,0.7916752434746857,0.6109421485454225,0.0,0.9999999999999999,-0.6109421485454225,0.7916752434746857,0.0,0.9999999999999999,-0.7916752434746857,-0.6109421485454225,0.0,0.9999999999999999,3.7988427683047745,3.7988427683047745
-0.7839278031165661,-0.6208519948432432,3.8114217178686975,3.940423265518715,0.6208519948432432,-0.7839278031165661,1.0,1.4142135623730951,0.7839278031165661,0.6208519948432432,0.0,1.0,-0.6208519948432432,0.7839278031165661,0.0,1.0,-0.7839278031165661,-0.6208519948432432,0.0,1.0,0.6208519948432432,-0.7839278031165661,0.0,1.0,0.7839278031165661,0.6208519948432432,0.0,1.0,-0.6208519948432432,0.7839278031165661,0.0,1.0,-0.7839278031165661,-0.6208519948432432,0.0,1.0,3.8114217178686975,3.8114217178686975
-0.7760563235195791,-0.630663605042557,3.824000667432621,3.952591694638485,0.630663605042557,-0.7760563235195791,1.0,1.4142135623730951,0.7760563235195791,0.630663605042557,0.0,1.0,-0.630663605042557,0.7760563235195791,0.0,1.0,-0.7760563235195791,-0.630663605042557,0.0,1.0,0.630663605042557,-0.7760563235195791,0.0,1.0,0.7760563235195791,0.630663605042557,0.0,1.0,-0.630663605042557,0.7760563235195791,0.0,1.0,-0.7760563235195791,-0.630663605042557,0.0,1.0,3.824000667432621,3.824000667432621
-0.7680620501712998,-0.6403754266730258,3.836579616996544,3.9647626861583216,0.6403754266730258,-0.7680620501712998,1.0,1.4142135623730951,0.7680620501712998,0.6403754266730258,0.0,1.0,-0.6403754266730258,0.7680620501712998,0.0,1.0,-0.7680620501712998,-0.6403754266730258,0.0,1.0,0.6403754266730258,-0.7680620501712998,0.0,1.0,0.7680620501712998,0.6403754266730258,0.0,1.0,-0.6403754266730258,0.7680620501712998,0.0,1.0,-0.7680620501712998,-0.6403754266730258,0.0,1.0,3.836579616996544,3.836579616996544
-0.7599462479886977,-0.6499859230536464,3.849158566560467,3.976936216552364,0.6499859230536464,-0.7599462479886977,1.0,1.4142135623730951,0.7599462479886977,0.6499859230536464,0.0,1.0,-0.6499859230536464,0.7599462479886977,0.0,1.0,-0.7599462479886977,-0.6499859230536464,0.0,1.0,0.6499859230536464,-0.7599462479886977,0.0,1.0,0.7599462479886977,0.6499859230536464,0.0,1.0,-0.6499859230536464,0.7599462479886977,0.0,1.0,-0.7599462479886977,-0.6499859230536464,0.0,1.0,3.849158566560467,3.849158566560467
-0.7517102011179935,-0.6594935735358957,3.86173751612439,3.989112262577048,0.6594935735358957,-0.7517102011179935,1.0,1.4142135623730951,0.7517102011179935,0.6594935735358957,0.0,1.0,-0.6594935735358957,0.7517102011179935,0.0,1.0,-0.7517102011179935,-0.6594935735358957,0.0,1.0,0.6594935735358957,-0.7517102011179935,0.0,1.0,0.7517102011179935,0.6594935735358957,0.0,1.0,-0.6594935735358957,0.7517102011179935,0.0,1.0,-0.7517102011179935,-0.6594935735358957,0.0,1.0,3.86173751612439,3.86173751612439
-0.7433552127314704,-0.6688968737443391,3.874316465688313,4.001290801266959,0.6688968737443391,-0.7433552127314704,1.0,1.4142135623730951,0.7433552127314704,0.6688968737443391,0.0,1.0,-0.6688968737443391,0.7433552127314704,0.0,1.0,-0.7433552127314704,-0.6688968737443391,0.0,1.0,0.6688968737443391,-0.7433552127314704,0.0,1.0,0.7433552127314704,0.6688968737443391,0.0,1.0,-0.6688968737443391,0.7433552127314704,0.0,1.0,-0.7433552127314704,-0.6688968737443391,0.0,1.0,3.874316465688313,3.874316465688313
-0.7348826048212762,-0.6781943358146659,3.886895415252236,4.013471809930755,0.6781943358146659,-0.7348826048212762,1.0,1.414213562373095,0.7348826048212762,0.6781943358146659,0.0,0.9999999999999999,-0.6781943358146659,0.7348826048212762,0.0,0.9999999999999999,-0.7348826048212762,-0.6781943358146659,0.0,0.9999999999999999,0.6781943358146659,-0.7348826048212762,0.0,0.9999999999999999,0.7348826048212762,0.6781943358146659,0.0,0.9999999999999999,-0.6781943358146659,0.7348826048212762,0.0,0.9999999999999999,-0.7348826048212762,-0.6781943358146659,0.0,0.9999999999999999,3.886895415252236,3.886895415252236
-0.7262937179902474,-0.6873844886291098,3.899474364816159,4.025655266147163,0.6873844886291098,-0.7262937179902474,1.0,1.4142135623730951,0.7262937179902474,0.6873844886291098,0.0,1.0,-0.6873844886291098,0.7262937179902474,0.0,1.0,-0.7262937179902474,-0.6873844886291098,0.0,1.0,0.6873844886291098,-0.7262937179902474,0.0,1.0,0.7262937179902474,0.6873844886291098,0.0,1.0,-0.6873844886291098,0.7262937179902474,0.0,1.0,-0.7262937179902474,-0.6873844886291098,0.0,1.0,3.899474364816159,3.899474364816159
-0.717589911239788,-0.6964658780492216,3.9120533143800826,4.037841147761039,0.6964658780492216,-0.717589911239788,1.0,1.4142135623730951,0.717589911239788,0.6964658780492216,0.0,1.0,-0.6964658780492216,0.717589911239788,0.0,1.0,-0.717589911239788,-0.6964658780492216,0.0,1.0,0.6964658780492216,-0.717589911239788,0.0,1.0,0.717589911239788,0.6964658780492216,0.0,1.0,-0.6964658780492216,0.717589911239788,0.0,1.0,-0.717589911239788,-0.6964658780492216,0.0,1.0,3.9120533143800826,3.9120533143800826
-0.7087725617548385,-0.7054370671459529,3.9246322639440057,4.050029432879501,0.7054370671459529,-0.7087725617548385,1.0,1.4142135623730951,0.7087725617548385,0.7054370671459529,0.0,1.0,-0.7054370671459529,0.7087725617548385,0.0,1.0,-0.7087725617548385,-0.7054370671459529,0.0,1.0,0.7054370671459529,-0.7087725617548385,0.0,1.0,0.7087725617548385,0.7054370671459529,0.0,1.0,-0.7054370671459529,0.7087725617548385,0.0,1.0,-0.7087725617548385,-0.7054370671459529,0.0,1.0,3.9246322639440057,3.9246322639440057
-0.6998430646859656,-0.7142966364270207,3.9372112135079287,4.062220099868122,0.7142966364270207,-0.6998430646859656,1.0,1.4142135623730951,0.6998430646859656,0.7142966364270207,0.0,1.0,-0.7142966364270207,0.6998430646859656,0.0,1.0,-0.6998430646859656,-0.7142966364270207,0.0,1.0,0.7142966364270207,-0.6998430646859656,0.0,1.0,0.6998430646859656,0.7142966364270207,0.0,1.0,-0.7142966364270207,0.6998430646859656,0.0,1.0,-0.6998430646859656,-0.7142966364270207,0.0,1.0,3.9372112135079287,3.9372112135079287
-0.6908028329286112,-0.723043184061509,3.9497901630718517,4.074413127347197,0.723043184061509,-0.6908028329286112,1.0,1.4142135623730951,0.6908028329286112,0.723043184061509,0.0,1.0,-0.723043184061509,0.6908028329286112,0.0,1.0,-0.6908028329286112,-0.723043184061509,0.0,1.0,0.723043184061509,-0.6908028329286112,0.0,1.0,0.6908028329286112,0.723043184061509,0.0,1.0,-0.723043184061509,0.6908028329286112,0.0,1.0,-0.6908028329286112,-0.723043184061509,0.0,1.0,3.9497901630718517,3.9497901630718517
-0.6816532968995332,-0.731675326101678,3.9623691126357747,4.086608494188061,0.731675326101678,-0.6816532968995332,1.0,1.4142135623730951,0.6816532968995332,0.731675326101678,0.0,1.0,-0.731675326101678,0.6816532968995332,0.0,1.0,-0.6816532968995332,-0.731675326101678,0.0,1.0,0.731675326101678,-0.6816532968995332,0.0,1.0,0.6816532968995332,0.731675326101678,0.0,1.0,-0.731675326101678,0.6816532968995332,0.0,1.0,-0.6816532968995332,-0.731675326101678,0.0,1.0,3.9623691126357747,3.9623691126357747
-0.6723959043104729,-0.7401916967019432,3.9749480621996978,4.0988061795094834,0.7401916967019432,-0.6723959043104729,1.0,1.4142135623730951,0.6723959043104729,0.7401916967019432,0.0,1.0,-0.7401916967019432,0.6723959043104729,0.0,1.0,-0.6723959043104729,-0.7401916967019432,0.0,1.0,0.7401916967019432,-0.6723959043104729,0.0,1.0,0.6723959043104729,0.7401916967019432,0.0,1.0,-0.7401916967019432,0.6723959043104729,0.0,1.0,-0.6723959043104729,-0.7401916967019432,0.0,1.0,3.9749480621996978,3.9749480621996978
-0.6630321199390868,-0.7485909483349905,3.9875270117636212,4.11100616267411,0.7485909483349905,-0.6630321199390868,1.0,1.4142135623730951,0.6630321199390868,0.7485909483349905,0.0,1.0,-0.7485909483349905,0.6630321199390868,0.0,1.0,-0.6630321199390868,-0.7485909483349905,0.0,1.0,0.7485909483349905,-0.6630321199390868,0.0,1.0,0.6630321199390868,0.7485909483349905,0.0,1.0,-0.7485909483349905,0.6630321199390868,0.0,1.0,-0.6630321199390868,-0.7485909483349905,0.0,1.0,3.9875270117636212,3.9875270117636212
-0.6535634253971795,-0.7568717520049916,4.000105961327544,4.123208423284973,0.7568717520049916,-0.6535634253971795,1.0,1.4142135623730951,0.6535634253971795,0.7568717520049916,0.0,1.0,-0.7568717520049916,0.6535634253971795,0.0,1.0,-0.6535634253971795,-0.7568717520049916,0.0,1.0,0.7568717520049916,-0.6535634253971795,0.0,1.0,0.6535634253971795,0.7568717520049916,0.0,1.0,-0.7568717520049916,0.6535634253971795,0.0,1.0,-0.6535634253971795,-0.7568717520049916,0.0,1.0,4.000105961327544,4.000105961327544
-0.6439913188962686,-0.7650327974578897,4.012684910891467,4.135412941182061,0.7650327974578897,-0.6439913188962686,1.0,1.4142135623730951,0.6439913188962686,0.7650327974578897,0.0,1.0,-0.7650327974578897,0.6439913188962686,0.0,1.0,-0.6439913188962686,-0.7650327974578897,0.0,1.0,0.7650327974578897,-0.6439913188962686,0.0,1.0,0.6439913188962686,0.7650327974578897,0.0,1.0,-0.7650327974578897,0.6439913188962686,0.0,1.0,-0.6439913188962686,-0.7650327974578897,0.0,1.0,4.012684910891467,4.012684910891467
-0.634317315010528,-0.7730727933887175,4.02526386045539,4.147619696438938,0.7730727933887175,-0.634317315010528,1.0,1.4142135623730951,0.634317315010528,0.7730727933887175,0.0,1.0,-0.7730727933887175,0.634317315010528,0.0,1.0,-0.634317315010528,-0.7730727933887175,0.0,1.0,0.7730727933887175,-0.634317315010528,0.0,1.0,0.634317315010528,0.7730727933887175,0.0,1.0,-0.7730727933887175,0.634317315010528,0.0,1.0,-0.634317315010528,-0.7730727933887175,0.0,1.0,4.02526386045539,4.02526386045539
-0.6245429444371393,-0.7809904676459172,4.037842810019313,4.159828669359433,0.7809904676459172,-0.6245429444371393,1.0,1.4142135623730951,0.6245429444371393,0.7809904676459172,0.0,1.0,-0.7809904676459172,0.6245429444371393,0.0,1.0,-0.6245429444371393,-0.7809904676459172,0.0,1.0,0.7809904676459172,-0.6245429444371393,0.0,1.0,0.6245429444371393,0.7809904676459172,0.0,1.0,-0.7809904676459172,0.6245429444371393,0.0,1.0,-0.6245429444371393,-0.7809904676459172,0.0,1.0,4.037842810019313,4.037842810019313
-0.6146697537540928,-0.788784567432631,4.050421759583236,4.172039840474365,0.788784567432631,-0.6146697537540928,1.0,1.4142135623730951,0.6146697537540928,0.788784567432631,0.0,1.0,-0.788784567432631,0.6146697537540928,0.0,1.0,-0.6146697537540928,-0.788784567432631,0.0,1.0,0.788784567432631,-0.6146697537540928,0.0,1.0,0.6146697537540928,0.788784567432631,0.0,1.0,-0.788784567432631,0.6146697537540928,0.0,1.0,-0.6146697537540928,-0.788784567432631,0.0,1.0,4.050421759583236,4.050421759583236
-0.6046993051754759,-0.7964538595049286,4.063000709147159,4.184253190538345,0.7964538595049286,-0.6046993051754759,1.0,1.4142135623730951,0.6046993051754759,0.7964538595049286,0.0,1.0,-0.7964538595049286,0.6046993051754759,0.0,1.0,-0.6046993051754759,-0.7964538595049286,0.0,1.0,0.7964538595049286,-0.6046993051754759,0.0,1.0,0.6046993051754759,0.7964538595049286,0.0,1.0,-0.7964538595049286,0.6046993051754759,0.0,1.0,-0.6046993051754759,-0.7964538595049286,0.0,1.0,4.063000709147159,4.063000709147159
-0.5946331763042871,-0.8039971303669401,4.075579658711082,4.196468700526616,0.8039971303669401,-0.5946331763042871,1.0,1.4142135623730951,0.5946331763042871,0.8039971303669401,0.0,1.0,-0.8039971303669401,0.5946331763042871,0.0,1.0,-0.5946331763042871,-0.8039971303669401,0.0,1.0,0.8039971303669401,-0.5946331763042871,0.0,1.0,0.5946331763042871,0.8039971303669401,0.0,1.0,-0.8039971303669401,0.5946331763042871,0.0,1.0,-0.5946331763042871,-0.8039971303669401,0.0,1.0,4.075579658711082,4.075579658711082
-0.5844729598828156,-0.8114131864628653,4.088158608275005,4.208686351631947,0.8114131864628653,-0.5844729598828156,1.0,1.4142135623730951,0.5844729598828156,0.8114131864628653,0.0,0.9999999999999999,-0.8114131864628653,0.5844729598828156,0.0,0.9999999999999999,-0.5844729598828156,-0.8114131864628653,0.0,0.9999999999999999,0.8114131864628653,-0.5844729598828156,0.0,0.9999999999999999,0.5844729598828156,0.8114131864628653,0.0,0.9999999999999999,-0.8114131864628653,0.5844729598828156,0.0,0.9999999999999999,-0.5844729598828156,-0.8114131864628653,0.0,0.9999999999999999,4.088158608275005,4.088158608275005
-0.5742202635406243,-0.8187008543658276,4.1007375578389285,4.220906125261586,0.8187008543658276,-0.5742202635406243,1.0,1.4142135623730951,0.5742202635406243,0.8187008543658276,0.0,1.0,-0.8187008543658276,0.5742202635406243,0.0,1.0,-0.5742202635406243,-0.8187008543658276,0.0,1.0,0.8187008543658276,-0.5742202635406243,0.0,1.0,0.5742202635406243,0.8187008543658276,0.0,1.0,-0.8187008543658276,0.5742202635406243,0.0,1.0,-0.5742202635406243,-0.8187008543658276,0.0,1.0,4.1007375578389285,4.1007375578389285
-0.5638767095401779,-0.8258589809635432,4.113316507402852,4.233128003034257,0.8258589809635432,-0.5638767095401779,1.0,1.4142135623730951,0.5638767095401779,0.8258589809635432,0.0,1.0,-0.8258589809635432,0.5638767095401779,0.0,1.0,-0.5638767095401779,-0.8258589809635432,0.0,1.0,0.8258589809635432,-0.5638767095401779,0.0,1.0,0.5638767095401779,0.8258589809635432,0.0,1.0,-0.8258589809635432,0.5638767095401779,0.0,1.0,-0.5638767095401779,-0.8258589809635432,0.0,1.0,4.113316507402852,4.113316507402852
-0.5534439345201586,-0.8328864336407734,4.125895456966775,4.245351966777204,0.8328864336407734,-0.5534439345201586,1.0,1.4142135623730951,0.5534439345201586,0.8328864336407734,0.0,1.0,-0.8328864336407734,0.5534439345201586,0.0,1.0,-0.5534439345201586,-0.8328864336407734,0.0,1.0,0.8328864336407734,-0.5534439345201586,0.0,1.0,0.5534439345201586,0.8328864336407734,0.0,1.0,-0.8328864336407734,0.5534439345201586,0.0,1.0,-0.5534439345201586,-0.8328864336407734,0.0,1.0,4.125895456966775,4.125895456966775
-0.5429235892364995,-0.8397821004585396,4.138474406530698,4.257577998523294,0.8397821004585396,-0.5429235892364995,1.0,1.4142135623730951,0.5429235892364995,0.8397821004585396,0.0,1.0,-0.8397821004585396,0.5429235892364995,0.0,1.0,-0.5429235892364995,-0.8397821004585396,0.0,1.0,0.8397821004585396,-0.5429235892364995,0.0,1.0,0.5429235892364995,0.8397821004585396,0.0,1.0,-0.8397821004585396,0.5429235892364995,0.0,1.0,-0.5429235892364995,-0.8397821004585396,0.0,1.0,4.138474406530698,4.138474406530698
-0.5323173383011922,-0.8465448903300604,4.1510533560946214,4.269806080508156,0.8465448903300604,-0.5323173383011922,1.0,1.4142135623730951,0.5323173383011922,0.8465448903300604,0.0,0.9999999999999999,-0.8465448903300604,0.5323173383011922,0.0,0.9999999999999999,-0.5323173383011922,-0.8465448903300604,0.0,0.9999999999999999,0.8465448903300604,-0.5323173383011922,0.0,0.9999999999999999,0.5323173383011922,0.8465448903300604,0.0,0.9999999999999999,-0.8465448903300604,0.5323173383011922,0.0,0.9999999999999999,-0.5323173383011922,-0.8465448903300604,0.0,0.9999999999999999,4.1510533560946214,4.1510533560946214
-0.521626859918898,-0.8531737331933926,4.1636323056585445,4.282036195167375,0.8531737331933926,-0.521626859918898,1.0,1.4142135623730951,0.521626859918898,0.8531737331933926,0.0,1.0,-0.8531737331933926,0.521626859918898,0.0,1.0,-0.521626859918898,-0.8531737331933926,0.0,1.0,0.8531737331933926,-0.521626859918898,0.0,1.0,0.521626859918898,0.8531737331933926,0.0,1.0,-0.8531737331933926,0.521626859918898,0.0,1.0,-0.521626859918898,-0.8531737331933926,0.0,1.0,4.1636323056585445,4.1636323056585445
-0.5108538456214089,-0.8596675801807451,4.1762112552224675,4.294268325133726,0.8596675801807451,-0.5108538456214089,1.0,1.4142135623730951,0.5108538456214089,0.8596675801807451,0.0,1.0,-0.8596675801807451,0.5108538456214089,0.0,1.0,-0.5108538456214089,-0.8596675801807451,0.0,1.0,0.8596675801807451,-0.5108538456214089,0.0,1.0,0.5108538456214089,0.8596675801807451,0.0,1.0,-0.8596675801807451,0.5108538456214089,0.0,1.0,-0.5108538456214089,-0.8596675801807451,0.0,1.0,4.1762112552224675,4.1762112552224675
-0.5000000000000004,-0.8660254037844385,4.1887902047863905,4.306502453234459,0.8660254037844385,-0.5000000000000004,1.0,1.4142135623730951,0.5000000000000004,0.8660254037844385,0.0,1.0,-0.8660254037844385,0.5000000000000004,0.0,1.0,-0.5000000000000004,-0.8660254037844385,0.0,1.0,0.8660254037844385,-0.5000000000000004,0.0,1.0,0.5000000000000004,0.8660254037844385,0.0,1.0,-0.8660254037844385,0.5000000000000004,0.0,1.0,-0.5000000000000004,-0.8660254037844385,0.0,1.0,4.1887902047863905,4.1887902047863905
-0.4890670404357173,-0.872246198019486,4.2013691543503136,4.31873856248862,0.872246198019486,-0.4890670404357173,1.0,1.4142135623730951,0.4890670404357173,0.872246198019486,0.0,0.9999999999999999,-0.872246198019486,0.4890670404357173,0.0,0.9999999999999999,-0.4890670404357173,-0.872246198019486,0.0,0.9999999999999999,0.872246198019486,-0.4890670404357173,0.0,0.9999999999999999,0.4890670404357173,0.872246198019486,0.0,0.9999999999999999,-0.872246198019486,0.4890670404357173,0.0,0.9999999999999999,-0.4890670404357173,-0.872246198019486,0.0,0.9999999999999999,4.2013691543503136,4.2013691543503136
-0.4780566968276366,-0.8783289785827684,4.213948103914237,4.330976636104424,0.8783289785827684,-0.4780566968276366,1.0,1.4142135623730951,0.4780566968276366,0.8783289785827684,0.0,1.0,-0.8783289785827684,0.4780566968276366,0.0,1.0,-0.4780566968276366,-0.8783289785827684,0.0,1.0,0.8783289785827684,-0.4780566968276366,0.0,1.0,0.4780566968276366,0.8783289785827684,0.0,1.0,-0.8783289785827684,0.4780566968276366,0.0,1.0,-0.4780566968276366,-0.8783289785827684,0.0,1.0,4.213948103914237,4.213948103914237
-0.4669707113191486,-0.8842727830087774,4.22652705347816,4.343216657476665,0.8842727830087774,-0.4669707113191486,1.0,1.4142135623730951,0.4669707113191486,0.8842727830087774,0.0,0.9999999999999999,-0.8842727830087774,0.4669707113191486,0.0,0.9999999999999999,-0.4669707113191486,-0.8842727830087774,0.0,0.9999999999999999,0.8842727830087774,-0.4669707113191486,0.0,0.9999999999999999,0.4669707113191486,0.8842727830087774,0.0,0.9999999999999999,-0.8842727830087774,0.4669707113191486,0.0,0.9999999999999999,-0.4669707113191486,-0.8842727830087774,0.0,0.9999999999999999,4.22652705347816,4.22652705347816
-0.4558108380223019,-0.8900766708219056,4.239106003042083,4.35545861018417,0.8900766708219056,-0.4558108380223019,1.0,1.4142135623730951,0.4558108380223019,0.8900766708219056,0.0,0.9999999999999999,-0.8900766708219056,0.4558108380223019,0.0,0.9999999999999999,-0.4558108380223019,-0.8900766708219056,0.0,0.9999999999999999,0.8900766708219056,-0.4558108380223019,0.0,0.9999999999999999,0.4558108380223019,0.8900766708219056,0.0,0.9999999999999999,-0.8900766708219056,0.4558108380223019,0.0,0.9999999999999999,-0.4558108380223019,-0.8900766708219056,0.0,0.9999999999999999,4.239106003042083,4.239106003042083
-0.4445788427402534,-0.895739723685255,4.251684952606006,4.367702477987292,0.895739723685255,-0.4445788427402534,1.0,1.4142135623730951,0.4445788427402534,0.895739723685255,0.0,0.9999999999999999,-0.895739723685255,0.4445788427402534,0.0,0.9999999999999999,-0.4445788427402534,-0.895739723685255,0.0,0.9999999999999999,0.895739723685255,-0.4445788427402534,0.0,0.9999999999999999,0.4445788427402534,0.895739723685255,0.0,0.9999999999999999,-0.895739723685255,0.4445788427402534,0.0,0.9999999999999999,-0.4445788427402534,-0.895739723685255,0.0,0.9999999999999999,4.251684952606006,4.251684952606006
-0.4332765026878693,-0.9012610455459443,4.264263902169929,4.379948244825446,0.9012610455459443,-0.4332765026878693,1.0,1.4142135623730951,0.4332765026878693,0.9012610455459443,0.0,1.0,-0.9012610455459443,0.4332765026878693,0.0,1.0,-0.4332765026878693,-0.9012610455459443,0.0,1.0,0.9012610455459443,-0.4332765026878693,0.0,1.0,0.4332765026878693,0.9012610455459443,0.0,1.0,-0.9012610455459443,0.4332765026878693,0.0,1.0,-0.4332765026878693,-0.9012610455459443,0.0,1.0,4.264263902169929,4.264263902169929
-0.4219056062105194,-0.9066397627768893,4.276842851733853,4.392195894814683,0.9066397627768893,-0.4219056062105194,1.0,1.4142135623730951,0.4219056062105194,0.9066397627768893,0.0,1.0,-0.9066397627768893,0.4219056062105194,0.0,1.0,-0.4219056062105194,-0.9066397627768893,0.0,1.0,0.9066397627768893,-0.4219056062105194,0.0,1.0,0.4219056062105194,0.9066397627768893,0.0,1.0,-0.9066397627768893,0.4219056062105194,0.0,1.0,-0.4219056062105194,-0.9066397627768893,0.0,1.0,4.276842851733853,4.276842851733853
-0.41046795250111395,-0.9118750243150336,4.289421801297776,4.404445412245298,0.9118750243150336,-0.41046795250111395,1.0,1.4142135623730951,0.41046795250111395,0.9118750243150336,0.0,1.0,-0.9118750243150336,0.41046795250111395,0.0,1.0,-0.41046795250111395,-0.9118750243150336,0.0,1.0,0.9118750243150336,-0.41046795250111395,0.0,1.0,0.41046795250111395,0.9118750243150336,0.0,1.0,-0.9118750243150336,0.41046795250111395,0.0,1.0,-0.41046795250111395,-0.9118750243150336,0.0,1.0,4.289421801297776,4.289421801297776
-0.39896535131541655,-0.9169660017960133,4.302000750861699,4.416696781579489,0.9169660017960133,-0.39896535131541655,1.0,1.4142135623730951,0.39896535131541655,0.9169660017960133,0.0,1.0,-0.9169660017960133,0.39896535131541655,0.0,1.0,-0.39896535131541655,-0.9169660017960133,0.0,1.0,0.9169660017960133,-0.39896535131541655,0.0,1.0,0.39896535131541655,0.9169660017960133,0.0,1.0,-0.9169660017960133,0.39896535131541655,0.0,1.0,-0.39896535131541655,-0.9169660017960133,0.0,1.0,4.302000750861699,4.302000750861699
-0.38739962268569333,-0.921911889685225,4.314579700425622,4.428949987449039,0.921911889685225,-0.38739962268569333,1.0,1.4142135623730951,0.38739962268569333,0.921911889685225,0.0,1.0,-0.921911889685225,0.38739962268569333,0.0,1.0,-0.38739962268569333,-0.921911889685225,0.0,1.0,0.921911889685225,-0.38739962268569333,0.0,1.0,0.38739962268569333,0.921911889685225,0.0,1.0,-0.921911889685225,0.38739962268569333,0.0,1.0,-0.38739962268569333,-0.921911889685225,0.0,1.0,4.314579700425622,4.314579700425622
-0.37577259663273255,-0.9267119054052849,4.327158649989545,4.441205014653043,0.9267119054052849,-0.37577259663273255,1.0,1.4142135623730951,0.37577259663273255,0.9267119054052849,0.0,1.0,-0.9267119054052849,0.37577259663273255,0.0,1.0,-0.37577259663273255,-0.9267119054052849,0.0,1.0,0.9267119054052849,-0.37577259663273255,0.0,1.0,0.37577259663273255,0.9267119054052849,0.0,1.0,-0.9267119054052849,0.37577259663273255,0.0,1.0,-0.37577259663273255,-0.9267119054052849,0.0,1.0,4.327158649989545,4.327158649989545
-0.3640861128762842,-0.931365289459854,4.339737599553468,4.453461848155667,0.931365289459854,-0.3640861128762842,1.0,1.4142135623730951,0.3640861128762842,0.931365289459854,0.0,0.9999999999999999,-0.931365289459854,0.3640861128762842,0.0,0.9999999999999999,-0.3640861128762842,-0.931365289459854,0.0,0.9999999999999999,0.931365289459854,-0.3640861128762842,0.0,0.9999999999999999,0.3640861128762842,0.931365289459854,0.0,0.9999999999999999,-0.931365289459854,0.3640861128762842,0.0,0.9999999999999999,-0.3640861128762842,-0.931365289459854,0.0,0.9999999999999999,4.339737599553468,4.339737599553468
-0.3523420205439648,-0.9358713055538118,4.352316549117391,4.465720473083947,0.9358713055538118,-0.3523420205439648,1.0,1.4142135623730951,0.3523420205439648,0.9358713055538118,0.0,0.9999999999999999,-0.9358713055538118,0.3523420205439648,0.0,0.9999999999999999,-0.3523420205439648,-0.9358713055538118,0.0,0.9999999999999999,0.9358713055538118,-0.3523420205439648,0.0,0.9999999999999999,0.3523420205439648,0.9358713055538118,0.0,0.9999999999999999,-0.9358713055538118,0.3523420205439648,0.0,0.9999999999999999,-0.3523420205439648,-0.9358713055538118,0.0,0.9999999999999999,4.352316549117391,4.352316549117391
-0.3405421778786742,-0.9402292407097588,4.364895498681314,4.477980874725616,0.9402292407097588,-0.3405421778786742,1.0,1.4142135623730951,0.3405421778786742,0.9402292407097588,0.0,1.0,-0.9402292407097588,0.3405421778786742,0.0,1.0,-0.3405421778786742,-0.9402292407097588,0.0,1.0,0.9402292407097588,-0.3405421778786742,0.0,1.0,0.3405421778786742,0.9402292407097588,0.0,1.0,-0.9402292407097588,0.3405421778786742,0.0,1.0,-0.3405421778786742,-0.9402292407097588,0.0,1.0,4.364895498681314,4.364895498681314
-0.32868845194456947,-0.9444384053808287,4.377474448245237,4.490243038526972,0.9444384053808287,-0.32868845194456947,1.0,1.4142135623730951,0.32868845194456947,0.9444384053808287,0.0,1.0,-0.9444384053808287,0.32868845194456947,0.0,1.0,-0.32868845194456947,-0.9444384053808287,0.0,1.0,0.9444384053808287,-0.32868845194456947,0.0,1.0,0.32868845194456947,0.9444384053808287,0.0,1.0,-0.9444384053808287,0.32868845194456947,0.0,1.0,-0.32868845194456947,-0.9444384053808287,0.0,1.0,4.377474448245237,4.377474448245237
-0.3167827183316434,-0.948498133559795,4.39005339780916,4.502506950090777,0.948498133559795,-0.3167827183316434,1.0,1.4142135623730951,0.3167827183316434,0.948498133559795,0.0,0.9999999999999999,-0.948498133559795,0.3167827183316434,0.0,0.9999999999999999,-0.3167827183316434,-0.948498133559795,0.0,0.9999999999999999,0.948498133559795,-0.3167827183316434,0.0,0.9999999999999999,0.3167827183316434,0.948498133559795,0.0,0.9999999999999999,-0.948498133559795,0.3167827183316434,0.0,0.9999999999999999,-0.3167827183316434,-0.948498133559795,0.0,0.9999999999999999,4.39005339780916,4.39005339780916
-0.30482686085895394,-0.9524077828844512,4.402632347373083,4.514772595174183,0.9524077828844512,-0.30482686085895394,1.0,1.4142135623730951,0.30482686085895394,0.9524077828844512,0.0,1.0,-0.9524077828844512,0.30482686085895394,0.0,1.0,-0.30482686085895394,-0.9524077828844512,0.0,1.0,0.9524077828844512,-0.30482686085895394,0.0,1.0,0.30482686085895394,0.9524077828844512,0.0,1.0,-0.9524077828844512,0.30482686085895394,0.0,1.0,-0.30482686085895394,-0.9524077828844512,0.0,1.0,4.402632347373083,4.402632347373083
-0.2928227712765512,-0.9561667347392507,4.415211296937006,4.5270399596867,0.9561667347392507,-0.2928227712765512,1.0,1.4142135623730951,0.2928227712765512,0.9561667347392507,0.0,1.0,-0.9561667347392507,0.2928227712765512,0.0,1.0,-0.2928227712765512,-0.9561667347392507,0.0,1.0,0.9561667347392507,-0.2928227712765512,0.0,1.0,0.2928227712765512,0.9561667347392507,0.0,1.0,-0.9561667347392507,0.2928227712765512,0.0,1.0,-0.2928227712765512,-0.9561667347392507,0.0,1.0,4.415211296937006,4.415211296937006
-0.28077234896614933,-0.959774394353189,4.42779024650093,4.5393090296881935,0.959774394353189,-0.28077234896614933,1.0,1.4142135623730951,0.28077234896614933,0.959774394353189,0.0,0.9999999999999999,-0.959774394353189,0.28077234896614933,0.0,0.9999999999999999,-0.28077234896614933,-0.959774394353189,0.0,0.9999999999999999,0.959774394353189,-0.28077234896614933,0.0,0.9999999999999999,0.28077234896614933,0.959774394353189,0.0,0.9999999999999999,-0.959774394353189,0.28077234896614933,0.0,0.9999999999999999,-0.28077234896614933,-0.959774394353189,0.0,0.9999999999999999,4.42779024650093,4.42779024650093
-0.26867750064059465,-0.9632301908939126,4.440369196064853,4.551579791386901,0.9632301908939126,-0.26867750064059465,1.0,1.4142135623730951,0.26867750064059465,0.9632301908939126,0.0,1.0,-0.9632301908939126,0.26867750064059465,0.0,1.0,-0.26867750064059465,-0.9632301908939126,0.0,1.0,0.9632301908939126,-0.26867750064059465,0.0,1.0,0.26867750064059465,0.9632301908939126,0.0,1.0,-0.9632301908939126,0.26867750064059465,0.0,1.0,-0.26867750064059465,-0.9632301908939126,0.0,1.0,4.440369196064853,4.440369196064853
-0.25654014004216524,-0.9665335775580413,4.452948145628776,4.563852231137502,0.9665335775580413,-0.25654014004216524,1.0,1.4142135623730951,0.25654014004216524,0.9665335775580413,0.0,0.9999999999999999,-0.9665335775580413,0.25654014004216524,0.0,0.9999999999999999,-0.25654014004216524,-0.9665335775580413,0.0,0.9999999999999999,0.9665335775580413,-0.25654014004216524,0.0,0.9999999999999999,0.25654014004216524,0.9665335775580413,0.0,0.9999999999999999,-0.9665335775580413,0.25654014004216524,0.0,0.9999999999999999,-0.25654014004216524,-0.9665335775580413,0.0,0.9999999999999999,4.452948145628776,4.452948145628776
-0.2443621876397672,-0.9696840316576876,4.465527095192699,4.576126335439193,0.9696840316576876,-0.2443621876397672,1.0,1.4142135623730951,0.2443621876397672,0.9696840316576876,0.0,1.0,-0.9696840316576876,0.2443621876397672,0.0,1.0,-0.2443621876397672,-0.9696840316576876,0.0,1.0,0.9696840316576876,-0.2443621876397672,0.0,1.0,0.2443621876397672,0.9696840316576876,0.0,1.0,-0.9696840316576876,0.2443621876397672,0.0,1.0,-0.2443621876397672,-0.9696840316576876,0.0,1.0,4.465527095192699,4.465527095192699
-0.2321455703250619,-0.97268105470316,4.478106044756622,4.588402090933814,0.97268105470316,-0.2321455703250619,1.0,1.4142135623730951,0.2321455703250619,0.97268105470316,0.0,1.0,-0.97268105470316,0.2321455703250619,0.0,1.0,-0.2321455703250619,-0.97268105470316,0.0,1.0,0.97268105470316,-0.2321455703250619,0.0,1.0,0.2321455703250619,0.97268105470316,0.0,1.0,-0.97268105470316,0.2321455703250619,0.0,1.0,-0.2321455703250619,-0.97268105470316,0.0,1.0,4.478106044756622,4.478106044756622
-0.21989222110757806,-0.9755241724818386,4.490684994320545,4.600679484403984,0.9755241724818386,-0.21989222110757806,1.0,1.4142135623730951,0.21989222110757806,0.9755241724818386,0.0,1.0,-0.9755241724818386,0.21989222110757806,0.0,1.0,-0.21989222110757806,-0.9755241724818386,0.0,1.0,0.9755241724818386,-0.21989222110757806,0.0,1.0,0.21989222110757806,0.9755241724818386,0.0,1.0,-0.9755241724818386,0.21989222110757806,0.0,1.0,-0.21989222110757806,-0.9755241724818386,0.0,1.0,4.490684994320545,4.490684994320545
-0.2076040788088557,-0.9782129351332083,4.503263943884468,4.612958502771285,0.9782129351332083,-0.2076040788088557,1.0,1.4142135623730951,0.2076040788088557,0.9782129351332083,0.0,0.9999999999999999,-0.9782129351332083,0.2076040788088557,0.0,0.9999999999999999,-0.2076040788088557,-0.9782129351332083,0.0,0.9999999999999999,0.9782129351332083,-0.2076040788088557,0.0,0.9999999999999999,0.2076040788088557,0.9782129351332083,0.0,0.9999999999999999,-0.9782129351332083,0.2076040788088557,0.0,0.9999999999999999,-0.2076040788088557,-0.9782129351332083,0.0,0.9999999999999999,4.503263943884468,4.503263943884468
-0.19528308775567055,-0.9807469172200395,4.515842893448391,4.625239133094454,0.9807469172200395,-0.19528308775567055,1.0,1.4142135623730951,0.19528308775567055,0.9807469172200395,0.0,1.0,-0.9807469172200395,0.19528308775567055,0.0,1.0,-0.19528308775567055,-0.9807469172200395,0.0,1.0,0.9807469172200395,-0.19528308775567055,0.0,1.0,0.19528308775567055,0.9807469172200395,0.0,1.0,-0.9807469172200395,0.19528308775567055,0.0,1.0,-0.19528308775567055,-0.9807469172200395,0.0,1.0,4.515842893448391,4.515842893448391
-0.18293119747238726,-0.9831257177957041,4.528421843012314,4.637521362567621,0.9831257177957041,-0.18293119747238726,1.0,1.4142135623730951,0.18293119747238726,0.9831257177957041,0.0,1.0,-0.9831257177957041,0.18293119747238726,0.0,1.0,-0.18293119747238726,-0.9831257177957041,0.0,1.0,0.9831257177957041,-0.18293119747238726,0.0,1.0,0.18293119747238726,0.9831257177957041,0.0,1.0,-0.9831257177957041,0.18293119747238726,0.0,1.0,-0.18293119747238726,-0.9831257177957041,0.0,1.0,4.528421843012314,4.528421843012314
-0.17055036237249038,-0.9853489604676163,4.541000792576237,4.64980517851856,0.9853489604676163,-0.17055036237249038,1.0,1.4142135623730951,0.17055036237249038,0.9853489604676163,0.0,1.0,-0.9853489604676163,0.17055036237249038,0.0,1.0,-0.17055036237249038,-0.9853489604676163,0.0,1.0,0.9853489604676163,-0.17055036237249038,0.0,1.0,0.17055036237249038,0.9853489604676163,0.0,1.0,-0.9853489604676163,0.17055036237249038,0.0,1.0,-0.17055036237249038,-0.9853489604676163,0.0,1.0,4.541000792576237,4.541000792576237
-0.15814254144934156,-0.9874162934567888,4.55357974214016,4.662090568406972,0.9874162934567888,-0.15814254144934156,1.0,1.4142135623730951,0.15814254144934156,0.9874162934567888,0.0,1.0,-0.9874162934567888,0.15814254144934156,0.0,1.0,-0.15814254144934156,-0.9874162934567888,0.0,1.0,0.9874162934567888,-0.15814254144934156,0.0,1.0,0.15814254144934156,0.9874162934567888,0.0,1.0,-0.9874162934567888,0.15814254144934156,0.0,1.0,-0.15814254144934156,-0.9874162934567888,0.0,1.0,4.55357974214016,4.55357974214016
-0.14570969796621222,-0.9893273896534934,4.566158691704083,4.674377519822799,0.9893273896534934,-0.14570969796621222,1.0,1.4142135623730951,0.14570969796621222,0.9893273896534934,0.0,1.0,-0.9893273896534934,0.14570969796621222,0.0,1.0,-0.14570969796621222,-0.9893273896534934,0.0,1.0,0.9893273896534934,-0.14570969796621222,0.0,1.0,0.14570969796621222,0.9893273896534934,0.0,1.0,-0.9893273896534934,0.14570969796621222,0.0,1.0,-0.14570969796621222,-0.9893273896534934,0.0,1.0,4.566158691704083,4.566158691704083
-0.1332537991456406,-0.9910819466690195,4.578737641268006,4.686666020484552,0.9910819466690195,-0.1332537991456406,1.0,1.4142135623730951,0.1332537991456406,0.9910819466690195,0.0,1.0,-0.9910819466690195,0.1332537991456406,0.0,1.0,-0.1332537991456406,-0.9910819466690195,0.0,1.0,0.9910819466690195,-0.1332537991456406,0.0,1.0,0.1332537991456406,0.9910819466690195,0.0,1.0,-0.9910819466690195,0.1332537991456406,0.0,1.0,-0.1332537991456406,-0.9910819466690195,0.0,1.0,4.578737641268006,4.578737641268006
-0.1207768158581612,-0.9926796868835203,4.59131659083193,4.698956058237674,0.9926796868835203,-0.1207768158581612,1.0,1.4142135623730951,0.1207768158581612,0.9926796868835203,0.0,1.0,-0.9926796868835203,0.1207768158581612,0.0,1.0,-0.1207768158581612,-0.9926796868835203,0.0,1.0,0.9926796868835203,-0.1207768158581612,0.0,1.0,0.1207768158581612,0.9926796868835203,0.0,1.0,-0.9926796868835203,0.1207768158581612,0.0,1.0,-0.1207768158581612,-0.9926796868835203,0.0,1.0,4.59131659083193,4.59131659083193
-0.10828072231046196,-0.9941203574899392,4.603895540395853,4.711247621052922,0.9941203574899392,-0.10828072231046196,1.0,1.4142135623730951,0.10828072231046196,0.9941203574899392,0.0,0.9999999999999999,-0.9941203574899392,0.10828072231046196,0.0,0.9999999999999999,-0.10828072231046196,-0.9941203574899392,0.0,0.9999999999999999,0.9941203574899392,-0.10828072231046196,0.0,0.9999999999999999,0.10828072231046196,0.9941203574899392,0.0,0.9999999999999999,-0.9941203574899392,0.10828072231046196,0.0,0.9999999999999999,-0.10828072231046196,-0.9941203574899392,0.0,0.9999999999999999,4.603895540395853,4.603895540395853
-0.09576749573300417,-0.9954037305340125,4.616474489959776,4.7235406970247835,0.9954037305340125,-0.09576749573300417,1.0,1.4142135623730951,0.09576749573300417,0.9954037305340125,0.0,1.0,-0.9954037305340125,0.09576749573300417,0.0,1.0,-0.09576749573300417,-0.9954037305340125,0.0,1.0,0.9954037305340125,-0.09576749573300417,0.0,1.0,0.09576749573300417,0.9954037305340125,0.0,1.0,-0.9954037305340125,0.09576749573300417,0.0,1.0,-0.09576749573300417,-0.9954037305340125,0.0,1.0,4.616474489959776,4.616474489959776
-0.08323911606717305,-0.9965296029503367,4.629053439523699,4.735835274369896,0.9965296029503367,-0.08323911606717305,1.0,1.4142135623730951,0.08323911606717305,0.9965296029503367,0.0,0.9999999999999999,-0.9965296029503367,0.08323911606717305,0.0,0.9999999999999999,-0.08323911606717305,-0.9965296029503367,0.0,0.9999999999999999,0.9965296029503367,-0.08323911606717305,0.0,0.9999999999999999,0.08323911606717305,0.9965296029503367,0.0,0.9999999999999999,-0.9965296029503367,0.08323911606717305,0.0,0.9999999999999999,-0.08323911606717305,-0.9965296029503367,0.0,0.9999999999999999,4.629053439523699,4.629053439523699
-0.070697565651995,-0.9974977965944997,4.641632389087622,4.748131341425515,0.9974977965944997,-0.070697565651995,1.0,1.4142135623730951,0.070697565651995,0.9974977965944997,0.0,1.0,-0.9974977965944997,0.070697565651995,0.0,1.0,-0.070697565651995,-0.9974977965944997,0.0,1.0,0.9974977965944997,-0.070697565651995,0.0,1.0,0.070697565651995,0.9974977965944997,0.0,1.0,-0.9974977965944997,0.070697565651995,0.0,1.0,-0.070697565651995,-0.9974977965944997,0.0,1.0,4.641632389087622,4.641632389087622
-0.05814482891047624,-0.9983081582712682,4.654211338651545,4.760428886647989,0.9983081582712682,-0.05814482891047624,1.0,1.4142135623730951,0.05814482891047624,0.9983081582712682,0.0,1.0,-0.9983081582712682,0.05814482891047624,0.0,1.0,-0.05814482891047624,-0.9983081582712682,0.0,1.0,0.9983081582712682,-0.05814482891047624,0.0,1.0,0.05814482891047624,0.9983081582712682,0.0,1.0,-0.9983081582712682,0.05814482891047624,0.0,1.0,-0.05814482891047624,-0.9983081582712682,0.0,1.0,4.654211338651545,4.654211338651545
-0.04558289203561173,-0.9989605597588274,4.666790288215468,4.772727898611255,0.9989605597588274,-0.04558289203561173,1.0,1.4142135623730951,0.04558289203561173,0.9989605597588274,0.0,0.9999999999999999,-0.9989605597588274,0.04558289203561173,0.0,0.9999999999999999,-0.04558289203561173,-0.9989605597588274,0.0,0.9999999999999999,0.9989605597588274,-0.04558289203561173,0.0,0.9999999999999999,0.04558289203561173,0.9989605597588274,0.0,0.9999999999999999,-0.9989605597588274,0.04558289203561173,0.0,0.9999999999999999,-0.04558289203561173,-0.9989605597588274,0.0,0.9999999999999999,4.666790288215468,4.666790288215468
-0.0330137426761141,-0.9994548978290693,4.679369237779391,4.785028366005376,0.9994548978290693,-0.0330137426761141,1.0,1.4142135623730951,0.0330137426761141,0.9994548978290693,0.0,0.9999999999999999,-0.9994548978290693,0.0330137426761141,0.0,0.9999999999999999,-0.0330137426761141,-0.9994548978290693,0.0,0.9999999999999999,0.9994548978290693,-0.0330137426761141,0.0,0.9999999999999999,0.0330137426761141,0.9994548978290693,0.0,0.9999999999999999,-0.9994548978290693,0.0330137426761141,0.0,0.9999999999999999,-0.0330137426761141,-0.9994548978290693,0.0,0.9999999999999999,4.679369237779391,4.679369237779391
-0.020439369621912166,-0.9997910942639261,4.691948187343314,4.797330277635074,0.9997910942639261,-0.020439369621912166,1.0,1.4142135623730951,0.020439369621912166,0.9997910942639261,0.0,0.9999999999999999,-0.9997910942639261,0.020439369621912166,0.0,0.9999999999999999,-0.020439369621912166,-0.9997910942639261,0.0,0.9999999999999999,0.9997910942639261,-0.020439369621912166,0.0,0.9999999999999999,0.020439369621912166,0.9997910942639261,0.0,0.9999999999999999,-0.9997910942639261,0.020439369621912166,0.0,0.9999999999999999,-0.020439369621912166,-0.9997910942639261,0.0,0.9999999999999999,4.691948187343314,4.691948187343314
-0.007861762489468911,-0.9999690958677468,4.704527136907237,4.8096336224183025,0.9999690958677468,-0.007861762489468911,1.0,1.4142135623730951,0.007861762489468911,0.9999690958677468,0.0,0.9999999999999999,-0.9999690958677468,0.007861762489468911,0.0,0.9999999999999999,-0.007861762489468911,-0.9999690958677468,0.0,0.9999999999999999,0.9999690958677468,-0.007861762489468911,0.0,0.9999999999999999,0.007861762489468911,0.9999690958677468,0.0,0.9999999999999999,-0.9999690958677468,0.007861762489468911,0.0,0.9999999999999999,-0.007861762489468911,-0.9999690958677468,0.0,0.9999999999999999,4.704527136907237,4.704527136907237
0.004717088593031313,-0.999988874475714,4.71710608647116,4.82193838938484,0.999988874475714,0.004717088593031313,1.0,1.4142135623730951,-0.004717088593031313,0.999988874475714,0.0,0.9999999999999999,-0.999988874475714,-0.004717088593031313,0.0,0.9999999999999999,0.004717088593031313,-0.999988874475714,0.0,0.9999999999999999,0.999988874475714,0.004717088593031313,0.0,0.9999999999999999,-0.004717088593031313,0.999988874475714,0.0,0.9999999999999999,-0.999988874475714,-0.004717088593031313,0.0,0.9999999999999999,0.004717088593031313,-0.999988874475714,0.0,0.9999999999999999,4.71710608647116,4.71710608647116
0.01729519330057657,-0.9998504269583004,4.729685036035083,4.83424456767489,0.9998504269583004,0.01729519330057657,1.0,1.4142135623730951,-0.01729519330057657,0.9998504269583004,0.0,1.0,-0.9998504269583004,-0.01729519330057657,0.0,1.0,0.01729519330057657,-0.9998504269583004,0.0,1.0,0.9998504269583004,0.01729519330057657,0.0,1.0,-0.01729519330057657,0.9998504269583004,0.0,1.0,-0.9998504269583004,-0.01729519330057657,0.0,1.0,0.01729519330057657,-0.9998504269583004,0.0,1.0,4.729685036035083,4.729685036035083
0.029870561426252256,-0.9995537752217639,4.742263985599006,4.846552146537719,0.9995537752217639,0.029870561426252256,1.0,1.4142135623730951,-0.029870561426252256,0.9995537752217639,0.0,1.0,-0.9995537752217639,-0.029870561426252256,0.0,1.0,0.029870561426252256,-0.9995537752217639,0.0,1.0,0.9995537752217639,0.029870561426252256,0.0,1.0,-0.029870561426252256,0.9995537752217639,0.0,1.0,-0.9995537752217639,-0.029870561426252256,0.0,1.0,0.029870561426252256,-0.9995537752217639,0.0,1.0,4.742263985599006,4.742263985599006
0.04244120319614822,-0.9990989662046815,4.75484293516293,4.858861115330302,0.9990989662046815,0.04244120319614822,1.0,1.4142135623730951,-0.04244120319614822,0.9990989662046815,0.0,1.0,-0.9990989662046815,-0.04244120319614822,0.0,1.0,0.04244120319614822,-0.9990989662046815,0.0,1.0,0.9990989662046815,0.04244120319614822,0.0,1.0,-0.04244120319614822,0.9990989662046815,0.0,1.0,-0.9990989662046815,-0.04244120319614822,0.0,1.0,0.04244120319614822,-0.9990989662046815,0.0,1.0,4.75484293516293,4.75484293516293
0.055005129584192916,-0.9984860718705224,4.767421884726853,4.871171463515993,0.9984860718705224,0.055005129584192916,1.0,1.4142135623730951,-0.055005129584192916,0.9984860718705224,0.0,0.9999999999999999,-0.9984860718705224,-0.055005129584192916,0.0,0.9999999999999999,0.055005129584192916,-0.9984860718705224,0.0,0.9999999999999999,0.9984860718705224,0.055005129584192916,0.0,0.9999999999999999,-0.055005129584192916,0.9984860718705224,0.0,0.9999999999999999,-0.9984860718705224,-0.055005129584192916,0.0,0.9999999999999999,0.055005129584192916,-0.9984860718705224,0.0,0.9999999999999999,4.767421884726853,4.767421884726853
0.06756035262687816,-0.9977151891962615,4.780000834290776,4.883483180663216,0.9977151891962615,0.06756035262687816,1.0,1.4142135623730951,-0.06756035262687816,0.9977151891962615,0.0,0.9999999999999999,-0.9977151891962615,-0.06756035262687816,0.0,0.9999999999999999,0.06756035262687816,-0.9977151891962615,0.0,0.9999999999999999,0.9977151891962615,0.06756035262687816,0.0,0.9999999999999999,-0.06756035262687816,0.9977151891962615,0.0,0.9999999999999999,-0.9977151891962615,-0.06756035262687816,0.0,0.9999999999999999,0.06756035262687816,-0.9977151891962615,0.0,0.9999999999999999,4.780000834290776,4.780000834290776
0.08010488573780679,-0.9967864401570343,4.792579783854699,4.895796256444171,0.9967864401570343,0.08010488573780679,1.0,1.4142135623730951,-0.08010488573780679,0.9967864401570343,0.0,1.0,-0.9967864401570343,-0.08010488573780679,0.0,1.0,0.08010488573780679,-0.9967864401570343,0.0,1.0,0.9967864401570343,0.08010488573780679,0.0,1.0,-0.08010488573780679,0.9967864401570343,0.0,1.0,-0.9967864401570343,-0.08010488573780679,0.0,1.0,0.08010488573780679,-0.9967864401570343,0.0,1.0,4.792579783854699,4.792579783854699
0.09263674402202696,-0.9956999717068378,4.805158733418622,4.9081106806335635,0.9956999717068378,0.09263674402202696,1.0,1.4142135623730951,-0.09263674402202696,0.9956999717068378,0.0,1.0,-0.9956999717068378,-0.09263674402202696,0.0,1.0,0.09263674402202696,-0.9956999717068378,0.0,1.0,0.9956999717068378,0.09263674402202696,0.0,1.0,-0.09263674402202696,0.9956999717068378,0.0,1.0,-0.9956999717068378,-0.09263674402202696,0.0,1.0,0.09263674402202696,-0.9956999717068378,0.0,1.0,4.805158733418622,4.805158733418622
0.10515394459009784,-0.9944559557552776,4.817737682982545,4.920426443107348,0.9944559557552776,0.10515394459009784,1.0,1.4142135623730951,-0.10515394459009784,0.9944559557552776,0.0,1.0,-0.9944559557552776,-0.10515394459009784,0.0,1.0,0.10515394459009784,-0.9944559557552776,0.0,1.0,0.9944559557552776,0.10515394459009784,0.0,1.0,-0.10515394459009784,0.9944559557552776,0.0,1.0,-0.9944559557552776,-0.10515394459009784,0.0,1.0,0.10515394459009784,-0.9944559557552776,0.0,1.0,4.817737682982545,4.817737682982545
0.11765450687183807,-0.9930545891403677,4.830316632546468,4.932743533841492,0.9930545891403677,0.11765450687183807,1.0,1.4142135623730951,-0.11765450687183807,0.9930545891403677,0.0,0.9999999999999999,-0.9930545891403677,-0.11765450687183807,0.0,0.9999999999999999,0.11765450687183807,-0.9930545891403677,0.0,0.9999999999999999,0.9930545891403677,0.11765450687183807,0.0,0.9999999999999999,-0.11765450687183807,0.9930545891403677,0.0,0.9999999999999999,-0.9930545891403677,-0.11765450687183807,0.0,0.9999999999999999,0.11765450687183807,-0.9930545891403677,0.0,0.9999999999999999,4.830316632546468,4.830316632546468
0.1301364529297071,-0.9914960935973849,4.842895582110391,4.94506194291076,0.9914960935973849,0.1301364529297071,1.0,1.4142135623730951,-0.1301364529297071,0.9914960935973849,0.0,1.0,-0.9914960935973849,-0.1301364529297071,0.0,1.0,0.1301364529297071,-0.9914960935973849,0.0,1.0,0.9914960935973849,0.1301364529297071,0.0,1.0,-0.1301364529297071,0.9914960935973849,0.0,1.0,-0.9914960935973849,-0.1301364529297071,0.0,1.0,0.1301364529297071,-0.9914960935973849,0.0,1.0,4.842895582110391,4.842895582110391
0.1425978077717702,-0.9897807157237836,4.855474531674314,4.95738166048751,0.9897807157237836,0.1425978077717702,1.0,1.4142135623730951,-0.1425978077717702,0.9897807157237836,0.0,1.0,-0.9897807157237836,-0.1425978077717702,0.0,1.0,0.1425978077717702,-0.9897807157237836,0.0,1.0,0.9897807157237836,0.1425978077717702,0.0,1.0,-0.1425978077717702,0.9897807157237836,0.0,1.0,-0.9897807157237836,-0.1425978077717702,0.0,1.0,0.1425978077717702,-0.9897807157237836,0.0,1.0,4.855474531674314,4.855474531674314
0.1550365996641971,-0.9879087269401782,4.8680534812382374,4.969702676840509,0.9879087269401782,0.1550365996641971,1.0,1.4142135623730951,-0.1550365996641971,0.9879087269401782,0.0,1.0,-0.9879087269401782,-0.1550365996641971,0.0,1.0,0.1550365996641971,-0.9879087269401782,0.0,1.0,0.9879087269401782,0.1550365996641971,0.0,1.0,-0.1550365996641971,0.9879087269401782,0.0,1.0,-0.9879087269401782,-0.1550365996641971,0.0,1.0,0.1550365996641971,-0.9879087269401782,0.0,1.0,4.8680534812382374,4.8680534812382374
0.16745086044324545,-0.9858804234473959,4.8806324308021605,4.982024982333771,0.9858804234473959,0.16745086044324545,1.0,1.4142135623730951,-0.16745086044324545,0.9858804234473959,0.0,1.0,-0.9858804234473959,-0.16745086044324545,0.0,1.0,0.16745086044324545,-0.9858804234473959,0.0,1.0,0.9858804234473959,0.16745086044324545,0.0,1.0,-0.16745086044324545,0.9858804234473959,0.0,1.0,-0.9858804234473959,-0.16745086044324545,0.0,1.0,0.16745086044324545,-0.9858804234473959,0.0,1.0,4.8806324308021605,4.8806324308021605
0.17983862582667898,-0.9836961261796103,4.8932113803660835,4.9943485674254005,0.9836961261796103,0.17983862582667898,1.0,1.4142135623730951,-0.17983862582667898,0.9836961261796103,0.0,1.0,-0.9836961261796103,-0.17983862582667898,0.0,1.0,0.17983862582667898,-0.9836961261796103,0.0,1.0,0.9836961261796103,0.17983862582667898,0.0,1.0,-0.17983862582667898,0.9836961261796103,0.0,1.0,-0.9836961261796103,-0.17983862582667898,0.0,1.0,0.17983862582667898,-0.9836961261796103,0.0,1.0,4.8932113803660835,4.8932113803660835
0.19219793572457194,-0.9813561807535597,4.9057903299300065,5.006673422666467,0.9813561807535597,0.19219793572457194,1.0,1.4142135623730951,-0.19219793572457194,0.9813561807535597,0.0,1.0,-0.9813561807535597,-0.19219793572457194,0.0,1.0,0.19219793572457194,-0.9813561807535597,0.0,1.0,0.9813561807535597,0.19219793572457194,0.0,1.0,-0.19219793572457194,0.9813561807535597,0.0,1.0,-0.9813561807535597,-0.19219793572457194,0.0,1.0,0.19219793572457194,-0.9813561807535597,0.0,1.0,4.9057903299300065,4.9057903299300065
0.20452683454945075,-0.9788609574138615,4.91836927949393,5.018999538699884,0.9788609574138615,0.20452683454945075,1.0,1.4142135623730951,-0.20452683454945075,0.9788609574138615,0.0,1.0,-0.9788609574138615,-0.20452683454945075,0.0,1.0,0.20452683454945075,-0.9788609574138615,0.0,1.0,0.9788609574138615,0.20452683454945075,0.0,1.0,-0.20452683454945075,0.9788609574138615,0.0,1.0,-0.9788609574138615,-0.20452683454945075,0.0,1.0,0.20452683454945075,-0.9788609574138615,0.0,1.0,4.91836927949393,4.91836927949393
0.21682337152571898,-0.9762108509744296,4.9309482290578535,5.0313269062593005,0.9762108509744296,0.21682337152571898,1.0,1.4142135623730951,-0.21682337152571898,0.9762108509744296,0.0,1.0,-0.9762108509744296,-0.21682337152571898,0.0,1.0,0.21682337152571898,-0.9762108509744296,0.0,1.0,0.9762108509744296,0.21682337152571898,0.0,1.0,-0.21682337152571898,0.9762108509744296,0.0,1.0,-0.9762108509744296,-0.21682337152571898,0.0,1.0,0.21682337152571898,-0.9762108509744296,0.0,1.0,4.9309482290578535,4.9309482290578535
0.22908560099832972,-0.9734062807560028,4.9435271786217765,5.0436555161680285,0.9734062807560028,0.22908560099832972,1.0,1.4142135623730951,-0.22908560099832972,0.9734062807560028,0.0,1.0,-0.9734062807560028,-0.22908560099832972,0.0,1.0,0.22908560099832972,-0.9734062807560028,0.0,1.0,0.9734062807560028,0.22908560099832972,0.0,1.0,-0.22908560099832972,0.9734062807560028,0.0,1.0,-0.9734062807560028,-0.22908560099832972,0.0,1.0,0.22908560099832972,-0.9734062807560028,0.0,1.0,4.9435271786217765,4.9435271786217765
0.24131158274063894,-0.9704476905197971,4.9561061281856995,5.0559853593379644,0.9704476905197971,0.24131158274063894,1.0,1.4142135623730951,-0.24131158274063894,0.9704476905197971,0.0,1.0,-0.9704476905197971,-0.24131158274063894,0.0,1.0,0.24131158274063894,-0.9704476905197971,0.0,1.0,0.9704476905197971,0.24131158274063894,0.0,1.0,-0.24131158274063894,0.9704476905197971,0.0,1.0,-0.9704476905197971,-0.24131158274063894,0.0,1.0,0.24131158274063894,-0.9704476905197971,0.0,1.0,4.9561061281856995,4.9561061281856995
0.25349938226140434,-0.9673355483972903,4.9686850777496225,5.068316426768535,0.9673355483972903,0.25349938226140434,1.0,1.4142135623730951,-0.25349938226140434,0.9673355483972903,0.0,1.0,-0.9673355483972903,-0.25349938226140434,0.0,1.0,0.25349938226140434,-0.9673355483972903,0.0,1.0,0.9673355483972903,0.25349938226140434,0.0,1.0,-0.25349938226140434,0.9673355483972903,0.0,1.0,-0.9673355483972903,-0.25349938226140434,0.0,1.0,0.25349938226140434,-0.9673355483972903,0.0,1.0,4.9686850777496225,4.9686850777496225
0.2656470711108758,-0.9640703468161508,4.981264027313546,5.080648709545658,0.9640703468161508,0.2656470711108758,1.0,1.4142135623730951,-0.2656470711108758,0.9640703468161508,0.0,0.9999999999999999,-0.9640703468161508,-0.2656470711108758,0.0,0.9999999999999999,0.2656470711108758,-0.9640703468161508,0.0,0.9999999999999999,0.9640703468161508,0.2656470711108758,0.0,0.9999999999999999,-0.2656470711108758,0.9640703468161508,0.0,0.9999999999999999,-0.9640703468161508,-0.2656470711108758,0.0,0.9999999999999999,0.2656470711108758,-0.9640703468161508,0.0,0.9999999999999999,4.981264027313546,4.981264027313546
0.27775272718593,-0.9606526024223212,4.993842976877469,5.0929821988407165,0.9606526024223212,0.27775272718593,1.0,1.4142135623730951,-0.27775272718593,0.9606526024223212,0.0,1.0,-0.9606526024223212,-0.27775272718593,0.0,1.0,0.27775272718593,-0.9606526024223212,0.0,1.0,0.9606526024223212,0.27775272718593,0.0,1.0,-0.27775272718593,0.9606526024223212,0.0,1.0,-0.9606526024223212,-0.27775272718593,0.0,1.0,0.27775272718593,-0.9606526024223212,0.0,1.0,4.993842976877469,4.993842976877469
0.28981443503420057,-0.957082855998271,5.006421926441392,5.105316885909545,0.957082855998271,0.28981443503420057,1.0,1.4142135623730951,-0.28981443503420057,0.957082855998271,0.0,1.0,-0.957082855998271,-0.28981443503420057,0.0,1.0,0.28981443503420057,-0.957082855998271,0.0,1.0,0.957082855998271,0.28981443503420057,0.0,1.0,-0.28981443503420057,0.957082855998271,0.0,1.0,-0.957082855998271,-0.28981443503420057,0.0,1.0,0.28981443503420057,-0.957082855998271,0.0,1.0,5.006421926441392,5.006421926441392
0.30183028615715607,-0.9533616723774295,5.019000876005315,5.117652762091437,0.9533616723774295,0.30183028615715607,1.0,1.4142135623730951,-0.30183028615715607,0.9533616723774295,0.0,1.0,-0.9533616723774295,-0.30183028615715607,0.0,1.0,0.30183028615715607,-0.9533616723774295,0.0,1.0,0.9533616723774295,0.30183028615715607,0.0,1.0,-0.30183028615715607,0.9533616723774295,0.0,1.0,-0.9533616723774295,-0.30183028615715607,0.0,1.0,0.30183028615715607,-0.9533616723774295,0.0,1.0,5.019000876005315,5.019000876005315
0.31379837931207794,-0.9494896403548136,5.031579825569238,5.129989818808158,0.9494896403548136,0.31379837931207794,1.0,1.4142135623730951,-0.31379837931207794,0.9494896403548136,0.0,1.0,-0.9494896403548136,-0.31379837931207794,0.0,1.0,0.31379837931207794,-0.9494896403548136,0.0,1.0,0.9494896403548136,0.31379837931207794,0.0,1.0,-0.31379837931207794,0.9494896403548136,0.0,1.0,-0.9494896403548136,-0.31379837931207794,0.0,1.0,0.31379837931207794,-0.9494896403548136,0.0,1.0,5.031579825569238,5.031579825569238
0.3257168208128897,-0.9454673725938637,5.044158775133161,5.142328047562978,0.9454673725938637,0.3257168208128897,1.0,1.4142135623730951,-0.3257168208128897,0.9454673725938637,0.0,1.0,-0.9454673725938637,-0.3257168208128897,0.0,1.0,0.3257168208128897,-0.9454673725938637,0.0,1.0,0.9454673725938637,0.3257168208128897,0.0,1.0,-0.3257168208128897,0.9454673725938637,0.0,1.0,-0.9454673725938637,-0.3257168208128897,0.0,1.0,0.3257168208128897,-0.9454673725938637,0.0,1.0,5.044158775133161,5.044158775133161
0.33758372482979143,-0.9412955055295036,5.056737724697084,5.154667439939713,0.9412955055295036,0.33758372482979143,1.0,1.4142135623730951,-0.33758372482979143,0.9412955055295036,0.0,1.0,-0.9412955055295036,-0.33758372482979143,0.0,1.0,0.33758372482979143,-0.9412955055295036,0.0,1.0,0.9412955055295036,0.33758372482979143,0.0,1.0,-0.33758372482979143,0.9412955055295036,0.0,1.0,-0.9412955055295036,-0.33758372482979143,0.0,1.0,0.33758372482979143,-0.9412955055295036,0.0,1.0,5.056737724697084,5.056737724697084
0.34939721368765,-0.9369746992674384,5.069316674261007,5.167007987601788,0.9369746992674384,0.34939721368765,1.0,1.4142135623730951,-0.34939721368765,0.9369746992674384,0.0,1.0,-0.9369746992674384,-0.34939721368765,0.0,1.0,0.34939721368765,-0.9369746992674384,0.0,1.0,0.9369746992674384,0.34939721368765,0.0,1.0,-0.34939721368765,0.9369746992674384,0.0,1.0,-0.9369746992674384,-0.34939721368765,0.0,1.0,0.34939721368765,-0.9369746992674384,0.0,1.0,5.069316674261007,5.069316674261007
0.361155418163101,-0.9325056374797075,5.081895623824931,5.179349682291299,0.9325056374797075,0.361155418163101,1.0,1.4142135623730951,-0.361155418163101,0.9325056374797075,0.0,1.0,-0.9325056374797075,-0.361155418163101,0.0,1.0,0.361155418163101,-0.9325056374797075,0.0,1.0,0.9325056374797075,0.361155418163101,0.0,1.0,-0.361155418163101,0.9325056374797075,0.0,1.0,-0.9325056374797075,-0.361155418163101,0.0,1.0,0.361155418163101,-0.9325056374797075,0.0,1.0,5.081895623824931,5.081895623824931
0.3728564777803084,-0.9278890272965095,5.094474573388854,5.1916925158281035,0.9278890272965095,0.3728564777803084,1.0,1.4142135623730951,-0.3728564777803084,0.9278890272965095,0.0,1.0,-0.9278890272965095,-0.3728564777803084,0.0,1.0,0.3728564777803084,-0.9278890272965095,0.0,1.0,0.9278890272965095,0.3728564777803084,0.0,1.0,-0.3728564777803084,0.9278890272965095,0.0,1.0,-0.9278890272965095,-0.3728564777803084,0.0,1.0,0.3728564777803084,-0.9278890272965095,0.0,1.0,5.094474573388854,5.094474573388854
0.3844985411053488,-0.9231255991943125,5.107053522952777,5.204036480108913,0.9231255991943125,0.3844985411053488,1.0,1.4142135623730951,-0.3844985411053488,0.9231255991943125,0.0,1.0,-0.9231255991943125,-0.3844985411053488,0.0,1.0,0.3844985411053488,-0.9231255991943125,0.0,1.0,0.9231255991943125,0.3844985411053488,0.0,1.0,-0.3844985411053488,0.9231255991943125,0.0,1.0,-0.9231255991943125,-0.3844985411053488,0.0,1.0,0.3844985411053488,-0.9231255991943125,0.0,1.0,5.107053522952777,5.107053522952777
0.3960797660391565,-0.9182161068802742,5.1196324725167,5.216381567106403,0.9182161068802742,0.3960797660391565,1.0,1.4142135623730951,-0.3960797660391565,0.9182161068802742,0.0,1.0,-0.9182161068802742,-0.3960797660391565,0.0,1.0,0.3960797660391565,-0.9182161068802742,0.0,1.0,0.9182161068802742,0.3960797660391565,0.0,1.0,-0.3960797660391565,0.9182161068802742,0.0,1.0,-0.9182161068802742,-0.3960797660391565,0.0,1.0,0.3960797660391565,-0.9182161068802742,0.0,1.0,5.1196324725167,5.1196324725167
0.4075983201089958,-0.9131613271729835,5.132211422080623,5.228727768868333,0.9131613271729835,0.4075983201089958,1.0,1.4142135623730951,-0.4075983201089958,0.9131613271729835,0.0,1.0,-0.9131613271729835,-0.4075983201089958,0.0,1.0,0.4075983201089958,-0.9131613271729835,0.0,1.0,0.9131613271729835,0.4075983201089958,0.0,1.0,-0.4075983201089958,0.9131613271729835,0.0,1.0,-0.9131613271729835,-0.4075983201089958,0.0,1.0,0.4075983201089958,-0.9131613271729835,0.0,1.0,5.132211422080623,5.132211422080623
0.41905238075840945,-0.9079620598795464,5.144790371644546,5.241075077516675,0.9079620598795464,0.41905238075840945,1.0,1.4142135623730951,-0.41905238075840945,0.9079620598795464,0.0,1.0,-0.9079620598795464,-0.41905238075840945,0.0,1.0,0.41905238075840945,-0.9079620598795464,0.0,1.0,0.9079620598795464,0.41905238075840945,0.0,1.0,-0.41905238075840945,0.9079620598795464,0.0,1.0,-0.9079620598795464,-0.41905238075840945,0.0,1.0,0.41905238075840945,-0.9079620598795464,0.0,1.0,5.144790371644546,5.144790371644546
0.4304401356355976,-0.9026191276690343,5.157369321208469,5.253423485246769,0.9026191276690343,0.4304401356355976,1.0,1.4142135623730951,-0.4304401356355976,0.9026191276690343,0.0,1.0,-0.9026191276690343,-0.4304401356355976,0.0,1.0,0.4304401356355976,-0.9026191276690343,0.0,1.0,0.9026191276690343,0.4304401356355976,0.0,1.0,-0.4304401356355976,0.9026191276690343,0.0,1.0,-0.9026191276690343,-0.4304401356355976,0.0,1.0,0.4304401356355976,-0.9026191276690343,0.0,1.0,5.157369321208469,5.157369321208469
0.4417597828801825,-0.8971333759423143,5.169948270772392,5.265772984326465,0.8971333759423143,0.4417597828801825,1.0,1.4142135623730951,-0.4417597828801825,0.8971333759423143,0.0,1.0,-0.8971333759423143,-0.4417597828801825,0.0,1.0,0.4417597828801825,-0.8971333759423143,0.0,1.0,0.8971333759423143,0.4417597828801825,0.0,1.0,-0.4417597828801825,0.8971333759423143,0.0,1.0,-0.8971333759423143,-0.4417597828801825,0.0,1.0,0.4417597828801825,-0.8971333759423143,0.0,1.0,5.169948270772392,5.169948270772392
0.4530095314083134,-0.8915056726982843,5.182527220336315,5.278123567095304,0.8915056726982843,0.4530095314083134,1.0,1.4142135623730951,-0.4530095314083134,0.8915056726982843,0.0,1.0,-0.8915056726982843,-0.4530095314083134,0.0,1.0,0.4530095314083134,-0.8915056726982843,0.0,1.0,0.8915056726982843,0.4530095314083134,0.0,1.0,-0.4530095314083134,0.8915056726982843,0.0,1.0,-0.8915056726982843,-0.4530095314083134,0.0,1.0,0.4530095314083134,-0.8915056726982843,0.0,1.0,5.182527220336315,5.182527220336315
0.4641876011960654,-0.8857369083965297,5.195106169900238,5.290475225963687,0.8857369083965297,0.4641876011960654,1.0,1.4142135623730951,-0.4641876011960654,0.8857369083965297,0.0,0.9999999999999999,-0.8857369083965297,-0.4641876011960654,0.0,0.9999999999999999,0.4641876011960654,-0.8857369083965297,0.0,0.9999999999999999,0.8857369083965297,0.4641876011960654,0.0,0.9999999999999999,-0.4641876011960654,0.8857369083965297,0.0,0.9999999999999999,-0.8857369083965297,-0.4641876011960654,0.0,0.9999999999999999,0.4641876011960654,-0.8857369083965297,0.0,0.9999999999999999,5.195106169900238,5.195106169900238
0.4752922235610892,-0.8798279958164298,5.207685119464161,5.302827953412071,0.8798279958164298,0.4752922235610892,1.0,1.4142135623730951,-0.4752922235610892,0.8798279958164298,0.0,1.0,-0.8798279958164298,-0.4752922235610892,0.0,1.0,0.4752922235610892,-0.8798279958164298,0.0,1.0,0.8798279958164298,0.4752922235610892,0.0,1.0,-0.4752922235610892,0.8798279958164298,0.0,1.0,-0.8798279958164298,-0.4752922235610892,0.0,1.0,0.4752922235610892,-0.8798279958164298,0.0,1.0,5.207685119464161,5.207685119464161
0.4863216414424659,-0.8737798699127289,5.220264069028084,5.315181741990169,0.8737798699127289,0.4863216414424659,1.0,1.4142135623730951,-0.4863216414424659,0.8737798699127289,0.0,1.0,-0.8737798699127289,-0.4863216414424659,0.0,1.0,0.4863216414424659,-0.8737798699127289,0.0,1.0,0.8737798699127289,0.4863216414424659,0.0,1.0,-0.4863216414424659,0.8737798699127289,0.0,1.0,-0.8737798699127289,-0.4863216414424659,0.0,1.0,0.4863216414424659,-0.8737798699127289,0.0,1.0,5.220264069028084,5.220264069028084
0.49727410967872326,-0.8675934876676018,5.232843018592007,5.327536584316161,0.8675934876676018,0.49727410967872326,1.0,1.4142135623730951,-0.49727410967872326,0.8675934876676018,0.0,1.0,-0.8675934876676018,-0.49727410967872326,0.0,1.0,0.49727410967872326,-0.8675934876676018,0.0,1.0,0.8675934876676018,0.49727410967872326,0.0,1.0,-0.49727410967872326,0.8675934876676018,0.0,1.0,-0.8675934876676018,-0.49727410967872326,0.0,1.0,0.49727410967872326,-0.8675934876676018,0.0,1.0,5.232843018592007,5.232843018592007
0.5081478952839691,-0.8612698279392309,5.245421968155931,5.339892473075918,0.8612698279392309,0.5081478952839691,1.0,1.4142135623730951,-0.5081478952839691,0.8612698279392309,0.0,1.0,-0.8612698279392309,-0.5081478952839691,0.0,1.0,0.5081478952839691,-0.8612698279392309,0.0,1.0,0.8612698279392309,0.5081478952839691,0.0,1.0,-0.5081478952839691,0.8612698279392309,0.0,1.0,-0.8612698279392309,-0.5081478952839691,0.0,1.0,0.5081478952839691,-0.8612698279392309,0.0,1.0,5.245421968155931,5.245421968155931
0.5189412777220956,-0.8548098913069261,5.258000917719854,5.352249401022231,0.8548098913069261,0.5189412777220956,1.0,1.4142135623730951,-0.5189412777220956,0.8548098913069261,0.0,1.0,-0.8548098913069261,-0.5189412777220956,0.0,1.0,0.5189412777220956,-0.8548098913069261,0.0,1.0,0.8548098913069261,0.5189412777220956,0.0,1.0,-0.5189412777220956,0.8548098913069261,0.0,1.0,-0.8548098913069261,-0.5189412777220956,0.0,1.0,0.5189412777220956,-0.8548098913069261,0.0,1.0,5.258000917719854,5.258000917719854
0.5296525491790202,-0.8482146999128025,5.270579867283777,5.364607360974061,0.8482146999128025,0.5296525491790202,1.0,1.4142135623730951,-0.5296525491790202,0.8482146999128025,0.0,1.0,-0.8482146999128025,-0.5296525491790202,0.0,1.0,0.5296525491790202,-0.8482146999128025,0.0,1.0,0.8482146999128025,0.5296525491790202,0.0,1.0,-0.5296525491790202,0.8482146999128025,0.0,1.0,-0.8482146999128025,-0.5296525491790202,0.0,1.0,0.5296525491790202,-0.8482146999128025,0.0,1.0,5.270579867283777,5.270579867283777
0.5402800148329067,-0.8414852973000504,5.2831588168477,5.376966345815788,0.8414852973000504,0.5402800148329067,1.0,1.4142135623730951,-0.5402800148329067,0.8414852973000504,0.0,1.0,-0.8414852973000504,-0.5402800148329067,0.0,1.0,0.5402800148329067,-0.8414852973000504,0.0,1.0,0.8414852973000504,0.5402800148329067,0.0,1.0,-0.5402800148329067,0.8414852973000504,0.0,1.0,-0.8414852973000504,-0.5402800148329067,0.0,1.0,0.5402800148329067,-0.8414852973000504,0.0,1.0,5.2831588168477,5.2831588168477
0.5508219931223336,-0.8346227482478176,5.295737766411623,5.389326348496477,0.8346227482478176,0.5508219931223336,1.0,1.4142135623730951,-0.5508219931223336,0.8346227482478176,0.0,1.0,-0.8346227482478176,-0.5508219931223336,0.0,1.0,0.5508219931223336,-0.8346227482478176,0.0,1.0,0.8346227482478176,0.5508219931223336,0.0,1.0,-0.5508219931223336,0.8346227482478176,0.0,1.0,-0.8346227482478176,-0.5508219931223336,0.0,1.0,0.5508219931223336,-0.8346227482478176,0.0,1.0,5.295737766411623,5.295737766411623
0.5612768160123647,-0.8276281386027314,5.308316715975546,5.401687362029147,0.8276281386027314,0.5612768160123647,1.0,1.414213562373095,-0.5612768160123647,0.8276281386027314,0.0,0.9999999999999999,-0.8276281386027314,-0.5612768160123647,0.0,0.9999999999999999,0.5612768160123647,-0.8276281386027314,0.0,0.9999999999999999,0.8276281386027314,0.5612768160123647,0.0,0.9999999999999999,-0.5612768160123647,0.8276281386027314,0.0,0.9999999999999999,-0.8276281386027314,-0.5612768160123647,0.0,0.9999999999999999,0.5612768160123647,-0.8276281386027314,0.0,0.9999999999999999,5.308316715975546,5.308316715975546
0.5716428292584782,-0.8205025751070878,5.320895665539469,5.41404937949006,0.8205025751070878,0.5716428292584782,1.0,1.4142135623730951,-0.5716428292584782,0.8205025751070878,0.0,0.9999999999999999,-0.8205025751070878,-0.5716428292584782,0.0,0.9999999999999999,0.5716428292584782,-0.8205025751070878,0.0,0.9999999999999999,0.8205025751070878,0.5716428292584782,0.0,0.9999999999999999,-0.5716428292584782,0.8205025751070878,0.0,0.9999999999999999,-0.8205025751070878,-0.5716428292584782,0.0,0.9999999999999999,0.5716428292584782,-0.8205025751070878,0.0,0.9999999999999999,5.320895665539469,5.320895665539469
0.5819183926683146,-0.8132471852237333,5.333474615103392,5.42641239401801,0.8132471852237333,0.5819183926683146,1.0,1.4142135623730951,-0.5819183926683146,0.8132471852237333,0.0,1.0,-0.8132471852237333,-0.5819183926683146,0.0,1.0,0.5819183926683146,-0.8132471852237333,0.0,1.0,0.8132471852237333,0.5819183926683146,0.0,1.0,-0.5819183926683146,0.8132471852237333,0.0,1.0,-0.8132471852237333,-0.5819183926683146,0.0,1.0,0.5819183926683146,-0.8132471852237333,0.0,1.0,5.333474615103392,5.333474615103392
0.5921018803612005,-0.8058631169576695,5.346053564667315,5.4387763988136255,0.8058631169576695,0.5921018803612005,1.0,1.4142135623730951,-0.5921018803612005,0.8058631169576695,0.0,1.0,-0.8058631169576695,-0.5921018803612005,0.0,1.0,0.5921018803612005,-0.8058631169576695,0.0,1.0,0.8058631169576695,0.5921018803612005,0.0,1.0,-0.5921018803612005,0.8058631169576695,0.0,1.0,-0.8058631169576695,-0.5921018803612005,0.0,1.0,0.5921018803612005,-0.8058631169576695,0.0,1.0,5.346053564667315,5.346053564667315
0.6021916810254089,-0.7983515386744063,5.358632514231238,5.451141387138679,0.7983515386744063,0.6021916810254089,1.0,1.4142135623730951,-0.6021916810254089,0.7983515386744063,0.0,0.9999999999999999,-0.7983515386744063,-0.6021916810254089,0.0,0.9999999999999999,0.6021916810254089,-0.7983515386744063,0.0,0.9999999999999999,0.7983515386744063,0.6021916810254089,0.0,0.9999999999999999,-0.6021916810254089,0.7983515386744063,0.0,0.9999999999999999,-0.7983515386744063,-0.6021916810254089,0.0,0.9999999999999999,0.6021916810254089,-0.7983515386744063,0.0,0.9999999999999999,5.358632514231238,5.358632514231238
0.6121861981731129,-0.7907136389150943,5.371211463795161,5.463507352315411,0.7907136389150943,0.6121861981731129,1.0,1.4142135623730951,-0.6121861981731129,0.7907136389150943,0.0,1.0,-0.7907136389150943,-0.6121861981731129,0.0,1.0,0.6121861981731129,-0.7907136389150943,0.0,1.0,0.7907136389150943,0.6121861981731129,0.0,1.0,-0.6121861981731129,0.7907136389150943,0.0,1.0,-0.7907136389150943,-0.6121861981731129,0.0,1.0,0.6121861981731129,-0.7907136389150943,0.0,1.0,5.371211463795161,5.371211463795161
0.6220838503929953,-0.7829506262084637,5.383790413359084,5.475874287725858,0.7829506262084637,0.6220838503929953,1.0,1.4142135623730951,-0.6220838503929953,0.7829506262084637,0.0,0.9999999999999999,-0.7829506262084637,-0.6220838503929953,0.0,0.9999999999999999,0.6220838503929953,-0.7829506262084637,0.0,0.9999999999999999,0.7829506262084637,0.6220838503929953,0.0,0.9999999999999999,-0.6220838503929953,0.7829506262084637,0.0,0.9999999999999999,-0.7829506262084637,-0.6220838503929953,0.0,0.9999999999999999,0.6220838503929953,-0.7829506262084637,0.0,0.9999999999999999,5.383790413359084,5.383790413359084
0.631883071600472,-0.7750637288796017,5.396369362923008,5.48824218681119,0.7750637288796017,0.631883071600472,1.0,1.4142135623730951,-0.631883071600472,0.7750637288796017,0.0,1.0,-0.7750637288796017,-0.631883071600472,0.0,1.0,0.631883071600472,-0.7750637288796017,0.0,1.0,0.7750637288796017,0.631883071600472,0.0,1.0,-0.631883071600472,0.7750637288796017,0.0,1.0,-0.7750637288796017,-0.631883071600472,0.0,1.0,0.631883071600472,-0.7750637288796017,0.0,1.0,5.396369362923008,5.396369362923008
0.6415823112854881,-0.7670541948555989,5.408948312486931,5.5006110430710535,0.7670541948555989,0.6415823112854881,1.0,1.4142135623730951,-0.6415823112854881,0.7670541948555989,0.0,1.0,-0.7670541948555989,-0.6415823112854881,0.0,1.0,0.6415823112854881,-0.7670541948555989,0.0,1.0,0.7670541948555989,0.6415823112854881,0.0,1.0,-0.6415823112854881,0.7670541948555989,0.0,1.0,-0.7670541948555989,-0.6415823112854881,0.0,1.0,0.6415823112854881,-0.7670541948555989,0.0,1.0,5.408948312486931,5.408948312486931
0.6511800347578555,-0.7589232914680891,5.421527262050854,5.5129808500629345,0.7589232914680891,0.6511800347578555,1.0,1.4142135623730951,-0.6511800347578555,0.7589232914680891,0.0,1.0,-0.7589232914680891,-0.6511800347578555,0.0,1.0,0.6511800347578555,-0.7589232914680891,0.0,1.0,0.7589232914680891,0.6511800347578555,0.0,1.0,-0.6511800347578555,0.7589232914680891,0.0,1.0,-0.7589232914680891,-0.6511800347578555,0.0,1.0,0.6511800347578555,-0.7589232914680891,0.0,1.0,5.421527262050854,5.421527262050854
0.6606747233900812,-0.7506723052527245,5.434106211614777,5.525351601401517,0.7506723052527245,0.6606747233900812,1.0,1.4142135623730951,-0.6606747233900812,0.7506723052527245,0.0,1.0,-0.7506723052527245,-0.6606747233900812,0.0,1.0,0.6606747233900812,-0.7506723052527245,0.0,1.0,0.7506723052527245,0.6606747233900812,0.0,1.0,-0.6606747233900812,0.7506723052527245,0.0,1.0,-0.7506723052527245,-0.6606747233900812,0.0,1.0,0.6606747233900812,-0.7506723052527245,0.0,1.0,5.434106211614777,5.434106211614777
0.670064874857657,-0.7423025417456096,5.4466851611787,5.537723290758057,0.7423025417456096,0.670064874857657,1.0,1.4142135623730951,-0.670064874857657,0.7423025417456096,0.0,1.0,-0.7423025417456096,-0.670064874857657,0.0,1.0,0.670064874857657,-0.7423025417456096,0.0,1.0,0.7423025417456096,0.670064874857657,0.0,1.0,-0.670064874857657,0.7423025417456096,0.0,1.0,-0.7423025417456096,-0.670064874857657,0.0,1.0,0.670064874857657,-0.7423025417456096,0.0,1.0,5.4466851611787,5.4466851611787
0.6793490033767694,-0.733815325276728,5.459264110742623,5.550095911859763,0.733815325276728,0.6793490033767694,1.0,1.4142135623730951,-0.6793490033767694,0.733815325276728,0.0,1.0,-0.733815325276728,-0.6793490033767694,0.0,1.0,0.6793490033767694,-0.733815325276728,0.0,1.0,0.733815325276728,0.6793490033767694,0.0,1.0,-0.6793490033767694,0.733815325276728,0.0,1.0,-0.733815325276728,-0.6793490033767694,0.0,1.0,0.6793490033767694,-0.733815325276728,0.0,1.0,5.459264110742623,5.459264110742623
0.6885256399393918,-0.7252119987603978,5.471843060306546,5.56246945848918,0.7252119987603978,0.6885256399393918,1.0,1.4142135623730951,-0.6885256399393918,0.7252119987603978,0.0,1.0,-0.7252119987603978,-0.6885256399393918,0.0,1.0,0.6885256399393918,-0.7252119987603978,0.0,1.0,0.7252119987603978,0.6885256399393918,0.0,1.0,-0.6885256399393918,0.7252119987603978,0.0,1.0,-0.7252119987603978,-0.6885256399393918,0.0,1.0,0.6885256399393918,-0.7252119987603978,0.0,1.0,5.471843060306546,5.471843060306546
0.6975933325457224,-0.7164939234827836,5.484422009870469,5.574843924483594,0.7164939234827836,0.6975933325457224,1.0,1.414213562373095,-0.6975933325457224,0.7164939234827836,0.0,0.9999999999999999,-0.7164939234827836,-0.6975933325457224,0.0,0.9999999999999999,0.6975933325457224,-0.7164939234827836,0.0,0.9999999999999999,0.7164939234827836,0.6975933325457224,0.0,0.9999999999999999,-0.6975933325457224,0.7164939234827836,0.0,0.9999999999999999,-0.7164939234827836,-0.6975933325457224,0.0,0.9999999999999999,0.6975933325457224,-0.7164939234827836,0.0,0.9999999999999999,5.484422009870469,5.484422009870469
0.7065506464339318,-0.7076624788865049,5.497000959434392,5.587219303734428,0.7076624788865049,0.7065506464339318,1.0,1.4142135623730951,-0.7065506464339318,0.7076624788865049,0.0,1.0,-0.7076624788865049,-0.7065506464339318,0.0,1.0,0.7065506464339318,-0.7076624788865049,0.0,1.0,0.7076624788865049,0.7065506464339318,0.0,1.0,-0.7065506464339318,0.7076624788865049,0.0,1.0,-0.7076624788865049,-0.7065506464339318,0.0,1.0,0.7065506464339318,-0.7076624788865049,0.0,1.0,5.497000959434392,5.497000959434392
0.7153961643071813,-0.698719062352368,5.509579908998315,5.599595590186659,0.698719062352368,0.7153961643071813,1.0,1.4142135623730951,-0.7153961643071813,0.698719062352368,0.0,1.0,-0.698719062352368,-0.7153961643071813,0.0,1.0,0.7153961643071813,-0.698719062352368,0.0,1.0,0.698719062352368,0.7153961643071813,0.0,1.0,-0.7153961643071813,0.698719062352368,0.0,1.0,-0.698719062352368,-0.7153961643071813,0.0,1.0,0.7153961643071813,-0.698719062352368,0.0,1.0,5.509579908998315,5.509579908998315
0.7241284865578796,-0.6896650889782625,5.522158858562238,5.611972777838235,0.6896650889782625,0.7241284865578796,1.0,1.4142135623730951,-0.7241284865578796,0.6896650889782625,0.0,1.0,-0.6896650889782625,-0.7241284865578796,0.0,1.0,0.7241284865578796,-0.6896650889782625,0.0,1.0,0.6896650889782625,0.7241284865578796,0.0,1.0,-0.7241284865578796,0.6896650889782625,0.0,1.0,-0.6896650889782625,-0.7241284865578796,0.0,1.0,0.7241284865578796,-0.6896650889782625,0.0,1.0,5.522158858562238,5.522158858562238
0.7327462314891391,-0.680501991355253,5.534737808126161,5.6243508607395025,0.680501991355253,0.7327462314891391,1.0,1.4142135623730951,-0.7327462314891391,0.680501991355253,0.0,0.9999999999999999,-0.680501991355253,-0.7327462314891391,0.0,0.9999999999999999,0.7327462314891391,-0.680501991355253,0.0,0.9999999999999999,0.680501991355253,0.7327462314891391,0.0,0.9999999999999999,-0.7327462314891391,0.680501991355253,0.0,0.9999999999999999,-0.680501991355253,-0.7327462314891391,0.0,0.9999999999999999,0.7327462314891391,-0.680501991355253,0.0,0.9999999999999999,5.534737808126161,5.534737808126161
0.7412480355333995,-0.6712312193409035,5.547316757690084,5.636729832992639,0.6712312193409035,0.7412480355333995,1.0,1.4142135623730951,-0.7412480355333995,0.6712312193409035,0.0,0.9999999999999999,-0.6712312193409035,-0.7412480355333995,0.0,0.9999999999999999,0.7412480355333995,-0.6712312193409035,0.0,0.9999999999999999,0.6712312193409035,0.7412480355333995,0.0,0.9999999999999999,-0.7412480355333995,0.6712312193409035,0.0,0.9999999999999999,-0.6712312193409035,-0.7412480355333995,0.0,0.9999999999999999,0.7412480355333995,-0.6712312193409035,0.0,0.9999999999999999,5.547316757690084,5.547316757690084
0.7496325534681824,-0.6618542398298681,5.559895707254008,5.6491096887511,0.6618542398298681,0.7496325534681824,1.0,1.4142135623730951,-0.7496325534681824,0.6618542398298681,0.0,1.0,-0.6618542398298681,-0.7496325534681824,0.0,1.0,0.7496325534681824,-0.6618542398298681,0.0,1.0,0.6618542398298681,0.7496325534681824,0.0,1.0,-0.7496325534681824,0.6618542398298681,0.0,1.0,-0.6618542398298681,-0.7496325534681824,0.0,1.0,0.7496325534681824,-0.6618542398298681,0.0,1.0,5.559895707254008,5.559895707254008
0.7578984586289408,-0.6523725365217912,5.572474656817931,5.661490422219058,0.6523725365217912,0.7578984586289408,1.0,1.4142135623730951,-0.7578984586289408,0.6523725365217912,0.0,1.0,-0.6523725365217912,-0.7578984586289408,0.0,1.0,0.7578984586289408,-0.6523725365217912,0.0,1.0,0.6523725365217912,0.7578984586289408,0.0,1.0,-0.7578984586289408,0.6523725365217912,0.0,1.0,-0.6523725365217912,-0.7578984586289408,0.0,1.0,0.7578984586289408,-0.6523725365217912,0.0,1.0,5.572474656817931,5.572474656817931
0.7660444431189778,-0.6427876096865396,5.585053606381854,5.673872027650867,0.6427876096865396,0.7660444431189778,1.0,1.4142135623730951,-0.7660444431189778,0.6427876096865396,0.0,1.0,-0.6427876096865396,-0.7660444431189778,0.0,1.0,0.7660444431189778,-0.6427876096865396,0.0,1.0,0.6427876096865396,0.7660444431189778,0.0,1.0,-0.7660444431189778,0.6427876096865396,0.0,1.0,-0.6427876096865396,-0.7660444431189778,0.0,1.0,0.7660444431189778,-0.6427876096865396,0.0,1.0,5.585053606381854,5.585053606381854
0.7740692180163904,-0.6331009759268216,5.597632555945777,5.686254499350523,0.6331009759268216,0.7740692180163904,1.0,1.4142135623730951,-0.7740692180163904,0.6331009759268216,0.0,1.0,-0.6331009759268216,-0.7740692180163904,0.0,1.0,0.7740692180163904,-0.6331009759268216,0.0,1.0,0.6331009759268216,0.7740692180163904,0.0,1.0,-0.7740692180163904,0.6331009759268216,0.0,1.0,-0.6331009759268216,-0.7740692180163904,0.0,1.0,0.7740692180163904,-0.6331009759268216,0.0,1.0,5.597632555945777,5.597632555945777
0.7819715135780128,-0.623314167938217,5.6102115055097,5.698637831671128,0.623314167938217,0.7819715135780128,1.0,1.4142135623730951,-0.7819715135780128,0.623314167938217,0.0,1.0,-0.623314167938217,-0.7819715135780128,0.0,1.0,0.7819715135780128,-0.623314167938217,0.0,1.0,0.623314167938217,0.7819715135780128,0.0,1.0,-0.7819715135780128,0.623314167938217,0.0,1.0,-0.623314167938217,-0.7819715135780128,0.0,1.0,0.7819715135780128,-0.623314167938217,0.0,1.0,5.6102115055097,5.6102115055097
0.7897500794403257,-0.6134287342666622,5.622790455073623,5.711022019014377,0.6134287342666622,0.7897500794403257,1.0,1.4142135623730951,-0.7897500794403257,0.6134287342666622,0.0,1.0,-0.6134287342666622,-0.7897500794403257,0.0,1.0,0.7897500794403257,-0.6134287342666622,0.0,1.0,0.6134287342666622,0.7897500794403257,0.0,1.0,-0.7897500794403257,0.6134287342666622,0.0,1.0,-0.6134287342666622,-0.7897500794403257,0.0,1.0,0.7897500794403257,-0.6134287342666622,0.0,1.0,5.622790455073623,5.622790455073623
0.7974036848172986,-0.6034462390634266,5.635369404637546,5.723407055830027,0.6034462390634266,0.7974036848172986,1.0,1.4142135623730951,-0.7974036848172986,0.6034462390634266,0.0,1.0,-0.6034462390634266,-0.7974036848172986,0.0,1.0,0.7974036848172986,-0.6034462390634266,0.0,1.0,0.6034462390634266,0.7974036848172986,0.0,1.0,-0.7974036848172986,0.6034462390634266,0.0,1.0,-0.6034462390634266,-0.7974036848172986,0.0,1.0,0.7974036848172986,-0.6034462390634266,0.0,1.0,5.635369404637546,5.635369404637546
0.8049311186951345,-0.5933682618376209,5.6479483542014695,5.735792936615398,0.5933682618376209,0.8049311186951345,1.0,1.4142135623730951,-0.8049311186951345,0.5933682618376209,0.0,1.0,-0.5933682618376209,-0.8049311186951345,0.0,1.0,0.8049311186951345,-0.5933682618376209,0.0,1.0,0.5933682618376209,0.8049311186951345,0.0,1.0,-0.8049311186951345,0.5933682618376209,0.0,1.0,-0.5933682618376209,-0.8049311186951345,0.0,1.0,0.8049311186951345,-0.5933682618376209,0.0,1.0,5.6479483542014695,5.6479483542014695
0.8123311900238854,-0.5831963972062739,5.6605273037653925,5.748179655914862,0.5831963972062739,0.8123311900238854,1.0,1.4142135623730951,-0.8123311900238854,0.5831963972062739,0.0,1.0,-0.5831963972062739,-0.8123311900238854,0.0,1.0,0.8123311900238854,-0.5831963972062739,0.0,1.0,0.5831963972062739,0.8123311900238854,0.0,1.0,-0.8123311900238854,0.5831963972062739,0.0,1.0,-0.5831963972062739,-0.8123311900238854,0.0,1.0,0.8123311900238854,-0.5831963972062739,0.0,1.0,5.6605273037653925,5.6605273037653925
0.819602727905911,-0.5729322546420206,5.6731062533293155,5.760567208319349,0.5729322546420206,0.819602727905911,1.0,1.4142135623730951,-0.819602727905911,0.5729322546420206,0.0,1.0,-0.5729322546420206,-0.819602727905911,0.0,1.0,0.819602727905911,-0.5729322546420206,0.0,1.0,0.5729322546420206,0.819602727905911,0.0,1.0,-0.819602727905911,0.5729322546420206,0.0,1.0,-0.5729322546420206,-0.819602727905911,0.0,1.0,0.819602727905911,-0.5729322546420206,0.0,1.0,5.6731062533293155,5.6731062533293155
0.826744581781146,-0.5625774582184379,5.6856852028932385,5.772955588465853,0.5625774582184379,0.826744581781146,1.0,1.4142135623730951,-0.826744581781146,0.5625774582184379,0.0,1.0,-0.5625774582184379,-0.826744581781146,0.0,1.0,0.826744581781146,-0.5625774582184379,0.0,1.0,0.5625774582184379,0.826744581781146,0.0,1.0,-0.826744581781146,0.5625774582184379,0.0,1.0,-0.5625774582184379,-0.826744581781146,0.0,1.0,0.826744581781146,-0.5625774582184379,0.0,1.0,5.6856852028932385,5.6856852028932385
0.8337556216091511,-0.552133646353071,5.698264152457162,5.785344791036947,0.552133646353071,0.8337556216091511,1.0,1.4142135623730951,-0.8337556216091511,0.552133646353071,0.0,1.0,-0.552133646353071,-0.8337556216091511,0.0,1.0,0.8337556216091511,-0.552133646353071,0.0,1.0,0.552133646353071,0.8337556216091511,0.0,1.0,-0.8337556216091511,0.552133646353071,0.0,1.0,-0.552133646353071,-0.8337556216091511,0.0,1.0,0.8337556216091511,-0.552133646353071,0.0,1.0,5.698264152457162,5.698264152457162
0.8406347380479176,-0.5416024715481909,5.710843102021085,5.797734810760303,0.5416024715481909,0.8406347380479176,1.0,1.4142135623730951,-0.8406347380479176,0.5416024715481909,0.0,0.9999999999999999,-0.5416024715481909,-0.8406347380479176,0.0,0.9999999999999999,0.8406347380479176,-0.5416024715481909,0.0,0.9999999999999999,0.5416024715481909,0.8406347380479176,0.0,0.9999999999999999,-0.8406347380479176,0.5416024715481909,0.0,0.9999999999999999,-0.5416024715481909,-0.8406347380479176,0.0,0.9999999999999999,0.8406347380479176,-0.5416024715481909,0.0,0.9999999999999999,5.710843102021085,5.710843102021085
0.8473808426293961,-0.5309856001293205,5.7234220515850085,5.810125642408221,0.5309856001293205,0.8473808426293961,1.0,1.4142135623730951,-0.8473808426293961,0.5309856001293205,0.0,1.0,-0.5309856001293205,-0.8473808426293961,0.0,1.0,0.8473808426293961,-0.5309856001293205,0.0,1.0,0.5309856001293205,0.8473808426293961,0.0,1.0,-0.8473808426293961,0.5309856001293205,0.0,1.0,-0.5309856001293205,-0.8473808426293961,0.0,1.0,0.8473808426293961,-0.5309856001293205,0.0,1.0,5.7234220515850085,5.7234220515850085
0.8539928679317206,-0.5202847119815792,5.7360010011489315,5.822517280797159,0.5202847119815792,0.8539928679317206,1.0,1.4142135623730951,-0.8539928679317206,0.5202847119815792,0.0,1.0,-0.5202847119815792,-0.8539928679317206,0.0,1.0,0.8539928679317206,-0.5202847119815792,0.0,1.0,0.5202847119815792,0.8539928679317206,0.0,1.0,-0.8539928679317206,0.5202847119815792,0.0,1.0,-0.5202847119815792,-0.8539928679317206,0.0,1.0,0.8539928679317206,-0.5202847119815792,0.0,1.0,5.7360010011489315,5.7360010011489315
0.8604697677481075,-0.5095015002838734,5.7485799507128545,5.834909720787272,0.5095015002838734,0.8604697677481075,1.0,1.4142135623730951,-0.8604697677481075,0.5095015002838734,0.0,0.9999999999999999,-0.5095015002838734,-0.8604697677481075,0.0,0.9999999999999999,0.8604697677481075,-0.5095015002838734,0.0,0.9999999999999999,0.5095015002838734,0.8604697677481075,0.0,0.9999999999999999,-0.8604697677481075,0.5095015002838734,0.0,0.9999999999999999,-0.5095015002838734,-0.8604697677481075,0.0,0.9999999999999999,0.8604697677481075,-0.5095015002838734,0.0,0.9999999999999999,5.7485799507128545,5.7485799507128545
0.8668105172523927,-0.49863767124099184,5.761158900276778,5.847302957281958,0.49863767124099184,0.8668105172523927,1.0,1.4142135623730951,-0.8668105172523927,0.49863767124099184,0.0,1.0,-0.49863767124099184,-0.8668105172523927,0.0,1.0,0.8668105172523927,-0.49863767124099184,0.0,1.0,0.49863767124099184,0.8668105172523927,0.0,1.0,-0.8668105172523927,0.49863767124099184,0.0,1.0,-0.49863767124099184,-0.8668105172523927,0.0,1.0,0.8668105172523927,-0.49863767124099184,0.0,1.0,5.761158900276778,5.761158900276778
0.8730141131611879,-0.487694943813635,5.773737849840701,5.859696985227403,0.487694943813635,0.8730141131611879,1.0,1.4142135623730951,-0.8730141131611879,0.487694943813635,0.0,1.0,-0.487694943813635,-0.8730141131611879,0.0,1.0,0.8730141131611879,-0.487694943813635,0.0,1.0,0.487694943813635,0.8730141131611879,0.0,1.0,-0.8730141131611879,0.487694943813635,0.0,1.0,-0.487694943813635,-0.8730141131611879,0.0,1.0,0.8730141131611879,-0.487694943813635,0.0,1.0,5.773737849840701,5.773737849840701
0.8790795738926286,-0.4766750494464279,5.786316799404624,5.872091799612142,0.4766750494464279,0.8790795738926286,1.0,1.4142135623730951,-0.8790795738926286,0.4766750494464279,0.0,1.0,-0.4766750494464279,-0.8790795738926286,0.0,1.0,0.8790795738926286,-0.4766750494464279,0.0,1.0,0.4766750494464279,0.8790795738926286,0.0,1.0,-0.8790795738926286,0.4766750494464279,0.0,1.0,-0.4766750494464279,-0.8790795738926286,0.0,1.0,0.8790795738926286,-0.4766750494464279,0.0,1.0,5.786316799404624,5.786316799404624
0.8850059397216871,-0.4655797317939577,5.798895748968547,5.884487395466616,0.4655797317939577,0.8850059397216871,1.0,1.4142135623730951,-0.8850059397216871,0.4655797317939577,0.0,1.0,-0.4655797317939577,-0.8850059397216871,0.0,1.0,0.8850059397216871,-0.4655797317939577,0.0,1.0,0.4655797317939577,0.8850059397216871,0.0,1.0,-0.8850059397216871,0.4655797317939577,0.0,1.0,-0.4655797317939577,-0.8850059397216871,0.0,1.0,0.8850059397216871,-0.4655797317939577,0.0,1.0,5.798895748968547,5.798895748968547
0.890792272932028,-0.45441074644487806,5.81147469853247,5.8968837678627395,0.45441074644487806,0.890792272932028,1.0,1.4142135623730951,-0.890792272932028,0.45441074644487806,0.0,1.0,-0.45441074644487806,-0.890792272932028,0.0,1.0,0.890792272932028,-0.45441074644487806,0.0,1.0,0.45441074644487806,0.890792272932028,0.0,1.0,-0.890792272932028,0.45441074644487806,0.0,1.0,-0.45441074644487806,-0.890792272932028,0.0,1.0,0.890792272932028,-0.45441074644487806,0.0,1.0,5.81147469853247,5.81147469853247
0.8964376579643814,-0.4431698606441268,5.824053648096393,5.909280911913471,0.4431698606441268,0.8964376579643814,1.0,1.4142135623730951,-0.8964376579643814,0.4431698606441268,0.0,0.9999999999999999,-0.4431698606441268,-0.8964376579643814,0.0,0.9999999999999999,0.8964376579643814,-0.4431698606441268,0.0,0.9999999999999999,0.4431698606441268,0.8964376579643814,0.0,0.9999999999999999,-0.8964376579643814,0.4431698606441268,0.0,0.9999999999999999,-0.4431698606441268,-0.8964376579643814,0.0,0.9999999999999999,0.8964376579643814,-0.4431698606441268,0.0,0.9999999999999999,5.824053648096393,5.824053648096393
0.9019412015614092,-0.4318588530132981,5.836632597660316,5.921678822772391,0.4318588530132981,0.9019412015614092,1.0,1.4142135623730951,-0.9019412015614092,0.4318588530132981,0.0,1.0,-0.4318588530132981,-0.9019412015614092,0.0,1.0,0.9019412015614092,-0.4318588530132981,0.0,1.0,0.4318588530132981,0.9019412015614092,0.0,1.0,-0.9019412015614092,0.4318588530132981,0.0,1.0,-0.4318588530132981,-0.9019412015614092,0.0,1.0,0.9019412015614092,-0.4318588530132981,0.0,1.0,5.836632597660316,5.836632597660316
0.907302032909044,-0.4204795132692152,5.849211547224239,5.934077495633283,0.4204795132692152,0.907302032909044,1.0,1.4142135623730951,-0.907302032909044,0.4204795132692152,0.0,1.0,-0.4204795132692152,-0.907302032909044,0.0,1.0,0.907302032909044,-0.4204795132692152,0.0,1.0,0.4204795132692152,0.907302032909044,0.0,1.0,-0.907302032909044,0.4204795132692152,0.0,1.0,-0.4204795132692152,-0.907302032909044,0.0,1.0,0.907302032909044,-0.4204795132692152,0.0,1.0,5.849211547224239,5.849211547224239
0.9125193037742757,-0.4090336419407468,5.861790496788162,5.946476925729722,0.4090336419407468,0.9125193037742757,1.0,1.4142135623730951,-0.9125193037742757,0.4090336419407468,0.0,1.0,-0.4090336419407468,-0.9125193037742757,0.0,1.0,0.9125193037742757,-0.4090336419407468,0.0,1.0,0.4090336419407468,0.9125193037742757,0.0,1.0,-0.9125193037742757,0.4090336419407468,0.0,1.0,-0.4090336419407468,-0.9125193037742757,0.0,1.0,0.9125193037742757,-0.4090336419407468,0.0,1.0,5.861790496788162,5.861790496788162
0.9175921886393661,-0.3975230500839139,5.874369446352085,5.958877108334665,0.3975230500839139,0.9175921886393661,1.0,1.4142135623730951,-0.9175921886393661,0.3975230500839139,0.0,1.0,-0.3975230500839139,-0.9175921886393661,0.0,1.0,0.9175921886393661,-0.3975230500839139,0.0,1.0,0.3975230500839139,0.9175921886393661,0.0,1.0,-0.9175921886393661,0.3975230500839139,0.0,1.0,-0.3975230500839139,-0.9175921886393661,0.0,1.0,0.9175921886393661,-0.3975230500839139,0.0,1.0,5.874369446352085,5.874369446352085
0.9225198848324686,-0.38594955899532896,5.886948395916009,5.971278038760049,0.38594955899532896,0.9225198848324686,1.0,1.4142135623730951,-0.9225198848324686,0.38594955899532896,0.0,1.0,-0.38594955899532896,-0.9225198848324686,0.0,1.0,0.9225198848324686,-0.38594955899532896,0.0,1.0,0.38594955899532896,0.9225198848324686,0.0,1.0,-0.9225198848324686,0.38594955899532896,0.0,1.0,-0.38594955899532896,-0.9225198848324686,0.0,1.0,0.9225198848324686,-0.38594955899532896,0.0,1.0,5.886948395916009,5.886948395916009
0.9273016126546322,-0.3743149999240192,5.899527345479932,5.983679712356393,0.3743149999240192,0.9273016126546322,1.0,1.4142135623730951,-0.9273016126546322,0.3743149999240192,0.0,1.0,-0.3743149999240192,-0.9273016126546322,0.0,1.0,0.9273016126546322,-0.3743149999240192,0.0,1.0,0.3743149999240192,0.9273016126546322,0.0,1.0,-0.9273016126546322,0.3743149999240192,0.0,1.0,-0.3743149999240192,-0.9273016126546322,0.0,1.0,0.9273016126546322,-0.3743149999240192,0.0,1.0,5.899527345479932,5.899527345479932
0.9319366155031737,-0.3626212137816673,5.912106295043855,5.996082124512403,0.3626212137816673,0.9319366155031737,1.0,1.4142135623730951,-0.9319366155031737,0.3626212137816673,0.0,0.9999999999999999,-0.3626212137816673,-0.9319366155031737,0.0,0.9999999999999999,0.9319366155031737,-0.3626212137816673,0.0,0.9999999999999999,0.3626212137816673,0.9319366155031737,0.0,0.9999999999999999,-0.9319366155031737,0.3626212137816673,0.0,0.9999999999999999,-0.3626212137816673,-0.9319366155031737,0.0,0.9999999999999999,0.9319366155031737,-0.3626212137816673,0.0,0.9999999999999999,5.912106295043855,5.912106295043855
0.9364241599913922,-0.35087005085133094,5.924685244607778,6.008485270654587,0.35087005085133094,0.9364241599913922,1.0,1.4142135623730951,-0.9364241599913922,0.35087005085133094,0.0,1.0,-0.35087005085133094,-0.9364241599913922,0.0,1.0,0.9364241599913922,-0.35087005085133094,0.0,1.0,0.35087005085133094,0.9364241599913922,0.0,1.0,-0.9364241599913922,0.35087005085133094,0.0,1.0,-0.35087005085133094,-0.9364241599913922,0.0,1.0,0.9364241599913922,-0.35087005085133094,0.0,1.0,5.924685244607778,5.924685244607778
0.9407635360646108,-0.3390633704946757,5.937264194171701,6.020889146246867,0.3390633704946757,0.9407635360646108,1.0,1.4142135623730951,-0.9407635360646108,0.3390633704946757,0.0,1.0,-0.3390633704946757,-0.9407635360646108,0.0,1.0,0.9407635360646108,-0.3390633704946757,0.0,1.0,0.3390633704946757,0.9407635360646108,0.0,1.0,-0.9407635360646108,0.3390633704946757,0.0,1.0,-0.3390633704946757,-0.9407635360646108,0.0,1.0,0.9407635360646108,-0.3390633704946757,0.0,1.0,5.937264194171701,5.937264194171701
0.9449540571125281,-0.3272030408577722,5.949843143735624,6.033293746790207,0.3272030408577722,0.9449540571125281,1.0,1.4142135623730951,-0.9449540571125281,0.3272030408577722,0.0,1.0,-0.3272030408577722,-0.9449540571125281,0.0,1.0,0.9449540571125281,-0.3272030408577722,0.0,1.0,0.3272030408577722,0.9449540571125281,0.0,1.0,-0.9449540571125281,0.3272030408577722,0.0,1.0,-0.3272030408577722,-0.9449540571125281,0.0,1.0,0.9449540571125281,-0.3272030408577722,0.0,1.0,5.949843143735624,5.949843143735624
0.9489950600778585,-0.3152909385755031,5.962422093299547,6.045699067822228,0.3152909385755031,0.9489950600778585,1.0,1.4142135623730951,-0.9489950600778585,0.3152909385755031,0.0,1.0,-0.3152909385755031,-0.9489950600778585,0.0,1.0,0.9489950600778585,-0.3152909385755031,0.0,1.0,0.3152909385755031,0.9489950600778585,0.0,1.0,-0.9489950600778585,0.3152909385755031,0.0,1.0,-0.3152909385755031,-0.9489950600778585,0.0,1.0,0.9489950600778585,-0.3152909385755031,0.0,1.0,5.962422093299547,5.962422093299547
0.9528859055612465,-0.3033289484746273,5.97500104286347,6.058105104916846,0.3033289484746273,0.9528859055612465,1.0,1.4142135623730951,-0.9528859055612465,0.3033289484746273,0.0,1.0,-0.3033289484746273,-0.9528859055612465,0.0,1.0,0.9528859055612465,-0.3033289484746273,0.0,1.0,0.3033289484746273,0.9528859055612465,0.0,1.0,-0.9528859055612465,0.3033289484746273,0.0,1.0,-0.3033289484746273,-0.9528859055612465,0.0,1.0,0.9528859055612465,-0.3033289484746273,0.0,1.0,5.97500104286347,5.97500104286347
0.9566259779224375,-0.29131896327554796,5.987579992427393,6.0705118536839064,0.29131896327554796,0.9566259779224375,1.0,1.4142135623730951,-0.9566259779224375,0.29131896327554796,0.0,1.0,-0.29131896327554796,-0.9566259779224375,0.0,1.0,0.9566259779224375,-0.29131896327554796,0.0,1.0,0.29131896327554796,0.9566259779224375,0.0,1.0,-0.9566259779224375,0.29131896327554796,0.0,1.0,-0.29131896327554796,-0.9566259779224375,0.0,1.0,0.9566259779224375,-0.29131896327554796,0.0,1.0,5.987579992427393,5.987579992427393
0.9602146853776892,-0.2792628832928309,6.000158941991316,6.082919309768818,0.2792628832928309,0.9602146853776892,1.0,1.4142135623730951,-0.9602146853776892,0.2792628832928309,0.0,0.9999999999999999,-0.2792628832928309,-0.9602146853776892,0.0,0.9999999999999999,0.9602146853776892,-0.2792628832928309,0.0,0.9999999999999999,0.2792628832928309,0.9602146853776892,0.0,0.9999999999999999,-0.9602146853776892,0.2792628832928309,0.0,0.9999999999999999,-0.2792628832928309,-0.9602146853776892,0.0,0.9999999999999999,0.9602146853776892,-0.2792628832928309,0.0,0.9999999999999999,6.000158941991316,6.000158941991316
0.9636514600934084,-0.26716261613452225,6.012737891555239,6.095327468852198,0.26716261613452225,0.9636514600934084,1.0,1.4142135623730951,-0.9636514600934084,0.26716261613452225,0.0,1.0,-0.26716261613452225,-0.9636514600934084,0.0,1.0,0.9636514600934084,-0.26716261613452225,0.0,1.0,0.26716261613452225,0.9636514600934084,0.0,1.0,-0.9636514600934084,0.26716261613452225,0.0,1.0,-0.26716261613452225,-0.9636514600934084,0.0,1.0,0.9636514600934084,-0.26716261613452225,0.0,1.0,6.012737891555239,6.012737891555239
0.9669357582759981,-0.25502007640031144,6.025316841119162,6.107736326649522,0.25502007640031144,0.9669357582759981,1.0,1.4142135623730951,-0.9669357582759981,0.25502007640031144,0.0,1.0,-0.25502007640031144,-0.9669357582759981,0.0,1.0,0.9669357582759981,-0.25502007640031144,0.0,1.0,0.25502007640031144,0.9669357582759981,0.0,1.0,-0.9669357582759981,0.25502007640031144,0.0,1.0,-0.25502007640031144,-0.9669357582759981,0.0,1.0,0.9669357582759981,-0.25502007640031144,0.0,1.0,6.025316841119162,6.025316841119162
0.9700670602579007,-0.24283718537858734,6.037895790683086,6.120145878910773,0.24283718537858734,0.9700670602579007,1.0,1.4142135623730951,-0.9700670602579007,0.24283718537858734,0.0,0.9999999999999999,-0.24283718537858734,-0.9700670602579007,0.0,0.9999999999999999,0.9700670602579007,-0.24283718537858734,0.0,0.9999999999999999,0.24283718537858734,0.9700670602579007,0.0,0.9999999999999999,-0.9700670602579007,0.24283718537858734,0.0,0.9999999999999999,-0.24283718537858734,-0.9700670602579007,0.0,0.9999999999999999,0.9700670602579007,-0.24283718537858734,0.0,0.9999999999999999,6.037895790683086,6.037895790683086
0.9730448705798238,-0.23061587074244044,6.050474740247009,6.132556121420098,0.23061587074244044,0.9730448705798238,1.0,1.4142135623730951,-0.9730448705798238,0.23061587074244044,0.0,1.0,-0.23061587074244044,-0.9730448705798238,0.0,1.0,0.9730448705798238,-0.23061587074244044,0.0,1.0,0.23061587074244044,0.9730448705798238,0.0,1.0,-0.9730448705798238,0.23061587074244044,0.0,1.0,-0.23061587074244044,-0.9730448705798238,0.0,1.0,0.9730448705798238,-0.23061587074244044,0.0,1.0,6.050474740247009,6.050474740247009
0.975868718069136,-0.21835806624464577,6.063053689810932,6.144967049995464,0.21835806624464577,0.975868718069136,1.0,1.4142135623730951,-0.975868718069136,0.21835806624464577,0.0,0.9999999999999999,-0.21835806624464577,-0.975868718069136,0.0,0.9999999999999999,0.975868718069136,-0.21835806624464577,0.0,0.9999999999999999,0.21835806624464577,0.975868718069136,0.0,0.9999999999999999,-0.975868718069136,0.21835806624464577,0.0,0.9999999999999999,-0.21835806624464577,-0.975868718069136,0.0,0.9999999999999999,0.975868718069136,-0.21835806624464577,0.0,0.9999999999999999,6.063053689810932,6.063053689810932
0.9785381559144195,-0.20606571141169297,6.075632639374855,6.15737866048833,0.20606571141169297,0.9785381559144195,1.0,1.4142135623730951,-0.9785381559144195,0.20606571141169297,0.0,0.9999999999999999,-0.20606571141169297,-0.9785381559144195,0.0,0.9999999999999999,0.9785381559144195,-0.20606571141169297,0.0,0.9999999999999999,0.20606571141169297,0.9785381559144195,0.0,0.9999999999999999,-0.9785381559144195,0.20606571141169297,0.0,0.9999999999999999,-0.20606571141169297,-0.9785381559144195,0.0,0.9999999999999999,0.9785381559144195,-0.20606571141169297,0.0,0.9999999999999999,6.075632639374855,6.075632639374855
0.981052761736168,-0.19374075123689813,6.088211588938778,6.169790948783309,0.19374075123689813,0.981052761736168,1.0,1.4142135623730951,-0.981052761736168,0.19374075123689813,0.0,1.0,-0.19374075123689813,-0.981052761736168,0.0,1.0,0.981052761736168,-0.19374075123689813,0.0,1.0,0.19374075123689813,0.981052761736168,0.0,1.0,-0.981052761736168,0.19374075123689813,0.0,1.0,-0.19374075123689813,-0.981052761736168,0.0,1.0,0.981052761736168,-0.19374075123689813,0.0,1.0,6.088211588938778,6.088211588938778
0.9834121376536186,-0.18138513587265162,6.100790538502701,6.1822039107978375,0.18138513587265162,0.9834121376536186,1.0,1.4142135623730951,-0.9834121376536186,0.18138513587265162,0.0,0.9999999999999999,-0.18138513587265162,-0.9834121376536186,0.0,0.9999999999999999,0.9834121376536186,-0.18138513587265162,0.0,0.9999999999999999,0.18138513587265162,0.9834121376536186,0.0,0.9999999999999999,-0.9834121376536186,0.18138513587265162,0.0,0.9999999999999999,-0.18138513587265162,-0.9834121376536186,0.0,0.9999999999999999,0.9834121376536186,-0.18138513587265162,0.0,0.9999999999999999,6.100790538502701,6.100790538502701
0.9856159103477083,-0.16900082032184968,6.113369488066624,6.194617542481859,0.16900082032184968,0.9856159103477083,1.0,1.4142135623730951,-0.9856159103477083,0.16900082032184968,0.0,1.0,-0.16900082032184968,-0.9856159103477083,0.0,1.0,0.9856159103477083,-0.16900082032184968,0.0,1.0,0.16900082032184968,0.9856159103477083,0.0,1.0,-0.9856159103477083,0.16900082032184968,0.0,1.0,-0.16900082032184968,-0.9856159103477083,0.0,1.0,0.9856159103477083,-0.16900082032184968,0.0,1.0,6.113369488066624,6.113369488066624
0.9876637311201432,-0.15658976412855838,6.125948437630547,6.2070318398174935,0.15658976412855838,0.9876637311201432,1.0,1.4142135623730951,-0.9876637311201432,0.15658976412855838,0.0,1.0,-0.15658976412855838,-0.9876637311201432,0.0,1.0,0.9876637311201432,-0.15658976412855838,0.0,1.0,0.15658976412855838,0.9876637311201432,0.0,1.0,-0.9876637311201432,0.15658976412855838,0.0,1.0,-0.15658976412855838,-0.9876637311201432,0.0,1.0,0.9876637311201432,-0.15658976412855838,0.0,1.0,6.125948437630547,6.125948437630547
0.9895552759485718,-0.14415393106795907,6.13852738719447,6.219446798818732,0.14415393106795907,0.9895552759485718,1.0,1.4142135623730951,-0.9895552759485718,0.14415393106795907,0.0,1.0,-0.14415393106795907,-0.9895552759485718,0.0,1.0,0.9895552759485718,-0.14415393106795907,0.0,1.0,0.14415393106795907,0.9895552759485718,0.0,1.0,-0.9895552759485718,0.14415393106795907,0.0,1.0,-0.14415393106795907,-0.9895552759485718,0.0,1.0,0.9895552759485718,-0.14415393106795907,0.0,1.0,6.13852738719447,6.13852738719447
0.9912902455378553,-0.13169528883562445,6.151106336758393,6.231862415531111,0.13169528883562445,0.9912902455378553,1.0,1.4142135623730951,-0.9912902455378553,0.13169528883562445,0.0,1.0,-0.13169528883562445,-0.9912902455378553,0.0,1.0,0.9912902455378553,-0.13169528883562445,0.0,1.0,0.13169528883562445,0.9912902455378553,0.0,1.0,-0.9912902455378553,0.13169528883562445,0.0,1.0,-0.13169528883562445,-0.9912902455378553,0.0,1.0,0.9912902455378553,-0.13169528883562445,0.0,1.0,6.151106336758393,6.151106336758393
0.9928683653674237,-0.11921580873617425,6.163685286322316,6.244278686031414,0.11921580873617425,0.9928683653674237,1.0,1.4142135623730951,-0.9928683653674237,0.11921580873617425,0.0,1.0,-0.11921580873617425,-0.9928683653674237,0.0,1.0,0.9928683653674237,-0.11921580873617425,0.0,1.0,0.11921580873617425,0.9928683653674237,0.0,1.0,-0.9928683653674237,0.11921580873617425,0.0,1.0,-0.11921580873617425,-0.9928683653674237,0.0,1.0,0.9928683653674237,-0.11921580873617425,0.0,1.0,6.163685286322316,6.163685286322316
0.9942893857347128,-0.10671746537135987,6.176264235886239,6.25669560642736,0.10671746537135987,0.9942893857347128,1.0,1.4142135623730951,-0.9942893857347128,0.10671746537135987,0.0,0.9999999999999999,-0.10671746537135987,-0.9942893857347128,0.0,0.9999999999999999,0.9942893857347128,-0.10671746537135987,0.0,0.9999999999999999,0.10671746537135987,0.9942893857347128,0.0,0.9999999999999999,-0.9942893857347128,0.10671746537135987,0.0,0.9999999999999999,-0.10671746537135987,-0.9942893857347128,0.0,0.9999999999999999,0.9942893857347128,-0.10671746537135987,0.0,0.9999999999999999,6.176264235886239,6.176264235886239
0.9955530817946745,-0.0942022363276273,6.188843185450162,6.269113172857299,0.0942022363276273,0.9955530817946745,1.0,1.4142135623730951,-0.9955530817946745,0.0942022363276273,0.0,1.0,-0.0942022363276273,-0.9955530817946745,0.0,1.0,0.9955530817946745,-0.0942022363276273,0.0,1.0,0.0942022363276273,0.9955530817946745,0.0,1.0,-0.9955530817946745,0.0942022363276273,0.0,1.0,-0.0942022363276273,-0.9955530817946745,0.0,1.0,0.9955530817946745,-0.0942022363276273,0.0,1.0,6.188843185450162,6.188843185450162
0.9966592535953529,-0.08167210186320688,6.201422135014086,6.28153138148992,0.08167210186320688,0.9966592535953529,1.0,1.4142135623730951,-0.9966592535953529,0.08167210186320688,0.0,1.0,-0.08167210186320688,-0.9966592535953529,0.0,1.0,0.9966592535953529,-0.08167210186320688,0.0,1.0,0.08167210186320688,0.9966592535953529,0.0,1.0,-0.9966592535953529,0.08167210186320688,0.0,1.0,-0.08167210186320688,-0.9966592535953529,0.0,1.0,0.9966592535953529,-0.08167210186320688,0.0,1.0,6.201422135014086,6.201422135014086
0.9976077261095226,-0.06912904459478485,6.214001084578009,6.29395022852395,0.06912904459478485,0.9976077261095226,1.0,1.4142135623730951,-0.9976077261095226,0.06912904459478485,0.0,1.0,-0.06912904459478485,-0.9976077261095226,0.0,1.0,0.9976077261095226,-0.06912904459478485,0.0,1.0,0.06912904459478485,0.9976077261095226,0.0,1.0,-0.9976077261095226,0.06912904459478485,0.0,1.0,-0.06912904459478485,-0.9976077261095226,0.0,1.0,0.9976077261095226,-0.06912904459478485,0.0,1.0,6.214001084578009,6.214001084578009
0.998398349262383,-0.056575049183792726,6.226580034141932,6.306369710187862,0.056575049183792726,0.998398349262383,1.0,1.4142135623730951,-0.998398349262383,0.056575049183792726,0.0,1.0,-0.056575049183792726,-0.998398349262383,0.0,1.0,0.998398349262383,-0.056575049183792726,0.0,1.0,0.056575049183792726,0.998398349262383,0.0,1.0,-0.998398349262383,0.056575049183792726,0.0,1.0,-0.056575049183792726,-0.998398349262383,0.0,1.0,0.998398349262383,-0.056575049183792726,0.0,1.0,6.226580034141932,6.226580034141932
0.9990309979553044,-0.04401210202238211,6.239158983705855,6.318789822739594,0.04401210202238211,0.9990309979553044,1.0,1.4142135623730951,-0.9990309979553044,0.04401210202238211,0.0,1.0,-0.04401210202238211,-0.9990309979553044,0.0,1.0,0.9990309979553044,-0.04401210202238211,0.0,1.0,0.04401210202238211,0.9990309979553044,0.0,1.0,-0.9990309979553044,0.04401210202238211,0.0,1.0,-0.04401210202238211,-0.9990309979553044,0.0,1.0,0.9990309979553044,-0.04401210202238211,0.0,1.0,6.239158983705855,6.239158983705855
0.9995055720856215,-0.031442190919121114,6.251737933269778,6.331210562466255,0.031442190919121114,0.9995055720856215,1.0,1.4142135623730951,-0.9995055720856215,0.031442190919121114,0.0,1.0,-0.031442190919121114,-0.9995055720856215,0.0,1.0,0.9995055720856215,-0.031442190919121114,0.0,1.0,0.031442190919121114,0.9995055720856215,0.0,1.0,-0.9995055720856215,0.031442190919121114,0.0,1.0,-0.031442190919121114,-0.9995055720856215,0.0,1.0,0.9995055720856215,-0.031442190919121114,0.0,1.0,6.251737933269778,6.251737933269778
0.9998219965624732,-0.018867304784467676,6.264316882833701,6.343631925683846,0.018867304784467676,0.9998219965624732,1.0,1.4142135623730951,-0.9998219965624732,0.018867304784467676,0.0,1.0,-0.018867304784467676,-0.9998219965624732,0.0,1.0,0.9998219965624732,-0.018867304784467676,0.0,1.0,0.018867304784467676,0.9998219965624732,0.0,1.0,-0.9998219965624732,0.018867304784467676,0.0,1.0,-0.018867304784467676,-0.9998219965624732,0.0,1.0,0.9998219965624732,-0.018867304784467676,0.0,1.0,6.264316882833701,6.264316882833701
0.9999802213186832,-0.006289433316068405,6.276895832397624,6.356053908736982,0.006289433316068405,0.9999802213186832,1.0,1.4142135623730951,-0.9999802213186832,0.006289433316068405,0.0,1.0,-0.006289433316068405,-0.9999802213186832,0.0,1.0,0.9999802213186832,-0.006289433316068405,0.0,1.0,0.006289433316068405,0.9999802213186832,0.0,1.0,-0.9999802213186832,0.006289433316068405,0.0,1.0,-0.006289433316068405,-0.9999802213186832,0.0,1.0,0.9999802213186832,-0.006289433316068405,0.0,1.0,6.276895832397624,6.276895832397624
