r,f,df_dr,m,sigma,q
0.000000000000000000e+00,7.682569354813665319e-01,0.000000000000000000e+00,0.000000000000000000e+00,9.028057660365601533e-01,0.000000000000000000e+00
2.000000000000000042e-02,7.682515174430378790e-01,-5.418195279283942760e-04,3.418783605363847321e-05,9.028083652061426045e-01,3.896707532559514839e-05
4.000000000000000083e-02,7.682352614446331662e-01,-1.083827398872201642e-03,2.734948115132338300e-04,9.028161625646383692e-01,3.117289903242610131e-04
5.999999999999999778e-02,7.682081618357339270e-01,-1.626211973229902937e-03,9.230006772348452355e-04,9.028291576611759961e-01,1.052042516806239942e-03
8.000000000000000167e-02,7.681702091983925174e-01,-2.169161646034181191e-03,2.187706386855746855e-03,9.028473497439050144e-01,2.493588259168198328e-03
1.000000000000000056e-01,7.681213903462736914e-01,-2.712864863938841634e-03,4.272494648231752942e-03,9.028707377594016315e-01,4.869932491784648154e-03
1.199999999999999956e-01,7.680616883234540060e-01,-3.257510141809171964e-03,7.382090414878431095e-03,9.028993203518344002e-01,8.414488901625870668e-03
1.400000000000000133e-01,7.679910824028961525e-01,-3.803286078782833896e-03,1.172102129759106624e-02,9.029330958618932979e-01,1.336048020461082751e-02
1.600000000000000033e-01,7.679095480846087618e-01,-4.350381373667832306e-03,1.749357787644284859e-02,9.029720623254815504e-01,1.994089960416904270e-02
1.799999999999999933e-01,7.678170570935045625e-01,-4.898984839543405606e-03,2.490377389347967624e-02,9.030162174721683144e-01,2.838847206052799027e-02
2.000000000000000111e-01,7.677135773769780958e-01,-5.449285417428767660e-03,3.415530630656295891e-02,9.030655587234062143e-01,3.893561533928428103e-02
2.200000000000000011e-01,7.675990731022175328e-01,-6.001472188883727986e-03,4.545151518496834409e-02,9.031200831905119575e-01,5.181440080786747088e-02
2.399999999999999911e-01,7.674735046532783489e-01,-6.555734387403998331e-03,5.899534342753356281e-02,9.031797876724098062e-01,6.725651394857046217e-02
2.600000000000000089e-01,7.673368286279422801e-01,-7.112261408472812796e-03,7.498929628434738981e-02,9.032446686531413471e-01,8.549321455688400906e-02
2.800000000000000266e-01,7.671889978343884309e-01,-7.671242818129098313e-03,9.363540066320380495e-02,9.033147222991390057e-01,1.067552965939570359e-01
2.999999999999999889e-01,7.670299612877101714e-01,-8.232868359910943887e-03,1.151351642023018818e-01,9.033899444562659697e-01,1.312730476620975473e-01
3.200000000000000067e-01,7.668596642063110203e-01,-8.797327960031544464e-03,1.396895340909534433e-01,9.034703306466224104e-01,1.592762080723356677e-01
3.400000000000000244e-01,7.666780480082140414e-01,-9.364811730643062340e-03,1.674988556203682033e-01,9.035558760651195565e-01,1.909939294731889392e-01
3.599999999999999867e-01,7.664850503073280530e-01,-9.935509971042130739e-03,1.987628304469246654e-01,9.036465755758217311e-01,2.266547330099077107e-01
3.800000000000000044e-01,7.662806049097113936e-01,-1.050961316666881168e-02,2.336804745506997627e-01,9.037424237080581291e-01,2.664864669836300992e-01
4.000000000000000222e-01,7.660646418098776556e-01,-1.108731198574886001e-02,2.724500758724209826e-01,9.038434146523054435e-01,3.107162639800434278e-01
4.199999999999999845e-01,7.658370871871951202e-01,-1.166879727342720954e-02,3.152691516124455084e-01,9.039495422558416760e-01,3.595704974373535867e-01
4.400000000000000022e-01,7.655978634024281915e-01,-1.225426004323850772e-02,3.623344051758116136e-01,9.040608000181737935e-01,4.132747376235611503e-01
4.600000000000000200e-01,7.653468889944793352e-01,-1.284389146575834299e-02,4.138416827479025617e-01,9.041771810862411218e-01,4.720537069932825847e-01
4.799999999999999822e-01,7.650840786773857038e-01,-1.343788285427690611e-02,4.699859294857927638e-01,9.042986782493923625e-01,5.361312348946233319e-01
5.000000000000000000e-01,7.648093433376346173e-01,-1.403642564733442906e-02,5.309611453109004398e-01,9.044252839341443417e-01,6.057302115968939971e-01
5.200000000000000178e-01,7.645225900318598500e-01,-1.463971138795580433e-02,5.969603402891655586e-01,9.045569901987181582e-01,6.810725416102769714e-01
5.400000000000000355e-01,7.642237219849891128e-01,-1.524793169941962047e-02,6.681754895856087950e-01,9.046937887273596157e-01,7.623790962689102058e-01
5.600000000000000533e-01,7.639126385889108972e-01,-1.586127825739474043e-02,7.447974879807900406e-01,9.048356708244429392e-01,8.498696655492286034e-01
5.799999999999999600e-01,7.635892354017373984e-01,-1.647994275827556129e-02,8.270161039373992162e-01,9.049826274083618838e-01,9.437629090958292721e-01
5.999999999999999778e-01,7.632534041477386788e-01,-1.710411688354519441e-02,9.150199332059739676e-01,9.051346490052113447e-01,1.044276306427601941e+00
6.199999999999999956e-01,7.629050327180326718e-01,-1.773399225999385334e-02,1.008996351959506432e+00,9.052917257422594677e-01,1.151626106297337859e+00
6.400000000000000133e-01,7.625440051721118495e-01,-1.836976041561812559e-02,1.109131469447556029e+00,9.054538473412179211e-01,1.266027275178605915e+00
6.600000000000000311e-01,7.621702017402982587e-01,-1.901161273102510568e-02,1.215610080161357853e+00,9.056210031113085535e-01,1.387693444854259495e+00
6.800000000000000488e-01,7.617834988272151886e-01,-1.965974038616410957e-02,1.328615615502332759e+00,9.057931819421338737e-01,1.516836859081590605e+00
7.000000000000000666e-01,7.613837690163741678e-01,-2.031433430220724520e-02,1.448330094947393398e+00,9.059703722963530215e-01,1.653668319309847368e+00
7.199999999999999734e-01,7.609708810759725495e-01,-2.097558507839930933e-02,1.574934076705433617e+00,9.061525622021678883e-01,1.798397129426579921e+00
7.399999999999999911e-01,7.605446999660078200e-01,-2.164368292369664437e-02,1.708606607860478244e+00,9.063397392456231660e-01,1.951231039510099352e+00
7.600000000000000089e-01,7.601050868468106625e-01,-2.231881758301406879e-02,1.849525173998045613e+00,9.065318905627253177e-01,2.112376188566191360e+00
7.800000000000000266e-01,7.596518990891106826e-01,-2.300117825789898401e-02,1.997865648312493692e+00,9.067290028313854666e-01,2.282037046228213129e+00
8.000000000000000444e-01,7.591849902857440435e-01,-2.369095352145175054e-02,2.153802240194281570e+00,9.069310622631905350e-01,2.460416353400675771e+00
8.200000000000000622e-01,7.587042102651226916e-01,-2.438833122731215441e-02,2.317507443297352143e+00,9.071380545950082919e-01,2.647715061827493610e+00
8.399999999999999689e-01,7.582094051065848550e-01,-2.509349841253268737e-02,2.489151983088168318e+00,9.073499650804325301e-01,2.844132272567286179e+00
8.599999999999999867e-01,7.577004171577498282e-01,-2.580664119416090432e-02,2.668904763879284214e+00,9.075667784810735883e-01,3.049865173359322057e+00
8.800000000000000044e-01,7.571770850540067155e-01,-2.652794465935476645e-02,2.856932815351749255e+00,9.077884790577014362e-01,3.265108974865032376e+00
9.000000000000000222e-01,7.566392437402650328e-01,-2.725759274885779584e-02,3.053401238572118093e+00,9.080150505612476497e-01,3.490056845771449812e+00
9.200000000000000400e-01,7.560867244951061661e-01,-2.799576813366354278e-02,3.258473151511329213e+00,9.082464762236727163e-01,3.724899846744410770e+00
9.400000000000000577e-01,7.555193549574688028e-01,-2.874265208470260999e-02,3.472309634074304263e+00,9.084827387487071082e-01,3.969826863220959901e+00
9.599999999999999645e-01,7.549369591560133319e-01,-2.949842433538994030e-02,3.695069672650722392e+00,9.087238203024734506e-01,4.225024537032131100e+00
9.799999999999999822e-01,7.543393575413070984e-01,-3.026326293687499336e-02,3.926910104199103468e+00,9.089697025039987777e-01,4.490677196849028441e+00
1.000000000000000000e+00,7.537263670209787270e-01,-3.103734410584311348e-02,4.167985559877978474e+00,9.092203664156232046e-01,4.766966787447053377e+00
1.020000000000000018e+00,7.530978009979937271e-01,-3.182084206472327037e-02,4.418448408239775027e+00,9.094757925333165627e-01,5.054072797785144289e+00
1.040000000000000036e+00,7.524534694122003708e-01,-3.261392887416448422e-02,4.678448698004752160e+00,9.097359607769112122e-01,5.352172187899028266e+00
1.060000000000000053e+00,7.517931787853070480e-01,-3.341677425765177123e-02,4.948134100434224969e+00,9.100008504802613585e-01,5.661439314609683748e+00
1.080000000000000071e+00,7.511167322694451975e-01,-3.422954541814164642e-02,5.227649851324145835e+00,9.102704403813369760e-01,5.982045856050650201e+00
1.100000000000000089e+00,7.504239296994813513e-01,-3.505240684660742428e-02,5.517138692642058473e+00,9.105447086122674394e-01,6.314160735020198700e+00
1.120000000000000107e+00,7.497145676492389388e-01,-3.588552012239612510e-02,5.816740813832369739e+00,9.108236326893397461e-01,6.657950041167082667e+00
1.140000000000000124e+00,7.489884394917968313e-01,-3.672904370531075713e-02,6.126593792816873218e+00,9.111071895029696499e-01,7.013576952021267630e+00
1.159999999999999920e+00,7.482453354640281606e-01,-3.758313271934585892e-02,6.446832536719454332e+00,9.113953553076503677e-01,7.381201652883903286e+00
1.179999999999999938e+00,7.474850427355493876e-01,-3.844793872801822304e-02,6.777589222345948627e+00,9.116881057118990661e-01,7.760981255593835115e+00
1.199999999999999956e+00,7.467073454822470424e-01,-3.932360950125138310e-02,7.118993236452107354e+00,9.119854156682057900e-01,8.153069716190968208e+00
1.219999999999999973e+00,7.459120249645517786e-01,-4.021028877378905741e-02,7.471171115834789767e+00,9.122872594630044851e-01,8.557617751500242065e+00
1.239999999999999991e+00,7.450988596106273842e-01,-4.110811599513179704e-02,7.834246487283482274e+00,9.125936107066757730e-01,8.974772754663177921e+00
1.260000000000000009e+00,7.442676251046475011e-01,-4.201722607101049389e-02,8.208340007431338847e+00,9.129044423235973538e-01,9.404678709647670942e+00
1.280000000000000027e+00,7.434180944803266966e-01,-4.293774909643210264e-02,8.593569302547019007e+00,9.132197265422552501e-01,9.847476104770191085e+00
1.300000000000000044e+00,7.425500382198738647e-01,-4.386981008035541196e-02,8.990048908310606990e+00,9.135394348854318780e-01,1.030330184526854431e+01
1.320000000000000062e+00,7.416632243585357109e-01,-4.481352866207892471e-02,9.397890209619040647e+00,9.138635381604849339e-01,1.077228916496718014e+01
1.340000000000000080e+00,7.407574185948950785e-01,-4.576901881944851758e-02,9.817201380468388194e+00,9.141920064497325304e-01,1.125456753708115443e+01
1.360000000000000098e+00,7.398323844070836541e-01,-4.673638856901970312e-02,1.024808732396230759e+01,9.145248091009620106e-01,1.175026258420904490e+01
1.380000000000000115e+00,7.388878831750731457e-01,-4.771573965833805775e-02,1.069064961249810608e+01,9.148619147180769851e-01,1.225949598756948689e+01
1.400000000000000133e+00,7.379236743091963646e-01,-4.870716725053120949e-02,1.114498642818351293e+01,9.152032911518996894e-01,1.278238539554045516e+01
1.419999999999999929e+00,7.369395153850523128e-01,-4.971075960143795519e-02,1.161119250353930177e+01,9.155489054911450930e-01,1.331904433156504908e+01
1.439999999999999947e+00,7.359351622849410468e-01,-5.072659772953294621e-02,1.208935906254468406e+01,9.158987240535848562e-01,1.386958210149222381e+01
1.459999999999999964e+00,7.349103693459694275e-01,-5.175475507894002763e-02,1.257957376208390876e+01,9.162527123774172333e-01,1.443410370042572488e+01
1.479999999999999982e+00,7.338648895149628704e-01,-5.279529717586380066e-02,1.308192063385448556e+01,9.166108352128615744e-01,1.501270971915951691e+01
1.500000000000000000e+00,7.327984745103119923e-01,-5.384828127880633697e-02,1.359648002679869983e+01,9.169730565139929679e-01,1.560549625028295218e+01
1.520000000000000018e+00,7.317108749908728393e-01,-5.491375602297524777e-02,1.412332855012171429e+01,9.173393394308397841e-01,1.621255479404414501e+01
1.540000000000000036e+00,7.306018407320340469e-01,-5.599176105932927167e-02,1.466253901696086004e+01,9.177096463017553329e-01,1.683397216406511987e+01
1.560000000000000053e+00,7.294711208090525201e-01,-5.708232668874977517e-02,1.521418038877192913e+01,9.180839386460872831e-01,1.746983039300777918e+01
1.580000000000000071e+00,7.283184637877497813e-01,-5.818547349186890122e-02,1.577831772049943737e+01,9.184621771571623849e-01,1.812020663829490275e+01
1.600000000000000089e+00,7.271436179226500318e-01,-5.930121195512953747e-02,1.635501210659882076e+01,9.188443216956003745e-01,1.878517308799601437e+01
1.620000000000000107e+00,7.259463313626312031e-01,-6.042954209369699042e-02,1.694432062797933014e+01,9.192303312829817052e-01,1.946479686699326805e+01
1.640000000000000124e+00,7.247263523641419569e-01,-6.157045307188838829e-02,1.754629629993711148e+01,9.196201640958824308e-01,2.015913994354807315e+01
1.660000000000000142e+00,7.234834295120295966e-01,-6.272392282183227030e-02,1.816098802114853328e+01,9.200137774602971108e-01,2.086825903639453372e+01
1.679999999999999938e+00,7.222173119480069792e-01,-6.388991766111856707e-02,1.878844052379414009e+01,9.204111278464656154e-01,2.159220552249163561e+01
1.699999999999999956e+00,7.209277496067683089e-01,-6.506839191024650637e-02,1.942869432488392434e+01,9.208121708641249237e-01,2.233102534557109919e+01
1.719999999999999973e+00,7.196144934597527021e-01,-6.625928751072640566e-02,2.008178567885450505e+01,9.212168612581991267e-01,2.308475892562362830e+01
1.739999999999999991e+00,7.182772957665295444e-01,-6.746253364473922542e-02,2.074774653150879544e+01,9.216251529049499513e-01,2.385344106947148290e+01
1.760000000000000009e+00,7.169159103337701122e-01,-6.867804635730609397e-02,2.142660447536837154e+01,9.220369988086007940e-01,2.463710088258068254e+01
1.780000000000000027e+00,7.155300927817386247e-01,-6.990572818196752469e-02,2.211838270650822480e+01,9.224523510984543595e-01,2.543576168227124512e+01
1.800000000000000044e+00,7.141196008182295607e-01,-7.114546777101933561e-02,2.282309998294287112e+01,9.228711610265178944e-01,2.624944091248909928e+01
1.820000000000000062e+00,7.126841945198436612e-01,-7.239713953139870206e-02,2.354077058463202476e+01,9.232933789656535550e-01,2.707815006030800831e+01
1.840000000000000080e+00,7.112236366204801596e-01,-7.366060326735872354e-02,2.427140427517272769e+01,9.237189544082690107e-01,2.792189457433482502e+01
1.860000000000000098e+00,7.097376928068988011e-01,-7.493570383111397559e-02,2.501500626524390114e+01,9.241478359655643793e-01,2.878067378519579478e+01
1.880000000000000115e+00,7.082261320211783451e-01,-7.622227078268202505e-02,2.577157717786739610e+01,9.245799713673481524e-01,2.965448082828600107e+01
1.900000000000000133e+00,7.066887267698760411e-01,-7.752011806018496709e-02,2.654111301554848268e+01,9.250153074624385408e-01,3.054330256896819051e+01
1.919999999999999929e+00,7.051252534396658112e-01,-7.882904366191433032e-02,2.732360512935638042e+01,9.254537902196621202e-01,3.144711953041078090e+01
1.939999999999999947e+00,7.035354926192055602e-01,-8.014882934149654414e-02,2.811904019000395749e+01,9.258953647294633216e-01,3.236590582425871787e+01
1.959999999999999964e+00,7.019192294269602783e-01,-8.147924031752941387e-02,2.892740016098306910e+01,9.263399752061369785e-01,3.329962908433352453e+01
1.979999999999999982e+00,7.002762538446745122e-01,-8.282002499908823479e-02,2.974866227381026462e+01,9.267875649906957003e-01,3.424825040356215311e+01
2.000000000000000000e+00,6.986063610561649151e-01,-8.417091472852542000e-02,3.058279900543457330e+01,9.272380765543831727e-01,3.521172427433626240e+01
2.020000000000000018e+00,6.969093517910718294e-01,-8.553162354300863912e-02,3.142977805785706025e+01,9.276914515028428232e-01,3.618999853250568322e+01
2.040000000000000036e+00,6.951850326731809915e-01,-8.690184795625910397e-02,3.228956234000863645e+01,9.281476305809525096e-01,3.718301430521119499e+01
2.060000000000000053e+00,6.934332165728948061e-01,-8.828126676196300371e-02,3.316210995193042521e+01,9.286065536783324470e-01,3.819070596276302609e+01
2.080000000000000071e+00,6.916537229634078798e-01,-8.966954086033619709e-02,3.404737417129741317e+01,9.290681598355372550e-01,3.921300107477156160e+01
2.100000000000000089e+00,6.898463782801065314e-01,-9.106631310932250534e-02,3.494530344232391883e+01,9.295323872509368979e-01,4.024982037073699104e+01
2.120000000000000107e+00,6.880110162826857945e-01,-9.247120820190206369e-02,3.585584136708589398e+01,9.299991732882927353e-01,4.130107770530397460e+01
2.140000000000000124e+00,6.861474784194472321e-01,-9.388383257097421275e-02,3.677892669929240554e+01,9.304684544850393424e-01,4.236668002838597857e+01
2.160000000000000142e+00,6.842556141932107927e-01,-9.530377432326216092e-02,3.771449334053547631e+01,9.309401665612702104e-01,4.344652736036235297e+01
2.180000000000000160e+00,6.823352815282471839e-01,-9.673060320366219655e-02,3.866247033904469532e+01,9.314142444294386536e-01,4.454051277254836805e+01
2.200000000000000178e+00,6.803863471376062622e-01,-9.816387059142824001e-02,3.962278189096991099e+01,9.318906222047731447e-01,4.564852237313563421e+01
2.220000000000000195e+00,6.784086868901928469e-01,-9.960310952954379293e-02,4.059534734421252011e+01,9.323692332164128516e-01,4.677043529879605188e+01
2.240000000000000213e+00,6.764021861769120569e-01,-1.010478347885868794e-01,4.158008120482328707e+01,9.328500100192649302e-01,4.790612371213816800e+01
2.260000000000000231e+00,6.743667402751821749e-01,-1.024975429663380067e-01,4.257689314598169261e+01,9.333328844065864605e-01,4.905545280519913121e+01
2.280000000000000249e+00,6.723022547110867331e-01,-1.039517126243203055e-01,4.358568801956948846e+01,9.338177874232913567e-01,5.021828080914973214e+01
2.300000000000000266e+00,6.702086456184193075e-01,-1.054098044623890951e-01,4.460636587034885281e+01,9.343046493799851415e-01,5.139445901038277498e+01
2.319999999999999840e+00,6.680858400938451958e-01,-1.068712615324101667e-01,4.563882195275323994e+01,9.347933998677250278e-01,5.258383177314755841e+01
2.339999999999999858e+00,6.659337765473918314e-01,-1.083355094919792455e-01,4.668294675029717666e+01,9.352839677735098611e-01,5.378623656888530036e+01
2.359999999999999876e+00,6.637524050474565840e-01,-1.098019568990389327e-01,4.773862599760931147e+01,9.357762812964953714e-01,5.500150401240985332e+01
2.379999999999999893e+00,6.615416876595076046e-01,-1.112699955481485092e-01,4.880574070509201334e+01,9.362702679649365090e-01,5.622945790506994967e+01
2.399999999999999911e+00,6.593015987776364994e-01,-1.127390008490482404e-01,4.988416718620893420e+01,9.367658546538562003e-01,5.746991528501683888e+01
2.419999999999999929e+00,6.570321254481129580e-01,-1.142083322480433871e-01,5.097377708740147995e+01,9.372629676034370805e-01,5.872268648469055563e+01
2.439999999999999947e+00,6.547332676840785792e-01,-1.156773336926048834e-01,5.207443742063409076e+01,9.377615324381372020e-01,5.998757519562560248e+01
2.459999999999999964e+00,6.524050387705169207e-01,-1.171453341394515929e-01,5.318601059856803914e+01,9.382614741865270558e-01,6.126437854066369226e+01
2.479999999999999982e+00,6.500474655586234718e-01,-1.186116481062376438e-01,5.430835447236306379e+01,9.387627173018470161e-01,6.255288715364782348e+01
2.500000000000000000e+00,6.476605887487065782e-01,-1.200755762668223176e-01,5.544132237210647673e+01,9.392651856832799906e-01,6.385288526665704012e+01
2.520000000000000018e+00,6.452444631607496817e-01,-1.215364060899472576e-01,5.658476314986964439e+01,9.397688026979440501e-01,6.516415080482676103e+01
2.540000000000000036e+00,6.427991579917663456e-01,-1.229934125209876938e-01,5.773852122539248910e+01,9.402734912035946024e-01,6.648645548878347711e+01
2.560000000000000053e+00,6.403247570590955284e-01,-1.244458587062822058e-01,5.890243663439742505e+01,9.407791735720411053e-01,6.781956494470632890e+01
2.580000000000000071e+00,6.378213590287894474e-01,-1.258929967593785948e-01,6.007634507953545722e+01,9.412857717132726565e-01,6.916323882201162121e+01
2.600000000000000089e+00,6.352890776282626994e-01,-1.273340685683646001e-01,6.126007798396839377e+01,9.417932071002882433e-01,7.051723091863858883e+01
2.620000000000000107e+00,6.327280418423938402e-01,-1.287683066432785128e-01,6.245346254759272853e+01,9.423014007946358683e-01,7.188128931389721288e+01
2.640000000000000124e+00,6.301383960922872784e-01,-1.301949350024233787e-01,6.365632180591233436e+01,9.428102734726496736e-01,7.325515650882053365e+01
2.660000000000000142e+00,6.275203003959298753e-01,-1.316131700962310247e-01,6.486847469156899137e+01,9.433197454523892800e-01,7.463856957394565939e+01
2.680000000000000160e+00,6.248739305100089458e-01,-1.330222217671512552e-01,6.608973609854174924e+01,9.438297367212749034e-01,7.603126030442869876e+01
2.700000000000000178e+00,6.221994780521851176e-01,-1.344212942438665348e-01,6.731991694902785639e+01,9.443401669644145846e-01,7.743295538238008646e+01
2.720000000000000195e+00,6.194971506031532460e-01,-1.358095871679622924e-01,6.855882426302009947e+01,9.448509555936235316e-01,7.884337654628723158e+01
2.740000000000000213e+00,6.167671717878630000e-01,-1.371862966510165038e-01,6.980626123059727206e+01,9.453620217771283585e-01,8.026224076737291568e+01
2.760000000000000231e+00,6.140097813353100342e-01,-1.385506163599082297e-01,7.106202728694596260e+01,9.458732844699528908e-01,8.168926043271834203e+01
2.780000000000000249e+00,6.112252351163605102e-01,-1.399017386279879094e-01,7.232591819013416057e+01,9.463846624449825384e-01,8.312414353496046715e+01
2.800000000000000266e+00,6.084138051591102547e-01,-1.412388555895997266e-01,7.359772610165823892e+01,9.468960743246971345e-01,8.456659386835535486e+01
2.819999999999999840e+00,6.055757796413533400e-01,-1.425611603353060808e-01,7.487723966978367685e+01,9.474074386135714620e-01,8.601631123097726572e+01
2.839999999999999858e+00,6.027114628597428636e-01,-1.438678480850226482e-01,7.616424411570898201e+01,9.479186737311323663e-01,8.747299163281380174e+01
2.859999999999999876e+00,5.998211751753458332e-01,-1.451581173761524735e-01,7.745852132257047629e+01,9.484296980456647930e-01,8.893632750948650312e+01
2.879999999999999893e+00,5.969052529353271463e-01,-1.464311712636972573e-01,7.875984992731139300e+01,9.489404299085580918e-01,9.040600794131547957e+01
2.899999999999999911e+00,5.939640483704872187e-01,-1.476862185291901164e-01,8.006800541545186434e+01,9.494507876892811504e-01,9.188171887744296384e+01
2.919999999999999929e+00,5.909979294686351636e-01,-1.489224748952705235e-01,8.138276021875813626e+01,9.499606898109739239e-01,9.336314336467715691e+01
2.939999999999999947e+00,5.880072798235520537e-01,-1.501391642425294048e-01,8.270388381586437276e+01,9.504700547866424820e-01,9.484996178075824957e+01
2.959999999999999964e+00,5.849924984597152378e-01,-1.513355198253455158e-01,8.403114283583110478e+01,9.509788012559388104e-01,9.634185207166945020e+01
2.979999999999999982e+00,5.819539996326589248e-01,-1.525107854831948551e-01,8.536430116469068707e+01,9.514868480225124880e-01,9.783848999266533042e+01
3.000000000000000000e+00,5.788922126052510331e-01,-1.536642168440751077e-01,8.670312005496407437e+01,9.519941140919101485e-01,9.933954935262265451e+01
3.020000000000000018e+00,5.758075813999665726e-01,-1.547950825164945143e-01,8.804735823817875939e+01,9.525005187100026305e-01,1.008447022613480470e+02
3.040000000000000036e+00,5.727005645274770851e-01,-1.559026652665866652e-01,8.939677204038089542e+01,9.530059814019162800e-01,1.023536193794404312e+02
3.060000000000000053e+00,5.695716346918927586e-01,-1.569862631768943195e-01,9.075111550064106325e+01,9.535104220114403173e-01,1.038659701703077758e+02
3.080000000000000071e+00,5.664212784729979466e-01,-1.580451907833139713e-01,9.211014049255489056e+01,9.540137607408811782e-01,1.053814231539303847e+02
3.100000000000000089e+00,5.632499959860564065e-01,-1.590787801869352203e-01,9.347359684870744445e+01,9.545159181913334123e-01,1.068996461619466629e+02
3.120000000000000107e+00,5.600583005195897135e-01,-1.600863821372691120e-01,9.484123248809946460e+01,9.550168154033297219e-01,1.084203065936441419e+02
3.140000000000000124e+00,5.568467181518624853e-01,-1.610673670837834692e-01,9.621279354648522997e+01,9.555163738978350585e-01,1.099430716724220218e+02
3.160000000000000142e+00,5.536157873466462931e-01,-1.620211261924478785e-01,9.758802450959599639e+01,9.560145157175425901e-01,1.114676087022970563e+02
3.180000000000000160e+00,5.503660585290408580e-01,-1.629470723242988361e-01,9.896666834919263067e+01,9.565111634684301256e-01,1.129935853240180563e+02
3.200000000000000178e+00,5.470980936421246943e-01,-1.638446409730696940e-01,1.003484666618893328e+02,9.570062403615278157e-01,1.145206697703556102e+02
3.220000000000000195e+00,5.438124656852878491e-01,-1.647132911590903914e-01,1.017331598106780604e+02,9.574996702548511651e-01,1.160485311201340721e+02
3.240000000000000213e+00,5.405097582351452434e-01,-1.655525062768103961e-01,1.031204870690704212e+02,9.579913776954441795e-01,1.175768395505759401e+02
3.260000000000000231e+00,5.371905649499841839e-01,-1.663617948934604795e-01,1.045101867677645799e+02,9.584812879614804659e-01,1.191052665875309629e+02
3.280000000000000249e+00,5.338554890587465795e-01,-1.671406914965454515e-01,1.059019964437299137e+02,9.589693271043621126e-01,1.206334853531693909e+02
3.300000000000000266e+00,5.305051428355906928e-01,-1.678887571880450513e-01,1.072956529915921067e+02,9.594554219907581727e-01,1.221611708107234762e+02
3.320000000000000284e+00,5.271401470611193352e-01,-1.686055803233965367e-01,1.086908928171873328e+02,9.599395003445178043e-01,1.236880000058701370e+02
3.339999999999999858e+00,5.237611304713931659e-01,-1.692907770935364320e-01,1.100874519931424516e+02,9.604214907883948937e-01,1.252136523043563159e+02
3.359999999999999876e+00,5.203687291958857264e-01,-1.699439920484927535e-01,1.114850664163249689e+02,9.609013228855153299e-01,1.267378096254791160e+02
3.379999999999999893e+00,5.169635861855642611e-01,-1.705648985612350232e-01,1.128834719669942217e+02,9.613789271805168735e-01,1.282601566710438306e+02
3.399999999999999911e+00,5.135463506322969218e-01,-1.711531992307142869e-01,1.142824046694732374e+02,9.618542352402925655e-01,1.297803811494362378e+02
3.419999999999999929e+00,5.101176773808164810e-01,-1.717086262232538629e-01,1.156816008541483853e+02,9.623271796942644007e-01,1.312981739944587787e+02
3.439999999999999947e+00,5.066782263344762338e-01,-1.722309415516631581e-01,1.170807973205916852e+02,9.627976942741096611e-01,1.328132295785936208e+02
3.459999999999999964e+00,5.032286618560551927e-01,-1.727199372917598008e-01,1.184797315015924823e+02,9.632657138528724072e-01,1.343252459203808087e+02
3.479999999999999982e+00,4.997696521648486989e-01,-1.731754357359843455e-01,1.198781416278674641e+02,9.637311744833748639e-01,1.358339248855872370e+02
3.500000000000000000e+00,4.963018687313304200e-01,-1.735972894844596270e-01,1.212757668932209896e+02,9.641940134358637504e-01,1.373389723819164772e+02
3.520000000000000018e+00,4.928259856706025954e-01,-1.739853814734653448e-01,1.226723476199007195e+02,9.646541692348035157e-01,1.388400985469472459e+02
3.540000000000000036e+00,4.893426791359083428e-01,-1.743396249421696742e-01,1.240676254239053264e+02,9.651115816947517523e-01,1.403370179290949693e+02
3.560000000000000053e+00,4.858526267134145593e-01,-1.746599633381185346e-01,1.254613433799752045e+02,9.655661919552345207e-01,1.418294496613326316e+02
3.580000000000000071e+00,4.823565068194931027e-01,-1.749463701625711409e-01,1.268532461860040144e+02,9.660179425145483112e-01,1.433171176274807408e+02
3.600000000000000089e+00,4.788549981016853585e-01,-1.751988487568205410e-01,1.282430803265990846e+02,9.664667772624216946e-01,1.447997506208747609e+02
3.620000000000000107e+00,4.753487788445222018e-01,-1.754174320307451962e-01,1.296305942355073739e+02,9.669126415114538409e-01,1.462770824952240503e+02
3.640000000000000124e+00,4.718385263813322239e-01,-1.756021821353377088e-01,1.310155384566409680e+02,9.673554820272768362e-01,1.477488523075487876e+02
3.660000000000000142e+00,4.683249165131554426e-01,-1.757531900806269809e-01,1.323976658034004004e+02,9.677952470573554233e-01,1.492148044530172228e+02
3.680000000000000160e+00,4.648086229358154298e-01,-1.758705753012048678e-01,1.337767315160398596e+02,9.682318863583817548e-01,1.506746887916364130e+02
3.700000000000000178e+00,4.612903166762036822e-01,-1.759544851710427293e-01,1.351524934167631500e+02,9.686653512221817808e-01,1.521282607666479976e+02
3.720000000000000195e+00,4.577706655387420720e-01,-1.760050944700639608e-01,1.365247120622993862e+02,9.690955945000954141e-01,1.535752815146212811e+02
3.740000000000000213e+00,4.542503335629885508e-01,-1.760226048045377689e-01,1.378931508936587704e+02,9.695225706257606380e-01,1.550155179671538974e+02
3.760000000000000231e+00,4.507299804932718423e-01,-1.760072439838317460e-01,1.392575763828099866e+02,9.699462356362597015e-01,1.564487429441826123e+02
3.780000000000000249e+00,4.472102612612024464e-01,-1.759592653560061726e-01,1.406177581760096302e+02,9.703665471915808860e-01,1.578747352388945728e+02
3.800000000000000266e+00,4.436918254818770779e-01,-1.758789471047650654e-01,1.419734692335141233e+02,9.707834645923451022e-01,1.592932796942357072e+02
3.820000000000000284e+00,4.401753169644819774e-01,-1.757665915106025323e-01,1.433244859654430741e+02,9.711969487957736735e-01,1.607041672710908244e+02
3.839999999999999858e+00,4.366613732380428270e-01,-1.756225241786391611e-01,1.446705883635198688e+02,9.716069624298484531e-01,1.621071951081292752e+02
3.859999999999999876e+00,4.331506250928943147e-01,-1.754470932361696378e-01,1.460115601284900322e+02,9.720134698056511757e-01,1.635021665734505518e+02
3.879999999999999893e+00,4.296436961385015074e-01,-1.752406685025344468e-01,1.473471887929670174e+02,9.724164369278466280e-01,1.648888913080648138e+02
3.899999999999999911e+00,4.261412023781268599e-01,-1.750036406342483086e-01,1.486772658395105680e+02,9.728158315032984227e-01,1.662671852613409840e+02
3.919999999999999929e+00,4.226437518008204219e-01,-1.747364202481862527e-01,1.500015868137340362e+02,9.732116229478022795e-01,1.676368707185322364e+02
3.939999999999999947e+00,4.191519439911432499e-01,-1.744394370256603100e-01,1.513199514322575965e+02,9.736037823909269306e-01,1.689977763205146459e+02
3.959999999999999964e+00,4.156663697569752403e-01,-1.741131388002003233e-01,1.526321636853370478e+02,9.739922826789643162e-01,1.703497370758876173e+02
3.979999999999999982e+00,4.121876107757081464e-01,-1.737579906318202083e-01,1.539380319340124004e+02,9.743770983759854065e-01,1.716925943655970741e+02
4.000000000000000000e+00,4.087162392590654725e-01,-1.733744738705147448e-01,1.552373690016365799e+02,9.747582057630137520e-01,1.730261959402564003e+02
4.020000000000000462e+00,4.052528176367368173e-01,-1.729630852116796069e-01,1.565299922596595366e+02,9.751355828353276411e-01,1.743503959103499881e+02
4.040000000000000036e+00,4.017978982589639481e-01,-1.725243357460897742e-01,1.578157237075597550e+02,9.755092092979059659e-01,1.756650547295152194e+02
4.060000000000000497e+00,3.983520231181586491e-01,-1.720587500070013820e-01,1.590943900468313643e+02,9.758790665590443281e-01,1.769700391711101304e+02
4.080000000000000071e+00,3.949157235895880969e-01,-1.715668650168683529e-01,1.603658227489503361e+02,9.762451377221631477e-01,1.782652222982788430e+02
4.099999999999999645e+00,3.914895201911084421e-01,-1.710492293360773575e-01,1.616298581172626427e+02,9.766074075758429673e-01,1.795504834277397777e+02
4.120000000000000107e+00,3.880739223618844269e-01,-1.705064021160183074e-01,1.628863373427504371e+02,9.769658625821203701e-01,1.808257080875235943e+02
4.139999999999999680e+00,3.846694282599865677e-01,-1.699389521587075513e-01,1.641351065536512408e+02,9.773204908630842569e-01,1.820907879688981552e+02
4.160000000000000142e+00,3.812765245787106405e-01,-1.693474569850808575e-01,1.653760168589206501e+02,9.776712821858178915e-01,1.833456208727197065e+02
4.179999999999999716e+00,3.778956863814304512e-01,-1.687325019139670479e-01,1.666089243855442135e+02,9.780182279457318995e-01,1.845901106504554150e+02
4.200000000000000178e+00,3.745273769547453058e-01,-1.680946791536427620e-01,1.678336903097221864e+02,9.783613211483389582e-01,1.858241671401259225e+02
4.219999999999999751e+00,3.711720476796586676e-01,-1.674345869077557281e-01,1.690501808819624614e+02,9.787005563895270210e-01,1.870477060974176595e+02
4.240000000000000213e+00,3.678301379204778621e-01,-1.667528284972887298e-01,1.702582674461365855e+02,9.790359298343827010e-01,1.882606491222189220e+02
4.259999999999999787e+00,3.645020749311035924e-01,-1.660500115001209143e-01,1.714578264525631823e+02,9.793674391946310953e-01,1.894629235808319265e+02
4.280000000000000249e+00,3.611882737783378428e-01,-1.653267469096225961e-01,1.726487394652012313e+02,9.796950837047464500e-01,1.906544625241158997e+02
4.299999999999999822e+00,3.578891372818204242e-01,-1.645836483136041417e-01,1.738308931630451468e+02,9.800188640968039433e-01,1.918352046018136434e+02
4.320000000000000284e+00,3.546050559701709459e-01,-1.638213310948198054e-01,1.750041793358294058e+02,9.803387825741349815e-01,1.930050939733147857e+02
4.339999999999999858e+00,3.513364080528985078e-01,-1.630404116541117054e-01,1.761684948741588528e+02,9.806548427838537307e-01,1.941640802151055993e+02
4.360000000000000320e+00,3.480835594076110429e-01,-1.622415066571613884e-01,1.773237417541958507e+02,9.809670497883257179e-01,1.953121182251541370e+02
4.379999999999999893e+00,3.448468635820486905e-01,-1.614252323057048799e-01,1.784698270170407284e+02,9.812754100356444464e-01,1.964491681244747667e+02
4.400000000000000355e+00,3.416266618104407127e-01,-1.605922036339527681e-01,1.796066627429574396e+02,9.815799313291899697e-01,1.975751951561157398e+02
4.419999999999999929e+00,3.384232830436775252e-01,-1.597430338308508668e-01,1.807341660205993321e+02,9.818806227963380318e-01,1.986901695818053497e+02
4.440000000000000391e+00,3.352370439927727097e-01,-1.588783335887067882e-01,1.818522589114022026e+02,9.821774948563922747e-01,1.997940665764914456e+02
4.459999999999999964e+00,3.320682491850884266e-01,-1.579987104786100549e-01,1.829608684093164754e+02,9.824705591878102329e-01,2.008868661210015603e+02
4.480000000000000426e+00,3.289171910327781112e-01,-1.571047683529696593e-01,1.840599263960576764e+02,9.827598286947921702e-01,2.019685528930482405e+02
4.500000000000000000e+00,3.257841499129080498e-01,-1.561971067754012454e-01,1.851493695920595997e+02,9.830453174733071453e-01,2.030391161567947904e+02
4.520000000000000462e+00,3.226693942587046116e-01,-1.552763204781027473e-01,1.862291395033197432e+02,9.833270407766214749e-01,2.040985496511952419e+02
4.540000000000000036e+00,3.195731806613802406e-01,-1.543429988467722169e-01,1.872991823643290275e+02,9.836050149804010934e-01,2.051468514773119125e+02
4.560000000000000497e+00,3.164957539819837073e-01,-1.533977254330381734e-01,1.883594490772840970e+02,9.838792575474554214e-01,2.061840239848108354e+02
4.580000000000000071e+00,3.134373474727298881e-01,-1.524410774942954738e-01,1.894098951477787125e+02,9.841497869921878028e-01,2.072100736578259159e+02
4.600000000000000533e+00,3.103981829072580134e-01,-1.514736255607661841e-01,1.904504806171768223e+02,9.844166228448181233e-01,2.082250110003782879e+02
4.620000000000000107e+00,3.073784707192804833e-01,-1.504959330295371489e-01,1.914811699918669206e+02,9.846797856154417827e-01,2.092288504215278522e+02
4.639999999999999680e+00,3.043784101490817351e-01,-1.495085557852612601e-01,1.925019321696015595e+02,9.849392967579850833e-01,2.102216101204294318e+02
4.660000000000000142e+00,3.013981893973409765e-01,-1.485120418471504722e-01,1.935127403631218499e+02,9.851951786341196504e-01,2.112033119714564009e+02
4.679999999999999716e+00,2.984379857857553664e-01,-1.475069310418349322e-01,1.945135720212684873e+02,9.854474544771889555e-01,2.121739814095492136e+02
4.700000000000000178e+00,2.954979659239503897e-01,-1.464937547016112451e-01,1.955044087477787684e+02,9.856961483562090010e-01,2.131336473159378784e+02
4.719999999999999751e+00,2.925782858821771026e-01,-1.454730353875592075e-01,1.964852362179660474e+02,9.859412851399907973e-01,2.140823419043803142e+02
4.740000000000000213e+00,2.896790913693015335e-01,-1.444452866369632105e-01,1.974560440934771748e+02,9.861828904614400315e-01,2.150201006080519903e+02
4.759999999999999787e+00,2.868005179156090101e-01,-1.434110127344405128e-01,1.984168259353183146e+02,9.864209906820829987e-01,2.159469619672133831e+02
4.780000000000000249e+00,2.839426910599526233e-01,-1.423707085061435285e-01,1.993675791153393391e+02,9.866556128568623185e-01,2.168629675177770935e+02
4.799999999999999822e+00,2.811057265407940764e-01,-1.413248591363775175e-01,2.003083047263589833e+02,9.868867846992505077e-01,2.177681616808859815e+02
4.820000000000000284e+00,2.782897304906916669e-01,-1.402739400059468122e-01,2.012390074911128579e+02,9.871145345467222665e-01,2.186625916536104057e+02
4.839999999999999858e+00,2.754947996338122929e-01,-1.392184165515275851e-01,2.021596956701983174e+02,9.873388913266253342e-01,2.195463073008623951e+02
4.860000000000000320e+00,2.727210214860494308e-01,-1.381587441453415444e-01,2.030703809691888182e+02,9.875598845224848876e-01,2.204193610486204022e+02
4.879999999999999893e+00,2.699684745573526778e-01,-1.370953679943971992e-01,2.039710784450816448e+02,9.877775441407814494e-01,2.212818077785499042e+02
4.900000000000000355e+00,2.672372285558810567e-01,-1.360287230585502660e-01,2.048618064122408100e+02,9.879919006782296176e-01,2.221337047240990614e+02
4.919999999999999929e+00,2.645273445936157097e-01,-1.349592339866308444e-01,2.057425863479887482e+02,9.882029850895905909e-01,2.229751113681431605e+02
4.940000000000000391e+00,2.618388753930726565e-01,-1.338873150698777492e-01,2.066134427979976351e+02,9.884108287560461337e-01,2.238060893422444622e+02
4.959999999999999964e+00,2.591718654947834377e-01,-1.328133702119214665e-01,2.074744032816216475e+02,9.886154634541571840e-01,2.246267023275875943e+02
4.980000000000000426e+00,2.565263514652135202e-01,-1.317377929145546189e-01,2.083254981973089741e+02,9.888169213254336398e-01,2.254370159576472190e+02
5.000000000000000000e+00,2.539023621048177581e-01,-1.306609662785367110e-01,2.091667607282245740e+02,9.890152348465343080e-01,2.262370977226351840e+02
5.020000000000000462e+00,2.512999186559302656e-01,-1.295832630186764811e-01,2.099982267482089924e+02,9.892104368001145565e-01,2.270270168757740237e+02
5.040000000000000036e+00,2.487190350102198855e-01,-1.285050454924548669e-01,2.108199347281924929e+02,9.894025602463418778e-01,2.278068443414330488e+02
5.060000000000000497e+00,2.461597179154497717e-01,-1.274266657414626636e-01,2.116319256431743554e+02,9.895916384950905753e-01,2.285766526251607615e+02
5.080000000000000071e+00,2.436219671812654419e-01,-1.263484655448863792e-01,2.124342428798850051e+02,9.897777050788305608e-01,2.293365157256477573e+02
5.100000000000000533e+00,2.411057758838305587e-01,-1.252707764844146476e-01,2.132269321452124302e+02,9.899607937262187018e-01,2.300865090486340705e+02
5.120000000000000107e+00,2.386111305690197804e-01,-1.241939200197570842e-01,2.140100413755127704e+02,9.901409383364044858e-01,2.308267093227944997e+02
5.139999999999999680e+00,2.361380114540364838e-01,-1.231182075742137255e-01,2.147836206468674618e+02,9.903181729540544431e-01,2.315571945176032216e+02
5.160000000000000142e+00,2.336863926271928737e-01,-1.220439406295151658e-01,2.155477220863945433e+02,9.904925317451016564e-01,2.322780437632028168e+02
5.179999999999999716e+00,2.312562422457300482e-01,-1.209714108293780538e-01,2.163023997846712518e+02,9.906640489732245758e-01,2.329893372722746392e+02
5.200000000000000178e+00,2.288475227314705762e-01,-1.199009000910805506e-01,2.170477097093530858e+02,9.908327589770579147e-01,2.336911562639224371e+02
5.219999999999999751e+00,2.264601909641680288e-01,-1.188326807244725336e-01,2.177837096200497911e+02,9.909986961481332957e-01,2.343835828895665259e+02
5.240000000000000213e+00,2.240941984724141578e-01,-1.177670155578380840e-01,2.185104589845165606e+02,9.911618949095529763e-01,2.350667001608458122e+02
5.259999999999999787e+00,2.217494916219486523e-01,-1.167041580699873377e-01,2.192280188962245973e+02,9.913223896953922143e-01,2.357405918795260504e+02
5.280000000000000249e+00,2.194260118012927030e-01,-1.156443525281027618e-01,2.199364519933483564e+02,9.914802149308276080e-01,2.364053425693997781e+02
5.299999999999999822e+00,2.171236956045456412e-01,-1.145878341307054182e-01,2.206358223792303193e+02,9.916354050129866371e-01,2.370610374101748334e+02
5.320000000000000284e+00,2.148424750113019088e-01,-1.135348291553353317e-01,2.213261955443472857e+02,9.917879942925151848e-01,2.377077621733303374e+02
5.339999999999999858e+00,2.125822775635489714e-01,-1.124855551103499662e-01,2.220076382898299414e+02,9.919380170558522725e-01,2.383456031599310165e+02
5.360000000000000320e+00,2.103430265395080656e-01,-1.114402208904520797e-01,2.226802186525542595e+02,9.920855075082086749e-01,2.389746471403770443e+02
5.379999999999999893e+00,2.081246411243221905e-01,-1.103990269354371695e-01,2.233440058318405192e+02,9.922304997572390928e-01,2.395949812960726035e+02
5.400000000000000355e+00,2.059270365775415779e-01,-1.093621653917519199e-01,2.239990701177794392e+02,9.923730277973995539e-01,2.402066931629903195e+02
5.419999999999999929e+00,2.037501243973598164e-01,-1.083298202764616802e-01,2.246454828212034158e+02,9.925131254949776105e-01,2.408098705771078301e+02
5.440000000000000391e+00,2.015938124815371268e-01,-1.073021676431918231e-01,2.252833162053238709e+02,9.926508265737907788e-01,2.414046016216928479e+02
5.459999999999999964e+00,1.994580052850050689e-01,-1.062793757497383085e-01,2.259126434190378063e+02,9.927861646015346819e-01,2.419909745764082345e+02
5.480000000000000426e+00,1.973426039740863447e-01,-1.052616052269076258e-01,2.265335384319228353e+02,9.929191729767734564e-01,2.425690778682122186e+02
5.500000000000000000e+00,1.952475065773475182e-01,-1.042490092483439185e-01,2.271460759709144384e+02,9.930498849165616537e-01,2.431390000240219535e+02
5.520000000000000462e+00,1.931726081330303602e-01,-1.032417337009377822e-01,2.277503314586787440e+02,9.931783334446797618e-01,2.437008296251131014e+02
5.540000000000000036e+00,1.911178008330859934e-01,-1.022399173555926521e-01,2.283463809536711153e+02,9.933045513804754645e-01,2.442546552632233272e+02
5.560000000000000497e+00,1.890829741637828909e-01,-1.012436920380153649e-01,2.289343010918832135e+02,9.934285713282935415e-01,2.448005654983284671e+02
5.580000000000000071e+00,1.870680150429051558e-01,-1.002531827992921565e-01,2.295141690302697839e+02,9.935504256674844159e-01,2.453386488180590277e+02
5.600000000000000533e+00,1.850728079535446380e-01,-9.926850808600494458e-02,2.300860623918476904e+02,9.936701465429730318e-01,2.458689935987248703e+02
5.620000000000000107e+00,1.830972350744930477e-01,-9.828977990963344569e-02,2.306500592124566253e+02,9.937877658563778471e-01,2.463916880679132646e+02
5.639999999999999680e+00,1.811411764072587138e-01,-9.731710401505680452e-02,2.312062378891692163e+02,9.939033152576641772e-01,2.469068202686283655e+02
5.660000000000000142e+00,1.792045098997225860e-01,-9.635058004793249642e-02,2.317546771303352955e+02,9.940168261373155678e-01,2.474144780249366988e+02
5.679999999999999716e+00,1.772871115664596819e-01,-9.539030172077569980e-02,2.322954559072448433e+02,9.941283296190145391e-01,2.479147489090844658e+02
5.700000000000000178e+00,1.753888556057529302e-01,-9.443635697756444514e-02,2.328286534073912151e+02,9.942378565528094958e-01,2.484077202100531281e+02
5.719999999999999751e+00,1.735096145133315781e-01,-9.348882815671219482e-02,2.333543489893153833e+02,9.943454375087621422e-01,2.488934789035171775e+02
5.740000000000000213e+00,1.716492591928673317e-01,-9.254779215226131839e-02,2.338726221390102751e+02,9.944511027710550843e-01,2.493721116231710653e+02
5.759999999999999787e+00,1.698076590632659755e-01,-9.161332057316455557e-02,2.343835524278627815e+02,9.945548823325468524e-01,2.498437046333887963e+02
5.780000000000000249e+00,1.679846821627926645e-01,-9.068547990053174579e-02,2.348872194721111555e+02,9.946568058897619080e-01,2.503083438031838739e+02
5.799999999999999822e+00,1.661801952500748247e-01,-8.976433164273217580e-02,2.353837028937923037e+02,9.947569028382963197e-01,2.507661145814327313e+02
5.820000000000000284e+00,1.643940639020238514e-01,-8.884993248825225065e-02,2.358730822831546163e+02,9.948552022686324436e-01,2.512171019733299602e+02
5.839999999999999858e+00,1.626261526087237619e-01,-8.794233445621583989e-02,2.363554371625099009e+02,9.949517329623411843e-01,2.516613905180387007e+02
5.860000000000000320e+00,1.608763248653340416e-01,-8.704158504450046352e-02,2.368308469514981311e+02,9.950465233886621741e-01,2.520990642675056392e+02
5.879999999999999893e+00,1.591444432610528703e-01,-8.614772737535275615e-02,2.372993909337366745e+02,9.951396017014484396e-01,2.525302067664030972e+02
5.900000000000000355e+00,1.574303695651954604e-01,-8.526080033847439898e-02,2.377611482248274513e+02,9.952309957364591231e-01,2.529549010331697900e+02
5.919999999999999929e+00,1.557339648104358876e-01,-8.438083873149716807e-02,2.382161977416923833e+02,9.953207330089892668e-01,2.533732295421139042e+02
5.940000000000000391e+00,1.540550893732649251e-01,-8.350787339781584606e-02,2.386646181732091918e+02,9.954088407118250048e-01,2.537852742065479390e+02
5.959999999999999964e+00,1.523936030517200058e-01,-8.264193136174260990e-02,2.391064879521184139e+02,9.954953457135061745e-01,2.541911163629236228e+02
5.980000000000000426e+00,1.507493651404364088e-01,-8.178303596093497441e-02,2.395418852281713669e+02,9.955802745568901324e-01,2.545908367559340491e+02
6.000000000000000000e+00,1.491222345030805974e-01,-8.093120697610210745e-02,2.399708878424920897e+02,9.956636534579997866e-01,2.549845155245551780e+02
6.020000000000000462e+00,1.475120696422133892e-01,-8.008646075793278418e-02,2.403935733031201210e+02,9.957455083051454103e-01,2.553722321889916316e+02
6.040000000000000036e+00,1.459187287666455779e-01,-7.924881035127481765e-02,2.408100187617082781e+02,9.958258646583093565e-01,2.557540656385029081e+02
6.060000000000000497e+00,1.443420698563351312e-01,-7.841826561651780991e-02,2.412203009913429526e+02,9.959047477487805722e-01,2.561300941200743750e+02
6.080000000000000071e+00,1.427819507248863640e-01,-7.759483334821175304e-02,2.416244963654595495e+02,9.959821824790286993e-01,2.565003952279101895e+02
6.100000000000000533e+00,1.412382290797029871e-01,-7.677851739089915084e-02,2.420226808378218379e+02,9.960581934228053269e-01,2.568650458937154895e+02
6.120000000000000107e+00,1.397107625798539032e-01,-7.596931875218101982e-02,2.424149299235376986e+02,9.961328048254647349e-01,2.572241223777417645e+02
6.140000000000000568e+00,1.381994088917033736e-01,-7.516723571302659501e-02,2.428013186810815682e+02,9.962060406044901395e-01,2.575777002605707935e+02
6.160000000000000142e+00,1.367040257423644822e-01,-7.437226393533152846e-02,2.431819216952933402e+02,9.962779243502173365e-01,2.579258544356052312e+02
6.179999999999999716e+00,1.352244709710266890e-01,-7.358439656676202256e-02,2.435568130613292226e+02,9.963484793267465278e-01,2.582686591022464313e+02
6.200000000000000178e+00,1.337606025782155372e-01,-7.280362434288112361e-02,2.439260663695300480e+02,9.964177284730294515e-01,2.586061877597272769e+02
6.219999999999999751e+00,1.323122787730350303e-01,-7.202993568660999435e-02,2.442897546911872269e+02,9.964856944041277087e-01,2.589385132015837598e+02
6.240000000000000213e+00,1.308793580184484662e-01,-7.126331680502298593e-02,2.446479505651698787e+02,9.965523994126277429e-01,2.592657075107310902e+02
6.259999999999999787e+00,1.294616990746491059e-01,-7.050375178353100736e-02,2.450007259853942401e+02,9.966178654702086970e-01,2.595878420551313752e+02
6.280000000000000249e+00,1.280591610405730774e-01,-6.975122267746650118e-02,2.453481523891026939e+02,9.966821142293508240e-01,2.599049874840208645e+02
6.299999999999999822e+00,1.266716033936070018e-01,-6.900570960111414298e-02,2.456903006459287155e+02,9.967451670251783469e-01,2.602172137246798798e+02
6.320000000000000284e+00,1.252988860275386918e-01,-6.826719081422102930e-02,2.460272410477227254e+02,9.968070448774289938e-01,2.605245899797234870e+02
6.339999999999999858e+00,1.239408692888049751e-01,-6.753564280601785652e-02,2.463590432991093451e+02,9.968677684925406624e-01,2.608271847248871609e+02
6.360000000000000320e+00,1.225974140110803745e-01,-6.681104037680178631e-02,2.466857765087575842e+02,9.969273582658515487e-01,2.611250657072940271e+02
6.379999999999999893e+00,1.212683815482621663e-01,-6.609335671710438176e-02,2.470075091813315566e+02,9.969858342839005294e-01,2.614182999441756579e+02
6.400000000000000355e+00,1.199536338058915241e-01,-6.538256348450428856e-02,2.473243092101060938e+02,9.970432163268290182e-01,2.617069537220352231e+02
6.419999999999999929e+00,1.186530332710659108e-01,-6.467863087810876710e-02,2.476362438702157647e+02,9.970995238708700859e-01,2.619910925962261103e+02
6.440000000000000391e+00,1.173664430408810910e-01,-6.398152771076159873e-02,2.479433798125208739e+02,9.971547760909224012e-01,2.622707813909343599e+02
6.459999999999999964e+00,1.160937268494540292e-01,-6.329122147901071471e-02,2.482457830580636369e+02,9.972089918632043304e-01,2.625460841995424062e+02
6.480000000000000426e+00,1.148347490935670429e-01,-6.260767843088435591e-02,2.485435189930939259e+02,9.972621897679767589e-01,2.628170643853594015e+02
6.500000000000000000e+00,1.135893748569781619e-01,-6.193086363152092155e-02,2.488366523646445501e+02,9.973143880923355242e-01,2.630837845827010710e+02
6.520000000000000462e+00,1.123574699334409926e-01,-6.126074102669162857e-02,2.491252472766313417e+02,9.973656048330623580e-01,2.633463066983005660e+02
6.540000000000000036e+00,1.111389008484726104e-01,-6.059727350427041026e-02,2.494093671864631290e+02,9.974158576995343362e-01,2.636046919130394031e+02
6.560000000000000497e+00,1.099335348799155287e-01,-5.994042295368433304e-02,2.496890749021343652e+02,9.974651641166817351e-01,2.638590006839766602e+02
6.580000000000000071e+00,1.087412400773266480e-01,-5.929015032340245045e-02,2.499644325797894453e+02,9.975135412279931835e-01,2.641092927466690981e+02
6.600000000000000533e+00,1.075618852802388281e-01,-5.864641567649660214e-02,2.502355017217316515e+02,9.975610058985626694e-01,2.643556271177605481e+02
6.620000000000000107e+00,1.063953401353286282e-01,-5.800917824432747644e-02,2.505023431748640519e+02,9.976075747181722964e-01,2.645980620978328375e+02
6.640000000000000568e+00,1.052414751125286679e-01,-5.737839647839642482e-02,2.507650171295417465e+02,9.976532640044097899e-01,2.648366552745013678e+02
6.660000000000000142e+00,1.041001615201217340e-01,-5.675402810040934554e-02,2.510235831188184363e+02,9.976980898058133151e-01,2.650714635257432974e+02
6.679999999999999716e+00,1.029712715188501743e-01,-5.613603015059597662e-02,2.512781000180710294e+02,9.977420679050416075e-01,2.653025430234470150e+02
6.700000000000000178e+00,1.018546781350765512e-01,-5.552435903432920150e-02,2.515286260449844917e+02,9.977852138220665301e-01,2.655299492371684664e+02
6.719999999999999751e+00,1.007502552730287354e-01,-5.491897056708762437e-02,2.517752187598827618e+02,9.978275428173821737e-01,2.657537369380856376e+02
6.740000000000000213e+00,9.965787772616119256e-02,-5.431982001780413100e-02,2.520179350663881905e+02,9.978690698952302762e-01,2.659739602031370396e+02
6.759999999999999787e+00,9.857742118766589512e-02,-5.372686215064356036e-02,2.522568312123962926e+02,9.979098098068353018e-01,2.661906724193360674e+02
6.780000000000000249e+00,9.750876226016240433e-02,-5.314005126525095379e-02,2.524919627913498346e+02,9.979497770536488455e-01,2.664039262882489538e+02
6.799999999999999822e+00,9.645177846459855597e-02,-5.255934123551233433e-02,2.527233847437990164e+02,9.979889858905997002e-01,2.666137738306264851e+02
6.820000000000000284e+00,9.540634824838964412e-02,-5.198468554686826865e-02,2.529511513592333074e+02,9.980274503293470323e-01,2.668202663911812920e+02
6.839999999999999858e+00,9.437235099282653694e-02,-5.141603733222123440e-02,2.531753162781722324e+02,9.980651841415323355e-01,2.670234546434994058e+02
6.860000000000000320e+00,9.334966701977821801e-02,-5.085334940647542185e-02,2.533959324945021478e+02,9.981022008620321628e-01,2.672233885950780063e+02
6.879999999999999893e+00,9.233817759771789646e-02,-5.029657429974900007e-02,2.536130523580463318e+02,9.981385137922028639e-01,2.674201175924811764e+02
6.900000000000000355e+00,9.133776494709708316e-02,-4.974566428929597800e-02,2.538267275773564791e+02,9.981741360031218813e-01,2.676136903266043987e+02
6.919999999999999929e+00,9.034831224509436154e-02,-4.920057143017635831e-02,2.540370092227140049e+02,9.982090803388180555e-01,2.678041548380406880e+02
6.940000000000000391e+00,8.936970362976248694e-02,-4.866124758471031264e-02,2.542439477293303298e+02,9.982433594194929372e-01,2.679915585225398331e+02
6.959999999999999964e+00,8.840182420359872506e-02,-4.812764445075355668e-02,2.544475929007341222e+02,9.982769856447285539e-01,2.681759481365544389e+02
6.980000000000000426e+00,8.744456003656073118e-02,-4.759971358882857106e-02,2.546479939123367160e+02,9.983099711966816336e-01,2.683573698028640138e+02
7.000000000000000000e+00,8.649779816855146519e-02,-4.707740644814693842e-02,2.548451993151637680e+02,9.983423280432615066e-01,2.685358690162725566e+02
7.020000000000000462e+00,8.556142661139373717e-02,-4.656067439155621435e-02,2.550392570397452232e+02,9.983740679412911323e-01,2.687114906493709441e+02
7.040000000000000036e+00,8.463533435031726782e-02,-4.604946871944518016e-02,2.552302144001526756e+02,9.984052024396491420e-01,2.688842789583595163e+02
7.060000000000000497e+00,8.371941134497667969e-02,-4.554374069263936176e-02,2.554181180981756540e+02,9.984357428823914526e-01,2.690542775889232416e+02
7.080000000000000071e+00,8.281354853002252658e-02,-4.504344155431910801e-02,2.556030142276286199e+02,9.984657004118525636e-01,2.692215295821554264e+02
7.100000000000000533e+00,8.191763781524251387e-02,-4.454852255099082253e-02,2.557849482787792397e+02,9.984950859717230953e-01,2.693860773805238864e+02
7.120000000000000107e+00,8.103157208529317146e-02,-4.405893495254199071e-02,2.559639651428904301e+02,9.985239103101044567e-01,2.695479628338726457e+02
7.140000000000000568e+00,8.015524519903889644e-02,-4.357463007140929823e-02,2.561401091168687572e+02,9.985521839825388657e-01,2.697072272054570590e+02
7.160000000000000142e+00,7.928855198851680885e-02,-4.309555928088899812e-02,2.563134239080102930e+02,9.985799173550135022e-01,2.698639111780054236e+02
7.179999999999999716e+00,7.843138825754289445e-02,-4.262167403261721277e-02,2.564839526388389572e+02,9.986071206069386808e-01,2.700180548598027030e+02
7.200000000000000178e+00,7.758365077997744774e-02,-4.215292587324812046e-02,2.566517378520277362e+02,9.986338037340980467e-01,2.701696977907927817e+02
7.219999999999999751e+00,7.674523729766447033e-02,-4.168926646035643613e-02,2.568168215153985443e+02,9.986599765515723481e-01,2.703188789486945325e+02
7.240000000000000213e+00,7.591604651806023452e-02,-4.123064757759009602e-02,2.569792450269924871e+02,9.986856486966328994e-01,2.704656367551274343e+02
7.259999999999999787e+00,7.509597811156665248e-02,-4.077702114909902836e-02,2.571390492202061751e+02,9.987108296316070666e-01,2.706100090817432147e+02
7.280000000000000249e+00,7.428493270858245456e-02,-4.032833925326389374e-02,2.572962743689857916e+02,9.987355286467131110e-01,2.707520332563603915e+02
7.299999999999999822e+00,7.348281189628726173e-02,-3.988455413574966413e-02,2.574509601930760141e+02,9.987597548628659450e-01,2.708917460690964276e+02
7.320000000000000284e+00,7.268951821517054268e-02,-3.944561822190661288e-02,2.576031458633163993e+02,9.987835172344506907e-01,2.710291837784970426e+02
7.339999999999999858e+00,7.190495515531948600e-02,-3.901148412854212044e-02,2.577528700069805723e+02,9.988068245520661526e-01,2.711643821176563165e+02
7.360000000000000320e+00,7.112902715247684804e-02,-3.858210467508460528e-02,2.579001707131535568e+02,9.988296854452374252e-01,2.712973763003278691e+02
7.379999999999999893e+00,7.036163958388216844e-02,-3.815743289416188150e-02,2.580450855381420183e+02,9.988521083850944171e-01,2.714282010270202363e+02
7.400000000000000355e+00,6.960269876390627608e-02,-3.773742204161395497e-02,2.581876515109137813e+02,9.988741016870215095e-01,2.715568904910790025e+02
7.419999999999999929e+00,6.885211193949201947e-02,-3.732202560596124125e-02,2.583279051385608227e+02,9.988956735132720199e-01,2.716834783847474455e+02
7.440000000000000391e+00,6.810978728540982574e-02,-3.691119731734718301e-02,2.584658824117825588e+02,9.989168318755524689e-01,2.718079979052084809e+02
7.459999999999999964e+00,6.737563389934050906e-02,-3.650489115597493894e-02,2.586016188103852187e+02,9.989375846375727619e-01,2.719304817606002302e+02
7.480000000000000426e+00,6.664956179679344672e-02,-3.610306136005610872e-02,2.587351493087942913e+02,9.989579395175650633e-01,2.720509621760094774e+02
7.500000000000000000e+00,6.593148190587115598e-02,-3.570566243328995165e-02,2.588665083815737944e+02,9.989779040907675878e-01,2.721694708994342591e+02
7.520000000000000462e+00,6.522130606188814017e-02,-3.531264915189007148e-02,2.589957300089533305e+02,9.989974857918790807e-01,2.722860392077187726e+02
7.540000000000000036e+00,6.451894700185439868e-02,-3.492397657117589371e-02,2.591228476823545748e+02,9.990166919174766624e-01,2.724006979124561099e+02
7.560000000000000497e+00,6.382431835883056737e-02,-3.453960003174479099e-02,2.592478944099182741e+02,9.990355296284035846e-01,2.725134773658572840e+02
7.580000000000000071e+00,6.313733465616427898e-02,-3.415947516524130839e-02,2.593709027220259600e+02,9.990540059521226812e-01,2.726244074665870016e+02
7.600000000000000533e+00,6.245791130161455762e-02,-3.378355789973826878e-02,2.594919046768154658e+02,9.990721277850375115e-01,2.727335176655612941e+02
7.620000000000000107e+00,6.178596458137271957e-02,-3.341180446474526639e-02,2.596109318656859841e+02,9.990899018947810850e-01,2.728408369717085407e+02
7.640000000000000568e+00,6.112141165398638637e-02,-3.304417139585826696e-02,2.597280154187912444e+02,9.991073349224711686e-01,2.729463939576907023e+02
7.660000000000000142e+00,6.046417054419431919e-02,-3.268061553906507349e-02,2.598431860105175701e+02,9.991244333849341741e-01,2.730502167655849917e+02
7.679999999999999716e+00,5.981416013667817388e-02,-3.232109405471943891e-02,2.599564738649453943e+02,9.991412036768956284e-01,2.731523331125230243e+02
7.700000000000000178e+00,5.917130016973812939e-02,-3.196556442119745378e-02,2.600679087612905960e+02,9.991576520731387800e-01,2.732527702962880198e+02
7.719999999999999751e+00,5.853551122889855823e-02,-3.161398443824859489e-02,2.601775200393257705e+02,9.991737847306320086e-01,2.733515552008682334e+02
7.740000000000000213e+00,5.790671474044922079e-02,-3.126631223005369581e-02,2.602853366047769441e+02,9.991896076906229274e-01,2.734487143019656514e+02
7.759999999999999787e+00,5.728483296492872801e-02,-3.092250624800191999e-02,2.603913869346957881e+02,9.992051268807023989e-01,2.735442736724593260e+02
7.780000000000000249e+00,5.666978899055459540e-02,-3.058252527319780048e-02,2.604956990828048333e+02,9.992203481168350221e-01,2.736382589878226668e+02
7.799999999999999822e+00,5.606150672660626527e-02,-3.024632841870990990e-02,2.605983006848142054e+02,9.992352771053613081e-01,2.737306955314936090e+02
7.820000000000000284e+00,5.545991089676515634e-02,-2.991387513157134012e-02,2.606992189637080628e+02,9.992499194449661060e-01,2.738216082001969198e+02
7.839999999999999858e+00,5.486492703241762497e-02,-2.958512519454290987e-02,2.607984807349991456e+02,9.992642806286177182e-01,2.739110215092186422e+02
7.860000000000000320e+00,5.427648146592444628e-02,-2.926003872764855809e-02,2.608961124119516057e+02,9.992783660454767070e-01,2.739989595976314263e+02
7.879999999999999893e+00,5.369450132386224817e-02,-2.893857618949304683e-02,2.609921400107677414e+02,9.992921809827735036e-01,2.740854462334709751e+02
7.900000000000000355e+00,5.311891452024020827e-02,-2.862069837837093872e-02,2.610865891557411942e+02,9.993057306276573737e-01,2.741705048188621845e+02
7.919999999999999929e+00,5.254964974969707214e-02,-2.830636643317619230e-02,2.611794850843720610e+02,9.993190200690148517e-01,2.742541583950955442e+02
7.940000000000000391e+00,5.198663648068152510e-02,-2.799554183412077124e-02,2.612708526524454555e+02,9.993320542992583100e-01,2.743364296476528352e+02
7.959999999999999964e+00,5.142980494862026825e-02,-2.768818640327095140e-02,2.613607163390707342e+02,9.993448382160879939e-01,2.744173409111824640e+02
7.980000000000000426e+00,5.087908614907687282e-02,-2.738426230490918767e-02,2.614491002516817844e+02,9.993573766242216383e-01,2.744969141744227841e+02
8.000000000000000000e+00,5.033441183090544419e-02,-2.708373204572957910e-02,2.615360281309963852e+02,9.993696742370988817e-01,2.745751710850751692e+02
8.019999999999999574e+00,4.979571448940162126e-02,-2.678655847487432934e-02,2.616215233559353237e+02,9.993817356785559269e-01,2.746521329546251877e+02
8.040000000000000924e+00,4.926292735945447809e-02,-2.649270478381855753e-02,2.617056089484986501e+02,9.993935654844725569e-01,2.747278207631120495e+02
8.060000000000000497e+00,4.873598440870247073e-02,-2.620213450611055817e-02,2.617883075786000973e+02,9.994051681043922830e-01,2.748022551638468371e+02
8.080000000000000071e+00,4.821482033069541401e-02,-2.591481151697400814e-02,2.618696415688583556e+02,9.994165479031149601e-01,2.748754564880778730e+02
8.099999999999999645e+00,4.769937053806625610e-02,-2.563070003277906003e-02,2.619496328993444649e+02,9.994277091622619791e-01,2.749474447496060066e+02
8.120000000000000995e+00,4.718957115571435768e-02,-2.534976461038822987e-02,2.620283032122854934e+02,9.994386560818162568e-01,2.750182396493464694e+02
8.140000000000000568e+00,4.668535901400342608e-02,-2.507197014638354315e-02,2.621056738167227422e+02,9.994493927816350265e-01,2.750878605798397984e+02
8.160000000000000142e+00,4.618667164197544361e-02,-2.479728187618022647e-02,2.621817656931263514e+02,9.994599233029373142e-01,2.751563266297109749e+02
8.179999999999999716e+00,4.569344726058403167e-02,-2.452566537303324523e-02,2.622565994979634070e+02,9.994702516097656586e-01,2.752236565880760963e+02
8.199999999999999289e+00,4.520562477594834011e-02,-2.425708654694158292e-02,2.623301955682207449e+02,9.994803815904230726e-01,2.752898689488991408e+02
8.220000000000000639e+00,4.472314377262992524e-02,-2.399151164345574017e-02,2.624025739258821659e+02,9.994903170588845809e-01,2.753549819152951272e+02
8.240000000000000213e+00,4.424594450693457998e-02,-2.372890724239349811e-02,2.624737542823593230e+02,9.995000617561847767e-01,2.754190134037838789e+02
8.259999999999999787e+00,4.377396790024028206e-02,-2.346924025646855011e-02,2.625437560428757706e+02,9.995096193517816197e-01,2.754819810484918321e+02
8.279999999999999361e+00,4.330715553235388315e-02,-2.321247792983696656e-02,2.626125983108054811e+02,9.995189934448944769e-01,2.755439022053026861e+02
8.300000000000000711e+00,4.284544963489732988e-02,-2.295858783656579485e-02,2.626802998919640686e+02,9.995281875658215132e-01,2.756047939559578026e+02
8.320000000000000284e+00,4.238879308472558866e-02,-2.270753787902822160e-02,2.627468792988532869e+02,9.995372051772324351e-01,2.756646731121061293e+02
8.339999999999999858e+00,4.193712939737682943e-02,-2.245929628622919672e-02,2.628123547548593706e+02,9.995460496754372537e-01,2.757235562193034752e+02
8.359999999999999432e+00,4.149040272055733863e-02,-2.221383161206587006e-02,2.628767441984039692e+02,9.995547243916358404e-01,2.757814595609621620e+02
8.380000000000000782e+00,4.104855782766140410e-02,-2.197111273352641073e-02,2.629400652870485828e+02,9.995632325931412820e-01,2.758383991622507665e+02
8.400000000000000355e+00,4.061154011132825370e-02,-2.173110884883107385e-02,2.630023354015517612e+02,9.995715774845851387e-01,2.758943907939445808e+02
8.419999999999999929e+00,4.017929557703615873e-02,-2.149378947551878333e-02,2.630635716498806573e+02,9.995797622090990542e-01,2.759494499762267310e+02
8.439999999999999503e+00,3.975177083673576278e-02,-2.125912444848298763e-02,2.631237908711748901e+02,9.995877898494753833e-01,2.760035919824409234e+02
8.460000000000000853e+00,3.932891310252301792e-02,-2.102708391795982470e-02,2.631830096396640783e+02,9.995956634293083898e-01,2.760568318427954750e+02
8.480000000000000426e+00,3.891067018035293534e-02,-2.079763834747187443e-02,2.632412442685395035e+02,9.996033859141120193e-01,2.761091843480188004e+02
8.500000000000000000e+00,3.849699046379452538e-02,-2.057075851173026729e-02,2.632985108137786483e+02,9.996109602124217952e-01,2.761606640529677748e+02
8.519999999999999574e+00,3.808782292782853657e-02,-2.034641549449840367e-02,2.633548250779243176e+02,9.996183891768722907e-01,2.762112852801886902e+02
8.540000000000000924e+00,3.768311712268793134e-02,-2.012458068641975739e-02,2.634102026138174324e+02,9.996256756052583903e-01,2.762610621234305199e+02
8.560000000000000497e+00,3.728282316774245847e-02,-1.990522578281268135e-02,2.634646587282839505e+02,9.996328222415761244e-01,2.763100084511119121e+02
8.580000000000000071e+00,3.688689174542728738e-02,-1.968832278143444955e-02,2.635182084857769951e+02,9.996398317770430753e-01,2.763581379097418562e+02
8.599999999999999645e+00,3.649527409521689109e-02,-1.947384398021732507e-02,2.635708667119719735e+02,9.996467068511033505e-01,2.764054639272945906e+02
8.620000000000000995e+00,3.610792200764440657e-02,-1.926176197497878398e-02,2.636226479973188930e+02,9.996534500524113520e-01,2.764519997165386940e+02
8.640000000000000568e+00,3.572478781836709721e-02,-1.905204965710828244e-02,2.636735667005479513e+02,9.996600639197991134e-01,2.764977582783212142e+02
8.660000000000000142e+00,3.534582440227809069e-02,-1.884468021123257217e-02,2.637236369521313009e+02,9.996665509432245411e-01,2.765427524048072314e+02
8.679999999999999716e+00,3.497098516766522502e-02,-1.863962711286174315e-02,2.637728726577010434e+02,9.996729135647043352e-01,2.765869946826747423e+02
8.700000000000001066e+00,3.460022405041700971e-02,-1.843686412601798150e-02,2.638212875014212955e+02,9.996791541792269253e-01,2.766304974962662300e+02
8.720000000000000639e+00,3.423349550827637505e-02,-1.823636530084893348e-02,2.638688949493197242e+02,9.996852751356516409e-01,2.766732730306964640e+02
8.740000000000000213e+00,3.387075451514193203e-02,-1.803810497122732004e-02,2.639157082525720170e+02,9.996912787375878962e-01,2.767153332749168158e+02
8.759999999999999787e+00,3.351195655541771429e-02,-1.784205775233877606e-02,2.639617404507463334e+02,9.996971672442619417e-01,2.767566900247381909e+02
8.779999999999999361e+00,3.315705761841111071e-02,-1.764819853825947207e-02,2.640070043750034756e+02,9.997029428713632981e-01,2.767973548858104778e+02
8.800000000000000711e+00,3.280601419277924535e-02,-1.745650249952502078e-02,2.640515126512544271e+02,9.997086077918794222e-01,2.768373392765612380e+02
8.820000000000000284e+00,3.245878326102442923e-02,-1.726694508069238562e-02,2.640952777032768495e+02,9.997141641369119425e-01,2.768766544310921631e+02
8.839999999999999858e+00,3.211532229403780969e-02,-1.707950199789593643e-02,2.641383117557891751e+02,9.997196139964792394e-01,2.769153114020359112e+02
8.859999999999999432e+00,3.177558924569252874e-02,-1.689414923639934174e-02,2.641806268374832598e+02,9.997249594203033718e-01,2.769533210633712770e+02
8.880000000000000782e+00,3.143954254748559246e-02,-1.671086304814441842e-02,2.642222347840163366e+02,9.997302024185834579e-01,2.769906941131990266e+02
8.900000000000000355e+00,3.110714110322885390e-02,-1.652961994929834713e-02,2.642631472409619278e+02,9.997353449627520705e-01,2.770274410764778281e+02
8.919999999999999929e+00,3.077834428378897411e-02,-1.635039671780016968e-02,2.643033756667216494e+02,9.997403889862200854e-01,2.770635723077218131e+02
8.939999999999999503e+00,3.045311192187656960e-02,-1.617317039090808428e-02,2.643429313353946668e+02,9.997453363851063202e-01,2.770990979936585177e+02
8.960000000000000853e+00,3.013140430688429280e-02,-1.599791826274835765e-02,2.643818253396104865e+02,9.997501890189538498e-01,2.771340281558487391e+02
8.980000000000000426e+00,2.981318217977408855e-02,-1.582461788186703688e-02,2.644200685933205932e+02,9.997549487114324451e-01,2.771683726532694436e+02
9.000000000000000000e+00,2.949840672801308170e-02,-1.565324704878525916e-02,2.644576718345520590e+02,9.997596172510274659e-01,2.772021411848583057e+02
9.019999999999999574e+00,2.918703958055856792e-02,-1.548378381355933024e-02,2.644946456281228961e+02,9.997641963917173191e-01,2.772353432920216392e+02
9.040000000000000924e+00,2.887904280289164266e-02,-1.531620647334631588e-02,2.645310003683188143e+02,9.997686878536369282e-01,2.772679883611064042e+02
9.060000000000000497e+00,2.857437889209957921e-02,-1.515049356997606733e-02,2.645667462815332556e+02,9.997730933237279904e-01,2.773000856258350382e+02
9.080000000000000071e+00,2.827301077200641485e-02,-1.498662388753032974e-02,2.646018934288696869e+02,9.997774144563784660e-01,2.773316441697056689e+02
9.099999999999999645e+00,2.797490178835217514e-02,-1.482457644992991527e-02,2.646364517087067725e+02,9.997816528740496311e-01,2.773626729283565737e+02
9.120000000000000995e+00,2.768001570402009448e-02,-1.466433051853051166e-02,2.646704308592278494e+02,9.997858101678899212e-01,2.773931806918962479e+02
9.140000000000000568e+00,2.738831669431199614e-02,-1.450586558972788778e-02,2.647038404609139093e+02,9.997898878983392246e-01,2.774231761071986853e+02
9.160000000000000142e+00,2.709976934227117940e-02,-1.434916139257300452e-02,2.647366899390013373e+02,9.997938875957196325e-01,2.774526676801650638e+02
9.179999999999999716e+00,2.681433863405320930e-02,-1.419419788639785657e-02,2.647689885659038964e+02,9.997978107608169740e-01,2.774816637779521784e+02
9.200000000000001066e+00,2.653198995434384935e-02,-1.404095525845242345e-02,2.648007454636004923e+02,9.998016588654488057e-01,2.775101726311667676e+02
9.220000000000000639e+00,2.625268908182439020e-02,-1.388941392155346004e-02,2.648319696059875810e+02,9.998054333530247417e-01,2.775382023360289168e+02
9.240000000000000213e+00,2.597640218468354190e-02,-1.373955451174537108e-02,2.648626698211992334e+02,9.998091356390929052e-01,2.775657608565012424e+02
9.259999999999999787e+00,2.570309581617625377e-02,-1.359135788597396616e-02,2.648928547938912743e+02,9.998127671118786086e-01,2.775928560263880058e+02
9.279999999999999361e+00,2.543273691022884808e-02,-1.344480511977333426e-02,2.649225330674943280e+02,9.998163291328110436e-01,2.776194955514014850e+02
9.300000000000000711e+00,2.516529277709023821e-02,-1.329987750496632558e-02,2.649517130464326442e+02,9.998198230370402007e-01,2.776456870111983903e+02
9.320000000000000284e+00,2.490073109902910670e-02,-1.315655654737908804e-02,2.649804029983108649e+02,9.998232501339447964e-01,2.776714378613849021e+02
9.339999999999999858e+00,2.463901992607644975e-02,-1.301482396456988579e-02,2.650086110560690713e+02,9.998266117076302084e-01,2.776967554354918093e+02
9.359999999999999432e+00,2.438012767181362353e-02,-1.287466168357275648e-02,2.650363452201056020e+02,9.998299090174149750e-01,2.777216469469199751e+02
9.380000000000000782e+00,2.412402310920521223e-02,-1.273605183865616011e-02,2.650636133603687767e+02,9.998331432983112999e-01,2.777461194908561311e+02
9.400000000000000355e+00,2.387067536647671795e-02,-1.259897676909705298e-02,2.650904232184182092e+02,9.998363157614942320e-01,2.777701800461600214e+02
9.419999999999999929e+00,2.362005392303637152e-02,-1.246341901697045618e-02,2.651167824094545153e+02,9.998394275947612986e-01,2.777938354772225011e+02
9.439999999999999503e+00,2.337212860544126206e-02,-1.232936132495510151e-02,2.651426984243201446e+02,9.998424799629852533e-01,2.778170925357954957e+02
9.460000000000000853e+00,2.312686958340699414e-02,-1.219678663415509935e-02,2.651681786314694023e+02,9.998454740085568337e-01,2.778399578627945630e+02
9.480000000000000426e+00,2.288424736586096297e-02,-1.206567808193803777e-02,2.651932302789097662e+02,9.998484108518196356e-01,2.778624379900733743e+02
9.500000000000000000e+00,2.264423279703836264e-02,-1.193601899978954418e-02,2.652178604961140991e+02,9.998512915914958832e-01,2.778845393421711947e+02
9.519999999999999574e+00,2.240679705262129187e-02,-1.180779291118472761e-02,2.652420762959038711e+02,9.998541173051043174e-01,2.779062682380340448e+02
9.540000000000000924e+00,2.217191163592004827e-02,-1.168098352947643560e-02,2.652658845763044724e+02,9.998568890493713113e-01,2.779276308927092600e+02
9.560000000000000497e+00,2.193954837409661449e-02,-1.155557475580066239e-02,2.652892921223726717e+02,9.998596078606316606e-01,2.779486334190134471e+02
9.580000000000000071e+00,2.170967941442968063e-02,-1.143155067699907698e-02,2.653123056079961088e+02,9.998622747552237122e-01,2.779692818291763388e+02
9.599999999999999645e+00,2.148227722062126532e-02,-1.130889556355895234e-02,2.653349315976662979e+02,9.998648907298760546e-01,2.779895820364574206e+02
9.620000000000000995e+00,2.125731456914420336e-02,-1.118759386757051284e-02,2.653571765482242313e+02,9.998674567620869924e-01,2.780095398567391385e+02
9.640000000000000568e+00,2.103476454563043413e-02,-1.106763022070184413e-02,2.653790468105797800e+02,9.998699738104956936e-01,2.780291610100948674e+02
9.660000000000000142e+00,2.081460054129944184e-02,-1.094898943219133579e-02,2.654005486314050017e+02,9.998724428152486743e-01,2.780484511223328354e+02
9.679999999999999716e+00,2.059679624942685125e-02,-1.083165648685792577e-02,2.654216881548021547e+02,9.998748646983557364e-01,2.780674157265157760e+02
9.700000000000001066e+00,2.038132566185255762e-02,-1.071561654312899910e-02,2.654424714239448235e+02,9.998772403640424633e-01,2.780860602644578421e+02
9.720000000000000639e+00,2.016816306552815519e-02,-1.060085493108617848e-02,2.654629043826963652e+02,9.998795706990936116e-01,2.781043900881975333e+02
9.740000000000000213e+00,1.995728303910317483e-02,-1.048735715052881608e-02,2.654829928772012408e+02,9.998818565731905084e-01,2.781224104614477142e+02
9.759999999999999787e+00,1.974866044954998179e-02,-1.037510886905547609e-02,2.655027426574534957e+02,9.998840988392423412e-01,2.781401265610239193e+02
9.779999999999999361e+00,1.954227044882686851e-02,-1.026409592016320517e-02,2.655221593788409109e+02,9.998862983337108989e-01,2.781575434782494085e+02
9.800000000000000711e+00,1.933808847057886041e-02,-1.015430430136471905e-02,2.655412486036651103e+02,9.998884558769285391e-01,2.781746662203390201e+02
9.820000000000000284e+00,1.913609022687617900e-02,-1.004572017232351587e-02,2.655600158026385316e+02,9.998905722734103829e-01,2.781914997117611961e+02
9.839999999999999858e+00,1.893625170498964422e-02,-9.938329853006740849e-03,2.655784663563582626e+02,9.998926483121604036e-01,2.782080487955783497e+02
9.859999999999999432e+00,1.873854916420296043e-02,-9.832119821856053973e-03,2.655966055567574813e+02,9.998946847669721860e-01,2.782243182347668267e+02
9.880000000000000782e+00,1.854295913266133800e-02,-9.727076713976212652e-03,2.656144386085338169e+02,9.998966823967225803e-01,2.782403127135161753e+02
9.900000000000000355e+00,1.834945840425628374e-02,-9.623187319341561935e-03,2.656319706305563955e+02,9.998986419456611374e-01,2.782560368385073843e+02
9.919999999999999929e+00,1.815802403554588745e-02,-9.520438581020158192e-03,2.656492066572502608e+02,9.999005641436927716e-01,2.782714951401717371e+02
9.939999999999999503e+00,1.796863334271061458e-02,-9.418817593415739625e-03,2.656661516399603897e+02,9.999024497066549833e-01,2.782866920739298280e+02
9.960000000000000853e+00,1.778126389854400510e-02,-9.318311600527271268e-03,2.656828104482934805e+02,9.999042993365914178e-01,2.783016320214102279e+02
9.980000000000000426e+00,1.759589352947808077e-02,-9.218907994226151204e-03,2.656991878714393920e+02,9.999061137220173201e-01,2.783163192916507569e+02
1.000000000000000000e+01,1.741250031264290205e-02,-9.120594312550923607e-03,2.657152886194721759e+02,9.999078935381829902e-01,2.783307581222783824e+02
1.001999999999999957e+01,1.723106257296016033e-02,-9.023358238019502098e-03,2.657311173246304179e+02,9.999096394473288019e-01,2.783449526806728045e+02
1.004000000000000092e+01,1.705155888027034064e-02,-8.927187595958757660e-03,2.657466785425779676e+02,9.999113520989384440e-01,2.783589070651104294e+02
1.006000000000000050e+01,1.687396804649311799e-02,-8.832070352851528403e-03,2.657619767536444328e+02,9.999130321299849466e-01,2.783726253058900966e+02
1.008000000000000007e+01,1.669826912282055403e-02,-8.737994614700723278e-03,2.657770163640473129e+02,9.999146801651734862e-01,2.783861113664419804e+02
1.009999999999999964e+01,1.652444139694297931e-02,-8.644948625410733140e-03,2.657918017070935548e+02,9.999162968171778632e-01,2.783993691444180740e+02
1.012000000000000099e+01,1.635246439030695401e-02,-8.552920765185821270e-03,2.658063370443639428e+02,9.999178826868738712e-01,2.784124024727656774e+02
1.014000000000000057e+01,1.618231785540523091e-02,-8.461899548945552366e-03,2.658206265668769674e+02,9.999194383635683359e-01,2.784252151207835482e+02
1.016000000000000014e+01,1.601398177309804050e-02,-8.371873624757027524e-03,2.658346743962363803e+02,9.999209644252216034e-01,2.784378107951624770e+02
1.017999999999999972e+01,1.584743634996575376e-02,-8.282831772283972063e-03,2.658484845857593655e+02,9.999224614386676979e-01,2.784501931410071620e+02
1.020000000000000107e+01,1.568266201569229468e-02,-8.194762901252452408e-03,2.658620611215872600e+02,9.999239299598300379e-01,2.784623657428443266e+02
1.022000000000000064e+01,1.551963942047913068e-02,-8.107656049933215092e-03,2.658754079237792212e+02,9.999253705339319342e-01,2.784743321256125910e+02
1.024000000000000021e+01,1.535834943248936407e-02,-8.021500383640406753e-03,2.658885288473879314e+02,9.999267836957035360e-01,2.784860957556381322e+02
1.025999999999999979e+01,1.519877313532176991e-02,-7.936285193246716760e-03,2.659014276835191595e+02,9.999281699695856673e-01,2.784976600415938606e+02
1.027999999999999936e+01,1.504089182551434506e-02,-7.851999893714741233e-03,2.659141081603734733e+02,9.999295298699281132e-01,2.785090283354439293e+02
1.030000000000000071e+01,1.488468701007703010e-02,-7.768634022644423619e-03,2.659265739442726044e+02,9.999308639011844635e-01,2.785202039333724429e+02
1.032000000000000028e+01,1.473014040405342881e-02,-7.686177238836599569e-03,2.659388286406690440e+02,9.999321725581048481e-01,2.785311900766983513e+02
1.033999999999999986e+01,1.457723392811091992e-02,-7.604619320872292240e-03,2.659508757951392113e+02,9.999334563259223430e-01,2.785419899527741450e+02
1.035999999999999943e+01,1.442594970615920444e-02,-7.523950165707882914e-03,2.659627188943618989e+02,9.999347156805376002e-01,2.785526066958722708e+02
1.038000000000000078e+01,1.427627006299667274e-02,-7.444159787285864645e-03,2.659743613670801778e+02,9.999359510886994817e-01,2.785630433880553483e+02
1.040000000000000036e+01,1.412817752198450467e-02,-7.365238315161160704e-03,2.659858065850485218e+02,9.999371630081814732e-01,2.785733030600334814e+02
1.041999999999999993e+01,1.398165480274794932e-02,-7.287175993142758039e-03,2.659970578639649830e+02,9.999383518879556565e-01,2.785833886920079294e+02
1.043999999999999950e+01,1.383668481890475491e-02,-7.209963177950685226e-03,2.660081184643880192e+02,9.999395181683630174e-01,2.785933032145005654e+02
1.046000000000000085e+01,1.369325067582022153e-02,-7.133590337888079912e-03,2.660189915926392246e+02,9.999406622812795353e-01,2.786030495091707166e+02
1.048000000000000043e+01,1.355133566838875349e-02,-7.058048051528304986e-03,2.660296804016915075e+02,9.999417846502807183e-01,2.786126304096180206e+02
1.050000000000000000e+01,1.341092327884137007e-02,-6.983327006416889700e-03,2.660401879920428883e+02,9.999428856908018082e-01,2.786220487021737995e+02
1.051999999999999957e+01,1.327199717457918163e-02,-6.909417997788274909e-03,2.660505174125765961e+02,9.999439658102944328e-01,2.786313071266777115e+02
1.054000000000000092e+01,1.313454120603228630e-02,-6.836311927297144750e-03,2.660606716614072980e+02,9.999450254083820377e-01,2.786404083772438867e+02
1.056000000000000050e+01,1.299853940454399545e-02,-6.763999801764285745e-03,2.660706536867140244e+02,9.999460648770102100e-01,2.786493551030133062e+02
1.058000000000000007e+01,1.286397598027984313e-02,-6.692472731936737439e-03,2.660804663875592837e+02,9.999470846005953373e-01,2.786581499088945861e+02
1.059999999999999964e+01,1.273083532016139850e-02,-6.621721931262241484e-03,2.660901126146953857e+02,9.999480849561706020e-01,2.786667953562931643e+02
1.062000000000000099e+01,1.259910198582436629e-02,-6.551738714677724645e-03,2.660995951713582599e+02,9.999490663135277568e-01,2.786752939638278690e+02
1.064000000000000057e+01,1.246876071160084830e-02,-6.482514497411807040e-03,2.661089168140473475e+02,9.999500290353573462e-01,2.786836482080367432e+02
1.066000000000000014e+01,1.233979640252529444e-02,-6.414040793801060666e-03,2.661180802532941811e+02,9.999509734773864844e-01,2.786918605240707052e+02
1.067999999999999972e+01,1.221219413236412053e-02,-6.346309216120026020e-03,2.661270881544181179e+02,9.999518999885119719e-01,2.786999333063771473e+02
1.070000000000000107e+01,1.208593914166850199e-02,-6.279311473424767365e-03,2.661359431382697949e+02,9.999528089109338547e-01,2.787078689093707453e+02
1.072000000000000064e+01,1.196101683585025673e-02,-6.213039370409877311e-03,2.661446477819630445e+02,9.999537005802836553e-01,2.787156696480949449e+02
1.074000000000000021e+01,1.183741278328030722e-02,-6.147484806278742490e-03,2.661532046195944758e+02,9.999545753257510494e-01,2.787233377988723646e+02
1.075999999999999979e+01,1.171511271340975636e-02,-6.082639773627017410e-03,2.661616161429518570e+02,9.999554334702094316e-01,2.787308755999438858e+02
1.077999999999999936e+01,1.159410251491307421e-02,-6.018496357339113076e-03,2.661698848022112429e+02,9.999562753303362639e-01,2.787382852520984216e+02
1.080000000000000071e+01,1.147436823385323927e-02,-5.955046733497586751e-03,2.661780130066222227e+02,9.999571012167338679e-01,2.787455689192918271e+02
1.082000000000000028e+01,1.135589607186862464e-02,-5.892283168305335710e-03,2.661860031251827081e+02,9.999579114340464425e-01,2.787527287292560914e+02
1.083999999999999986e+01,1.123867238438120385e-02,-5.830198017020372069e-03,2.661938574873029211e+02,9.999587062810746385e-01,2.787597667740984093e+02
1.085999999999999943e+01,1.112268367882602096e-02,-5.768783722903167432e-03,2.662015783834574449e+02,9.999594860508888017e-01,2.787666851108905348e+02
1.088000000000000078e+01,1.100791661290156410e-02,-5.708032816176347030e-03,2.662091680658288055e+02,9.999602510309387737e-01,2.787734857622485265e+02
1.090000000000000036e+01,1.089435799284085155e-02,-5.647937912996663957e-03,2.662166287489387742e+02,9.999610015031633603e-01,2.787801707169037968e+02
1.091999999999999993e+01,1.078199477170286961e-02,-5.588491714439051440e-03,2.662239626102700640e+02,9.999617377440961352e-01,2.787867419302634744e+02
1.093999999999999950e+01,1.067081404768431378e-02,-5.529687005492714066e-03,2.662311717908786477e+02,9.999624600249692463e-01,2.787932013249626380e+02
1.096000000000000085e+01,1.056080306245121316e-02,-5.471516654069061118e-03,2.662382583959950466e+02,9.999631686118165552e-01,2.787995507914077393e+02
1.098000000000000043e+01,1.045194919949036551e-02,-5.413973610021411732e-03,2.662452244956166965e+02,9.999638637655732243e-01,2.788057921883101926e+02
1.100000000000000000e+01,1.034423998248012490e-02,-5.357050904176261126e-03,2.662520721250901943e+02,9.999645457421741934e-01,2.788119273432122327e+02
1.101999999999999957e+01,1.023766307368059042e-02,-5.300741647376081868e-03,2.662588032856846212e+02,9.999652147926507695e-01,2.788179580530037924e+02
1.104000000000000092e+01,1.013220627234272427e-02,-5.245039029533475443e-03,2.662654199451549175e+02,9.999658711632245511e-01,2.788238860844303986e+02
1.106000000000000050e+01,1.002785751313636613e-02,-5.189936318696571765e-03,2.662719240382965040e+02,9.999665150954013537e-01,2.788297131745943034e+02
1.108000000000000007e+01,9.924604864596717202e-03,-5.135426860125515310e-03,2.662783174674911493e+02,9.999671468260605822e-01,2.788354410314455549e+02
1.109999999999999964e+01,9.822436527589267774e-03,-5.081504075379983214e-03,2.662846021032432873e+02,9.999677665875451593e-01,2.788410713342665304e+02
1.112000000000000099e+01,9.721340833792847455e-03,-5.028161461417549744e-03,2.662907797847078086e+02,9.999683746077497881e-01,2.788466057341478290e+02
1.114000000000000057e+01,9.621306244200603791e-03,-4.975392589702836398e-03,2.662968523202101778e+02,9.999689711102045520e-01,2.788520458544563780e+02
1.116000000000000014e+01,9.522321347638645558e-03,-4.923191105327236888e-03,2.663028214877564324e+02,9.999695563141608456e-01,2.788573932912963187e+02
1.117999999999999972e+01,9.424374859302246665e-03,-4.871550726139216130e-03,2.663086890355362470e+02,9.999701304346731989e-01,2.788626496139616506e+02
1.120000000000000107e+01,9.327455619309301879e-03,-4.820465241884958583e-03,2.663144566824171875e+02,9.999706936826796566e-01,2.788678163653824527e+02
1.122000000000000064e+01,9.231552591270921621e-03,-4.769928513359336479e-03,2.663201261184312330e+02,9.999712462650816036e-01,2.788728950625628613e+02
1.124000000000000021e+01,9.136654860878794596e-03,-4.719934471566992334e-03,2.663256990052528295e+02,9.999717883848214806e-01,2.788778871970121713e+02
1.125999999999999979e+01,9.042751634509352959e-03,-4.670477116893503693e-03,2.663311769766694397e+02,9.999723202409588341e-01,2.788827942351692286e+02
1.127999999999999936e+01,8.949832237844341024e-03,-4.621550518286462669e-03,2.663365616390451009e+02,9.999728420287445907e-01,2.788876176188194904e+02
1.130000000000000071e+01,8.857886114507657407e-03,-4.573148812446376638e-03,2.663418545717749453e+02,9.999733539396954418e-01,2.788923587655050369e+02
1.132000000000000028e+01,8.766902824718375217e-03,-4.525266203027286833e-03,2.663470573277334665e+02,9.999738561616646759e-01,2.788970190689286710e+02
1.133999999999999986e+01,8.676872043959508313e-03,-4.477896959846948757e-03,2.663521714337150570e+02,9.999743488789132329e-01,2.789015998993504013e+02
1.135999999999999943e+01,8.587783561662594781e-03,-4.431035418106530135e-03,2.663571983908676089e+02,9.999748322721786487e-01,2.789061026039783542e+02
1.138000000000000078e+01,8.499627279907740265e-03,-4.384675977619660776e-03,2.663621396751181578e+02,9.999753065187431122e-01,2.789105285073522396e+02
1.140000000000000036e+01,8.412393212139036153e-03,-4.338813102050769269e-03,2.663669967375929559e+02,9.999757717924993017e-01,2.789148789117215870e+02
1.141999999999999993e+01,8.326071481895029949e-03,-4.293441318162537386e-03,2.663717710050293022e+02,9.999762282640163313e-01,2.789191550974167626e+02
1.143999999999999950e+01,8.240652321554244389e-03,-4.248555215072447044e-03,2.663764638801815750e+02,9.999766761006030347e-01,2.789233583232148135e+02
1.146000000000000085e+01,8.156126071095420871e-03,-4.204149443518247209e-03,2.663810767422201593e+02,9.999771154663708028e-01,2.789274898266986611e+02
1.148000000000000043e+01,8.072483176872428251e-03,-4.160218715132277430e-03,2.663856109471236095e+02,9.999775465222957571e-01,2.789315508246104969e+02
1.150000000000000000e+01,7.989714190403495245e-03,-4.116757801724501425e-03,2.663900678280653551e+02,9.999779694262775909e-01,2.789355425131996071e+02
1.151999999999999957e+01,7.907809767174795931e-03,-4.073761534574200406e-03,2.663944486957928461e+02,9.999783843332001876e-01,2.789394660685641725e+02
1.154000000000000092e+01,7.826760665458053559e-03,-4.031224803730182153e-03,2.663987548390012421e+02,9.999787913949889084e-01,2.789433226469875535e+02
1.156000000000000050e+01,7.746557745142118416e-03,-3.989142557319440806e-03,2.664029875247009045e+02,9.999791907606669916e-01,2.789471133852692901e+02
1.158000000000000007e+01,7.667191966578183228e-03,-3.947509800864112961e-03,2.664071479985784663e+02,9.999795825764123958e-01,2.789508394010499615e+02
1.159999999999999964e+01,7.588654389438693332e-03,-3.906321596606696263e-03,2.664112374853522738e+02,9.999799669856113127e-01,2.789545017931317261e+02
1.162000000000000099e+01,7.510936171589593403e-03,-3.865573062843393436e-03,2.664152571891218031e+02,9.999803441289127903e-01,2.789581016417924388e+02
1.164000000000000057e+01,7.434028567975882983e-03,-3.825259373265500664e-03,2.664192082937121313e+02,9.999807141442805802e-01,2.789616400090953903e+02
1.166000000000000014e+01,7.357922929520191967e-03,-3.785375756308713251e-03,2.664230919630110179e+02,9.999810771670448739e-01,2.789651179391937603e+02
1.167999999999999972e+01,7.282610702034363059e-03,-3.745917494510309521e-03,2.664269093413022915e+02,9.999814333299535951e-01,2.789685364586296714e+02
1.170000000000000107e+01,7.208083425143770560e-03,-3.706879923874066823e-03,2.664306615535923584e+02,9.999817827632206946e-01,2.789718965766289784e+02
1.172000000000000064e+01,7.134332731224300901e-03,-3.668258433242861053e-03,2.664343497059326182e+02,9.999821255945756660e-01,2.789751992853904881e+02
1.174000000000000021e+01,7.061350344351745127e-03,-3.630048463678797049e-03,2.664379748857351728e+02,9.999824619493110633e-01,2.789784455603709148e+02
1.175999999999999979e+01,6.989128079263577306e-03,-3.592245507850857708e-03,2.664415381620843277e+02,9.999827919503293527e-01,2.789816363605646075e+02
1.177999999999999936e+01,6.917657840332868194e-03,-3.554845109429912667e-03,2.664450405860428646e+02,9.999831157181885422e-01,2.789847726287796377e+02
1.180000000000000071e+01,6.846931620554233544e-03,-3.517842862491038416e-03,2.664484831909525724e+02,9.999834333711471457e-01,2.789878552919078629e+02
1.182000000000000028e+01,6.776941500541690429e-03,-3.481234410923059620e-03,2.664518669927307997e+02,9.999837450252084814e-01,2.789908852611918633e+02
1.183999999999999986e+01,6.707679647538192583e-03,-3.445015447845178533e-03,2.664551929901612084e+02,9.999840507941644141e-01,2.789938634324868758e+02
1.185999999999999943e+01,6.639138314436816152e-03,-3.409181715030682510e-03,2.664584621651805492e+02,9.999843507896365447e-01,2.789967906865180680e+02
1.188000000000000078e+01,6.571309838813379871e-03,-3.373729002337579573e-03,2.664616754831599224e+02,9.999846451211187315e-01,2.789996678891344573e+02
1.190000000000000036e+01,6.504186641970402527e-03,-3.338653147146123431e-03,2.664648338931820035e+02,9.999849338960179468e-01,2.790024958915574871e+02
1.191999999999999993e+01,6.437761227992196481e-03,-3.303950033803091345e-03,2.664679383283134371e+02,9.999852172196936895e-01,2.790052755306266477e+02
1.193999999999999950e+01,6.372026182811057343e-03,-3.269615593072797925e-03,2.664709897058725119e+02,9.999854951954978421e-01,2.790080076290400939e+02
1.196000000000000085e+01,6.306974173284342518e-03,-3.235645801594708680e-03,2.664739889276931422e+02,9.999857679248127518e-01,2.790106929955920805e+02
1.198000000000000043e+01,6.242597946282350124e-03,-3.202036681347619068e-03,2.664769368803833913e+02,9.999860355070890883e-01,2.790133324254052809e+02
1.200000000000000000e+01,6.178890327786816170e-03,-3.168784299120256786e-03,2.664798344355808126e+02,9.999862980398829260e-01,2.790159267001607191e+02
1.201999999999999957e+01,6.115844221999966641e-03,-3.135884765988303843e-03,2.664826824502026170e+02,9.999865556188922699e-01,2.790184765883230398e+02
1.204000000000000092e+01,6.053452610463951923e-03,-3.103334236797700933e-03,2.664854817666927715e+02,9.999868083379916950e-01,2.790209828453616296e+02
1.206000000000000050e+01,5.991708551190575924e-03,-3.071128909654202016e-03,2.664882332132636407e+02,9.999870562892687609e-01,2.790234462139695211e+02
1.208000000000000007e+01,5.930605177801122167e-03,-3.039265025419047705e-03,2.664909376041350697e+02,9.999872995630570971e-01,2.790258674242770098e+02
1.209999999999999964e+01,5.870135698676251686e-03,-3.007738867210746608e-03,2.664935957397682955e+02,9.999875382479701535e-01,2.790282471940624873e+02
1.212000000000000099e+01,5.810293396115792305e-03,-2.976546759912843208e-03,2.664962084070970150e+02,9.999877724309346183e-01,2.790305862289605443e+02
1.214000000000000057e+01,5.751071625508317846e-03,-2.945685069687630636e-03,2.664987763797534512e+02,9.999880021972222810e-01,2.790328852226649019e+02
1.216000000000000014e+01,5.692463814510361972e-03,-2.915150203495690817e-03,2.665013004182918053e+02,9.999882276304821183e-01,2.790351448571292963e+02
1.217999999999999972e+01,5.634463462235232006e-03,-2.884938608621253741e-03,2.665037812704076714e+02,9.999884488127707138e-01,2.790373658027647252e+02
1.220000000000000107e+01,5.577064138451219739e-03,-2.855046772203242295e-03,2.665062196711530191e+02,9.999886658245831228e-01,2.790395487186331707e+02
1.222000000000000064e+01,5.520259482789172806e-03,-2.825471220771994408e-03,2.665086163431491855e+02,9.999888787448834027e-01,2.790416942526381376e+02
1.224000000000000021e+01,5.464043203959221065e-03,-2.796208519791517667e-03,2.665109719967944102e+02,9.999890876511323690e-01,2.790438030417125219e+02
1.225999999999999979e+01,5.408409078976657985e-03,-2.767255273207285069e-03,2.665132873304697227e+02,9.999892926193176823e-01,2.790458757120024416e+02
1.228000000000000114e+01,5.353350952396772333e-03,-2.738608122999453953e-03,2.665155630307400543e+02,9.999894937239818260e-01,2.790479128790490222e+02
1.230000000000000071e+01,5.298862735558602412e-03,-2.710263748741472550e-03,2.665177997725533032e+02,9.999896910382490844e-01,2.790499151479663169e+02
1.232000000000000028e+01,5.244938405837408155e-03,-2.682218867163960532e-03,2.665199982194343420e+02,9.999898846338531877e-01,2.790518831136168387e+02
1.233999999999999986e+01,5.191572005905862805e-03,-2.654470231723869613e-03,2.665221590236775455e+02,9.999900745811640679e-01,2.790538173607836825e+02
1.235999999999999943e+01,5.138757643003795048e-03,-2.627014632178793687e-03,2.665242828265354547e+02,9.999902609492133942e-01,2.790557184643404867e+02
1.238000000000000078e+01,5.086489488216372305e-03,-2.599848894166401168e-03,2.665263702584038015e+02,9.999904438057205525e-01,2.790575869894175867e+02
1.240000000000000036e+01,5.034761775760693107e-03,-2.572969878788928817e-03,2.665284219390040903e+02,9.999906232171177356e-01,2.790594234915664629e+02
1.241999999999999993e+01,4.983568802280576027e-03,-2.546374482202634713e-03,2.665304384775631092e+02,9.999907992485740360e-01,2.790612285169204370e+02
1.243999999999999950e+01,4.932904926149561664e-03,-2.520059635212207327e-03,2.665324204729890312e+02,9.999909719640206474e-01,2.790630026023533219e+02
1.246000000000000085e+01,4.882764566781951608e-03,-2.494022302870021850e-03,2.665343685140450702e+02,9.999911414261731801e-01,2.790647462756356845e+02
1.248000000000000043e+01,4.833142203951843602e-03,-2.468259484080222079e-03,2.665362831795199554e+02,9.999913076965558645e-01,2.790664600555875268e+02
1.250000000000000000e+01,4.784032377119981638e-03,-2.442768211207519032e-03,2.665381650383955616e+02,9.999914708355239767e-01,2.790681444522291486e+02
1.251999999999999957e+01,4.735429684768437467e-03,-2.417545549690709294e-03,2.665400146500120968e+02,9.999916309022862659e-01,2.790697999669296792e+02
1.254000000000000092e+01,4.687328783742951768e-03,-2.392588597660802972e-03,2.665418325642297646e+02,9.999917879549267141e-01,2.790714270925523124e+02
1.256000000000000050e+01,4.639724388602882964e-03,-2.367894485563743889e-03,2.665436193215888920e+02,9.999919420504260748e-01,2.790730263135977225e+02
1.258000000000000007e+01,4.592611270978613595e-03,-2.343460375787623142e-03,2.665453754534662494e+02,9.999920932446831889e-01,2.790745981063453769e+02
1.259999999999999964e+01,4.545984258936429032e-03,-2.319283462294376066e-03,2.665471014822294364e+02,9.999922415925347474e-01,2.790761429389912678e+02
1.262000000000000099e+01,4.499838236350661193e-03,-2.295360970255874971e-03,2.665487979213884842e+02,9.999923871477769399e-01,2.790776612717847911e+02
1.264000000000000057e+01,4.454168142283121586e-03,-2.271690155694382988e-03,2.665504652757450117e+02,9.999925299631844400e-01,2.790791535571626696e+02
1.266000000000000014e+01,4.408968970369623284e-03,-2.248268305127293105e-03,2.665521040415387120e+02,9.999926700905297228e-01,2.790806202398800906e+02
1.267999999999999972e+01,4.364235768213613545e-03,-2.225092735216123354e-03,2.665537147065917907e+02,9.999928075806028271e-01,2.790820617571409912e+02
1.270000000000000107e+01,4.319963636786757454e-03,-2.202160792419708291e-03,2.665552977504502792e+02,9.999929424832297853e-01,2.790834785387248189e+02
1.272000000000000064e+01,4.276147729836437920e-03,-2.179469852651526058e-03,2.665568536445239261e+02,9.999930748472909414e-01,2.790848710071118148e+02
1.274000000000000021e+01,4.232783253300041910e-03,-2.157017320941112450e-03,2.665583828522230760e+02,9.999932047207389374e-01,2.790862395776066478e+02
1.275999999999999979e+01,4.189865464725992146e-03,-2.134800631099527737e-03,2.665598858290932185e+02,9.999933321506173645e-01,2.790875846584587521e+02
1.278000000000000114e+01,4.147389672701435812e-03,-2.112817245388802501e-03,2.665613630229479440e+02,9.999934571830759733e-01,2.790889066509818122e+02
1.280000000000000071e+01,4.105351236286501788e-03,-2.091064654195339077e-03,2.665628148739990024e+02,9.999935798633901030e-01,2.790902059496706897e+02
1.282000000000000028e+01,4.063745564455029276e-03,-2.069540375707184469e-03,2.665642418149844275e+02,9.999937002359757798e-01,2.790914829423166452e+02
1.283999999999999986e+01,4.022568115541746113e-03,-2.048241955595171259e-03,2.665656442712946728e+02,9.999938183444070372e-01,2.790927380101201720e+02
1.285999999999999943e+01,3.981814396695760629e-03,-2.027166966697840217e-03,2.665670226610966438e+02,9.999939342314311252e-01,2.790939715278026938e+02
1.288000000000000078e+01,3.941479963340333188e-03,-2.006313008710122921e-03,2.665683773954549451e+02,9.999940479389848313e-01,2.790951838637154765e+02
1.290000000000000036e+01,3.901560418638831164e-03,-1.985677707875730617e-03,2.665697088784523316e+02,9.999941595082099122e-01,2.790963753799479150e+02
1.291999999999999993e+01,3.862051412966790997e-03,-1.965258716683184262e-03,2.665710175073072605e+02,9.999942689794678596e-01,2.790975464324322388e+02
1.293999999999999950e+01,3.822948643390038353e-03,-1.945053713565486186e-03,2.665723036724895110e+02,9.999943763923551110e-01,2.790986973710487291e+02
1.296000000000000085e+01,3.784247853148767042e-03,-1.925060402603338394e-03,2.665735677578344394e+02,9.999944817857179258e-01,2.790998285397270138e+02
1.298000000000000043e+01,3.745944831147535528e-03,-1.905276513231904693e-03,2.665748101406545061e+02,9.999945851976657085e-01,2.791009402765470782e+02
1.300000000000000000e+01,3.708035411451061740e-03,-1.885699799951035113e-03,2.665760311918497223e+02,9.999946866655858857e-01,2.791020329138380589e+02
1.301999999999999957e+01,3.670515472785814033e-03,-1.866328042038950226e-03,2.665772312760159366e+02,9.999947862261575615e-01,2.791031067782752757e+02
1.304000000000000092e+01,3.633380938047267323e-03,-1.847159043269306668e-03,2.665784107515508481e+02,9.999948839153647295e-01,2.791041621909760693e+02
1.306000000000000050e+01,3.596627773812813549e-03,-1.828190631631634085e-03,2.665795699707592803e+02,9.999949797685094843e-01,2.791051994675934793e+02
1.308000000000000007e+01,3.560251989860188128e-03,-1.809420659055067417e-03,2.665807092799556131e+02,9.999950738202251221e-01,2.791062189184090698e+02
1.309999999999999964e+01,3.524249638691431472e-03,-1.790847001135368200e-03,2.665818290195651343e+02,9.999951661044893525e-01,2.791072208484231396e+02
1.312000000000000099e+01,3.488616815062248536e-03,-1.772467556865170955e-03,2.665829295242236867e+02,9.999952566546356225e-01,2.791082055574446485e+02
1.314000000000000057e+01,3.453349655516755115e-03,-1.754280248367431428e-03,2.665840111228750970e+02,9.999953455033669947e-01,2.791091733401784722e+02
1.316000000000000014e+01,3.418444337927493797e-03,-1.736283020632014683e-03,2.665850741388676965e+02,9.999954326827660278e-01,2.791101244863125430e+02
1.317999999999999972e+01,3.383897081040716966e-03,-1.718473841255413947e-03,2.665861188900490788e+02,9.999955182243088769e-01,2.791110592806016371e+02
1.320000000000000107e+01,3.349704144026821508e-03,-1.700850700183537297e-03,2.665871456888584135e+02,9.999956021588752852e-01,2.791119780029519575e+02
1.322000000000000064e+01,3.315861826035922631e-03,-1.683411609457542918e-03,2.665881548424184189e+02,9.999956845167602415e-01,2.791128809285024772e+02
1.324000000000000021e+01,3.282366465758446237e-03,-1.666154602962663942e-03,2.665891466526251179e+02,9.999957653276857483e-01,2.791137683277058272e+02
1.325999999999999979e+01,3.249214440990747226e-03,-1.649077736180009192e-03,2.665901214162363999e+02,9.999958446208107032e-01,2.791146404664078204e+02
1.328000000000000114e+01,3.216402168205641839e-03,-1.632179085941289553e-03,2.665910794249583660e+02,9.999959224247423339e-01,2.791154976059250998e+02
1.330000000000000071e+01,3.183926102127838855e-03,-1.615456750186442837e-03,2.665920209655316171e+02,9.999959987675463013e-01,2.791163400031221613e+02
1.332000000000000028e+01,3.151782735314153858e-03,-1.598908847724101650e-03,2.665929463198143026e+02,9.999960736767576908e-01,2.791171679104865007e+02
1.333999999999999986e+01,3.119968597738521313e-03,-1.582533517994903164e-03,2.665938557648655092e+02,9.999961471793900047e-01,2.791179815762028511e+02
1.335999999999999943e+01,3.088480256381694738e-03,-1.566328920837572938e-03,2.665947495730263199e+02,9.999962193019460432e-01,2.791187812442262270e+02
1.338000000000000078e+01,3.057314314825597661e-03,-1.550293236257769538e-03,2.665956280119992243e+02,9.999962900704270075e-01,2.791195671543533194e+02
1.340000000000000036e+01,3.026467412852285477e-03,-1.534424664199652904e-03,2.665964913449271307e+02,9.999963595103424918e-01,2.791203395422930953e+02
1.341999999999999993e+01,2.995936226047419323e-03,-1.518721424320125697e-03,2.665973398304702187e+02,9.999964276467191437e-01,2.791210986397360330e+02
1.343999999999999950e+01,2.965717465408262369e-03,-1.503181755765746561e-03,2.665981737228821657e+02,9.999964945041109887e-01,2.791218446744222206e+02
1.346000000000000085e+01,2.935807876956082751e-03,-1.487803916952251974e-03,2.665989932720844422e+02,9.999965601066070908e-01,2.791225778702084312e+02
1.348000000000000043e+01,2.906204241352970934e-03,-1.472586185346679965e-03,2.665997987237398092e+02,9.999966244778412117e-01,2.791232984471337204e+02
1.350000000000000000e+01,2.876903373522948781e-03,-1.457526857252036939e-03,2.666005903193245103e+02,9.999966876410003591e-01,2.791240066214842841e+02
1.351999999999999957e+01,2.847902122277401124e-03,-1.442624247594505218e-03,2.666013682961993254e+02,9.999967496188328919e-01,2.791247026058573510e+02
1.354000000000000092e+01,2.819197369944705361e-03,-1.427876689713139047e-03,2.666021328876785788e+02,9.999968104336577346e-01,2.791253866092230851e+02
1.356000000000000050e+01,2.790786032004072530e-03,-1.413282535152033228e-03,2.666028843230997722e+02,9.999968701073710386e-01,2.791260588369869424e+02
1.358000000000000007e+01,2.762665056723486671e-03,-1.398840153454915377e-03,2.666036228278900921e+02,9.999969286614558417e-01,2.791267194910494140e+02
1.359999999999999964e+01,2.734831424801758074e-03,-1.384547931962157481e-03,2.666043486236332001e+02,9.999969861169888397e-01,2.791273687698658819e+02
1.362000000000000099e+01,2.707282149014593724e-03,-1.370404275610155338e-03,2.666050619281341483e+02,9.999970424946486025e-01,2.791280068685048263e+02
1.364000000000000057e+01,2.680014273864673655e-03,-1.356407606733062675e-03,2.666057629554834989e+02,9.999970978147225686e-01,2.791286339787058068e+02
1.366000000000000014e+01,2.653024875235646032e-03,-1.342556364866833970e-03,2.666064519161203066e+02,9.999971520971152605e-01,2.791292502889353386e+02
1.367999999999999972e+01,2.626311060050038823e-03,-1.328849006555569458e-03,2.666071290168939072e+02,9.999972053613552792e-01,2.791298559844424858e+02
1.370000000000000107e+01,2.599869965931011703e-03,-1.315284005160115071e-03,2.666077944611251382e+02,9.999972576266016322e-01,2.791304512473139994e+02
1.372000000000000064e+01,2.573698760867924786e-03,-1.301859850668906672e-03,2.666084484486657971e+02,9.999973089116520608e-01,2.791310362565278638e+02
1.374000000000000021e+01,2.547794642885646554e-03,-1.288575049511009362e-03,2.666090911759575874e+02,9.999973592349489238e-01,2.791316111880054223e+02
1.375999999999999979e+01,2.522154839717602286e-03,-1.275428124371350783e-03,2.666097228360902704e+02,9.999974086145866359e-01,2.791321762146640140e+02
1.378000000000000114e+01,2.496776608482480578e-03,-1.262417614008103312e-03,2.666103436188581099e+02,9.999974570683174413e-01,2.791327315064679055e+02
1.380000000000000071e+01,2.471657235364586262e-03,-1.249542073072199087e-03,2.666109537108160339e+02,9.999975046135585188e-01,2.791332772304780292e+02
1.382000000000000028e+01,2.446794035297762508e-03,-1.236800071928940807e-03,2.666115532953346019e+02,9.999975512673984213e-01,2.791338135509016638e+02
1.383999999999999986e+01,2.422184351652870854e-03,-1.224190196481697883e-03,2.666121425526539497e+02,9.999975970466029596e-01,2.791343406291409224e+02
1.385999999999999943e+01,2.397825555928783606e-03,-1.211711047997650857e-03,2.666127216599369945e+02,9.999976419676213091e-01,2.791348586238401026e+02
1.388000000000000078e+01,2.373715047446821845e-03,-1.199361242935563726e-03,2.666132907913217878e+02,9.999976860465920048e-01,2.791353676909328669e+02
1.390000000000000036e+01,2.349850253048645955e-03,-1.187139412775563329e-03,2.666138501179725608e+02,9.999977292993494915e-01,2.791358679836881720e+02
1.391999999999999993e+01,2.326228626797495480e-03,-1.175044203850888732e-03,2.666143998081306563e+02,9.999977717414290090e-01,2.791363596527556865e+02
1.393999999999999950e+01,2.302847649682802575e-03,-1.163074277181602809e-03,2.666149400271638115e+02,9.999978133880723652e-01,2.791368428462099587e+02
1.396000000000000085e+01,2.279704829328102304e-03,-1.151228308310232179e-03,2.666154709376150436e+02,9.999978542542343751e-01,2.791373177095947540e+02
1.398000000000000043e+01,2.256797699702211158e-03,-1.139504987139319239e-03,2.666159926992506826e+02,9.999978943545871912e-01,2.791377843859655172e+02
1.400000000000000000e+01,2.234123820833633887e-03,-1.127903017770847055e-03,2.666165054691077785e+02,9.999979337035261873e-01,2.791382430159321757e+02
1.401999999999999957e+01,2.211680778528162666e-03,-1.116421118347540788e-03,2.666170094015399741e+02,9.999979723151752875e-01,2.791386937377002937e+02
1.404000000000000092e+01,2.189466184089636919e-03,-1.105058020895999032e-03,2.666175046482634343e+02,9.999980102033920737e-01,2.791391366871122273e+02
1.406000000000000050e+01,2.167477674043823913e-03,-1.093812471171648135e-03,2.666179913584016958e+02,9.999980473817724480e-01,2.791395719976872556e+02
1.408000000000000007e+01,2.145712909865367217e-03,-1.082683228505485450e-03,2.666184696785296069e+02,9.999980838636561842e-01,2.791399998006612577e+02
1.409999999999999964e+01,2.124169577707800405e-03,-1.071669065652601982e-03,2.666189397527165283e+02,9.999981196621313684e-01,2.791404202250250819e+02
1.412000000000000099e+01,2.102845388136560974e-03,-1.060768768642454283e-03,2.666194017225693642e+02,9.999981547900389511e-01,2.791408333975634264e+02
1.414000000000000057e+01,2.081738075864994486e-03,-1.049981136630872810e-03,2.666198557272740572e+02,9.999981892599781874e-01,2.791412394428919015e+02
1.416000000000000014e+01,2.060845399493282156e-03,-1.039304981753770736e-03,2.666203019036367436e+02,9.999982230843107445e-01,2.791416384834939208e+02
1.417999999999999972e+01,2.040165141250292746e-03,-1.028739128982551288e-03,2.666207403861244529e+02,9.999982562751649207e-01,2.791420306397573086e+02
1.420000000000000107e+01,2.019695106738302829e-03,-1.018282415981182354e-03,2.666211713069047278e+02,9.999982888444405305e-01,2.791424160300097697e+02
1.422000000000000064e+01,1.999433124680568500e-03,-1.007933692964921258e-03,2.666215947958847323e+02,9.999983208038131233e-01,2.791427947705540760e+02
1.424000000000000021e+01,1.979377046671687394e-03,-9.976918225606630150e-04,2.666220109807499625e+02,9.999983521647380913e-01,2.791431669757022860e+02
1.425999999999999979e+01,1.959524746930756643e-03,-9.875556796689085974e-04,2.666224199870015923e+02,9.999983829384551104e-01,2.791435327578100214e+02
1.428000000000000114e+01,1.939874122057263020e-03,-9.775241513273148428e-04,2.666228219379940469e+02,9.999984131359915818e-01,2.791438922273094931e+02
1.430000000000000071e+01,1.920423090789700072e-03,-9.675961365758259901e-04,2.666232169549713831e+02,9.999984427681676280e-01,2.791442454927423569e+02
1.432000000000000028e+01,1.901169593766845667e-03,-9.577705463233452191e-04,2.666236051571030430e+02,9.999984718455989796e-01,2.791445926607918295e+02
1.433999999999999986e+01,1.882111593291712313e-03,-9.480463032159511770e-04,2.666239866615195524e+02,9.999985003787019711e-01,2.791449338363146353e+02
1.435999999999999943e+01,1.863247073098105427e-03,-9.384223415066265343e-04,2.666243615833469107e+02,9.999985283776962053e-01,2.791452691223717579e+02
1.438000000000000078e+01,1.844574038119774348e-03,-9.288976069264818711e-04,2.666247300357408108e+02,9.999985558526087726e-01,2.791455986202593067e+02
1.440000000000000036e+01,1.826090514262132276e-03,-9.194710565574666563e-04,2.666250921299201195e+02,9.999985828132781362e-01,2.791459224295384161e+02
1.441999999999999993e+01,1.807794548176489598e-03,-9.101416587065305633e-04,2.666254479752000748e+02,9.999986092693570194e-01,2.791462406480648610e+02
1.443999999999999950e+01,1.789684207036806906e-03,-9.009083927812416284e-04,2.666257976790243447e+02,9.999986352303168458e-01,2.791465533720182748e+02
1.446000000000000085e+01,1.771757578318912179e-03,-8.917702491668224370e-04,2.666261413469974286e+02,9.999986607054506260e-01,2.791468606959303997e+02
1.448000000000000043e+01,1.754012769582170882e-03,-8.827262291046052058e-04,2.666264790829153526e+02,9.999986857038757337e-01,2.791471627127135662e+02
1.450000000000000000e+01,1.736447908253558204e-03,-8.737753445718703061e-04,2.666268109887971036e+02,9.999987102345385681e-01,2.791474595136879771e+02
1.451999999999999957e+01,1.719061141414137154e-03,-8.649166181630695309e-04,2.666271371649143020e+02,9.999987343062166634e-01,2.791477511886090497e+02
1.454000000000000092e+01,1.701850635587887853e-03,-8.561490829724068908e-04,2.666274577098214991e+02,9.999987579275224636e-01,2.791480378256939616e+02
1.456000000000000050e+01,1.684814576532881955e-03,-8.474717824777653393e-04,2.666277727203850532e+02,9.999987811069063204e-01,2.791483195116480260e+02
1.458000000000000007e+01,1.667951169034749071e-03,-8.388837704259574169e-04,2.666280822918122340e+02,9.999988038526594902e-01,2.791485963316904986e+02
1.459999999999999964e+01,1.651258636702441921e-03,-8.303841107192923331e-04,2.666283865176793597e+02,9.999988261729170214e-01,2.791488683695796453e+02
1.462000000000000099e+01,1.634735221766245132e-03,-8.219718773034386710e-04,2.666286854899593095e+02,9.999988480756607512e-01,2.791491357076378108e+02
1.464000000000000057e+01,1.618379184878026384e-03,-8.136461540565710030e-04,2.666289792990493766e+02,9.999988695687226370e-01,2.791493984267763722e+02
1.466000000000000014e+01,1.602188804913674608e-03,-8.054060346797747242e-04,2.666292680337977004e+02,9.999988906597870875e-01,2.791496566065189882e+02
1.467999999999999972e+01,1.586162378777732822e-03,-7.972506225887109445e-04,2.666295517815299831e+02,9.999989113563939602e-01,2.791499103250258713e+02
1.470000000000000107e+01,1.570298221210177699e-03,-7.891790308065129269e-04,2.666298306280752399e+02,9.999989316659411154e-01,2.791501596591168095e+02
1.472000000000000064e+01,1.554594664595335867e-03,-7.811903818579068060e-04,2.666301046577914917e+02,9.999989515956871911e-01,2.791504046842941307e+02
1.474000000000000021e+01,1.539050058772891858e-03,-7.732838076645344710e-04,2.666303739535907198e+02,9.999989711527542680e-01,2.791506454747654971e+02
1.475999999999999979e+01,1.523662770850994861e-03,-7.654584494414743822e-04,2.666306385969635926e+02,9.999989903441307559e-01,2.791508821034651078e+02
1.478000000000000114e+01,1.508431185021408532e-03,-7.577134575949386400e-04,2.666308986680036810e+02,9.999990091766732814e-01,2.791511146420764931e+02
1.480000000000000071e+01,1.493353702376709526e-03,-7.500479916211363288e-04,2.666311542454315031e+02,9.999990276571095738e-01,2.791513431610530915e+02
1.482000000000000028e+01,1.478428740729480521e-03,-7.424612200062837312e-04,2.666314054066174890e+02,9.999990457920409082e-01,2.791515677296397939e+02
1.483999999999999986e+01,1.463654734433504460e-03,-7.349523201277565311e-04,2.666316522276055139e+02,9.999990635879442147e-01,2.791517884158932361e+02
1.485999999999999943e+01,1.449030134206922291e-03,-7.275204781563632999e-04,2.666318947831352943e+02,9.999990810511748540e-01,2.791520052867022628e+02
1.488000000000000078e+01,1.434553406957328383e-03,-7.201648889597302887e-04,2.666321331466646711e+02,9.999990981879685048e-01,2.791522184078076521e+02
1.490000000000000036e+01,1.420223035608798000e-03,-7.128847560067848440e-04,2.666323673903913232e+02,9.999991150044437171e-01,2.791524278438221813e+02
1.491999999999999993e+01,1.406037518930797810e-03,-7.056792912733181452e-04,2.666325975852748797e+02,9.999991315066040221e-01,2.791526336582494423e+02
1.493999999999999950e+01,1.391995371368990285e-03,-6.985477151486261822e-04,2.666328238010572136e+02,9.999991477003397078e-01,2.791528359135028268e+02
1.496000000000000085e+01,1.378095122877886223e-03,-6.914892563432052273e-04,2.666330461062839845e+02,9.999991635914309285e-01,2.791530346709246260e+02
1.498000000000000043e+01,1.364335318755338471e-03,-6.845031517974983336e-04,2.666332645683245346e+02,9.999991791855488144e-01,2.791532299908035952e+02
1.500000000000000000e+01,1.350714519478842576e-03,-6.775886465916692225e-04,2.666334792533922382e+02,9.999991944882579142e-01,2.791534219323938260e+02
1.501999999999999957e+01,1.337231300543637860e-03,-6.707449938564047538e-04,2.666336902265641697e+02,9.999992095050181939e-01,2.791536105539315145e+02
1.504000000000000092e+01,1.323884252302578784e-03,-6.639714546847227776e-04,2.666338975518006578e+02,9.999992242411872567e-01,2.791537959126532087e+02
1.506000000000000050e+01,1.310671979807767921e-03,-6.572672980447834138e-04,2.666341012919641571e+02,9.999992387020216755e-01,2.791539780648120654e+02
1.508000000000000007e+01,1.297593102653908041e-03,-6.506318006936782829e-04,2.666343015088380639e+02,9.999992528926793245e-01,2.791541570656956424e+02
1.509999999999999964e+01,1.284646254823383496e-03,-6.440642470922037588e-04,2.666344982631453036e+02,9.999992668182212663e-01,2.791543329696413025e+02
1.512000000000000099e+01,1.271830084533027982e-03,-6.375639293205911376e-04,2.666346916145661226e+02,9.999992804836134175e-01,2.791545058300535516e+02
1.514000000000000057e+01,1.259143254082573885e-03,-6.311301469951933986e-04,2.666348816217562785e+02,9.999992938937284359e-01,2.791546756994190446e+02
1.516000000000000014e+01,1.246584439704750275e-03,-6.247622071861065477e-04,2.666350683423644909e+02,9.999993070533474970e-01,2.791548426293230136e+02
1.517999999999999972e+01,1.234152331417026280e-03,-6.184594243357274942e-04,2.666352518330492103e+02,9.999993199671616262e-01,2.791550066704641040e+02
1.520000000000000107e+01,1.221845632874971012e-03,-6.122211201782262356e-04,2.666354321494962392e+02,9.999993326397742521e-01,2.791551678726700061e+02
1.522000000000000064e+01,1.209663061227220270e-03,-6.060466236599310486e-04,2.666356093464347623e+02,9.999993450757018731e-01,2.791553262849121779e+02
1.524000000000000021e+01,1.197603346972015348e-03,-5.999352708606038110e-04,2.666357834776541154e+02,9.999993572793763885e-01,2.791554819553202833e+02
1.525999999999999979e+01,1.185665233815318262e-03,-5.938864049156094638e-04,2.666359545960195305e+02,9.999993692551466529e-01,2.791556349311971417e+02
1.528000000000000114e+01,1.173847478530468938e-03,-5.878993759389571734e-04,2.666361227534882232e+02,9.999993810072793643e-01,2.791557852590322000e+02
1.530000000000000071e+01,1.162148850819377409e-03,-5.819735409472125403e-04,2.666362880011247967e+02,9.999993925399615069e-01,2.791559329845158004e+02
1.532000000000000028e+01,1.150568133175223053e-03,-5.761082637842599320e-04,2.666364503891164190e+02,9.999994038573012389e-01,2.791560781525531638e+02
1.533999999999999986e+01,1.139104120746654370e-03,-5.703029150469168893e-04,2.666366099667880576e+02,9.999994149633296692e-01,2.791562208072771796e+02
1.535999999999999943e+01,1.127755621203469123e-03,-5.645568720113819600e-04,2.666367667826168031e+02,9.999994258620023002e-01,2.791563609920619342e+02
1.538000000000000078e+01,1.116521454603752956e-03,-5.588695185605092354e-04,2.666369208842471608e+02,9.999994365572001387e-01,2.791564987495360128e+02
1.540000000000000036e+01,1.105400453262469747e-03,-5.532402451119013522e-04,2.666370723185042948e+02,9.999994470527316937e-01,2.791566341215947773e+02
1.541999999999999993e+01,1.094391461621475100e-03,-5.476684485468067548e-04,2.666372211314088645e+02,9.999994573523336427e-01,2.791567671494130423e+02
1.543999999999999950e+01,1.083493336120949259e-03,-5.421535321398187257e-04,2.666373673681903256e+02,9.999994674596728306e-01,2.791568978734575808e+02
1.546000000000000085e+01,1.072704945072227786e-03,-5.366949054893607870e-04,2.666375110733007432e+02,9.999994773783469348e-01,2.791570263334992887e+02
1.548000000000000043e+01,1.062025168532015245e-03,-5.312919844489539210e-04,2.666376522904278090e+02,9.999994871118863538e-01,2.791571525686247242e+02
1.550000000000000000e+01,1.051452898177958686e-03,-5.259441910592503209e-04,2.666377910625084269e+02,9.999994966637553162e-01,2.791572766172481579e+02
1.551999999999999957e+01,1.040987037185582467e-03,-5.206509534808321550e-04,2.666379274317408772e+02,9.999995060373527700e-01,2.791573985171229992e+02
1.554000000000000092e+01,1.030626500106553590e-03,-5.154117059277614661e-04,2.666380614395980047e+02,9.999995152360141581e-01,2.791575183053533351e+02
1.556000000000000050e+01,1.020370212748273686e-03,-5.102258886018766525e-04,2.666381931268395533e+02,9.999995242630121961e-01,2.791576360184045029e+02
1.558000000000000007e+01,1.010217112054768562e-03,-5.050929476278180749e-04,2.666383225335238762e+02,9.999995331215582040e-01,2.791577516921145730e+02
1.559999999999999964e+01,1.000166145988881606e-03,-5.000123349887879935e-04,2.666384496990209527e+02,9.999995418148032167e-01,2.791578653617048644e+02
1.562000000000000099e+01,9.902162734157350741e-04,-4.949835084630221753e-04,2.666385746620230179e+02,9.999995503458394275e-01,2.791579770617905751e+02
1.564000000000000057e+01,9.803664639874622600e-04,-4.900059315609783762e-04,2.666386974605570686e+02,9.999995587177005207e-01,2.791580868263910702e+02
1.566000000000000014e+01,9.706156980291811990e-04,-4.850790734632181699e-04,2.666388181319958903e+02,9.999995669333638926e-01,2.791581946889402843e+02
1.567999999999999972e+01,9.609629664262102095e-04,-4.802024089589899849e-04,2.666389367130691426e+02,9.999995749957506508e-01,2.791583006822965558e+02
1.570000000000000107e+01,9.514072705125022978e-04,-4.753754183854935625e-04,2.666390532398745563e+02,9.999995829077272802e-01,2.791584048387526877e+02
1.572000000000000064e+01,9.419476219602905065e-04,-4.705975875678252394e-04,2.666391677478889619e+02,9.999995906721065309e-01,2.791585071900453840e+02
1.574000000000000021e+01,9.325830426709198154e-04,-4.658684077595879550e-04,2.666392802719784640e+02,9.999995982916483062e-01,2.791586077673649697e+02
1.575999999999999979e+01,9.233125646668690614e-04,-4.611873755841687473e-04,2.666393908464091851e+02,9.999996057690608842e-01,2.791587066013647700e+02
1.578000000000000114e+01,9.141352299849345815e-04,-4.565539929766673668e-04,2.666394995048576106e+02,9.999996131070016947e-01,2.791588037221704326e+02
1.580000000000000071e+01,9.050500905705750367e-04,-4.519677671264745442e-04,2.666396062804204803e+02,9.999996203080783186e-01,2.791588991593886249e+02
1.582000000000000028e+01,8.960562081733902022e-04,-4.474282104204856006e-04,2.666397112056248488e+02,9.999996273748494868e-01,2.791589929421161287e+02
1.583999999999999986e+01,8.871526542437361109e-04,-4.429348403869505925e-04,2.666398143124379772e+02,9.999996343098259688e-01,2.791590850989486512e+02
1.586000000000000121e+01,8.783385098304528037e-04,-4.384871796399455427e-04,2.666399156322767112e+02,9.999996411154715714e-01,2.791591756579892945e+02
1.588000000000000078e+01,8.696128654797004613e-04,-4.340847558244650809e-04,2.666400151960168046e+02,9.999996477942036943e-01,2.791592646468573093e+02
1.590000000000000036e+01,8.609748211348812550e-04,-4.297271015621203952e-04,2.666401130340027521e+02,9.999996543483945510e-01,2.791593520926958831e+02
1.591999999999999993e+01,8.524234860376473516e-04,-4.254137543974453113e-04,2.666402091760563167e+02,9.999996607803719462e-01,2.791594380221806659e+02
1.593999999999999950e+01,8.439579786299740384e-04,-4.211442567447967874e-04,2.666403036514857945e+02,9.999996670924200526e-01,2.791595224615277289e+02
1.596000000000000085e+01,8.355774264572889696e-04,-4.169181558358448338e-04,2.666403964890947123e+02,9.999996732867801885e-01,2.791596054365015789e+02
1.598000000000000043e+01,8.272809660726487520e-04,-4.127350036676468185e-04,2.666404877171904673e+02,9.999996793656515948e-01,2.791596869724223211e+02
1.600000000000000000e+01,8.190677429419408609e-04,-4.085943569512948820e-04,2.666405773635929677e+02,9.999996853311925449e-01,2.791597670941743559e+02
1.601999999999999957e+01,8.109369113501148970e-04,-4.044957770611358645e-04,2.666406654556430453e+02,9.999996911855205672e-01,2.791598458262127451e+02
1.603999999999999915e+01,8.028876343084196581e-04,-4.004388299845530676e-04,2.666407520202101296e+02,9.999996969307136663e-01,2.791599231925713411e+02
1.605999999999999872e+01,7.949190834626404956e-04,-3.964230862723042647e-04,2.666408370837013422e+02,9.999997025688110996e-01,2.791599992168695508e+02
1.608000000000000185e+01,7.870304390023226447e-04,-3.924481209894100536e-04,2.666409206720683187e+02,9.999997081018136003e-01,2.791600739223198389e+02
1.610000000000000142e+01,7.792208895709774917e-04,-3.885135136665877789e-04,2.666410028108159054e+02,9.999997135316847086e-01,2.791601473317342652e+02
1.612000000000000099e+01,7.714896321772412051e-04,-3.846188482522183401e-04,2.666410835250091509e+02,9.999997188603508835e-01,2.791602194675319879e+02
1.614000000000000057e+01,7.638358721070034017e-04,-3.807637130648490833e-04,2.666411628392815487e+02,9.999997240897028350e-01,2.791602903517453456e+02
1.616000000000000014e+01,7.562588228364729983e-04,-3.769477007462207962e-04,2.666412407778417446e+02,9.999997292215955236e-01,2.791603600060268491e+02
1.617999999999999972e+01,7.487577059461799451e-04,-3.731704082148128978e-04,2.666413173644812673e+02,9.999997342578494930e-01,2.791604284516557186e+02
1.619999999999999929e+01,7.413317510359005921e-04,-3.694314366199034612e-04,2.666413926225816908e+02,9.999997392002509811e-01,2.791604957095443069e+02
1.621999999999999886e+01,7.339801956404966039e-04,-3.657303912961353963e-04,2.666414665751214557e+02,9.999997440505528079e-01,2.791605618002441247e+02
1.624000000000000199e+01,7.267022851466564725e-04,-3.620668817185847266e-04,2.666415392446828037e+02,9.999997488104752641e-01,2.791606267439523776e+02
1.626000000000000156e+01,7.194972727105376775e-04,-3.584405214583278156e-04,2.666416106534588835e+02,9.999997534817058886e-01,2.791606905605178781e+02
1.628000000000000114e+01,7.123644191762784844e-04,-3.548509281384920394e-04,2.666416808232601170e+02,9.999997580659010232e-01,2.791607532694471274e+02
1.630000000000000071e+01,7.053029929953984634e-04,-3.512977233907987407e-04,2.666417497755207364e+02,9.999997625646857013e-01,2.791608148899100001e+02
1.632000000000000028e+01,6.983122701470552028e-04,-3.477805328125809013e-04,2.666418175313056622e+02,9.999997669796549804e-01,2.791608754407458264e+02
1.633999999999999986e+01,6.913915340591583010e-04,-3.442989859242760200e-04,2.666418841113164149e+02,9.999997713123738308e-01,2.791609349404690761e+02
1.635999999999999943e+01,6.845400755303282774e-04,-3.408527161273867154e-04,2.666419495358974245e+02,9.999997755643776909e-01,2.791609934072741908e+02
1.637999999999999901e+01,6.777571926526912947e-04,-3.374413606629051506e-04,2.666420138250425111e+02,9.999997797371735775e-01,2.791610508590422910e+02
1.639999999999999858e+01,6.710421907355024283e-04,-3.340645605701944489e-04,2.666420769984004551e+02,9.999997838322403076e-01,2.791611073133456671e+02
1.642000000000000171e+01,6.643943822295830630e-04,-3.307219606463224931e-04,2.666421390752811362e+02,9.999997878510287208e-01,2.791611627874533497e+02
1.644000000000000128e+01,6.578130866525763211e-04,-3.274132094058459933e-04,2.666422000746613321e+02,9.999997917949630111e-01,2.791612172983365667e+02
1.646000000000000085e+01,6.512976305149870181e-04,-3.241379590410308387e-04,2.666422600151906863e+02,9.999997956654398390e-01,2.791612708626734047e+02
1.648000000000000043e+01,6.448473472470267476e-04,-3.208958653825155077e-04,2.666423189151967676e+02,9.999997994638308851e-01,2.791613234968541519e+02
1.650000000000000000e+01,6.384615771262354715e-04,-3.176865878604038769e-04,2.666423767926910955e+02,9.999998031914812957e-01,2.791613752169863574e+02
1.651999999999999957e+01,6.321396672058771224e-04,-3.145097894657866147e-04,2.666424336653744831e+02,9.999998068497113479e-01,2.791614260388991511e+02
1.653999999999999915e+01,6.258809712441010861e-04,-3.113651367126838961e-04,2.666424895506422104e+02,9.999998104398166721e-01,2.791614759781487578e+02
1.655999999999999872e+01,6.196848496338621922e-04,-3.082522996004077040e-04,2.666425444655894239e+02,9.999998139630685845e-01,2.791615250500226466e+02
1.658000000000000185e+01,6.135506693335852262e-04,-3.051709515763348260e-04,2.666425984270160825e+02,9.999998174207145318e-01,2.791615732695444194e+02
1.660000000000000142e+01,6.074778037985772159e-04,-3.021207694990914140e-04,2.666426514514325277e+02,9.999998208139789790e-01,2.791616206514783585e+02
1.662000000000000099e+01,6.014656329131607120e-04,-2.991014336021362600e-04,2.666427035550639175e+02,9.999998241440628544e-01,2.791616672103334054e+02
1.664000000000000057e+01,5.955135429235419416e-04,-2.961126274577483160e-04,2.666427547538552290e+02,9.999998274121452146e-01,2.791617129603685612e+02
1.666000000000000014e+01,5.896209263713908478e-04,-2.931540379414060448e-04,2.666428050634764872e+02,9.999998306193829123e-01,2.791617579155960129e+02
1.667999999999999972e+01,5.837871820281292229e-04,-2.902253551965573546e-04,2.666428544993271430e+02,9.999998337669110393e-01,2.791618020897864199e+02
1.669999999999999929e+01,5.780117148299210783e-04,-2.873262725997763768e-04,2.666429030765405628e+02,9.999998368558433715e-01,2.791618454964720968e+02
1.671999999999999886e+01,5.722939358133549530e-04,-2.844564867262997692e-04,2.666429508099889745e+02,9.999998398872732563e-01,2.791618881489520163e+02
1.674000000000000199e+01,5.666332620518115459e-04,-2.816156973159410258e-04,2.666429977142880148e+02,9.999998428622731694e-01,2.791619300602953331e+02
1.676000000000000156e+01,5.610291165925134198e-04,-2.788036072393799210e-04,2.666430438038005377e+02,9.999998457818959352e-01,2.791619712433453060e+02
1.678000000000000114e+01,5.554809283942368277e-04,-2.760199224648149981e-04,2.666430890926417305e+02,9.999998486471740611e-01,2.791620117107233341e+02
1.680000000000000071e+01,5.499881322656949853e-04,-2.732643520249862599e-04,2.666431335946827517e+02,9.999998514591216248e-01,2.791620514748329924e+02
1.682000000000000028e+01,5.445501688045729493e-04,-2.705366079845544520e-04,2.666431773235554488e+02,9.999998542187328310e-01,2.791620905478632721e+02
1.683999999999999986e+01,5.391664843372126915e-04,-2.678364054078385677e-04,2.666432202926558830e+02,9.999998569269842319e-01,2.791621289417926164e+02
1.685999999999999943e+01,5.338365308589393702e-04,-2.651634623269044709e-04,2.666432625151492175e+02,9.999998595848331728e-01,2.791621666683925014e+02
1.687999999999999901e+01,5.285597659750219685e-04,-2.625174997100025243e-04,2.666433040039727302e+02,9.999998621932200127e-01,2.791622037392309608e+02
1.689999999999999858e+01,5.233356528422637450e-04,-2.598982414303491260e-04,2.666433447718403045e+02,9.999998647530669027e-01,2.791622401656760530e+02
1.692000000000000171e+01,5.181636601112101382e-04,-2.573054142352488487e-04,2.666433848312465216e+02,9.999998672652786746e-01,2.791622759588995564e+02
1.694000000000000128e+01,5.130432618689771598e-04,-2.547387477155548495e-04,2.666434241944696169e+02,9.999998697307440620e-01,2.791623111298799245e+02
1.696000000000000085e+01,5.079739375826777250e-04,-2.521979742754582813e-04,2.666434628735760271e+02,9.999998721503342569e-01,2.791623456894059814e+02
1.698000000000000043e+01,5.029551720434574137e-04,-2.496828291026106624e-04,2.666435008804235736e+02,9.999998745249044640e-01,2.791623796480799342e+02
1.700000000000000000e+01,4.979864553111206871e-04,-2.471930501385698805e-04,2.666435382266650436e+02,9.999998768552943451e-01,2.791624130163207838e+02
1.701999999999999957e+01,4.930672826593462607e-04,-2.447283780495691807e-04,2.666435749237520554e+02,9.999998791423275746e-01,2.791624458043672234e+02
1.703999999999999915e+01,4.881971545214824708e-04,-2.422885561976022522e-04,2.666436109829380712e+02,9.999998813868122838e-01,2.791624780222813342e+02
1.705999999999999872e+01,4.833755764369191657e-04,-2.398733306118249842e-04,2.666436464152823760e+02,9.999998835895412830e-01,2.791625096799507446e+02
1.708000000000000185e+01,4.786020589980262549e-04,-2.374824499602666247e-04,2.666436812316528631e+02,9.999998857512932826e-01,2.791625407870924391e+02
1.710000000000000142e+01,4.738761177976601635e-04,-2.351156655218510495e-04,2.666437154427296718e+02,9.999998878728320051e-01,2.791625713532552027e+02
1.712000000000000099e+01,4.691972733772182972e-04,-2.327727311587179482e-04,2.666437490590081438e+02,9.999998899549070730e-01,2.791626013878226331e+02
1.714000000000000057e+01,4.645650511752523037e-04,-2.304534032888492124e-04,2.666437820908025174e+02,9.999998919982537871e-01,2.791626309000163246e+02
1.716000000000000014e+01,4.599789814766215394e-04,-2.281574408589897944e-04,2.666438145482483151e+02,9.999998940035940143e-01,2.791626598988980277e+02
1.717999999999999972e+01,4.554385993621863052e-04,-2.258846053178640645e-04,2.666438464413060387e+02,9.999998959716360769e-01,2.791626883933730028e+02
1.719999999999999929e+01,4.509434446590334256e-04,-2.236346605896821381e-04,2.666438777797641819e+02,9.999998979030749746e-01,2.791627163921922374e+02
1.721999999999999886e+01,4.464930618912292927e-04,-2.214073730479339502e-04,2.666439085732414469e+02,9.999998997985929394e-01,2.791627439039555725e+02
1.724000000000000199e+01,4.420870002310933809e-04,-2.192025114894673101e-04,2.666439388311904963e+02,9.999999016588592138e-01,2.791627709371140327e+02
1.726000000000000156e+01,4.377248134509908778e-04,-2.170198471088491214e-04,2.666439685629007954e+02,9.999999034845304946e-01,2.791627974999722710e+02
1.728000000000000114e+01,4.334060598756280598e-04,-2.148591534730001477e-04,2.666439977775004877e+02,9.999999052762518215e-01,2.791628236006913539e+02
1.730000000000000071e+01,4.291303023348593568e-04,-2.127202064961090130e-04,2.666440264839604311e+02,9.999999070346552443e-01,2.791628492472911489e+02
1.732000000000000028e+01,4.248971081169894090e-04,-2.106027844148156277e-04,2.666440546910960165e+02,9.999999087603615999e-01,2.791628744476527118e+02
1.733999999999999986e+01,4.207060489225704423e-04,-2.085066677636642548e-04,2.666440824075704086e+02,9.999999104539804007e-01,2.791628992095207309e+02
1.735999999999999943e+01,4.165567008186874258e-04,-2.064316393508216910e-04,2.666441096418964776e+02,9.999999121161090576e-01,2.791629235405060285e+02
1.737999999999999901e+01,4.124486441937256988e-04,-2.043774842340591801e-04,2.666441364024402105e+02,9.999999137473342126e-01,2.791629474480873228e+02
1.740000000000000213e+01,4.083814637126169486e-04,-2.023439896969928540e-04,2.666441626974226438e+02,9.999999153482317382e-01,2.791629709396142403e+02
1.742000000000000171e+01,4.043547482725600144e-04,-2.003309452255835150e-04,2.666441885349227618e+02,9.999999169193664050e-01,2.791629940223090784e+02
1.744000000000000128e+01,4.003680909592028021e-04,-1.983381424848870049e-04,2.666442139228794872e+02,9.999999184612924363e-01,2.791630167032691361e+02
1.746000000000000085e+01,3.964210890032939839e-04,-1.963653752960589269e-04,2.666442388690946927e+02,9.999999199745541745e-01,2.791630389894687596e+02
1.748000000000000043e+01,3.925133437377874073e-04,-1.944124396136067019e-04,2.666442633812349072e+02,9.999999214596851926e-01,2.791630608877615032e+02
1.750000000000000000e+01,3.886444605554017595e-04,-1.924791335028874404e-04,2.666442874668342142e+02,9.999999229172096271e-01,2.791630824048826867e+02
1.751999999999999957e+01,3.848140488666256225e-04,-1.905652571178486482e-04,2.666443111332962417e+02,9.999999243476415112e-01,2.791631035474504188e+02
1.753999999999999915e+01,3.810217220581664553e-04,-1.886706126790093545e-04,2.666443343878965493e+02,9.999999257514853301e-01,2.791631243219687235e+02
1.755999999999999872e+01,3.772670974518372677e-04,-1.867950044516788425e-04,2.666443572377845044e+02,9.999999271292361325e-01,2.791631447348287338e+02
1.758000000000000185e+01,3.735497962638759453e-04,-1.849382387244098117e-04,2.666443796899860104e+02,9.999999284813799738e-01,2.791631647923109654e+02
1.760000000000000142e+01,3.698694435646968461e-04,-1.831001237876862158e-04,2.666444017514052121e+02,9.999999298083935839e-01,2.791631845005870218e+02
1.762000000000000099e+01,3.662256682390588390e-04,-1.812804699128368858e-04,2.666444234288268831e+02,9.999999311107449218e-01,2.791632038657219823e+02
1.764000000000000057e+01,3.626181029466607345e-04,-1.794790893311801422e-04,2.666444447289179607e+02,9.999999323888930647e-01,2.791632228936756519e+02
1.766000000000000014e+01,3.590463840831469781e-04,-1.776957962133914276e-04,2.666444656582302741e+02,9.999999336432887631e-01,2.791632415903045512e+02
1.767999999999999972e+01,3.555101517415251234e-04,-1.759304066490932281e-04,2.666444862232023070e+02,9.999999348743741079e-01,2.791632599613637922e+02
1.769999999999999929e+01,3.520090496739892842e-04,-1.741827386266651956e-04,2.666445064301606749e+02,9.999999360825830852e-01,2.791632780125089539e+02
1.771999999999999886e+01,3.485427252541450677e-04,-1.724526120132714637e-04,2.666445262853227973e+02,9.999999372683415766e-01,2.791632957492974469e+02
1.774000000000000199e+01,3.451108294396312707e-04,-1.707398485351024724e-04,2.666445457947980913e+02,9.999999384320676921e-01,2.791633131771905028e+02
1.776000000000000156e+01,3.417130167351379601e-04,-1.690442717578310311e-04,2.666445649645904723e+02,9.999999395741709929e-01,2.791633303015546517e+02
1.778000000000000114e+01,3.383489451558059223e-04,-1.673657070672754648e-04,2.666445838005997189e+02,9.999999406950546010e-01,2.791633471276637124e+02
1.780000000000000071e+01,3.350182761910185385e-04,-1.657039816502733388e-04,2.666446023086233481e+02,9.999999417951130898e-01,2.791633636606997015e+02
1.782000000000000028e+01,3.317206747685698246e-04,-1.640589244757600712e-04,2.666446204943586054e+02,9.999999428747342600e-01,2.791633799057550505e+02
1.783999999999999986e+01,3.284558092192105868e-04,-1.624303662760504256e-04,2.666446383634041126e+02,9.999999439342983631e-01,2.791633958678340264e+02
1.785999999999999943e+01,3.252233512415655362e-04,-1.608181395283214503e-04,2.666446559212612328e+02,9.999999449741786561e-01,2.791634115518541535e+02
1.787999999999999901e+01,3.220229758674202796e-04,-1.592220784362940956e-04,2.666446731733362299e+02,9.999999459947416236e-01,2.791634269626475202e+02
1.790000000000000213e+01,3.188543614273710845e-04,-1.576420189121113715e-04,2.666446901249416328e+02,9.999999469963466447e-01,2.791634421049627122e+02
1.792000000000000171e+01,3.157171895168382845e-04,-1.560777985584123654e-04,2.666447067812978275e+02,9.999999479793463264e-01,2.791634569834659487e+02
1.794000000000000128e+01,3.126111449624307506e-04,-1.545292566505955349e-04,2.666447231475349895e+02,9.999999489440871692e-01,2.791634716027423906e+02
1.796000000000000085e+01,3.095359157886686907e-04,-1.529962341192755309e-04,2.666447392286942772e+02,9.999999498909089013e-01,2.791634859672979019e+02
1.798000000000000043e+01,3.064911931850530140e-04,-1.514785735329263671e-04,2.666447550297293674e+02,9.999999508201445897e-01,2.791635000815603007e+02
1.800000000000000000e+01,3.034766714734796894e-04,-1.499761190807110463e-04,2.666447705555082166e+02,9.999999517321218612e-01,2.791635139498803824e+02
1.801999999999999957e+01,3.004920480759963857e-04,-1.484887165554951206e-04,2.666447858108144260e+02,9.999999526271614592e-01,2.791635275765336814e+02
1.803999999999999915e+01,2.975370234828963534e-04,-1.470162133370421812e-04,2.666448008003486052e+02,9.999999535055789091e-01,2.791635409657216087e+02
1.805999999999999872e+01,2.946113012211475958e-04,-1.455584583753892990e-04,2.666448155287299642e+02,9.999999543676830749e-01,2.791635541215727585e+02
1.808000000000000185e+01,2.917145878231509329e-04,-1.441153021744006799e-04,2.666448300004975636e+02,9.999999552137776027e-01,2.791635670481440457e+02
1.810000000000000142e+01,2.888465927958291262e-04,-1.426865967754980733e-04,2.666448442201119633e+02,9.999999560441603652e-01,2.791635797494219560e+02
1.812000000000000099e+01,2.860070285900334045e-04,-1.412721957415627547e-04,2.666448581919561320e+02,9.999999568591234622e-01,2.791635922293239673e+02
1.814000000000000057e+01,2.831956105702762246e-04,-1.398719541410128788e-04,2.666448719203373230e+02,9.999999576589537753e-01,2.791636044916996866e+02
1.816000000000000014e+01,2.804120569847775852e-04,-1.384857285320491272e-04,2.666448854094878698e+02,9.999999584439328570e-01,2.791636165403318159e+02
1.817999999999999972e+01,2.776560889358258661e-04,-1.371133769470693562e-04,2.666448986635667779e+02,9.999999592143370419e-01,2.791636283789374602e+02
1.819999999999999929e+01,2.749274303504480456e-04,-1.357547588772499956e-04,2.666449116866611462e+02,9.999999599704370024e-01,2.791636400111693206e+02
1.821999999999999886e+01,2.722258079513872344e-04,-1.344097352572920284e-04,2.666449244827869620e+02,9.999999607124990808e-01,2.791636514406166611e+02
1.824000000000000199e+01,2.695509512283826483e-04,-1.330781684503295472e-04,2.666449370558906367e+02,9.999999614407844017e-01,2.791636626708066160e+02
1.826000000000000156e+01,2.669025924097527232e-04,-1.317599222330008326e-04,2.666449494098502555e+02,9.999999621555488716e-01,2.791636737052048716e+02
1.828000000000000114e+01,2.642804664342696098e-04,-1.304548617806763964e-04,2.666449615484764877e+02,9.999999628570441779e-01,2.791636845472173150e+02
1.830000000000000071e+01,2.616843109233331788e-04,-1.291628536528470538e-04,2.666449734755139502e+02,9.999999635455171232e-01,2.791636952001904888e+02
1.832000000000000028e+01,2.591138661534327201e-04,-1.278837657786665747e-04,2.666449851946423450e+02,9.999999642212096251e-01,2.791637056674128985e+02
1.833999999999999986e+01,2.565688750288972007e-04,-1.266174674426493504e-04,2.666449967094775388e+02,9.999999648843596045e-01,2.791637159521162062e+02
1.835999999999999943e+01,2.540490830549298564e-04,-1.253638292705199007e-04,2.666450080235727569e+02,9.999999655351999861e-01,2.791637260574756283e+02
1.837999999999999901e+01,2.515542383109236994e-04,-1.241227232152134939e-04,2.666450191404194925e+02,9.999999661739596979e-01,2.791637359866115844e+02
1.840000000000000213e+01,2.490840914240564246e-04,-1.228940225430260593e-04,2.666450300634485302e+02,9.999999668008636711e-01,2.791637457425903222e+02
1.842000000000000171e+01,2.466383955431615169e-04,-1.216776018199121633e-04,2.666450407960314237e+02,9.999999674161317298e-01,2.791637553284247133e+02
1.844000000000000128e+01,2.442169063128687284e-04,-1.204733368979275614e-04,2.666450513414810644e+02,9.999999680199808116e-01,2.791637647470754473e+02
1.846000000000000085e+01,2.418193818480181268e-04,-1.192811049018175913e-04,2.666450617030528178e+02,9.999999686126228582e-01,2.791637740014516567e+02
1.848000000000000043e+01,2.394455827083387704e-04,-1.181007842157476355e-04,2.666450718839457181e+02,9.999999691942662583e-01,2.791637830944123380e+02
1.850000000000000000e+01,2.370952718733916305e-04,-1.169322544701748018e-04,2.666450818873032063e+02,9.999999697651154040e-01,2.791637920287664656e+02
1.851999999999999957e+01,2.347682147177740776e-04,-1.157753965288595339e-04,2.666450917162140968e+02,9.999999703253711347e-01,2.791638008072745833e+02
1.853999999999999915e+01,2.324641789865823259e-04,-1.146300924760151863e-04,2.666451013737135440e+02,9.999999708752300709e-01,2.791638094326490318e+02
1.855999999999999872e+01,2.301829347711296958e-04,-1.134962256035944257e-04,2.666451108627844633e+02,9.999999714148857244e-01,2.791638179075550852e+02
1.858000000000000185e+01,2.279242544849177665e-04,-1.123736803987105477e-04,2.666451201863574738e+02,9.999999719445277213e-01,2.791638262346120882e+02
1.860000000000000142e+01,2.256879128398591448e-04,-1.112623425311933976e-04,2.666451293473124906e+02,9.999999724643420240e-01,2.791638344163933994e+02
1.862000000000000099e+01,2.234736868227442603e-04,-1.101620988412757877e-04,2.666451383484796338e+02,9.999999729745113752e-01,2.791638424554282096e+02
1.864000000000000057e+01,2.212813556719566332e-04,-1.090728373274124050e-04,2.666451471926397403e+02,9.999999734752150760e-01,2.791638503542012586e+02
1.866000000000000014e+01,2.191107008544291874e-04,-1.079944471342272639e-04,2.666451558825252732e+02,9.999999739666288745e-01,2.791638581151545964e+02
1.867999999999999972e+01,2.169615060428401170e-04,-1.069268185405893934e-04,2.666451644208214020e+02,9.999999744489254105e-01,2.791638657406875268e+02
1.869999999999999929e+01,2.148335570930463574e-04,-1.058698429478150912e-04,2.666451728101667413e+02,9.999999749222743262e-01,2.791638732331579718e+02
1.871999999999999886e+01,2.127266420217515405e-04,-1.048234128679951453e-04,2.666451810531538058e+02,9.999999753868417107e-01,2.791638805948826985e+02
1.874000000000000199e+01,2.106405509844055642e-04,-1.037874219124458857e-04,2.666451891523304312e+02,9.999999758427907670e-01,2.791638878281383995e+02
1.876000000000000156e+01,2.085750762533361796e-04,-1.027617647802836584e-04,2.666451971101999447e+02,9.999999762902815892e-01,2.791638949351618066e+02
1.878000000000000114e+01,2.065300121961041149e-04,-1.017463372471185079e-04,2.666452049292225297e+02,9.999999767294713848e-01,2.791639019181514527e+02
1.880000000000000071e+01,2.045051552540863690e-04,-1.007410361538696556e-04,2.666452126118151682e+02,9.999999771605143639e-01,2.791639087792671603e+02
1.882000000000000028e+01,2.025003039212810074e-04,-9.974575939569861485e-05,2.666452201603532899e+02,9.999999775835621829e-01,2.791639155206314058e+02
1.883999999999999986e+01,2.005152587233316182e-04,-9.876040591105965708e-05,2.666452275771709992e+02,9.999999779987628346e-01,2.791639221443298311e+02
1.885999999999999943e+01,1.985498221967700984e-04,-9.778487567086631437e-05,2.666452348645615302e+02,9.999999784062623132e-01,2.791639286524118688e+02
1.887999999999999901e+01,1.966037988684750349e-04,-9.681906966777260458e-05,2.666452420247787813e+02,9.999999788062038375e-01,2.791639350468911402e+02
1.890000000000000213e+01,1.946769952353424524e-04,-9.586288990556758247e-05,2.666452490600371448e+02,9.999999791987277398e-01,2.791639413297464785e+02
1.892000000000000171e+01,1.927692197441699873e-04,-9.491623938868295964e-05,2.666452559725126434e+02,9.999999795839716876e-01,2.791639475029222695e+02
1.894000000000000128e+01,1.908802827717458672e-04,-9.397902211181012047e-05,2.666452627643434994e+02,9.999999799620707952e-01,2.791639535683290205e+02
1.896000000000000085e+01,1.890099966051479816e-04,-9.305114304962863465e-05,2.666452694376308159e+02,9.999999803331581782e-01,2.791639595278442130e+02
1.898000000000000043e+01,1.871581754222455089e-04,-9.213250814664239040e-05,2.666452759944392028e+02,9.999999806973638439e-01,2.791639653833126431e+02
1.900000000000000000e+01,1.853246352724031802e-04,-9.122302430712364639e-05,2.666452824367972880e+02,9.999999810548156898e-01,2.791639711365469907e+02
1.901999999999999957e+01,1.835091940573856063e-04,-9.032259938516315934e-05,2.666452887666987408e+02,9.999999814056389491e-01,2.791639767893282738e+02
1.903999999999999915e+01,1.817116715124593082e-04,-8.943114217482557408e-05,2.666452949861021580e+02,9.999999817499568566e-01,2.791639823434069854e+02
1.905999999999999872e+01,1.799318891876913414e-04,-8.854856240040886995e-05,2.666453010969324282e+02,9.999999820878903156e-01,2.791639878005027526e+02
1.908000000000000185e+01,1.781696704294390100e-04,-8.767477070680577630e-05,2.666453071010809026e+02,9.999999824195577869e-01,2.791639931623056441e+02
1.910000000000000142e+01,1.764248403620408362e-04,-8.680967864997135867e-05,2.666453130004059631e+02,9.999999827450756218e-01,2.791639984304759992e+02
1.912000000000000099e+01,1.746972258696729522e-04,-8.595319868747922478e-05,2.666453187967339318e+02,9.999999830645579513e-01,2.791640036066456787e+02
1.914000000000000057e+01,1.729866555784394895e-04,-8.510524416920082819e-05,2.666453244918590713e+02,9.999999833781171299e-01,2.791640086924178377e+02
1.916000000000000014e+01,1.712929598385898745e-04,-8.426572932805317159e-05,2.666453300875447212e+02,9.999999836858629587e-01,2.791640136893680619e+02
1.917999999999999972e+01,1.696159707069518801e-04,-8.343456927086044615e-05,2.666453355855234690e+02,9.999999839879033514e-01,2.791640185990442546e+02
1.919999999999999929e+01,1.679555219295694290e-04,-8.261167996932358964e-05,2.666453409874978320e+02,9.999999842843441122e-01,2.791640234229676025e+02
1.921999999999999886e+01,1.663114489244786327e-04,-8.179697825106423440e-05,2.666453462951405982e+02,9.999999845752894911e-01,2.791640281626327464e+02
1.924000000000000199e+01,1.646835887646652175e-04,-8.099038179076425482e-05,2.666453515100956793e+02,9.999999848608414066e-01,2.791640328195083498e+02
1.926000000000000156e+01,1.630717801612243984e-04,-8.019180910141248818e-05,2.666453566339781673e+02,9.999999851410998897e-01,2.791640373950375533e+02
1.928000000000000114e+01,1.614758634466959865e-04,-7.940117952564391089e-05,2.666453616683753012e+02,9.999999854161631951e-01,2.791640418906383729e+02
1.930000000000000071e+01,1.598956805585340741e-04,-7.861841322715107676e-05,2.666453666148466937e+02,9.999999856861282455e-01,2.791640463077042114e+02
1.932000000000000028e+01,1.583310750227684600e-04,-7.784343118219646737e-05,2.666453714749245592e+02,9.999999859510888545e-01,2.791640506476041992e+02
1.933999999999999986e+01,1.567818919378591443e-04,-7.707615517122656779e-05,2.666453762501148503e+02,9.999999862111386140e-01,2.791640549116837065e+02
1.935999999999999943e+01,1.552479779586906587e-04,-7.631650777056063018e-05,2.666453809418971446e+02,9.999999864663683402e-01,2.791640591012646269e+02
1.937999999999999901e+01,1.537291812807198646e-04,-7.556441234416058997e-05,2.666453855517252691e+02,9.999999867168677392e-01,2.791640632176458325e+02
1.940000000000000213e+01,1.522253516243107774e-04,-7.481979303549945472e-05,2.666453900810279833e+02,9.999999869627244076e-01,2.791640672621037425e+02
1.942000000000000171e+01,1.507363402192466026e-04,-7.408257475952358486e-05,2.666453945312086944e+02,9.999999872040244986e-01,2.791640712358923793e+02
1.944000000000000128e+01,1.492619997893584593e-04,-7.335268319467671974e-05,2.666453989036469920e+02,9.999999874408527223e-01,2.791640751402441651e+02
1.946000000000000085e+01,1.478021845373287150e-04,-7.263004477501656746e-05,2.666454031996981939e+02,9.999999876732920123e-01,2.791640789763698649e+02
1.948000000000000043e+01,1.463567501296725629e-04,-7.191458668242481226e-05,2.666454074206940277e+02,9.999999879014238591e-01,2.791640827454593818e+02
1.950000000000000000e+01,1.449255536818643399e-04,-7.120623683889411380e-05,2.666454115679429719e+02,9.999999881253281986e-01,2.791640864486817577e+02
1.951999999999999957e+01,1.435084537435918079e-04,-7.050492389888277426e-05,2.666454156427310522e+02,9.999999883450834126e-01,2.791640900871857411e+02
1.953999999999999915e+01,1.421053102841842873e-04,-6.981057724176097979e-05,2.666454196463215567e+02,9.999999885607665506e-01,2.791640936621001288e+02
1.955999999999999872e+01,1.407159846782101418e-04,-6.912312696434624480e-05,2.666454235799561729e+02,9.999999887724531078e-01,2.791640971745340494e+02
1.958000000000000185e+01,1.393403396911891085e-04,-6.844250387349972049e-05,2.666454274448545902e+02,9.999999889802174691e-01,2.791641006255771913e+02
1.960000000000000142e+01,1.379782394654544637e-04,-6.776863947880181296e-05,2.666454312422156363e+02,9.999999891841321320e-01,2.791641040163006551e+02
1.962000000000000099e+01,1.366295495061621806e-04,-6.710146598530509121e-05,2.666454349732169931e+02,9.999999893842687060e-01,2.791641073477564987e+02
1.964000000000000057e+01,1.352941366675617307e-04,-6.644091628642338461e-05,2.666454386390159925e+02,9.999999895806972461e-01,2.791641106209785903e+02
1.966000000000000014e+01,1.339718691390619990e-04,-6.578692395671847742e-05,2.666454422407499010e+02,9.999999897734863641e-01,2.791641138369828923e+02
1.967999999999999972e+01,1.326626164319861015e-04,-6.513942324504095791e-05,2.666454457795359758e+02,9.999999899627040056e-01,2.791641169967676888e+02
1.969999999999999929e+01,1.313662493657384556e-04,-6.449834906737339989e-05,2.666454492564722614e+02,9.999999901484160070e-01,2.791641201013137561e+02
1.971999999999999886e+01,1.300826400550381915e-04,-6.386363700021984650e-05,2.666454526726375320e+02,9.999999903306876492e-01,2.791641231515847608e+02
1.974000000000000199e+01,1.288116618967955623e-04,-6.323522327381539778e-05,2.666454560290918607e+02,9.999999905095827701e-01,2.791641261485278847e+02
1.976000000000000156e+01,1.275531895564042137e-04,-6.261304476504032609e-05,2.666454593268767894e+02,9.999999906851637643e-01,2.791641290930734840e+02
1.978000000000000114e+01,1.263070989549522599e-04,-6.199703899080496561e-05,2.666454625670159544e+02,9.999999908574923602e-01,2.791641319861360557e+02
1.980000000000000071e+01,1.250732672574118257e-04,-6.138714410193539485e-05,2.666454657505148589e+02,9.999999910266288428e-01,2.791641348286138395e+02
1.982000000000000028e+01,1.238515728597266324e-04,-6.078329887649948110e-05,2.666454688783617826e+02,9.999999911926323870e-01,2.791641376213895001e+02
1.983999999999999986e+01,1.226418953756451210e-04,-6.018544271300570056e-05,2.666454719515275542e+02,9.999999913555610576e-01,2.791641403653305247e+02
1.985999999999999943e+01,1.214441156244098791e-04,-5.959351562404046395e-05,2.666454749709662906e+02,9.999999915154720309e-01,2.791641430612892805e+02
1.987999999999999901e+01,1.202581156193133579e-04,-5.900745823034862341e-05,2.666454779376154534e+02,9.999999916724211513e-01,2.791641457101029573e+02
1.990000000000000213e+01,1.190837785556346870e-04,-5.842721175460071948e-05,2.666454808523961333e+02,9.999999918264632637e-01,2.791641483125944774e+02
1.992000000000000171e+01,1.179209887978595052e-04,-5.785271801479716260e-05,2.666454837162135050e+02,9.999999919776524360e-01,2.791641508695724951e+02
1.994000000000000128e+01,1.167696318678191687e-04,-5.728391941814295845e-05,2.666454865299567700e+02,9.999999921260416258e-01,2.791641533818312837e+02
1.996000000000000085e+01,1.156295944335680292e-04,-5.672075895529983042e-05,2.666454892944997823e+02,9.999999922716827916e-01,2.791641558501515306e+02
1.998000000000000043e+01,1.145007642981174349e-04,-5.616318019456724561e-05,2.666454920107011617e+02,9.999999924146265595e-01,2.791641582753001103e+02
2.000000000000000000e+01,1.133830303870724242e-04,-5.561112727550710270e-05,2.666454946794047487e+02,9.999999925549233337e-01,2.791641606580307666e+02
2.001999999999999957e+01,1.122762827371980276e-04,-5.506454490304340892e-05,2.666454973014392635e+02,9.999999926926219640e-01,2.791641629990839988e+02
2.003999999999999915e+01,1.111804124855976424e-04,-5.452337834187539301e-05,2.666454998776194998e+02,9.999999928277708561e-01,2.791641652991873457e+02
2.005999999999999872e+01,1.100953118591605748e-04,-5.398757341102900984e-05,2.666455024087455854e+02,9.999999929604169724e-01,2.791641675590558407e+02
2.008000000000000185e+01,1.090208741626667692e-04,-5.345707647772741694e-05,2.666455048956040628e+02,9.999999930906070533e-01,2.791641697793918411e+02
2.010000000000000142e+01,1.079569937677445486e-04,-5.293183445169732075e-05,2.666455073389676613e+02,9.999999932183862850e-01,2.791641719608857102e+02
2.012000000000000099e+01,1.069035661023545850e-04,-5.241179477974456399e-05,2.666455097395955818e+02,9.999999933437997424e-01,2.791641741042154763e+02
2.014000000000000057e+01,1.058604876408415042e-04,-5.189690544062006930e-05,2.666455120982338940e+02,9.999999934668910573e-01,2.791641762100477990e+02
2.016000000000000014e+01,1.048276558925723687e-04,-5.138711493916888119e-05,2.666455144156157075e+02,9.999999935877033064e-01,2.791641782790372304e+02
2.017999999999999972e+01,1.038049693912420669e-04,-5.088237230082034545e-05,2.666455166924611149e+02,9.999999937062787891e-01,2.791641803118272378e+02
2.019999999999999929e+01,1.027923276846858647e-04,-5.038262706633769757e-05,2.666455189294779871e+02,9.999999938226589169e-01,2.791641823090500907e+02
2.021999999999999886e+01,1.017896313254098076e-04,-4.988782928693383354e-05,2.666455211273616897e+02,9.999999939368844348e-01,2.791641842713266897e+02
2.024000000000000199e+01,1.007967818598330770e-04,-4.939792951873431644e-05,2.666455232867954805e+02,9.999999940489953110e-01,2.791641861992675331e+02
2.026000000000000156e+01,9.981368181790125228e-05,-4.891287881743064706e-05,2.666455254084506237e+02,9.999999941590307362e-01,2.791641880934722053e+02
2.028000000000000114e+01,9.884023470324285242e-05,-4.843262873321116466e-05,2.666455274929869574e+02,9.999999942670291242e-01,2.791641899545300589e+02
2.030000000000000071e+01,9.787634498407712209e-05,-4.795713130607481351e-05,2.666455295410525537e+02,9.999999943730283336e-01,2.791641917830199304e+02
2.032000000000000028e+01,9.692191808310179977e-05,-4.748633906062853097e-05,2.666455315532843997e+02,9.999999944770653348e-01,2.791641935795108793e+02
2.033999999999999986e+01,9.597686036738995276e-05,-4.702020500089084949e-05,2.666455335303081711e+02,9.999999945791765432e-01,2.791641953445615059e+02
2.035999999999999943e+01,9.504107913889850543e-05,-4.655868260540782326e-05,2.666455354727388567e+02,9.999999946793975969e-01,2.791641970787214291e+02
2.037999999999999901e+01,9.411448262567889678e-05,-4.610172582272650452e-05,2.666455373811804748e+02,9.999999947777635789e-01,2.791641987825299225e+02
2.040000000000000213e+01,9.319697997241599354e-05,-4.564928906652905094e-05,2.666455392562268685e+02,9.999999948743090172e-01,2.791642004565175057e+02
2.042000000000000171e+01,9.228848123060798313e-05,-4.520132721058607627e-05,2.666455410984610239e+02,9.999999949690673295e-01,2.791642021012050918e+02
2.044000000000000128e+01,9.138889734941982735e-05,-4.475779558405353032e-05,2.666455429084563775e+02,9.999999950620717115e-01,2.791642037171044421e+02
2.046000000000000085e+01,9.049814016715080809e-05,-4.431864996708226979e-05,2.666455446867757928e+02,9.999999951533549147e-01,2.791642053047186778e+02
2.048000000000000043e+01,8.961612240239971619e-05,-4.388384658627561021e-05,2.666455464339728678e+02,9.999999952429485806e-01,2.791642068645418249e+02
2.050000000000000000e+01,8.874275764454256127e-05,-4.345334210979968264e-05,2.666455481505909120e+02,9.999999953308841283e-01,2.791642083970596104e+02
2.051999999999999957e+01,8.787796034491845531e-05,-4.302709364285441622e-05,2.666455498371644239e+02,9.999999954171924221e-01,2.791642099027492350e+02
2.053999999999999915e+01,8.702164580852776818e-05,-4.260505872340561022e-05,2.666455514942181821e+02,9.999999955019033271e-01,2.791642113820794293e+02
2.055999999999999872e+01,8.617373018577283812e-05,-4.218719531793965234e-05,2.666455531222678701e+02,9.999999955850467082e-01,2.791642128355106820e+02
2.058000000000000185e+01,8.533413046326549585e-05,-4.177346181674670392e-05,2.666455547218203037e+02,9.999999956666513201e-01,2.791642142634957509e+02
2.060000000000000142e+01,8.450276445532202711e-05,-4.136381702955373011e-05,2.666455562933732608e+02,9.999999957467460288e-01,2.791642156664793788e+02
2.062000000000000099e+01,8.367955079588640854e-05,-4.095822018137573251e-05,2.666455578374161064e+02,9.999999958253584786e-01,2.791642170448982938e+02
2.064000000000000057e+01,8.286440893077418285e-05,-4.055663090853072340e-05,2.666455593544293947e+02,9.999999959025163143e-01,2.791642183991819479e+02
2.066000000000000014e+01,8.205725910885363966e-05,-4.015900925411739652e-05,2.666455608448854946e+02,9.999999959782464032e-01,2.791642197297521761e+02
2.067999999999999972e+01,8.125802237381967547e-05,-3.976531566379461262e-05,2.666455623092485325e+02,9.999999960525753906e-01,2.791642210370234238e+02
2.069999999999999929e+01,8.046662055635440210e-05,-3.937551098175789131e-05,2.666455637479743928e+02,9.999999961255289227e-01,2.791642223214030309e+02
2.071999999999999886e+01,7.968297626678255783e-05,-3.898955644696748524e-05,2.666455651615111719e+02,9.999999961971327567e-01,2.791642235832909478e+02
2.074000000000000199e+01,7.890701288668013503e-05,-3.860741368884772960e-05,2.666455665502990655e+02,9.999999962674117615e-01,2.791642248230805876e+02
2.076000000000000156e+01,7.813865456089547881e-05,-3.822904472319642858e-05,2.666455679147705382e+02,9.999999963363905842e-01,2.791642260411580878e+02
2.078000000000000114e+01,7.737782618996194540e-05,-3.785441194829373512e-05,2.666455692553506083e+02,9.999999964040929834e-01,2.791642272379029919e+02
2.080000000000000071e+01,7.662445342307660882e-05,-3.748347814129850684e-05,2.666455705724569611e+02,9.999999964705430511e-01,2.791642284136882495e+02
2.082000000000000028e+01,7.587846265018280683e-05,-3.711620645419214982e-05,2.666455718664997789e+02,9.999999965357638798e-01,2.791642295688803870e+02
2.083999999999999986e+01,7.513978099421106155e-05,-3.675256040980399449e-05,2.666455731378821383e+02,9.999999965997780071e-01,2.791642307038392801e+02
2.085999999999999943e+01,7.440833630375515834e-05,-3.639250389805791637e-05,2.666455743870002948e+02,9.999999966626079706e-01,2.791642318189190064e+02
2.087999999999999901e+01,7.368405714630593814e-05,-3.603600117250208284e-05,2.666455756142433984e+02,9.999999967242756416e-01,2.791642329144667087e+02
2.090000000000000213e+01,7.296687280082634220e-05,-3.568301684650649339e-05,2.666455768199937779e+02,9.999999967848024474e-01,2.791642339908242434e+02
2.092000000000000171e+01,7.225671325020381998e-05,-3.533351588939963534e-05,2.666455780046271684e+02,9.999999968442098153e-01,2.791642350483270434e+02
2.094000000000000128e+01,7.155350917418886619e-05,-3.498746362285220195e-05,2.666455791685128247e+02,9.999999969025181734e-01,2.791642360873048574e+02
2.096000000000000085e+01,7.085719194283874179e-05,-3.464482571751712283e-05,2.666455803120134078e+02,9.999999969597481719e-01,2.791642371080815224e+02
2.098000000000000043e+01,7.016769360957881055e-05,-3.430556818947711454e-05,2.666455814354854965e+02,9.999999970159193508e-01,2.791642381109754751e+02
2.100000000000000000e+01,6.948494690387040497e-05,-3.396965739649458787e-05,2.666455825392790189e+02,9.999999970710518049e-01,2.791642390962993545e+02
2.101999999999999957e+01,6.880888522440617016e-05,-3.363706003452925146e-05,2.666455836237381618e+02,9.999999971251644082e-01,2.791642400643604560e+02
2.103999999999999915e+01,6.813944263273541586e-05,-3.330774313447370106e-05,2.666455846892010300e+02,9.999999971782761454e-01,2.791642410154608456e+02
2.105999999999999872e+01,6.747655384678320311e-05,-3.298167405883649269e-05,2.666455857359998163e+02,9.999999972304055573e-01,2.791642419498969048e+02
2.108000000000000185e+01,6.682015423375226232e-05,-3.265882049811422600e-05,2.666455867644607451e+02,9.999999972815710736e-01,2.791642428679602972e+02
2.110000000000000142e+01,6.617017980356122557e-05,-3.233915046743566748e-05,2.666455877749046408e+02,9.999999973317901247e-01,2.791642437699373431e+02
2.112000000000000099e+01,6.552656720263903280e-05,-3.202263230338665086e-05,2.666455887676465295e+02,9.999999973810804743e-01,2.791642446561093607e+02
2.114000000000000057e+01,6.488925370785623222e-05,-3.170923466090498307e-05,2.666455897429960373e+02,9.999999974294593308e-01,2.791642455267529499e+02
2.116000000000000014e+01,6.425817721968938364e-05,-3.139892650978892024e-05,2.666455907012572766e+02,9.999999974769435696e-01,2.791642463821396518e+02
2.117999999999999972e+01,6.363327625588166071e-05,-3.109167713145729375e-05,2.666455916427291868e+02,9.999999975235498439e-01,2.791642472225364031e+02
2.119999999999999929e+01,6.301448994540971300e-05,-3.078745611586512445e-05,2.666455925677053074e+02,9.999999975692938081e-01,2.791642480482054793e+02
2.121999999999999886e+01,6.240175802276458090e-05,-3.048623335857841138e-05,2.666455934764742892e+02,9.999999976141923375e-01,2.791642488594043812e+02
2.124000000000000199e+01,6.179502082141565054e-05,-3.018797905743757066e-05,2.666455943693194968e+02,9.999999976582604200e-01,2.791642496563864029e+02
2.126000000000000156e+01,6.119421926767081694e-05,-2.989266370942178394e-05,2.666455952465196333e+02,9.999999977015137098e-01,2.791642504394002913e+02
2.128000000000000114e+01,6.059929487482652882e-05,-2.960025810766038154e-05,2.666455961083482293e+02,9.999999977439671950e-01,2.791642512086904162e+02
2.130000000000000071e+01,6.001018973772751289e-05,-2.931073333865174868e-05,2.666455969550741543e+02,9.999999977856358635e-01,2.791642519644968843e+02
2.132000000000000028e+01,5.942684652657206272e-05,-2.902406077910237134e-05,2.666455977869617868e+02,9.999999978265340372e-01,2.791642527070555957e+02
2.133999999999999986e+01,5.884920848094675840e-05,-2.874021209288257271e-05,2.666455986042705604e+02,9.999999978666759270e-01,2.791642534365984716e+02
2.135999999999999943e+01,5.827721940417163394e-05,-2.845915922813963518e-05,2.666455994072555882e+02,9.999999979060756328e-01,2.791642541533531698e+02
2.137999999999999901e+01,5.771082365807765667e-05,-2.818087441462961947e-05,2.666456001961675497e+02,9.999999979447470322e-01,2.791642548575435967e+02
2.140000000000000213e+01,5.714996615717924229e-05,-2.790533016074489561e-05,2.666456009712525770e+02,9.999999979827034480e-01,2.791642555493895088e+02
2.142000000000000171e+01,5.659459236287028340e-05,-2.763249925055437264e-05,2.666456017327525956e+02,9.999999980199580918e-01,2.791642562291069112e+02
2.144000000000000128e+01,5.604464827796761070e-05,-2.736235474101972147e-05,2.666456024809053247e+02,9.999999980565239532e-01,2.791642568969081708e+02
2.146000000000000085e+01,5.550008044166347627e-05,-2.709486995941840247e-05,2.666456032159442771e+02,9.999999980924140219e-01,2.791642575530018462e+02
2.148000000000000043e+01,5.496083592407082397e-05,-2.683001850056211432e-05,2.666456039380989864e+02,9.999999981276405103e-01,2.791642581975928010e+02
2.150000000000000000e+01,5.442686232057784195e-05,-2.656777422392002957e-05,2.666456046475948938e+02,9.999999981622158529e-01,2.791642588308823747e+02
2.151999999999999957e+01,5.389810774658876900e-05,-2.630811125093736953e-05,2.666456053446535179e+02,9.999999981961520401e-01,2.791642594530684391e+02
2.153999999999999915e+01,5.337452083262233171e-05,-2.605100396253481394e-05,2.666456060294925692e+02,9.999999982294608403e-01,2.791642600643452283e+02
2.155999999999999872e+01,5.285605071921718685e-05,-2.579642699651132513e-05,2.666456067023257788e+02,9.999999982621540218e-01,2.791642606649037361e+02
2.158000000000000185e+01,5.234264705145405094e-05,-2.554435524475468902e-05,2.666456073633634674e+02,9.999999982942429089e-01,2.791642612549317164e+02
2.160000000000000142e+01,5.183425997388580819e-05,-2.529476385065824751e-05,2.666456080128117492e+02,9.999999983257386038e-01,2.791642618346133418e+02
2.162000000000000099e+01,5.133084012576667542e-05,-2.504762820668886029e-05,2.666456086508737826e+02,9.999999983566520978e-01,2.791642624041298859e+02
2.164000000000000057e+01,5.083233863628992529e-05,-2.480292395195978945e-05,2.666456092777487470e+02,9.999999983869942710e-01,2.791642629636592119e+02
2.166000000000000014e+01,5.033870711929556345e-05,-2.456062696953740921e-05,2.666456098936325247e+02,9.999999984167757816e-01,2.791642635133762269e+02
2.167999999999999972e+01,4.984989766837640940e-05,-2.432071338394921803e-05,2.666456104987173603e+02,9.999999984460066216e-01,2.791642640534526549e+02
2.169999999999999929e+01,4.936586285223500061e-05,-2.408315955881870236e-05,2.666456110931924286e+02,9.999999984746974491e-01,2.791642645840574346e+02
2.171999999999999886e+01,4.888655571021246479e-05,-2.384794209458730935e-05,2.666456116772433802e+02,9.999999985028578120e-01,2.791642651053562076e+02
2.174000000000000199e+01,4.841192974720641705e-05,-2.361503782592959023e-05,2.666456122510527393e+02,9.999999985304978134e-01,2.791642656175120010e+02
2.176000000000000156e+01,4.794193892893745519e-05,-2.338442381934450291e-05,2.666456128147997333e+02,9.999999985576271122e-01,2.791642661206850562e+02
2.178000000000000114e+01,4.747653767743841789e-05,-2.315607737085931234e-05,2.666456133686606336e+02,9.999999985842550343e-01,2.791642666150323748e+02
2.180000000000000071e+01,4.701568086682369227e-05,-2.292997600387496570e-05,2.666456139128084715e+02,9.999999986103906835e-01,2.791642671007087984e+02
2.182000000000000028e+01,4.655932381844833933e-05,-2.270609746670507878e-05,2.666456144474132657e+02,9.999999986360436077e-01,2.791642675778660418e+02
2.183999999999999986e+01,4.610742229631552871e-05,-2.248441973024052732e-05,2.666456149726422495e+02,9.999999986612224667e-01,2.791642680466532624e+02
2.185999999999999943e+01,4.565993250270900645e-05,-2.226492098572779808e-05,2.666456154886594163e+02,9.999999986859359202e-01,2.791642685072170593e+02
2.187999999999999901e+01,4.521681107414991530e-05,-2.204757964271086148e-05,2.666456159956260308e+02,9.999999987101926280e-01,2.791642689597015305e+02
2.190000000000000213e+01,4.477801507682525634e-05,-2.183237432670799059e-05,2.666456164937007429e+02,9.999999987340013607e-01,2.791642694042481594e+02
2.192000000000000171e+01,4.434350200212123345e-05,-2.161928387694198725e-05,2.666456169830392469e+02,9.999999987573701121e-01,2.791642698409958712e+02
2.194000000000000128e+01,4.391322976240418901e-05,-2.140828734419537949e-05,2.666456174637943946e+02,9.999999987803069867e-01,2.791642702700813743e+02
2.196000000000000085e+01,4.348715668712578380e-05,-2.119936398882902849e-05,2.666456179361165937e+02,9.999999988028199782e-01,2.791642706916388761e+02
2.198000000000000043e+01,4.306524151853324264e-05,-2.099249327860285848e-05,2.666456184001535803e+02,9.999999988249171912e-01,2.791642711058001396e+02
2.200000000000000000e+01,4.264744340732181212e-05,-2.078765488646809590e-05,2.666456188560502483e+02,9.999999988466061751e-01,2.791642715126948247e+02
2.201999999999999957e+01,4.223372190856607513e-05,-2.058482868850017351e-05,2.666456193039494451e+02,9.999999988678942575e-01,2.791642719124502037e+02
2.203999999999999915e+01,4.182403697794532128e-05,-2.038399476197982478e-05,2.666456197439910056e+02,9.999999988887890989e-01,2.791642723051913322e+02
2.205999999999999872e+01,4.141834896773343545e-05,-2.018513338335633887e-05,2.666456201763126614e+02,9.999999989092979158e-01,2.791642726910411625e+02
2.208000000000000185e+01,4.101661862257313174e-05,-1.998822502610313076e-05,2.666456206010496430e+02,9.999999989294279246e-01,2.791642730701202026e+02
2.210000000000000142e+01,4.061880707555383179e-05,-1.979325035872627527e-05,2.666456210183347935e+02,9.999999989491858976e-01,2.791642734425473691e+02
2.212000000000000099e+01,4.022487584454050198e-05,-1.960019024289950997e-05,2.666456214282986252e+02,9.999999989685790514e-01,2.791642738084389634e+02
2.214000000000000057e+01,3.983478682842814153e-05,-1.940902573156238865e-05,2.666456218310693203e+02,9.999999989876137141e-01,2.791642741679096389e+02
2.216000000000000014e+01,3.944850230304801125e-05,-1.921973806684406811e-05,2.666456222267730141e+02,9.999999990062968802e-01,2.791642745210717180e+02
2.217999999999999972e+01,3.906598491738382222e-05,-1.903230867814324705e-05,2.666456226155335116e+02,9.999999990246349890e-01,2.791642748680360455e+02
2.219999999999999929e+01,3.868719768999748031e-05,-1.884671918031372324e-05,2.666456229974723442e+02,9.999999990426342578e-01,2.791642752089109649e+02
2.221999999999999886e+01,3.831210400552188193e-05,-1.866295137188396757e-05,2.666456233727090535e+02,9.999999990603011257e-01,2.791642755438032282e+02
2.224000000000000199e+01,3.794066761071515669e-05,-1.848098723305713695e-05,2.666456237413611348e+02,9.999999990776414771e-01,2.791642758728178251e+02
2.226000000000000156e+01,3.757285261080501557e-05,-1.830080892385717664e-05,2.666456241035437529e+02,9.999999990946617512e-01,2.791642761960575285e+02
2.228000000000000114e+01,3.720862346601096232e-05,-1.812239878236456588e-05,2.666456244593705378e+02,9.999999991113676101e-01,2.791642765136236903e+02
2.230000000000000071e+01,3.684794498824129190e-05,-1.794573932304009388e-05,2.666456248089527321e+02,9.999999991277648270e-01,2.791642768256156728e+02
2.232000000000000028e+01,3.649078233731657038e-05,-1.777081323481158854e-05,2.666456251523996457e+02,9.999999991438591751e-01,2.791642771321311898e+02
2.233999999999999986e+01,3.613710101742810207e-05,-1.759760337927902658e-05,2.666456254898189400e+02,9.999999991596563165e-01,2.791642774332662498e+02
2.235999999999999943e+01,3.578686687376419053e-05,-1.742609278900419102e-05,2.666456258213161163e+02,9.999999991751615802e-01,2.791642777291150992e+02
2.237999999999999901e+01,3.544004608936979439e-05,-1.725626466591762584e-05,2.666456261469950846e+02,9.999999991903806285e-01,2.791642780197703928e+02
2.240000000000000213e+01,3.509660518156341541e-05,-1.708810237950414234e-05,2.666456264669575944e+02,9.999999992053185682e-01,2.791642783053231938e+02
2.242000000000000171e+01,3.475651099849633537e-05,-1.692158946506009626e-05,2.666456267813041450e+02,9.999999992199806176e-01,2.791642785858629736e+02
2.244000000000000128e+01,3.441973071588884234e-05,-1.675670962203976944e-05,2.666456270901329049e+02,9.999999992343718835e-01,2.791642788614775554e+02
2.246000000000000085e+01,3.408623183401706340e-05,-1.659344671252771535e-05,2.666456273935406216e+02,9.999999992484973621e-01,2.791642791322533412e+02
2.248000000000000043e+01,3.375598217433994393e-05,-1.643178475953116445e-05,2.666456276916223942e+02,9.999999992623621603e-01,2.791642793982750277e+02
2.250000000000000000e+01,3.342894987614983537e-05,-1.627170794528467074e-05,2.666456279844715027e+02,9.999999992759706080e-01,2.791642796596260041e+02
2.251999999999999957e+01,3.310510339342236617e-05,-1.611320060965505053e-05,2.666456282721796356e+02,9.999999992893279233e-01,2.791642799163881818e+02
2.253999999999999915e+01,3.278441149190434252e-05,-1.595624724866579340e-05,2.666456285548369465e+02,9.999999993024386580e-01,2.791642801686420512e+02
2.255999999999999872e+01,3.246684324595487106e-05,-1.580083251289835867e-05,2.666456288325319406e+02,9.999999993153072531e-01,2.791642804164665108e+02
2.258000000000000185e+01,3.215236803528607779e-05,-1.564694120584346306e-05,2.666456291053516452e+02,9.999999993279382604e-01,2.791642806599393793e+02
2.260000000000000142e+01,3.184095554192568179e-05,-1.549455828236395981e-05,2.666456293733814391e+02,9.999999993403357879e-01,2.791642808991368838e+02
2.262000000000000099e+01,3.153257574738871155e-05,-1.534366884726269574e-05,2.666456296367053369e+02,9.999999993525047204e-01,2.791642811341340007e+02
2.264000000000000057e+01,3.122719892972679453e-05,-1.519425815378942759e-05,2.666456298954059321e+02,9.999999993644487217e-01,2.791642813650042854e+02
2.266000000000000014e+01,3.092479566036362857e-05,-1.504631160204109867e-05,2.666456301495641696e+02,9.999999993761724548e-01,2.791642815918202132e+02
2.267999999999999972e+01,3.062533680116567760e-05,-1.489981473748020547e-05,2.666456303992596872e+02,9.999999993876794724e-01,2.791642818146529521e+02
2.269999999999999929e+01,3.032879350168909104e-05,-1.475475324954169778e-05,2.666456306445707582e+02,9.999999993989741043e-01,2.791642820335720216e+02
2.271999999999999886e+01,3.003513719642136463e-05,-1.461111297023755293e-05,2.666456308855742918e+02,9.999999994100601253e-01,2.791642822486463729e+02
2.274000000000000199e+01,2.974433960172150854e-05,-1.446887987261084238e-05,2.666456311223456623e+02,9.999999994209416432e-01,2.791642824599433652e+02
2.276000000000000156e+01,2.945637271299232266e-05,-1.432804006930627891e-05,2.666456313549592778e+02,9.999999994316222107e-01,2.791642826675291076e+02
2.278000000000000114e+01,2.917120880199921212e-05,-1.418857981121441508e-05,2.666456315834878410e+02,9.999999994421057137e-01,2.791642828714688562e+02
2.280000000000000071e+01,2.888882041428171893e-05,-1.405048548616248936e-05,2.666456318080030314e+02,9.999999994523953717e-01,2.791642830718265031e+02
2.282000000000000028e+01,2.860918036621267448e-05,-1.391374361742934196e-05,2.666456320285754487e+02,9.999999994624952926e-01,2.791642832686648035e+02
2.283999999999999986e+01,2.833226174226239822e-05,-1.377834086236324676e-05,2.666456322452739300e+02,9.999999994724086960e-01,2.791642834620456028e+02
2.285999999999999943e+01,2.805803789239290930e-05,-1.364426401106506479e-05,2.666456324581665740e+02,9.999999994821391347e-01,2.791642836520293258e+02
2.287999999999999901e+01,2.778648242960985902e-05,-1.351149998515052579e-05,2.666456326673200579e+02,9.999999994916899393e-01,2.791642838386757717e+02
2.290000000000000213e+01,2.751756922715831643e-05,-1.338003583633473618e-05,2.666456328728000358e+02,9.999999995010644405e-01,2.791642840220434323e+02
2.292000000000000171e+01,2.725127241586867535e-05,-1.324985874509208491e-05,2.666456330746707977e+02,9.999999995102658579e-01,2.791642842021898332e+02
2.294000000000000128e+01,2.698756638163144579e-05,-1.312095601938090484e-05,2.666456332729957808e+02,9.999999995192974112e-01,2.791642843791713631e+02
2.296000000000000085e+01,2.672642576305932110e-05,-1.299331509346192791e-05,2.666456334678372286e+02,9.999999995281623200e-01,2.791642845530436716e+02
2.298000000000000043e+01,2.646782544883670345e-05,-1.286692352656087430e-05,2.666456336592559069e+02,9.999999995368635819e-01,2.791642847238612717e+02
2.300000000000000000e+01,2.621174057513745611e-05,-1.274176900156543284e-05,2.666456338473122401e+02,9.999999995454043056e-01,2.791642848916777098e+02
2.301999999999999957e+01,2.595814652318483191e-05,-1.261783932379359041e-05,2.666456340320649474e+02,9.999999995537873776e-01,2.791642850565456797e+02
2.303999999999999915e+01,2.570701891699965315e-05,-1.249512241985624287e-05,2.666456342135721229e+02,9.999999995620155735e-01,2.791642852185169090e+02
2.305999999999999872e+01,2.545833362091175583e-05,-1.237360633640179061e-05,2.666456343918906100e+02,9.999999995700920019e-01,2.791642853776421020e+02
2.308000000000000185e+01,2.521206673704573165e-05,-1.225327923884825048e-05,2.666456345670763994e+02,9.999999995780194384e-01,2.791642855339713947e+02
2.310000000000000142e+01,2.496819460296683028e-05,-1.213412941019556992e-05,2.666456347391844588e+02,9.999999995858003254e-01,2.791642856875537291e+02
2.312000000000000099e+01,2.472669378949867049e-05,-1.201614524992404874e-05,2.666456349082686756e+02,9.999999995934377717e-01,2.791642858384372516e+02
2.314000000000000057e+01,2.448754109839621361e-05,-1.189931527282068351e-05,2.666456350743821986e+02,9.999999996009343306e-01,2.791642859866695972e+02
2.316000000000000014e+01,2.425071355990071823e-05,-1.178362810774687525e-05,2.666456352375770962e+02,9.999999996082923337e-01,2.791642861322968088e+02
2.317999999999999972e+01,2.401618843046932262e-05,-1.166907249649362198e-05,2.666456353979046412e+02,9.999999996155148896e-01,2.791642862753650434e+02
2.319999999999999929e+01,2.378394319065282736e-05,-1.155563729271088269e-05,2.666456355554150264e+02,9.999999996226037746e-01,2.791642864159189230e+02
2.321999999999999886e+01,2.355395554292172432e-05,-1.144331146081137609e-05,2.666456357101578192e+02,9.999999996295620974e-01,2.791642865540027287e+02
2.324000000000000199e+01,2.332620340929586643e-05,-1.133208407477657583e-05,2.666456358621814502e+02,9.999999996363919674e-01,2.791642866896596615e+02
2.326000000000000156e+01,2.310066492915399642e-05,-1.122194431705284364e-05,2.666456360115337247e+02,9.999999996430958271e-01,2.791642868229325813e+02
2.328000000000000114e+01,2.287731845716634610e-05,-1.111288147750905535e-05,2.666456361582614818e+02,9.999999996496757859e-01,2.791642869538630407e+02
2.330000000000000071e+01,2.265614256125974809e-05,-1.100488495241077956e-05,2.666456363024107645e+02,9.999999996561345084e-01,2.791642870824922511e+02
2.332000000000000028e+01,2.243711602033108057e-05,-1.089794424326909217e-05,2.666456364440268203e+02,9.999999996624739929e-01,2.791642872088605714e+02
2.333999999999999986e+01,2.222021782213049130e-05,-1.079204895577432448e-05,2.666456365831541575e+02,9.999999996686965709e-01,2.791642873330078487e+02
2.335999999999999943e+01,2.200542716124915559e-05,-1.068718879878222916e-05,2.666456367198363751e+02,9.999999996748042408e-01,2.791642874549728504e+02
2.337999999999999901e+01,2.179272343720352841e-05,-1.058335358334841688e-05,2.666456368541163897e+02,9.999999996807992231e-01,2.791642875747940025e+02
2.340000000000000213e+01,2.158208625224479856e-05,-1.048053322162601408e-05,2.666456369860363793e+02,9.999999996866836272e-01,2.791642876925089354e+02
2.342000000000000171e+01,2.137349540930837100e-05,-1.037871772583336022e-05,2.666456371156377827e+02,9.999999996924594514e-01,2.791642878081545973e+02
2.344000000000000128e+01,2.116693091006015823e-05,-1.027789720727021624e-05,2.666456372429612998e+02,9.999999996981286943e-01,2.791642879217673112e+02
2.346000000000000085e+01,2.096237295307663517e-05,-1.017806187540086162e-05,2.666456373680467777e+02,9.999999997036933541e-01,2.791642880333826611e+02
2.348000000000000043e+01,2.075980193176450925e-05,-1.007920203680752920e-05,2.666456374909337796e+02,9.999999997091554294e-01,2.791642881430358898e+02
2.350000000000000000e+01,2.055919843236800093e-05,-9.981308094187838425e-06,2.666456376116606179e+02,9.999999997145165853e-01,2.791642882507613876e+02
2.351999999999999957e+01,2.036054323207822883e-05,-9.884370545403250316e-06,2.666456377302653209e+02,9.999999997197789314e-01,2.791642883565929196e+02
2.353999999999999915e+01,2.016381729728752568e-05,-9.788379982599986233e-06,2.666456378467851209e+02,9.999999997249441330e-01,2.791642884605638528e+02
2.355999999999999872e+01,1.996900178162959043e-05,-9.693327091223383050e-06,2.666456379612566820e+02,9.999999997300139665e-01,2.791642885627067585e+02
2.358000000000000185e+01,1.977607802403932199e-05,-9.599202649042280612e-06,2.666456380737158156e+02,9.999999997349904302e-01,2.791642886630537532e+02
2.360000000000000142e+01,1.958502754692714476e-05,-9.505997525230694019e-06,2.666456381841979919e+02,9.999999997398749674e-01,2.791642887616363282e+02
2.362000000000000099e+01,1.939583205449214593e-05,-9.413702679518759663e-06,2.666456382927378854e+02,9.999999997446695765e-01,2.791642888584856905e+02
2.364000000000000057e+01,1.920847343088594855e-05,-9.322309161269531994e-06,2.666456383993695454e+02,9.999999997493754789e-01,2.791642889536320240e+02
2.366000000000000014e+01,1.902293373832386877e-05,-9.231808108529756049e-06,2.666456385041264525e+02,9.999999997539947838e-01,2.791642890471052283e+02
2.367999999999999972e+01,1.883919521532378182e-05,-9.142190747144382593e-06,2.666456386070416897e+02,9.999999997585287126e-01,2.791642891389348051e+02
2.369999999999999929e+01,1.865724027506813655e-05,-9.053448389932652402e-06,2.666456387081473736e+02,9.999999997629792636e-01,2.791642892291495741e+02
2.371999999999999886e+01,1.847705150368822574e-05,-8.965572435825560911e-06,2.666456388074753363e+02,9.999999997673474361e-01,2.791642893177779001e+02
2.374000000000000199e+01,1.829861165842918414e-05,-8.878554368944206751e-06,2.666456389050569555e+02,9.999999997716353395e-01,2.791642894048476364e+02
2.376000000000000156e+01,1.812190366595134859e-05,-8.792385757746150251e-06,2.666456390009226425e+02,9.999999997758438619e-01,2.791642894903861816e+02
2.378000000000000114e+01,1.794691062073517976e-05,-8.707058254223534120e-06,2.666456390951027515e+02,9.999999997799747797e-01,2.791642895744203656e+02
2.380000000000000071e+01,1.777361578347762212e-05,-8.622563593097104496e-06,2.666456391876266707e+02,9.999999997840296473e-01,2.791642896569766776e+02
2.382000000000000028e+01,1.760200257931665514e-05,-8.538893590924854455e-06,2.666456392785236744e+02,9.999999997880095748e-01,2.791642897380810382e+02
2.383999999999999986e+01,1.743205459619095297e-05,-8.456040145278142172e-06,2.666456393678222412e+02,9.999999997919164496e-01,2.791642898177589132e+02
2.385999999999999943e+01,1.726375558328625999e-05,-8.373995233961095848e-06,2.666456394555504517e+02,9.999999997957508269e-01,2.791642898960354273e+02
2.387999999999999901e+01,1.709708944953079946e-05,-8.292750914254574124e-06,2.666456395417358181e+02,9.999999997995148160e-01,2.791642899729350233e+02
2.390000000000000213e+01,1.693204026188735689e-05,-8.212299322059112735e-06,2.666456396264055115e+02,9.999999998032090831e-01,2.791642900484821439e+02
2.392000000000000171e+01,1.676859224376643837e-05,-8.132632671098320514e-06,2.666456397095861917e+02,9.999999998068355156e-01,2.791642901227004927e+02
2.394000000000000128e+01,1.660672977351508928e-05,-8.053743252160022579e-06,2.666456397913038927e+02,9.999999998103948906e-01,2.791642901956132619e+02
2.396000000000000085e+01,1.644643738299504440e-05,-7.975623432382023513e-06,2.666456398715844784e+02,9.999999998138886514e-01,2.791642902672434730e+02
2.398000000000000043e+01,1.628769975595259272e-05,-7.898265654434393615e-06,2.666456399504529600e+02,9.999999998173180193e-01,2.791642903376136360e+02
2.400000000000000000e+01,1.613050172647879690e-05,-7.821662435746881684e-06,2.666456400279342915e+02,9.999999998206841045e-01,2.791642904067459199e+02
2.401999999999999957e+01,1.597482827754455654e-05,-7.745806367773698883e-06,2.666456401040529158e+02,9.999999998239880172e-01,2.791642904746620388e+02
2.403999999999999915e+01,1.582066453964335308e-05,-7.670690115311960461e-06,2.666456401788324797e+02,9.999999998272313118e-01,2.791642905413834228e+02
2.406000000000000227e+01,1.566799578924907049e-05,-7.596306415728349752e-06,2.666456402522967437e+02,9.999999998304145432e-01,2.791642906069308765e+02
2.408000000000000185e+01,1.551680744731794636e-05,-7.522648078207878722e-06,2.666456403244689000e+02,9.999999998335390439e-01,2.791642906713253183e+02
2.410000000000000142e+01,1.536708507787201426e-05,-7.449707983043284083e-06,2.666456403953713448e+02,9.999999998366060350e-01,2.791642907345868707e+02
2.412000000000000099e+01,1.521881438669251314e-05,-7.377479080979245064e-06,2.666456404650266450e+02,9.999999998396164047e-01,2.791642907967352585e+02
2.414000000000000057e+01,1.507198121987101544e-05,-7.305954392485993367e-06,2.666456405334565147e+02,9.999999998425713743e-01,2.791642908577903199e+02
2.416000000000000014e+01,1.492657156235029251e-05,-7.235127007027986615e-06,2.666456406006826683e+02,9.999999998454717209e-01,2.791642909177709839e+02
2.417999999999999972e+01,1.478257153655714081e-05,-7.164990082378418988e-06,2.666456406667260808e+02,9.999999998483186658e-01,2.791642909766964635e+02
2.419999999999999929e+01,1.463996740113642506e-05,-7.095536843984158268e-06,2.666456407316076138e+02,9.999999998511132082e-01,2.791642910345850623e+02
2.421999999999999886e+01,1.449874554959566972e-05,-7.026760584286338175e-06,2.666456407953476742e+02,9.999999998538561252e-01,2.791642910914550271e+02
2.424000000000000199e+01,1.435889250888535039e-05,-6.958654662009181031e-06,2.666456408579663275e+02,9.999999998565484161e-01,2.791642911473243203e+02
2.426000000000000156e+01,1.422039493808020417e-05,-6.891212501499121480e-06,2.666456409194832986e+02,9.999999998591911909e-01,2.791642912022105065e+02
2.428000000000000114e+01,1.408323962714766238e-05,-6.824427592107336410e-06,2.666456409799179141e+02,9.999999998617852270e-01,2.791642912561308663e+02
2.430000000000000071e+01,1.394741349568172600e-05,-6.758293487555211395e-06,2.666456410392891598e+02,9.999999998643313015e-01,2.791642913091023388e+02
2.432000000000000028e+01,1.381290359152572913e-05,-6.692803805244772022e-06,2.666456410976157940e+02,9.999999998668305246e-01,2.791642913611416361e+02
2.433999999999999986e+01,1.367969708949970074e-05,-6.627952225621194190e-06,2.666456411549160066e+02,9.999999998692836733e-01,2.791642914122651291e+02
2.435999999999999943e+01,1.354778129020052045e-05,-6.563732491571564872e-06,2.666456412112081011e+02,9.999999998716916361e-01,2.791642914624889045e+02
2.437999999999999901e+01,1.341714361881685007e-05,-6.500138407831095085e-06,2.666456412665096423e+02,9.999999998740550788e-01,2.791642915118287647e+02
2.440000000000000213e+01,1.328777162379960688e-05,-6.437163840317737389e-06,2.666456413208379672e+02,9.999999998763751119e-01,2.791642915603002848e+02
2.442000000000000171e+01,1.315965297563211926e-05,-6.374802715516414960e-06,2.666456413742102995e+02,9.999999998786522903e-01,2.791642916079187557e+02
2.444000000000000128e+01,1.303277546566153465e-05,-6.313049019893780268e-06,2.666456414266434081e+02,9.999999998808873913e-01,2.791642916546990705e+02
2.446000000000000085e+01,1.290712700498387681e-05,-6.251896799339680700e-06,2.666456414781538342e+02,9.999999998830815251e-01,2.791642917006560083e+02
2.448000000000000043e+01,1.278269562316914944e-05,-6.191340158529376642e-06,2.666456415287576647e+02,9.999999998852350247e-01,2.791642917458041211e+02
2.450000000000000000e+01,1.265946946706980989e-05,-6.131373260327248907e-06,2.666456415784709861e+02,9.999999998873488893e-01,2.791642917901574492e+02
2.451999999999999957e+01,1.253743679968576697e-05,-6.071990325218665796e-06,2.666456416273093168e+02,9.999999998894237851e-01,2.791642918337301467e+02
2.453999999999999915e+01,1.241658599910574908e-05,-6.013185630779835333e-06,2.666456416752881751e+02,9.999999998914604893e-01,2.791642918765358559e+02
2.456000000000000227e+01,1.229690555729538293e-05,-5.954953511071715078e-06,2.666456417224225675e+02,9.999999998934594458e-01,2.791642919185880487e+02
2.458000000000000185e+01,1.217838407893937415e-05,-5.897288356060881301e-06,2.666456417687273870e+02,9.999999998954218761e-01,2.791642919598999697e+02
2.460000000000000142e+01,1.206101028034233454e-05,-5.840184611069605547e-06,2.666456418142170719e+02,9.999999998973478910e-01,2.791642920004846928e+02
2.462000000000000099e+01,1.194477298841402825e-05,-5.783636776267872884e-06,2.666456418589061741e+02,9.999999998992384898e-01,2.791642920403548942e+02
2.464000000000000057e+01,1.182966113952677843e-05,-5.727639406102121704e-06,2.666456419028087339e+02,9.999999999010941165e-01,2.791642920795232499e+02
2.466000000000000014e+01,1.171566377838786148e-05,-5.672187108731505186e-06,2.666456419459383937e+02,9.999999999029158815e-01,2.791642921180020380e+02
2.467999999999999972e+01,1.160277005697771394e-05,-5.617274545496918525e-06,2.666456419883089666e+02,9.999999999047037846e-01,2.791642921558034232e+02
2.469999999999999929e+01,1.149096923356966974e-05,-5.562896430430516880e-06,2.666456420299336401e+02,9.999999999064587142e-01,2.791642921929393424e+02
2.471999999999999886e+01,1.138025067165890059e-05,-5.509047529720314321e-06,2.666456420708254882e+02,9.999999999081813362e-01,2.791642922294213349e+02
2.474000000000000199e+01,1.127060383886424284e-05,-5.455722661161461484e-06,2.666456421109976418e+02,9.999999999098723169e-01,2.791642922652610537e+02
2.476000000000000156e+01,1.116201830590371114e-05,-5.402916693644134534e-06,2.666456421504624359e+02,9.999999999115319893e-01,2.791642923004697536e+02
2.478000000000000114e+01,1.105448374564250626e-05,-5.350624546677461991e-06,2.666456421892326034e+02,9.999999999131612416e-01,2.791642923350585761e+02
2.480000000000000071e+01,1.094798993209209995e-05,-5.298841189889256909e-06,2.666456422273200815e+02,9.999999999147604068e-01,2.791642923690382645e+02
2.482000000000000028e+01,1.084252673934277355e-05,-5.247561642492908735e-06,2.666456422647371483e+02,9.999999999163300402e-01,2.791642924024197328e+02
2.483999999999999986e+01,1.073808414057514914e-05,-5.196780972793501269e-06,2.666456423014952861e+02,9.999999999178708077e-01,2.791642924352134401e+02
2.485999999999999943e+01,1.063465220713317303e-05,-5.146494297724454302e-06,2.666456423376064322e+02,9.999999999193830424e-01,2.791642924674295045e+02
2.487999999999999901e+01,1.053222110758855592e-05,-5.096696782380014791e-06,2.666456423730817278e+02,9.999999999208675217e-01,2.791642924990783854e+02
2.490000000000000213e+01,1.043078110670717257e-05,-5.047383639499292672e-06,2.666456424079323710e+02,9.999999999223246894e-01,2.791642925301699734e+02
2.492000000000000171e+01,1.033032256449461824e-05,-4.998550128989576969e-06,2.666456424421694464e+02,9.999999999237551007e-01,2.791642925607141024e+02
2.494000000000000128e+01,1.023083593529270067e-05,-4.950191557474983282e-06,2.666456424758035837e+02,9.999999999251588667e-01,2.791642925907202084e+02
2.496000000000000085e+01,1.013231176690212913e-05,-4.902303277858127788e-06,2.666456425088455262e+02,9.999999999265368755e-01,2.791642926201979549e+02
2.498000000000000043e+01,1.003474069958742685e-05,-4.854880688823585515e-06,2.666456425413056763e+02,9.999999999278895713e-01,2.791642926491564936e+02
2.500000000000000000e+01,9.938113465153412715e-06,-4.807919234376872331e-06,2.666456425731942090e+02,9.999999999292172870e-01,2.791642926776050331e+02
2.501999999999999957e+01,9.842420886066140299e-06,-4.761414403405511625e-06,2.666456426045212424e+02,9.999999999305205778e-01,2.791642927055525547e+02
2.503999999999999915e+01,9.747653874624237066e-06,-4.715361729265129966e-06,2.666456426352965536e+02,9.999999999317996657e-01,2.791642927330079260e+02
2.506000000000000227e+01,9.653803432008206442e-06,-4.669756789305230453e-06,2.666456426655299197e+02,9.999999999330554390e-01,2.791642927599796167e+02
2.508000000000000185e+01,9.560860647384451620e-06,-4.624595204422119417e-06,2.666456426952308334e+02,9.999999999342880086e-01,2.791642927864763237e+02
2.510000000000000142e+01,9.468816697052443818e-06,-4.579872638633290147e-06,2.666456427244087308e+02,9.999999999354978186e-01,2.791642928125063463e+02
2.512000000000000099e+01,9.377662843654328731e-06,-4.535584798682755514e-06,2.666456427530727638e+02,9.999999999366854242e-01,2.791642928380778699e+02
2.514000000000000057e+01,9.287390435274781234e-06,-4.491727433592156081e-06,2.666456427812319134e+02,9.999999999378510473e-01,2.791642928631989093e+02
2.516000000000000014e+01,9.197990904569067970e-06,-4.448296334225899324e-06,2.666456428088951611e+02,9.999999999389952432e-01,2.791642928878775365e+02
2.517999999999999972e+01,9.109455767938194804e-06,-4.405287332879692194e-06,2.666456428360712039e+02,9.999999999401183448e-01,2.791642929121214252e+02
2.519999999999999929e+01,9.021776624768232280e-06,-4.362696302900860298e-06,2.666456428627686250e+02,9.999999999412206853e-01,2.791642929359382492e+02
2.521999999999999886e+01,8.934945156584105983e-06,-4.320519158266452644e-06,2.666456428889957238e+02,9.999999999423028196e-01,2.791642929593354552e+02
2.524000000000000199e+01,8.848953126200107200e-06,-4.278751853159783614e-06,2.666456429147609128e+02,9.999999999433650810e-01,2.791642929823205463e+02
2.526000000000000156e+01,8.763792376923532871e-06,-4.237390381573337987e-06,2.666456429400723209e+02,9.999999999444075804e-01,2.791642930049006850e+02
2.528000000000000114e+01,8.679454831817731347e-06,-4.196430776941110362e-06,2.666456429649377924e+02,9.999999999454309840e-01,2.791642930270830334e+02
2.530000000000000071e+01,8.595932492910253646e-06,-4.155869111743879330e-06,2.666456429893652853e+02,9.999999999464355138e-01,2.791642930488746401e+02
2.532000000000000028e+01,8.513217440365986657e-06,-4.115701497097213196e-06,2.666456430133624735e+02,9.999999999474215029e-01,2.791642930702823264e+02
2.533999999999999986e+01,8.431301831718685894e-06,-4.075924082368458613e-06,2.666456430369369173e+02,9.999999999483895063e-01,2.791642930913127998e+02
2.535999999999999943e+01,8.350177901154221295e-06,-4.036533054819329109e-06,2.666456430600961767e+02,9.999999999493394132e-01,2.791642931119727677e+02
2.537999999999999901e+01,8.269837958770709190e-06,-3.997524639237137426e-06,2.666456430828473572e+02,9.999999999502721115e-01,2.791642931322687673e+02
2.540000000000000213e+01,8.190274389775889291e-06,-3.958895097535078140e-06,2.666456431051977916e+02,9.999999999511873794e-01,2.791642931522071081e+02
2.542000000000000171e+01,8.111479653745513465e-06,-3.920640728382737483e-06,2.666456431271544716e+02,9.999999999520857719e-01,2.791642931717941565e+02
2.544000000000000128e+01,8.033446283924689242e-06,-3.882757866857897583e-06,2.666456431487242753e+02,9.999999999529678441e-01,2.791642931910361085e+02
2.546000000000000085e+01,7.956166886535662470e-06,-3.845242884101562817e-06,2.666456431699141376e+02,9.999999999538334849e-01,2.791642932099389895e+02
2.548000000000000043e+01,7.879634140002404389e-06,-3.808092186931959267e-06,2.666456431907305955e+02,9.999999999546832496e-01,2.791642932285088250e+02
2.550000000000000000e+01,7.803840794233776116e-06,-3.771302217487537444e-06,2.666456432111802997e+02,9.999999999555173602e-01,2.791642932467513560e+02
2.551999999999999957e+01,7.728779669942983420e-06,-3.734869452887959630e-06,2.666456432312697302e+02,9.999999999563360387e-01,2.791642932646725512e+02
2.553999999999999915e+01,7.654443657996489589e-06,-3.698790404909708282e-06,2.666456432510051400e+02,9.999999999571398401e-01,2.791642932822777539e+02
2.556000000000000227e+01,7.580825718669854645e-06,-3.663061619615760689e-06,2.666456432703928954e+02,9.999999999579286536e-01,2.791642932995728756e+02
2.558000000000000185e+01,7.507918880953330102e-06,-3.627679677009911856e-06,2.666456432894390218e+02,9.999999999587029231e-01,2.791642933165632030e+02
2.560000000000000142e+01,7.435716241890342334e-06,-3.592641190707407021e-06,2.666456433081494879e+02,9.999999999594630928e-01,2.791642933332540224e+02
2.562000000000000099e+01,7.364210965959852241e-06,-3.557942807627285727e-06,2.666456433265303190e+02,9.999999999602090517e-01,2.791642933496506771e+02
2.564000000000000057e+01,7.293396284368272973e-06,-3.523581207640117345e-06,2.666456433445871994e+02,9.999999999609413548e-01,2.791642933657584535e+02
2.566000000000000014e+01,7.223265494374595583e-06,-3.489553103232205019e-06,2.666456433623259272e+02,9.999999999616602242e-01,2.791642933815823540e+02
2.567999999999999972e+01,7.153811958649602678e-06,-3.455855239186666333e-06,2.666456433797520731e+02,9.999999999623657709e-01,2.791642933971273237e+02
2.569999999999999929e+01,7.085029104684054962e-06,-3.422484392288757319e-06,2.666456433968711508e+02,9.999999999630584391e-01,2.791642934123983650e+02
2.571999999999999886e+01,7.016910424120616024e-06,-3.389437370993581013e-06,2.666456434136883900e+02,9.999999999637382286e-01,2.791642934274001391e+02
2.574000000000000199e+01,6.949449472096537833e-06,-3.356711015099180592e-06,2.666456434302093612e+02,9.999999999644055837e-01,2.791642934421375912e+02
2.576000000000000156e+01,6.882639866624378007e-06,-3.324302195438452739e-06,2.666456434464391805e+02,9.999999999650605043e-01,2.791642934566152121e+02
2.578000000000000114e+01,6.816475288020476190e-06,-3.292207813594689416e-06,2.666456434623829637e+02,9.999999999657035454e-01,2.791642934708376629e+02
2.580000000000000071e+01,6.750949478278437666e-06,-3.260424801590011619e-06,2.666456434780457698e+02,9.999999999663348182e-01,2.791642934848094910e+02
2.582000000000000028e+01,6.686056240428751034e-06,-3.228950121567035758e-06,2.666456434934324875e+02,9.999999999669542117e-01,2.791642934985349598e+02
2.583999999999999986e+01,6.621789437941018426e-06,-3.197780765491598977e-06,2.666456435085480052e+02,9.999999999675622808e-01,2.791642935120185030e+02
2.585999999999999943e+01,6.558142994169102341e-06,-3.166913754876733138e-06,2.666456435233970410e+02,9.999999999681592477e-01,2.791642935252643838e+02
2.587999999999999901e+01,6.495110891765399816e-06,-3.136346140491423976e-06,2.666456435379844834e+02,9.999999999687451124e-01,2.791642935382767519e+02
2.590000000000000213e+01,6.432687172058091105e-06,-3.106075002051172178e-06,2.666456435523147093e+02,9.999999999693203190e-01,2.791642935510597567e+02
2.592000000000000171e+01,6.370865934474328020e-06,-3.076097447931265953e-06,2.666456435663924367e+02,9.999999999698848674e-01,2.791642935636173775e+02
2.594000000000000128e+01,6.309641335999771864e-06,-3.046410614898029337e-06,2.666456435802218721e+02,9.999999999704389797e-01,2.791642935759535931e+02
2.596000000000000085e+01,6.249007590631206851e-06,-3.017011667836690834e-06,2.666456435938076197e+02,9.999999999709828780e-01,2.791642935880723257e+02
2.598000000000000043e+01,6.188958968773168049e-06,-2.987897799451697231e-06,2.666456436071538860e+02,9.999999999715167842e-01,2.791642935999774409e+02
2.600000000000000000e+01,6.129489796680835102e-06,-2.959066229989885867e-06,2.666456436202648774e+02,9.999999999720409205e-01,2.791642936116726332e+02
2.601999999999999957e+01,6.070594455933238726e-06,-2.930514206978657432e-06,2.666456436331448003e+02,9.999999999725552868e-01,2.791642936231617114e+02
2.603999999999999915e+01,6.012267382920060385e-06,-2.902239004970883524e-06,2.666456436457975769e+02,9.999999999730603273e-01,2.791642936344481427e+02
2.606000000000000227e+01,5.954503068260272924e-06,-2.874237925256254761e-06,2.666456436582273568e+02,9.999999999735559308e-01,2.791642936455355652e+02
2.608000000000000185e+01,5.897296056263165030e-06,-2.846508295593575172e-06,2.666456436704378916e+02,9.999999999740425416e-01,2.791642936564275601e+02
2.610000000000000142e+01,5.840640944415431449e-06,-2.819047469955949696e-06,2.666456436824332741e+02,9.999999999745200485e-01,2.791642936671274242e+02
2.612000000000000099e+01,5.784532382896819210e-06,-2.791852828290082834e-06,2.666456436942171422e+02,9.999999999749888957e-01,2.791642936776387387e+02
2.614000000000000057e+01,5.728965074024197884e-06,-2.764921776240337759e-06,2.666456437057932476e+02,9.999999999754489721e-01,2.791642936879646300e+02
2.616000000000000014e+01,5.673933771728581114e-06,-2.738251744889087682e-06,2.666456437171652283e+02,9.999999999759007219e-01,2.791642936981083949e+02
2.617999999999999972e+01,5.619433281057386334e-06,-2.711840190509541898e-06,2.666456437283367791e+02,9.999999999763440339e-01,2.791642937080733873e+02
2.619999999999999929e+01,5.565458457712695939e-06,-2.685684594336353594e-06,2.666456437393113106e+02,9.999999999767794634e-01,2.791642937178626198e+02
2.621999999999999886e+01,5.512004207524414646e-06,-2.659782462304179744e-06,2.666456437500923471e+02,9.999999999772065662e-01,2.791642937274792189e+02
2.624000000000000199e+01,5.459065485941346690e-06,-2.634131324795119597e-06,2.666456437606832424e+02,9.999999999776258974e-01,2.791642937369262540e+02
2.626000000000000156e+01,5.406637297549548327e-06,-2.608728736399631159e-06,2.666456437710874070e+02,9.999999999780374571e-01,2.791642937462066811e+02
2.628000000000000114e+01,5.354714695628135282e-06,-2.583572275695931626e-06,2.666456437813081948e+02,9.999999999784414673e-01,2.791642937553234560e+02
2.630000000000000071e+01,5.303292781653732061e-06,-2.558659545004140145e-06,2.666456437913487321e+02,9.999999999788381499e-01,2.791642937642794209e+02
2.632000000000000028e+01,5.252366704804548550e-06,-2.533988170140265983e-06,2.666456438012120884e+02,9.999999999792273941e-01,2.791642937730774747e+02
2.633999999999999986e+01,5.201931661495126000e-06,-2.509555800185359017e-06,2.666456438109017313e+02,9.999999999796095329e-01,2.791642937817202892e+02
2.635999999999999943e+01,5.151982894946228939e-06,-2.485360107271990518e-06,2.666456438204203323e+02,9.999999999799846773e-01,2.791642937902107633e+02
2.637999999999999901e+01,5.102515694720871867e-06,-2.461398786354095660e-06,2.666456438297710747e+02,9.999999999803528272e-01,2.791642937985514550e+02
2.640000000000000213e+01,5.053525396241406286e-06,-2.437669554967524085e-06,2.666456438389569712e+02,9.999999999807142048e-01,2.791642938067449791e+02
2.642000000000000171e+01,5.005007380340547506e-06,-2.414170153007344778e-06,2.666456438479808071e+02,9.999999999810690321e-01,2.791642938147940640e+02
2.644000000000000128e+01,4.956957072842939513e-06,-2.390898342520220924e-06,2.666456438568455951e+02,9.999999999814173091e-01,2.791642938227010973e+02
2.646000000000000085e+01,4.909369944015124815e-06,-2.367851907432011314e-06,2.666456438655540069e+02,9.999999999817590357e-01,2.791642938304687505e+02
2.648000000000000043e+01,4.862241508508937224e-06,-2.345028653518379571e-06,2.666456438741087709e+02,9.999999999820946561e-01,2.791642938380993542e+02
2.650000000000000000e+01,4.815567324432499842e-06,-2.322426407945871277e-06,2.666456438825126725e+02,9.999999999824239483e-01,2.791642938455953526e+02
2.651999999999999957e+01,4.769342993172503992e-06,-2.300043019182937399e-06,2.666456438907683264e+02,9.999999999827472452e-01,2.791642938529591333e+02
2.653999999999999915e+01,4.723564158920363741e-06,-2.277876356765200276e-06,2.666456438988785180e+02,9.999999999830645470e-01,2.791642938601930268e+02
2.656000000000000227e+01,4.678226508253607139e-06,-2.255924311087940722e-06,2.666456439068455779e+02,9.999999999833761866e-01,2.791642938672993068e+02
2.658000000000000185e+01,4.633325769721422993e-06,-2.234184793200661610e-06,2.666456439146721209e+02,9.999999999836818310e-01,2.791642938742801903e+02
2.660000000000000142e+01,4.588857713459640351e-06,-2.212655734616167922e-06,2.666456439223605344e+02,9.999999999839820353e-01,2.791642938811379508e+02
2.662000000000000099e+01,4.544818150835133055e-06,-2.191335087134143336e-06,2.666456439299133763e+02,9.999999999842766885e-01,2.791642938878746918e+02
2.664000000000000057e+01,4.501202933977284318e-06,-2.170220822609190256e-06,2.666456439373329772e+02,9.999999999845659016e-01,2.791642938944926868e+02
2.666000000000000014e+01,4.458007955364366979e-06,-2.149310932745932537e-06,2.666456439446217246e+02,9.999999999848496746e-01,2.791642939009938686e+02
2.667999999999999972e+01,4.415229147429153108e-06,-2.128603428903604143e-06,2.666456439517819490e+02,9.999999999851282295e-01,2.791642939073803404e+02
2.669999999999999929e+01,4.372862482168385226e-06,-2.108096341902574961e-06,2.666456439588158105e+02,9.999999999854017885e-01,2.791642939136541486e+02
2.671999999999999886e+01,4.330903970756096454e-06,-2.087787721832785404e-06,2.666456439657255828e+02,9.999999999856702404e-01,2.791642939198172826e+02
2.674000000000000199e+01,4.289349663160694862e-06,-2.067675637864079643e-06,2.666456439725133691e+02,9.999999999859338073e-01,2.791642939258716751e+02
2.676000000000000156e+01,4.248195647774641517e-06,-2.047758178062745894e-06,2.666456439791815569e+02,9.999999999861924893e-01,2.791642939318192589e+02
2.678000000000000114e+01,4.207438051097610183e-06,-2.028033449234387569e-06,2.666456439857320788e+02,9.999999999864465083e-01,2.791642939376618529e+02
2.680000000000000071e+01,4.167073037325500160e-06,-2.008499576720516787e-06,2.666456439921669812e+02,9.999999999866958644e-01,2.791642939434013329e+02
2.682000000000000028e+01,4.127096807949709231e-06,-1.989154704200231348e-06,2.666456439984883673e+02,9.999999999869404466e-01,2.791642939490396316e+02
2.683999999999999986e+01,4.087505601392601176e-06,-1.969996993509725987e-06,2.666456440046982834e+02,9.999999999871805878e-01,2.791642939545783975e+02
2.685999999999999943e+01,4.048295692646740886e-06,-1.951024624463672189e-06,2.666456440107984918e+02,9.999999999874163992e-01,2.791642939600194495e+02
2.687999999999999901e+01,4.009463392917669229e-06,-1.932235794678367868e-06,2.666456440167912092e+02,9.999999999876477697e-01,2.791642939653644362e+02
2.690000000000000213e+01,3.971005049270165997e-06,-1.913628719396635329e-06,2.666456440226780842e+02,9.999999999878749213e-01,2.791642939706151765e+02
2.692000000000000171e+01,3.932917044279863563e-06,-1.895201631315367059e-06,2.666456440284611631e+02,9.999999999880978541e-01,2.791642939757732051e+02
2.694000000000000128e+01,3.895195795731116156e-06,-1.876952780435830435e-06,2.666456440341422081e+02,9.999999999883167900e-01,2.791642939808402843e+02
2.696000000000000085e+01,3.857837756273834628e-06,-1.858880433893824704e-06,2.666456440397229812e+02,9.999999999885316182e-01,2.791642939858178352e+02
2.698000000000000043e+01,3.820839413034696635e-06,-1.840982875767446855e-06,2.666456440452053016e+02,9.999999999887424496e-01,2.791642939907076197e+02
2.700000000000000000e+01,3.784197287278113233e-06,-1.823258406909340344e-06,2.666456440505908745e+02,9.999999999889495061e-01,2.791642939955111160e+02
2.701999999999999957e+01,3.747907934072935385e-06,-1.805705344781786673e-06,2.666456440558814052e+02,9.999999999891526770e-01,2.791642940002297451e+02
2.703999999999999915e+01,3.711967941962425788e-06,-1.788322023293427719e-06,2.666456440610785990e+02,9.999999999893521840e-01,2.791642940048652122e+02
2.706000000000000227e+01,3.676373932637457468e-06,-1.771106792637595731e-06,2.666456440661840475e+02,9.999999999895480274e-01,2.791642940094188248e+02
2.708000000000000185e+01,3.641122560613028083e-06,-1.754058019132299279e-06,2.666456440711993991e+02,9.999999999897400960e-01,2.791642940138920608e+02
2.710000000000000142e+01,3.606210512932288403e-06,-1.737174085073740762e-06,2.666456440761263025e+02,9.999999999899287229e-01,2.791642940182863413e+02
2.712000000000000099e+01,3.571634508882344965e-06,-1.720453388595639483e-06,2.666456440809661785e+02,9.999999999901139081e-01,2.791642940226030873e+02
2.714000000000000057e+01,3.537391299627389357e-06,-1.703894343487969141e-06,2.666456440857206758e+02,9.999999999902957626e-01,2.791642940268436064e+02
2.716000000000000014e+01,3.503477667888734057e-06,-1.687495379038764048e-06,2.666456440903912153e+02,9.999999999904741754e-01,2.791642940310093763e+02
2.717999999999999972e+01,3.469890427636878691e-06,-1.671254939881858398e-06,2.666456440949793887e+02,9.999999999906492576e-01,2.791642940351014772e+02
2.719999999999999929e+01,3.436626423786601042e-06,-1.655171485846130067e-06,2.666456440994866171e+02,9.999999999908212311e-01,2.791642940391214438e+02
2.721999999999999886e+01,3.403682531895027493e-06,-1.639243491806230329e-06,2.666456441039142646e+02,9.999999999909900961e-01,2.791642940430703561e+02
2.724000000000000199e+01,3.371055657862654545e-06,-1.623469447534787827e-06,2.666456441082636957e+02,9.999999999911557413e-01,2.791642940469496352e+02
2.726000000000000156e+01,3.338742737646623920e-06,-1.607847857560640887e-06,2.666456441125364449e+02,9.999999999913181670e-01,2.791642940507604749e+02
2.728000000000000114e+01,3.306740737013006087e-06,-1.592377241046246007e-06,2.666456441167337061e+02,9.999999999914779281e-01,2.791642940545040119e+02
2.730000000000000071e+01,3.275046651209214083e-06,-1.577056131625889065e-06,2.666456441208569572e+02,9.999999999916345805e-01,2.791642940581814401e+02
2.732000000000000028e+01,3.243657504655517072e-06,-1.561883077253303031e-06,2.666456441249073919e+02,9.999999999917883464e-01,2.791642940617939530e+02
2.733999999999999986e+01,3.212570350660496572e-06,-1.546856640061060497e-06,2.666456441288863175e+02,9.999999999919392257e-01,2.791642940653426308e+02
2.735999999999999943e+01,3.181782271139321177e-06,-1.531975396221368685e-06,2.666456441327949278e+02,9.999999999920875515e-01,2.791642940688287808e+02
2.737999999999999901e+01,3.151290376334776681e-06,-1.517237935808237276e-06,2.666456441366347008e+02,9.999999999922329907e-01,2.791642940722533126e+02
2.740000000000000213e+01,3.121091804541027032e-06,-1.502642862661006162e-06,2.666456441404066027e+02,9.999999999923757654e-01,2.791642940756173630e+02
2.742000000000000171e+01,3.091183721832426574e-06,-1.488188794250369393e-06,2.666456441441119409e+02,9.999999999925159866e-01,2.791642940789220688e+02
2.744000000000000128e+01,3.061563321830701176e-06,-1.473874361563245192e-06,2.666456441477519093e+02,9.999999999926535432e-01,2.791642940821684533e+02
2.746000000000000085e+01,3.032227825428679973e-06,-1.459698208966335671e-06,2.666456441513275308e+02,9.999999999927885463e-01,2.791642940853574260e+02
2.748000000000000043e+01,3.003174480490122555e-06,-1.445658994057991786e-06,2.666456441548401131e+02,9.999999999929211070e-01,2.791642940884902373e+02
2.750000000000000000e+01,2.974400561585700919e-06,-1.431755387537828916e-06,2.666456441582906223e+02,9.999999999930513361e-01,2.791642940915676263e+02
2.751999999999999957e+01,2.945903369732685062e-06,-1.417986073078183473e-06,2.666456441616803090e+02,9.999999999931790118e-01,2.791642940945907867e+02
2.753999999999999915e+01,2.917680232137178156e-06,-1.404349747196833074e-06,2.666456441650100828e+02,9.999999999933043560e-01,2.791642940975604574e+02
2.756000000000000227e+01,2.889728501938862321e-06,-1.390845119130973495e-06,2.666456441682810237e+02,9.999999999934274797e-01,2.791642941004776617e+02
2.758000000000000185e+01,2.862045557958477349e-06,-1.377470910712544528e-06,2.666456441714942684e+02,9.999999999935483830e-01,2.791642941033434226e+02
2.760000000000000142e+01,2.834628804470402945e-06,-1.364225856255891813e-06,2.666456441746507835e+02,9.999999999936669548e-01,2.791642941061586498e+02
2.762000000000000099e+01,2.807475670974531159e-06,-1.351108702445082657e-06,2.666456441777515352e+02,9.999999999937834172e-01,2.791642941089240821e+02
2.764000000000000057e+01,2.780583611910032350e-06,-1.338118208192758578e-06,2.666456441807975466e+02,9.999999999938975481e-01,2.791642941116406860e+02
2.766000000000000014e+01,2.753950106407322766e-06,-1.325253144517735239e-06,2.666456441837898410e+02,9.999999999940097917e-01,2.791642941143093140e+02
2.767999999999999972e+01,2.727572658047525819e-06,-1.312512294426292043e-06,2.666456441867292142e+02,9.999999999941198148e-01,2.791642941169308756e+02
2.769999999999999929e+01,2.701448794624281764e-06,-1.299894452794634885e-06,2.666456441896167462e+02,9.999999999942279505e-01,2.791642941195060530e+02
2.771999999999999886e+01,2.675576067907887560e-06,-1.287398426252514453e-06,2.666456441924532896e+02,9.999999999943340878e-01,2.791642941220358125e+02
2.774000000000000199e+01,2.649952053411741516e-06,-1.275023033067989093e-06,2.666456441952396972e+02,9.999999999944381157e-01,2.791642941245208931e+02
2.776000000000000156e+01,2.624574350170651893e-06,-1.262767103038022036e-06,2.666456441979768783e+02,9.999999999945404783e-01,2.791642941269620337e+02
2.778000000000000114e+01,2.599440580545924885e-06,-1.250629477392211649e-06,2.666456442006658563e+02,9.999999999946408424e-01,2.791642941293600302e+02
2.780000000000000071e+01,2.574548389965251815e-06,-1.238609008664582844e-06,2.666456442033072562e+02,9.999999999947392082e-01,2.791642941317158488e+02
2.782000000000000028e+01,2.549895446684956297e-06,-1.226704560576357922e-06,2.666456442059019878e+02,9.999999999948359086e-01,2.791642941340299444e+02
2.783999999999999986e+01,2.525479441567717974e-06,-1.214915007926325947e-06,2.666456442084509035e+02,9.999999999949308327e-01,2.791642941363031696e+02
2.785999999999999943e+01,2.501298087862459568e-06,-1.203239236482291032e-06,2.666456442109549130e+02,9.999999999950239804e-01,2.791642941385362633e+02
2.787999999999999901e+01,2.477349120986395565e-06,-1.191676142873588299e-06,2.666456442134145846e+02,9.999999999951154628e-01,2.791642941407299077e+02
2.790000000000000213e+01,2.453630298309195935e-06,-1.180224634484658850e-06,2.666456442158308278e+02,9.999999999952052798e-01,2.791642941428848417e+02
2.792000000000000171e+01,2.430139398942041894e-06,-1.168883629351027769e-06,2.666456442182044384e+02,9.999999999952934315e-01,2.791642941450016906e+02
2.794000000000000128e+01,2.406874223557629713e-06,-1.157652056070460740e-06,2.666456442205361554e+02,9.999999999953799179e-01,2.791642941470811365e+02
2.796000000000000085e+01,2.383832594167998204e-06,-1.146528853693466197e-06,2.666456442228266042e+02,9.999999999954648500e-01,2.791642941491238616e+02
2.798000000000000043e+01,2.361012353893029115e-06,-1.135512971609252494e-06,2.666456442250766372e+02,9.999999999955482277e-01,2.791642941511304343e+02
2.800000000000000000e+01,2.338411366754560102e-06,-1.124603369444241296e-06,2.666456442272869936e+02,9.999999999956299401e-01,2.791642941531017073e+02
2.801999999999999957e+01,2.316027517472973576e-06,-1.113799016961810423e-06,2.666456442294582416e+02,9.999999999957102093e-01,2.791642941550380215e+02
2.803999999999999915e+01,2.293858711265777773e-06,-1.103098893963024771e-06,2.666456442315911204e+02,9.999999999957891461e-01,2.791642941569402296e+02
2.806000000000000227e+01,2.271902873648142359e-06,-1.092501990188338770e-06,2.666456442336863688e+02,9.999999999958665287e-01,2.791642941588087865e+02
2.808000000000000185e+01,2.250157950235776917e-06,-1.082007305220456316e-06,2.666456442357446122e+02,9.999999999959424679e-01,2.791642941606443173e+02
2.810000000000000142e+01,2.228621906570159250e-06,-1.071613848398148983e-06,2.666456442377664757e+02,9.999999999960169639e-01,2.791642941624474474e+02
2.812000000000000099e+01,2.207292727934857565e-06,-1.061320638725721115e-06,2.666456442397525848e+02,9.999999999960902386e-01,2.791642941642187452e+02
2.814000000000000057e+01,2.186168419132906911e-06,-1.051126704763422402e-06,2.666456442417036783e+02,9.999999999961620700e-01,2.791642941659587223e+02
2.816000000000000014e+01,2.165247004294158741e-06,-1.041031084532549903e-06,2.666456442436202678e+02,9.999999999962326802e-01,2.791642941676679470e+02
2.817999999999999972e+01,2.144526526687296348e-06,-1.031032825422849348e-06,2.666456442455030924e+02,9.999999999963018471e-01,2.791642941693469879e+02
2.819999999999999929e+01,2.124005048533683705e-06,-1.021130984100821281e-06,2.666456442473525499e+02,9.999999999963697928e-01,2.791642941709963566e+02
2.821999999999999886e+01,2.103680650823029493e-06,-1.011324626418933951e-06,2.666456442491693792e+02,9.999999999964364061e-01,2.791642941726166214e+02
2.824000000000000199e+01,2.083551433130849811e-06,-1.001612827325722197e-06,2.666456442509541489e+02,9.999999999965020203e-01,2.791642941742082371e+02
2.826000000000000156e+01,2.063615513447354814e-06,-9.919946707814953915e-07,2.666456442527072568e+02,9.999999999965661912e-01,2.791642941757717722e+02
2.828000000000000114e+01,2.043871028022991406e-06,-9.824692496821936234e-07,2.666456442544295555e+02,9.999999999966294739e-01,2.791642941773075677e+02
2.830000000000000071e+01,2.024316131162848018e-06,-9.730356657582468820e-07,2.666456442561212725e+02,9.999999999966913133e-01,2.791642941788163057e+02
2.832000000000000028e+01,2.004948995043081814e-06,-9.636930294842118883e-07,2.666456442577832036e+02,9.999999999967520425e-01,2.791642941802984410e+02
2.833999999999999986e+01,1.985767809537181221e-06,-9.544404599932399787e-07,2.666456442594157465e+02,9.999999999968117725e-01,2.791642941817542578e+02
2.835999999999999943e+01,1.966770782043918717e-06,-9.452770849923812218e-07,2.666456442610194131e+02,9.999999999968702813e-01,2.791642941831844951e+02
2.837999999999999901e+01,1.947956137316983707e-06,-9.362020406787227566e-07,2.666456442625948284e+02,9.999999999969277908e-01,2.791642941845893233e+02
2.840000000000000213e+01,1.929322117296272190e-06,-9.272144716563480116e-07,2.666456442641423337e+02,9.999999999969843012e-01,2.791642941859694247e+02
2.842000000000000171e+01,1.910866980943949042e-06,-9.183135308556392412e-07,2.666456442656624972e+02,9.999999999970397013e-01,2.791642941873251402e+02
2.844000000000000128e+01,1.892589004104706423e-06,-9.094983794644265577e-07,2.666456442671558307e+02,9.999999999970941023e-01,2.791642941886568678e+02
2.846000000000000085e+01,1.874486479327447464e-06,-9.007681868402763997e-07,2.666456442686227888e+02,9.999999999971475040e-01,2.791642941899650054e+02
2.848000000000000043e+01,1.856557715686845219e-06,-8.921221304227329892e-07,2.666456442700637695e+02,9.999999999971999065e-01,2.791642941912501215e+02
2.850000000000000000e+01,1.838801038622593603e-06,-8.835593956542253597e-07,2.666456442714793411e+02,9.999999999972513098e-01,2.791642941925124433e+02
2.851999999999999957e+01,1.821214789780393896e-06,-8.750791759018314757e-07,2.666456442728699585e+02,9.999999999973018250e-01,2.791642941937524824e+02
2.853999999999999915e+01,1.803797326854486870e-06,-8.666806723798097637e-07,2.666456442742359059e+02,9.999999999973514520e-01,2.791642941949706369e+02
2.856000000000000227e+01,1.786547023431721014e-06,-8.583630940728902208e-07,2.666456442755777516e+02,9.999999999974000797e-01,2.791642941961672477e+02
2.858000000000000185e+01,1.769462268837710806e-06,-8.501256576605978440e-07,2.666456442768958937e+02,9.999999999974478193e-01,2.791642941973427128e+02
2.860000000000000142e+01,1.752541468002388448e-06,-8.419675874510674874e-07,2.666456442781906730e+02,9.999999999974946707e-01,2.791642941984974868e+02
2.862000000000000099e+01,1.735783041311880247e-06,-8.338881153081760527e-07,2.666456442794626582e+02,9.999999999975406340e-01,2.791642941996317404e+02
2.864000000000000057e+01,1.719185424435789400e-06,-8.258864805666677767e-07,2.666456442807121334e+02,9.999999999975859311e-01,2.791642942007459283e+02
2.866000000000000014e+01,1.702747068177300807e-06,-8.179619299584452121e-07,2.666456442819394965e+02,9.999999999976302290e-01,2.791642942018404483e+02
2.867999999999999972e+01,1.686466438326200312e-06,-8.101137175402951886e-07,2.666456442831452023e+02,9.999999999976737497e-01,2.791642942029156984e+02
2.869999999999999929e+01,1.670342015513329882e-06,-8.023411046223237400e-07,2.666456442843295918e+02,9.999999999977164933e-01,2.791642942039718491e+02
2.871999999999999886e+01,1.654372295066456905e-06,-7.946433596970936458e-07,2.666456442854930629e+02,9.999999999977584597e-01,2.791642942050093552e+02
2.874000000000000199e+01,1.638555786867555910e-06,-7.870197583694596099e-07,2.666456442866359566e+02,9.999999999977995380e-01,2.791642942060285577e+02
2.876000000000000156e+01,1.622891015220948198e-06,-7.794695832917184651e-07,2.666456442877586142e+02,9.999999999978400611e-01,2.791642942070296840e+02
2.878000000000000114e+01,1.607376518730063209e-06,-7.719921241029771785e-07,2.666456442888614902e+02,9.999999999978798071e-01,2.791642942080132457e+02
2.880000000000000071e+01,1.592010850135707529e-06,-7.645866773497229721e-07,2.666456442899448120e+02,9.999999999979187759e-01,2.791642942089792996e+02
2.882000000000000028e+01,1.576792576174008573e-06,-7.572525464160182787e-07,2.666456442910090914e+02,9.999999999979568566e-01,2.791642942099283005e+02
2.883999999999999986e+01,1.561720277440556007e-06,-7.499890414567308289e-07,2.666456442920544987e+02,9.999999999979943821e-01,2.791642942108604757e+02
2.885999999999999943e+01,1.546792548255865811e-06,-7.427954793314190236e-07,2.666456442930813751e+02,9.999999999980313525e-01,2.791642942117762800e+02
2.887999999999999901e+01,1.532007996532152156e-06,-7.356711835388650754e-07,2.666456442940901752e+02,9.999999999980674348e-01,2.791642942126758840e+02
2.890000000000000213e+01,1.517365243641395043e-06,-7.286154841522492476e-07,2.666456442950810697e+02,9.999999999981029619e-01,2.791642942135595717e+02
2.892000000000000171e+01,1.502862924288073382e-06,-7.216277177566081177e-07,2.666456442960545701e+02,9.999999999981378229e-01,2.791642942144275708e+02
2.894000000000000128e+01,1.488499686400133011e-06,-7.147072273952090278e-07,2.666456442970107332e+02,9.999999999981721288e-01,2.791642942152802789e+02
2.896000000000000085e+01,1.474274190986258467e-06,-7.078533624994716603e-07,2.666456442979500707e+02,9.999999999982056575e-01,2.791642942161178667e+02
2.898000000000000043e+01,1.460185111998326268e-06,-7.010654788214309247e-07,2.666456442988727531e+02,9.999999999982385201e-01,2.791642942169406751e+02
2.900000000000000000e+01,1.446231136205772141e-06,-6.943429383720284899e-07,2.666456442997791783e+02,9.999999999982709387e-01,2.791642942177489886e+02
2.901999999999999957e+01,1.432410963071229223e-06,-6.876851093600290034e-07,2.666456443006695736e+02,9.999999999983026910e-01,2.791642942185429774e+02
2.903999999999999915e+01,1.418723304627371161e-06,-6.810913661315361151e-07,2.666456443015441664e+02,9.999999999983338883e-01,2.791642942193229260e+02
2.906000000000000227e+01,1.405166885354956732e-06,-6.745610891100989899e-07,2.666456443024033547e+02,9.999999999983644194e-01,2.791642942200890047e+02
2.908000000000000185e+01,1.391740442062818196e-06,-6.680936647377780838e-07,2.666456443032473658e+02,9.999999999983945065e-01,2.791642942208416684e+02
2.910000000000000142e+01,1.378442723784253067e-06,-6.616884854242230063e-07,2.666456443040763702e+02,9.999999999984239274e-01,2.791642942215809740e+02
2.912000000000000099e+01,1.365272491657507769e-06,-6.553449494879891241e-07,2.666456443048908227e+02,9.999999999984530152e-01,2.791642942223071486e+02
2.914000000000000057e+01,1.352228518792059083e-06,-6.490624610909340131e-07,2.666456443056908370e+02,9.999999999984813259e-01,2.791642942230205335e+02
2.916000000000000014e+01,1.339309590151792845e-06,-6.428404301808666566e-07,2.666456443064766972e+02,9.999999999985093035e-01,2.791642942237212992e+02
2.917999999999999972e+01,1.326514502440039979e-06,-6.366782724351116525e-07,2.666456443072486309e+02,9.999999999985366150e-01,2.791642942244097298e+02
2.919999999999999929e+01,1.313842063985727217e-06,-6.305754092046248378e-07,2.666456443080069789e+02,9.999999999985634824e-01,2.791642942250859392e+02
2.921999999999999886e+01,1.301291094630636384e-06,-6.245312674586553557e-07,2.666456443087519119e+02,9.999999999985899057e-01,2.791642942257501545e+02
2.924000000000000199e+01,1.288860425617800389e-06,-6.185452797299699405e-07,2.666456443094836573e+02,9.999999999986158850e-01,2.791642942264026601e+02
2.926000000000000156e+01,1.276548899489986970e-06,-6.126168840650057703e-07,2.666456443102024991e+02,9.999999999986411980e-01,2.791642942270436265e+02
2.928000000000000114e+01,1.264355369990852481e-06,-6.067455239753301847e-07,2.666456443109085512e+02,9.999999999986661781e-01,2.791642942276732811e+02
2.930000000000000071e+01,1.252278701938232548e-06,-6.009306483755131476e-07,2.666456443116021546e+02,9.999999999986907140e-01,2.791642942282917943e+02
2.932000000000000028e+01,1.240317771113984793e-06,-5.951717115290833690e-07,2.666456443122835367e+02,9.999999999987146948e-01,2.791642942288993368e+02
2.933999999999999986e+01,1.228471464157706528e-06,-5.894681729963813564e-07,2.666456443129528111e+02,9.999999999987383426e-01,2.791642942294961927e+02
2.935999999999999943e+01,1.216738678461485199e-06,-5.838194975829234399e-07,2.666456443136102621e+02,9.999999999987615462e-01,2.791642942300824188e+02
2.937999999999999901e+01,1.205118322065671188e-06,-5.782251552882690398e-07,2.666456443142561170e+02,9.999999999987843058e-01,2.791642942306582995e+02
2.940000000000000213e+01,1.193609313555664309e-06,-5.726846212553905426e-07,2.666456443148904896e+02,9.999999999988066213e-01,2.791642942312240621e+02
2.942000000000000171e+01,1.182210581963246118e-06,-5.671973757222633567e-07,2.666456443155137208e+02,9.999999999988284927e-01,2.791642942317797633e+02
2.944000000000000128e+01,1.170921066681008621e-06,-5.617629039798518076e-07,2.666456443161258676e+02,9.999999999988499200e-01,2.791642942323256307e+02
2.946000000000000085e+01,1.159739717348510502e-06,-5.563806963163071363e-07,2.666456443167272141e+02,9.999999999988710142e-01,2.791642942328618346e+02
2.948000000000000043e+01,1.148665493746181589e-06,-5.510502479649555478e-07,2.666456443173179309e+02,9.999999999988918864e-01,2.791642942333885458e+02
2.950000000000000000e+01,1.137697365697056447e-06,-5.457710590561099766e-07,2.666456443178981885e+02,9.999999999989122035e-01,2.791642942339059346e+02
2.951999999999999957e+01,1.126834312969472523e-06,-5.405426345693565096e-07,2.666456443184681575e+02,9.999999999989321875e-01,2.791642942344142853e+02
2.953999999999999915e+01,1.116075325180710199e-06,-5.353644842863061467e-07,2.666456443190281220e+02,9.999999999989518384e-01,2.791642942349135410e+02
2.956000000000000227e+01,1.105419401701568173e-06,-5.302361227438091480e-07,2.666456443195781958e+02,9.999999999989710453e-01,2.791642942354039860e+02
2.958000000000000185e+01,1.094865551562804865e-06,-5.251570691880837529e-07,2.666456443201184925e+02,9.999999999989899191e-01,2.791642942358857908e+02
2.960000000000000142e+01,1.084412793375086175e-06,-5.201268475354333325e-07,2.666456443206491826e+02,9.999999999990084598e-01,2.791642942363590123e+02
2.962000000000000099e+01,1.074060155232605627e-06,-5.151449863250085274e-07,2.666456443211705505e+02,9.999999999990267785e-01,2.791642942368238778e+02
2.964000000000000057e+01,1.063806674609715015e-06,-5.102110186681704535e-07,2.666456443216827097e+02,9.999999999990445421e-01,2.791642942372806147e+02
2.966000000000000014e+01,1.053651398269752734e-06,-5.053244822038037840e-07,2.666456443221857739e+02,9.999999999990620836e-01,2.791642942377291661e+02
2.967999999999999972e+01,1.043593382175081898e-06,-5.004849190542259328e-07,2.666456443226799706e+02,9.999999999990792920e-01,2.791642942381697594e+02
2.969999999999999929e+01,1.033631691398001953e-06,-4.956918757815262108e-07,2.666456443231654134e+02,9.999999999990961674e-01,2.791642942386026220e+02
2.971999999999999886e+01,1.023765400032524693e-06,-4.909449033443323119e-07,2.666456443236422160e+02,9.999999999991127098e-01,2.791642942390278108e+02
2.974000000000000199e+01,1.013993591107098733e-06,-4.862435570550436195e-07,2.666456443241106626e+02,9.999999999991291411e-01,2.791642942394454963e+02
2.976000000000000156e+01,1.004315356506484487e-06,-4.815873965415275293e-07,2.666456443245707533e+02,9.999999999991451283e-01,2.791642942398557352e+02
2.978000000000000114e+01,9.947297968921644132e-07,-4.769759857081049003e-07,2.666456443250227721e+02,9.999999999991607824e-01,2.791642942402588687e+02
2.980000000000000071e+01,9.852360216034239609e-07,-4.724088926871259221e-07,2.666456443254667192e+02,9.999999999991762145e-01,2.791642942406546695e+02
2.982000000000000028e+01,9.758331485717614351e-07,-4.678856897970417725e-07,2.666456443259028788e+02,9.999999999991913135e-01,2.791642942410435921e+02
2.983999999999999986e+01,9.665203042377093603e-07,-4.634059535016601620e-07,2.666456443263313076e+02,9.999999999992061905e-01,2.791642942414256368e+02
2.985999999999999943e+01,9.572966234684647614e-07,-4.589692643697969195e-07,2.666456443267521195e+02,9.999999999992207345e-01,2.791642942418008602e+02
2.987999999999999901e+01,9.481612494763177738e-07,-4.545752070353221893e-07,2.666456443271655985e+02,9.999999999992350563e-01,2.791642942421694897e+02
2.990000000000000213e+01,9.391133337378697929e-07,-4.502233701575965808e-07,2.666456443275716310e+02,9.999999999992490451e-01,2.791642942425315823e+02
2.992000000000000171e+01,9.301520359176646667e-07,-4.459133463840589411e-07,2.666456443279705582e+02,9.999999999992629229e-01,2.791642942428872516e+02
2.994000000000000128e+01,9.212765238005835017e-07,-4.416447323170873023e-07,2.666456443283624367e+02,9.999999999992763566e-01,2.791642942432366681e+02
2.996000000000000085e+01,9.124859732014180726e-07,-4.374171284697496690e-07,2.666456443287473235e+02,9.999999999992896793e-01,2.791642942435798886e+02
2.998000000000000043e+01,9.037795678829291726e-07,-4.332301392256909727e-07,2.666456443291254459e+02,9.999999999993027799e-01,2.791642942439170270e+02
3.000000000000000000e+01,8.951564994789389865e-07,-4.290833728014786461e-07,2.666456443294968608e+02,9.999999999993154365e-01,2.791642942442481967e+02
3.001999999999999957e+01,8.866159674181689585e-07,-4.249764412093134795e-07,2.666456443298616819e+02,9.999999999993280930e-01,2.791642942445735116e+02
3.003999999999999915e+01,8.781571788488170141e-07,-4.209089602201057608e-07,2.666456443302200796e+02,9.999999999993404165e-01,2.791642942448930285e+02
3.006000000000000227e+01,8.697793485638651356e-07,-4.168805493269110865e-07,2.666456443305721109e+02,9.999999999993526290e-01,2.791642942452069747e+02
3.008000000000000185e+01,8.614816989282017066e-07,-4.128908317092534400e-07,2.666456443309180031e+02,9.999999999993643973e-01,2.791642942455152934e+02
3.010000000000000142e+01,8.532634598165533727e-07,-4.089394342027141146e-07,2.666456443312576425e+02,9.999999999993760547e-01,2.791642942458182119e+02
3.012000000000000099e+01,8.451238685358779769e-07,-4.050259872609597030e-07,2.666456443315913134e+02,9.999999999993876010e-01,2.791642942461157304e+02
3.014000000000000057e+01,8.370621697455373161e-07,-4.011501249166938785e-07,2.666456443319191294e+02,9.999999999993987032e-01,2.791642942464080193e+02
3.016000000000000014e+01,8.290776153860537290e-07,-3.973114847467920892e-07,2.666456443322410905e+02,9.999999999994098054e-01,2.791642942466950785e+02
3.017999999999999972e+01,8.211694646086859773e-07,-3.935097078378398113e-07,2.666456443325573673e+02,9.999999999994206856e-01,2.791642942469770787e+02
3.019999999999999929e+01,8.133369837056883644e-07,-3.897444387520062794e-07,2.666456443328681303e+02,9.999999999994312327e-01,2.791642942472541904e+02
3.021999999999999886e+01,8.055794460412462098e-07,-3.860153254932518958e-07,2.666456443331733226e+02,9.999999999994417799e-01,2.791642942475262430e+02
3.024000000000000199e+01,7.978961319832401453e-07,-3.823220194739423203e-07,2.666456443334730579e+02,9.999999999994519939e-01,2.791642942477935208e+02
3.026000000000000156e+01,7.902863288430960824e-07,-3.786641754854002587e-07,2.666456443337675637e+02,9.999999999994620969e-01,2.791642942480561942e+02
3.028000000000000114e+01,7.827493308115455981e-07,-3.750414516664714877e-07,2.666456443340568399e+02,9.999999999994719779e-01,2.791642942483140928e+02
3.030000000000000071e+01,7.752844388816333926e-07,-3.714535094658871572e-07,2.666456443343410001e+02,9.999999999994816369e-01,2.791642942485674439e+02
3.032000000000000028e+01,7.678909607820931720e-07,-3.679000136096776392e-07,2.666456443346201581e+02,9.999999999994910738e-01,2.791642942488163044e+02
3.033999999999999986e+01,7.605682109122264848e-07,-3.643806320693203301e-07,2.666456443348943139e+02,9.999999999995005107e-01,2.791642942490607879e+02
3.035999999999999943e+01,7.533155102774133386e-07,-3.608950360301990025e-07,2.666456443351636949e+02,9.999999999995097255e-01,2.791642942493008945e+02
3.037999999999999901e+01,7.461321864252486695e-07,-3.574428998603699417e-07,2.666456443354282442e+02,9.999999999995186073e-01,2.791642942495368516e+02
3.040000000000000213e+01,7.390175733822951322e-07,-3.540239010796327495e-07,2.666456443356880754e+02,9.999999999995274891e-01,2.791642942497685453e+02
3.042000000000000171e+01,7.319710115950773033e-07,-3.506377203306666373e-07,2.666456443359434161e+02,9.999999999995361488e-01,2.791642942499961464e+02
3.044000000000000128e+01,7.249918475119533956e-07,-3.472840411754860803e-07,2.666456443361941524e+02,9.999999999995446975e-01,2.791642942502198252e+02
3.046000000000000085e+01,7.180794352043556953e-07,-3.439625508838223441e-07,2.666456443364405118e+02,9.999999999995530242e-01,2.791642942504394114e+02
3.048000000000000043e+01,7.112331330919373593e-07,-3.406729388402705102e-07,2.666456443366824942e+02,9.999999999995612399e-01,2.791642942506552458e+02
3.050000000000000000e+01,7.044523070287075240e-07,-3.374148980448890220e-07,2.666456443369202134e+02,9.999999999995693445e-01,2.791642942508671013e+02
3.051999999999999957e+01,6.977363288770656324e-07,-3.341881244197913560e-07,2.666456443371537262e+02,9.999999999995772271e-01,2.791642942510753187e+02
3.053999999999999915e+01,6.910845755247009028e-07,-3.309923163306970266e-07,2.666456443373830325e+02,9.999999999995849986e-01,2.791642942512797276e+02
3.056000000000000227e+01,6.844964318606814460e-07,-3.278271760341630799e-07,2.666456443376083598e+02,9.999999999995925481e-01,2.791642942514806691e+02
3.058000000000000185e+01,6.779712860052519567e-07,-3.246924073578051141e-07,2.666456443378296512e+02,9.999999999995999866e-01,2.791642942516779158e+02
3.060000000000000142e+01,6.715085349776611888e-07,-3.215877184560392998e-07,2.666456443380470205e+02,9.999999999996073141e-01,2.791642942518717518e+02
3.062000000000000099e+01,6.651075787573437587e-07,-3.185128189225155634e-07,2.666456443382605244e+02,9.999999999996145306e-01,2.791642942520621773e+02
3.064000000000000057e+01,6.587678253987055157e-07,-3.154674222765529988e-07,2.666456443384702766e+02,9.999999999996217470e-01,2.791642942522491921e+02
3.066000000000000014e+01,6.524886872156721013e-07,-3.124512441082800149e-07,2.666456443386763340e+02,9.999999999996286304e-01,2.791642942524329101e+02
3.067999999999999972e+01,6.462695825977713160e-07,-3.094640029611431396e-07,2.666456443388787534e+02,9.999999999996354028e-01,2.791642942526133879e+02
3.069999999999999929e+01,6.401099361714970257e-07,-3.065054204104144279e-07,2.666456443390775917e+02,9.999999999996421751e-01,2.791642942527906257e+02
3.071999999999999886e+01,6.340091765111565634e-07,-3.035752199501677225e-07,2.666456443392728488e+02,9.999999999996487254e-01,2.791642942529646803e+02
3.074000000000000199e+01,6.279667400164038624e-07,-3.006731288779696837e-07,2.666456443394647522e+02,9.999999999996551647e-01,2.791642942531357789e+02
3.076000000000000156e+01,6.219820657984043504e-07,-2.977988758092032136e-07,2.666456443396531881e+02,9.999999999996614930e-01,2.791642942533038081e+02
3.078000000000000114e+01,6.160546010904798229e-07,-2.949521933065332215e-07,2.666456443398383271e+02,9.999999999996675992e-01,2.791642942534688814e+02
3.080000000000000071e+01,6.101837961368183542e-07,-2.921328153958623335e-07,2.666456443400201124e+02,9.999999999996738165e-01,2.791642942536309988e+02
3.082000000000000028e+01,6.043691080656911621e-07,-2.893404794482859530e-07,2.666456443401987144e+02,9.999999999996798117e-01,2.791642942537902172e+02
3.083999999999999986e+01,5.986099985488203115e-07,-2.865749250427490939e-07,2.666456443403741901e+02,9.999999999996856959e-01,2.791642942539467072e+02
3.085999999999999943e+01,5.929059341446021834e-07,-2.838358941325099010e-07,2.666456443405464825e+02,9.999999999996913580e-01,2.791642942541003549e+02
3.087999999999999901e+01,5.872563877615369906e-07,-2.811231317562494854e-07,2.666456443407158190e+02,9.999999999996971312e-01,2.791642942542512742e+02
3.090000000000000213e+01,5.816608354155402754e-07,-2.784363844623160975e-07,2.666456443408820860e+02,9.999999999997026823e-01,2.791642942543995218e+02
3.092000000000000171e+01,5.761187606046761233e-07,-2.757754024340950634e-07,2.666456443410454540e+02,9.999999999997080113e-01,2.791642942545452115e+02
3.094000000000000128e+01,5.706296492599291782e-07,-2.731399370368898258e-07,2.666456443412059230e+02,9.999999999997134514e-01,2.791642942546882864e+02
3.096000000000000085e+01,5.651929945413527347e-07,-2.705297431476708723e-07,2.666456443413634929e+02,9.999999999997185585e-01,2.791642942548288033e+02
3.098000000000000043e+01,5.598082927902797608e-07,-2.679445771887918209e-07,2.666456443415183344e+02,9.999999999997237765e-01,2.791642942549668192e+02
3.100000000000000000e+01,5.544750460917007944e-07,-2.653841983723778582e-07,2.666456443416705042e+02,9.999999999997288835e-01,2.791642942551024476e+02
3.101999999999999957e+01,5.491927613182619027e-07,-2.628483682360342644e-07,2.666456443418198887e+02,9.999999999997338795e-01,2.791642942552356317e+02
3.103999999999999915e+01,5.439609492133299162e-07,-2.603368501972182502e-07,2.666456443419666016e+02,9.999999999997388755e-01,2.791642942553664852e+02
3.106000000000000227e+01,5.387791268522690042e-07,-2.578494107486361737e-07,2.666456443421107565e+02,9.999999999997436495e-01,2.791642942554950082e+02
3.108000000000000185e+01,5.336468138106332389e-07,-2.553858175971343844e-07,2.666456443422523535e+02,9.999999999997483124e-01,2.791642942556212574e+02
3.110000000000000142e+01,5.285635366500381556e-07,-2.529458418420699690e-07,2.666456443423914493e+02,9.999999999997528644e-01,2.791642942557451761e+02
3.112000000000000099e+01,5.235288242760614833e-07,-2.505292557210244133e-07,2.666456443425281009e+02,9.999999999997575273e-01,2.791642942558670484e+02
3.114000000000000057e+01,5.185422118807027284e-07,-2.481358345239805891e-07,2.666456443426623082e+02,9.999999999997618572e-01,2.791642942559867606e+02
3.116000000000000014e+01,5.136032380594618582e-07,-2.457653551935323590e-07,2.666456443427940712e+02,9.999999999997662981e-01,2.791642942561042560e+02
3.117999999999999972e+01,5.087114461039123193e-07,-2.434175969522126347e-07,2.666456443429236742e+02,9.999999999997706279e-01,2.791642942562197049e+02
3.119999999999999929e+01,5.038663842649587717e-07,-2.410923414303572891e-07,2.666456443430507761e+02,9.999999999997748468e-01,2.791642942563331076e+02
3.122000000000000242e+01,4.990676038330307730e-07,-2.387893717338349124e-07,2.666456443431757748e+02,9.999999999997789546e-01,2.791642942564445207e+02
3.124000000000000199e+01,4.943146622753622661e-07,-2.365084739670674796e-07,2.666456443432984997e+02,9.999999999997829514e-01,2.791642942565538874e+02
3.126000000000000156e+01,4.896071191727962362e-07,-2.342494352604595195e-07,2.666456443434191215e+02,9.999999999997868372e-01,2.791642942566614352e+02
3.128000000000000114e+01,4.849445404631606907e-07,-2.320120458300811489e-07,2.666456443435375263e+02,9.999999999997909450e-01,2.791642942567669934e+02
3.130000000000000071e+01,4.803264944832047161e-07,-2.297960970564278357e-07,2.666456443436538279e+02,9.999999999997947198e-01,2.791642942568707326e+02
3.132000000000000028e+01,4.757525549154016437e-07,-2.276013829144998465e-07,2.666456443437680832e+02,9.999999999997983835e-01,2.791642942569726529e+02
3.133999999999999986e+01,4.712222990691037357e-07,-2.254276991396091800e-07,2.666456443438803490e+02,9.999999999998021583e-01,2.791642942570726973e+02
3.135999999999999943e+01,4.667353080234102791e-07,-2.232748432964808334e-07,2.666456443439906252e+02,9.999999999998057110e-01,2.791642942571709796e+02
3.137999999999999901e+01,4.622911678949886610e-07,-2.211426153945614630e-07,2.666456443440989688e+02,9.999999999998092637e-01,2.791642942572675565e+02
3.140000000000000213e+01,4.578894671965499768e-07,-2.190308166059604274e-07,2.666456443442053796e+02,9.999999999998128164e-01,2.791642942573624282e+02
3.142000000000000171e+01,4.535298003310350617e-07,-2.169392509609781634e-07,2.666456443443098578e+02,9.999999999998162581e-01,2.791642942574556514e+02
3.144000000000000128e+01,4.492117636143793869e-07,-2.148677234181376455e-07,2.666456443444124602e+02,9.999999999998195888e-01,2.791642942575471125e+02
3.146000000000000085e+01,4.449349590049403100e-07,-2.128160416735930593e-07,2.666456443445133004e+02,9.999999999998229194e-01,2.791642942576369819e+02
3.148000000000000043e+01,4.406989910027938471e-07,-2.107840146567191109e-07,2.666456443446123217e+02,9.999999999998261391e-01,2.791642942577253166e+02
3.150000000000000000e+01,4.365034685574914679e-07,-2.087714534554763627e-07,2.666456443447096945e+02,9.999999999998293587e-01,2.791642942578120028e+02
3.151999999999999957e+01,4.323480044337057399e-07,-2.067781710087050489e-07,2.666456443448052482e+02,9.999999999998325784e-01,2.791642942578972679e+02
3.153999999999999915e+01,4.282322143780140239e-07,-2.048039817017107034e-07,2.666456443448990967e+02,9.999999999998355760e-01,2.791642942579809983e+02
3.156000000000000227e+01,4.241557191478008862e-07,-2.028487023504871158e-07,2.666456443449913536e+02,9.999999999998385736e-01,2.791642942580631939e+02
3.158000000000000185e+01,4.201181414369854214e-07,-2.009121507103310221e-07,2.666456443450819052e+02,9.999999999998415712e-01,2.791642942581439684e+02
3.160000000000000142e+01,4.161191094233767599e-07,-1.989941471964149155e-07,2.666456443451708651e+02,9.999999999998444578e-01,2.791642942582232649e+02
3.162000000000000099e+01,4.121582531429938474e-07,-1.970945131251874058e-07,2.666456443452583471e+02,9.999999999998473443e-01,2.791642942583012541e+02
3.164000000000000057e+01,4.082352075257432245e-07,-1.952130721865346136e-07,2.666456443453441807e+02,9.999999999998500089e-01,2.791642942583777653e+02
3.166000000000000014e+01,4.043496102216585754e-07,-1.933496493895712228e-07,2.666456443454285363e+02,9.999999999998527844e-01,2.791642942584529123e+02
3.167999999999999972e+01,4.005011025106548758e-07,-1.915040715036374639e-07,2.666456443455113572e+02,9.999999999998556710e-01,2.791642942585267519e+02
3.169999999999999929e+01,3.966893296161026905e-07,-1.896761672104015622e-07,2.666456443455927570e+02,9.999999999998582245e-01,2.791642942585993978e+02
3.172000000000000242e+01,3.929139391023695275e-07,-1.878657663266298750e-07,2.666456443456726220e+02,9.999999999998607780e-01,2.791642942586706226e+02
3.174000000000000199e+01,3.891745834092117665e-07,-1.860727010330837324e-07,2.666456443457511796e+02,9.999999999998633315e-01,2.791642942587406537e+02
3.176000000000000156e+01,3.854709166260527559e-07,-1.842968043103642832e-07,2.666456443458283161e+02,9.999999999998658851e-01,2.791642942588093774e+02
3.178000000000000114e+01,3.818025978174223049e-07,-1.825379115511500297e-07,2.666456443459040884e+02,9.999999999998684386e-01,2.791642942588769074e+02
3.180000000000000071e+01,3.781692879606859341e-07,-1.807958590755155990e-07,2.666456443459784964e+02,9.999999999998707700e-01,2.791642942589432437e+02
3.182000000000000028e+01,3.745706521842711519e-07,-1.790704852158695896e-07,2.666456443460515970e+02,9.999999999998732125e-01,2.791642942590083862e+02
3.183999999999999986e+01,3.710063585120971232e-07,-1.773616297083126156e-07,2.666456443461233334e+02,9.999999999998755440e-01,2.791642942590724488e+02
3.185999999999999943e+01,3.674760778764070598e-07,-1.756691336986790067e-07,2.666456443461938761e+02,9.999999999998777644e-01,2.791642942591352607e+02
3.187999999999999901e+01,3.639794852057167665e-07,-1.739928402699304383e-07,2.666456443462631682e+02,9.999999999998799849e-01,2.791642942591970495e+02
3.190000000000000213e+01,3.605162572772361894e-07,-1.723325934010553482e-07,2.666456443463312098e+02,9.999999999998822053e-01,2.791642942592577583e+02
3.192000000000000171e+01,3.570860755049295544e-07,-1.706882393183856754e-07,2.666456443463980577e+02,9.999999999998843148e-01,2.791642942593173302e+02
3.194000000000000128e+01,3.536886228089192342e-07,-1.690596249782270671e-07,2.666456443464637687e+02,9.999999999998865352e-01,2.791642942593758789e+02
3.196000000000000085e+01,3.503235865131486675e-07,-1.674465994710956428e-07,2.666456443465282291e+02,9.999999999998886446e-01,2.791642942594334045e+02
3.198000000000000043e+01,3.469906559731416006e-07,-1.658490128720758557e-07,2.666456443465916095e+02,9.999999999998906430e-01,2.791642942594898500e+02
3.200000000000000000e+01,3.436895239913123499e-07,-1.642667169265269628e-07,2.666456443466538531e+02,9.999999999998926414e-01,2.791642942595453860e+02
3.202000000000000313e+01,3.404198864103085139e-07,-1.626995648530588466e-07,2.666456443467149597e+02,9.999999999998946398e-01,2.791642942595998420e+02
3.203999999999999915e+01,3.371814413703504309e-07,-1.611474109835125986e-07,2.666456443467750432e+02,9.999999999998964162e-01,2.791642942596533885e+02
3.206000000000000227e+01,3.339738909768055363e-07,-1.596101115709726709e-07,2.666456443468340467e+02,9.999999999998984146e-01,2.791642942597059687e+02
3.207999999999999829e+01,3.307969388365844062e-07,-1.580875235960056238e-07,2.666456443468919701e+02,9.999999999999003020e-01,2.791642942597576393e+02
3.210000000000000142e+01,3.276502928608960174e-07,-1.565795061245245349e-07,2.666456443469488136e+02,9.999999999999021894e-01,2.791642942598083437e+02
3.211999999999999744e+01,3.245336624357576392e-07,-1.550859189369447636e-07,2.666456443470048043e+02,9.999999999999039657e-01,2.791642942598581953e+02
3.214000000000000057e+01,3.214467607568532761e-07,-1.536066236591891133e-07,2.666456443470597151e+02,9.999999999999056310e-01,2.791642942599071944e+02
3.216000000000000369e+01,3.183893031942607533e-07,-1.521414829705344145e-07,2.666456443471136595e+02,9.999999999999074074e-01,2.791642942599552271e+02
3.217999999999999972e+01,3.153610079238703098e-07,-1.506903609093260699e-07,2.666456443471665807e+02,9.999999999999091838e-01,2.791642942600025208e+02
3.220000000000000284e+01,3.123615962572297630e-07,-1.492531230327796086e-07,2.666456443472186493e+02,9.999999999999108491e-01,2.791642942600489050e+02
3.221999999999999886e+01,3.093907913095278125e-07,-1.478296357716684227e-07,2.666456443472698083e+02,9.999999999999125144e-01,2.791642942600944366e+02
3.224000000000000199e+01,3.064483200439455400e-07,-1.464197674204820430e-07,2.666456443473200011e+02,9.999999999999140687e-01,2.791642942601392292e+02
3.225999999999999801e+01,3.035339107128880891e-07,-1.450233868980858050e-07,2.666456443473693412e+02,9.999999999999156231e-01,2.791642942601831692e+02
3.228000000000000114e+01,3.006472954620954529e-07,-1.436403650088193947e-07,2.666456443474177718e+02,9.999999999999171774e-01,2.791642942602263702e+02
3.229999999999999716e+01,2.977882079636456962e-07,-1.422705732962012576e-07,2.666456443474654066e+02,9.999999999999187317e-01,2.791642942602687754e+02
3.232000000000000028e+01,2.949563851129082788e-07,-1.409138848645678691e-07,2.666456443475121318e+02,9.999999999999200639e-01,2.791642942603104416e+02
3.234000000000000341e+01,2.921515661170257495e-07,-1.395701739377101972e-07,2.666456443475580613e+02,9.999999999999216183e-01,2.791642942603514257e+02
3.235999999999999943e+01,2.893734924270418954e-07,-1.382393158258741990e-07,2.666456443476031950e+02,9.999999999999229505e-01,2.791642942603916708e+02
3.238000000000000256e+01,2.866219086641336468e-07,-1.369211873742548132e-07,2.666456443476475329e+02,9.999999999999243938e-01,2.791642942604311770e+02
3.239999999999999858e+01,2.838965608768141059e-07,-1.356156661190784007e-07,2.666456443476910181e+02,9.999999999999258371e-01,2.791642942604700011e+02
3.242000000000000171e+01,2.811971987633626657e-07,-1.343226313635672032e-07,2.666456443477337643e+02,9.999999999999272804e-01,2.791642942605080862e+02
3.243999999999999773e+01,2.785235732094413099e-07,-1.330419629857797520e-07,2.666456443477758285e+02,9.999999999999286127e-01,2.791642942605454891e+02
3.246000000000000085e+01,2.758754385376384677e-07,-1.317735425275499392e-07,2.666456443478170399e+02,9.999999999999298339e-01,2.791642942605823237e+02
3.248000000000000398e+01,2.732525506949803959e-07,-1.305172523170907982e-07,2.666456443478575125e+02,9.999999999999310552e-01,2.791642942606184192e+02
3.250000000000000000e+01,2.706546682986753024e-07,-1.292729759750836403e-07,2.666456443478973597e+02,9.999999999999323874e-01,2.791642942606538895e+02
3.252000000000000313e+01,2.680815523886985697e-07,-1.280405982949441770e-07,2.666456443479364680e+02,9.999999999999336087e-01,2.791642942606887345e+02
3.253999999999999915e+01,2.655329657756250306e-07,-1.268200049270408287e-07,2.666456443479748373e+02,9.999999999999348299e-01,2.791642942607230111e+02
3.256000000000000227e+01,2.630086744075799505e-07,-1.256110830403082951e-07,2.666456443480125245e+02,9.999999999999360512e-01,2.791642942607566056e+02
3.257999999999999829e+01,2.605084453982300176e-07,-1.244137203677532589e-07,2.666456443480495864e+02,9.999999999999372724e-01,2.791642942607896885e+02
3.260000000000000142e+01,2.580320492392968228e-07,-1.232278062771808988e-07,2.666456443480859662e+02,9.999999999999383826e-01,2.791642942608220892e+02
3.261999999999999744e+01,2.555792575942994066e-07,-1.220532307034753962e-07,2.666456443481217207e+02,9.999999999999394928e-01,2.791642942608539784e+02
3.264000000000000057e+01,2.531498450922634151e-07,-1.208898850165181208e-07,2.666456443481569067e+02,9.999999999999407141e-01,2.791642942608852422e+02
3.266000000000000369e+01,2.507435881006513629e-07,-1.197376614274278048e-07,2.666456443481914107e+02,9.999999999999417133e-01,2.791642942609160514e+02
3.267999999999999972e+01,2.483602651557825842e-07,-1.185964531967174603e-07,2.666456443482252894e+02,9.999999999999427125e-01,2.791642942609462352e+02
3.270000000000000284e+01,2.459996572872686092e-07,-1.174661547912961715e-07,2.666456443482585996e+02,9.999999999999438227e-01,2.791642942609759075e+02
3.271999999999999886e+01,2.436615469148656180e-07,-1.163466613506293851e-07,2.666456443482912846e+02,9.999999999999448219e-01,2.791642942610050682e+02
3.274000000000000199e+01,2.413457194952584792e-07,-1.152378694834693769e-07,2.666456443483234011e+02,9.999999999999458211e-01,2.791642942610336604e+02
3.275999999999999801e+01,2.390519614939631248e-07,-1.141396762866188674e-07,2.666456443483549492e+02,9.999999999999468203e-01,2.791642942610617411e+02
3.278000000000000114e+01,2.367800624230380257e-07,-1.130519803306660776e-07,2.666456443483858720e+02,9.999999999999478195e-01,2.791642942610894238e+02
3.279999999999999716e+01,2.345298130132720332e-07,-1.119746807757689013e-07,2.666456443484163401e+02,9.999999999999487077e-01,2.791642942611165381e+02
3.282000000000000028e+01,2.323010064982471783e-07,-1.109076779927040944e-07,2.666456443484462397e+02,9.999999999999497069e-01,2.791642942611431977e+02
3.284000000000000341e+01,2.300934379573764237e-07,-1.098508732451074440e-07,2.666456443484755710e+02,9.999999999999507061e-01,2.791642942611693456e+02
3.285999999999999943e+01,2.279069042014619687e-07,-1.088041686340171180e-07,2.666456443485044474e+02,9.999999999999514833e-01,2.791642942611950957e+02
3.288000000000000256e+01,2.257412045559898144e-07,-1.077674674767440254e-07,2.666456443485327554e+02,9.999999999999524825e-01,2.791642942612203342e+02
3.289999999999999858e+01,2.235961394492340752e-07,-1.067406736239304455e-07,2.666456443485606087e+02,9.999999999999533706e-01,2.791642942612451748e+02
3.292000000000000171e+01,2.214715121821022529e-07,-1.057236923154783430e-07,2.666456443485878935e+02,9.999999999999541478e-01,2.791642942612695037e+02
3.293999999999999773e+01,2.193671269927613812e-07,-1.047164292445505654e-07,2.666456443486148373e+02,9.999999999999550360e-01,2.791642942612934917e+02
3.296000000000000085e+01,2.172827908015378614e-07,-1.037187914013201341e-07,2.666456443486412127e+02,9.999999999999559241e-01,2.791642942613169680e+02
3.298000000000000398e+01,2.152183118280753491e-07,-1.027306864042772661e-07,2.666456443486671333e+02,9.999999999999567013e-01,2.791642942613401033e+02
3.300000000000000000e+01,2.131735003604708184e-07,-1.017520228720522331e-07,2.666456443486925423e+02,9.999999999999574785e-01,2.791642942613627838e+02
3.302000000000000313e+01,2.111481686175300119e-07,-1.007827103568319421e-07,2.666456443487175534e+02,9.999999999999582556e-01,2.791642942613850664e+02
3.303999999999999915e+01,2.091421301827997183e-07,-9.982265907062200765e-08,2.666456443487420529e+02,9.999999999999589217e-01,2.791642942614070080e+02
3.306000000000000227e+01,2.071552011223693864e-07,-9.887178042569309308e-08,2.666456443487662114e+02,9.999999999999596989e-01,2.791642942614284948e+02
3.307999999999999829e+01,2.051871984080769687e-07,-9.792998627219499674e-08,2.666456443487899151e+02,9.999999999999604761e-01,2.791642942614496405e+02
3.310000000000000142e+01,2.032379416625677077e-07,-9.699718974176605068e-08,2.666456443488132209e+02,9.999999999999611422e-01,2.791642942614703315e+02
3.311999999999999744e+01,2.013072514404980031e-07,-9.607330441660414914e-08,2.666456443488360151e+02,9.999999999999619194e-01,2.791642942614907383e+02
3.314000000000000057e+01,1.993949506047879006e-07,-9.515824499468660154e-08,2.666456443488584682e+02,9.999999999999625855e-01,2.791642942615107472e+02
3.316000000000000369e+01,1.975008634084398121e-07,-9.425192684594640127e-08,2.666456443488805235e+02,9.999999999999633626e-01,2.791642942615303582e+02
3.317999999999999972e+01,1.956248157809689272e-07,-9.335426615063746640e-08,2.666456443489022945e+02,9.999999999999639178e-01,2.791642942615496850e+02
3.320000000000000284e+01,1.937666356343513023e-07,-9.246518004722963626e-08,2.666456443489235539e+02,9.999999999999645839e-01,2.791642942615686707e+02
3.321999999999999886e+01,1.919261519524321017e-07,-9.158458619222232475e-08,2.666456443489444723e+02,9.999999999999653610e-01,2.791642942615873153e+02
3.324000000000000199e+01,1.901031961157063298e-07,-9.071240340041238408e-08,2.666456443489649359e+02,9.999999999999660272e-01,2.791642942616056189e+02
3.325999999999999801e+01,1.882976002951074580e-07,-8.984855086859395409e-08,2.666456443489851722e+02,9.999999999999665823e-01,2.791642942616236382e+02
3.328000000000000114e+01,1.865091990452911428e-07,-8.899294894549555587e-08,2.666456443490049537e+02,9.999999999999672484e-01,2.791642942616413166e+02
3.329999999999999716e+01,1.847378278946121948e-07,-8.814551845038757398e-08,2.666456443490243942e+02,9.999999999999676925e-01,2.791642942616586538e+02
3.332000000000000028e+01,1.829833243146880945e-07,-8.730618114152981783e-08,2.666456443490434935e+02,9.999999999999683586e-01,2.791642942616755931e+02
3.334000000000000341e+01,1.812455272509924442e-07,-8.647485948936685625e-08,2.666456443490623087e+02,9.999999999999689138e-01,2.791642942616924188e+02
3.335999999999999943e+01,1.795242769850273549e-07,-8.565147660985417635e-08,2.666456443490807260e+02,9.999999999999694689e-01,2.791642942617087897e+02
3.338000000000000256e+01,1.778194157929474672e-07,-8.483595658269396761e-08,2.666456443490988590e+02,9.999999999999700240e-01,2.791642942617249901e+02
3.339999999999999858e+01,1.761307868035768701e-07,-8.402822389953033346e-08,2.666456443491166510e+02,9.999999999999705791e-01,2.791642942617408494e+02
3.342000000000000171e+01,1.744582354064917119e-07,-8.322820414421639346e-08,2.666456443491341020e+02,9.999999999999710232e-01,2.791642942617564245e+02
3.343999999999999773e+01,1.728016077320131174e-07,-8.243582325846137461e-08,2.666456443491513255e+02,9.999999999999716893e-01,2.791642942617717722e+02
3.346000000000000085e+01,1.711607520034581512e-07,-8.165100819503779017e-08,2.666456443491681512e+02,9.999999999999722444e-01,2.791642942617867220e+02
3.348000000000000398e+01,1.695355174837159374e-07,-8.087368640891002500e-08,2.666456443491846926e+02,9.999999999999726885e-01,2.791642942618015013e+02
3.350000000000000000e+01,1.679257550379576663e-07,-8.010378612898168241e-08,2.666456443492009498e+02,9.999999999999732436e-01,2.791642942618160532e+02
3.352000000000000313e+01,1.663313170699194140e-07,-7.934123632733334600e-08,2.666456443492169797e+02,9.999999999999736877e-01,2.791642942618302641e+02
3.353999999999999915e+01,1.647520570354534774e-07,-7.858596648419609630e-08,2.666456443492327253e+02,9.999999999999741318e-01,2.791642942618443044e+02
3.356000000000000227e+01,1.631878303545548203e-07,-7.783790702845431697e-08,2.666456443492480730e+02,9.999999999999746869e-01,2.791642942618580037e+02
3.357999999999999829e+01,1.616384931518874562e-07,-7.709698872931278627e-08,2.666456443492632502e+02,9.999999999999751310e-01,2.791642942618715324e+02
3.360000000000000142e+01,1.601039036319813481e-07,-7.636314336042413552e-08,2.666456443492781432e+02,9.999999999999755751e-01,2.791642942618848338e+02
3.361999999999999744e+01,1.585839207413800265e-07,-7.563630305378466359e-08,2.666456443492927519e+02,9.999999999999760192e-01,2.791642942618978509e+02
3.364000000000000057e+01,1.570784052231951259e-07,-7.491640080893883399e-08,2.666456443493071333e+02,9.999999999999764633e-01,2.791642942619105838e+02
3.366000000000000369e+01,1.555872189321971326e-07,-7.420337016225123722e-08,2.666456443493212305e+02,9.999999999999769074e-01,2.791642942619232031e+02
3.367999999999999972e+01,1.541102250190972219e-07,-7.349714527582626991e-08,2.666456443493351003e+02,9.999999999999773515e-01,2.791642942619355381e+02
3.370000000000000284e+01,1.526472882108299577e-07,-7.279766107285654857e-08,2.666456443493486859e+02,9.999999999999777955e-01,2.791642942619476457e+02
3.371999999999999886e+01,1.511982740611405749e-07,-7.210485287572408592e-08,2.666456443493620441e+02,9.999999999999781286e-01,2.791642942619595260e+02
3.374000000000000199e+01,1.497630500149820129e-07,-7.141865691990305473e-08,2.666456443493751749e+02,9.999999999999784617e-01,2.791642942619712358e+02
3.375999999999999801e+01,1.483414841374279459e-07,-7.073900974025270679e-08,2.666456443493880784e+02,9.999999999999789058e-01,2.791642942619827750e+02
3.378000000000000114e+01,1.469334463584883905e-07,-7.006584877195343381e-08,2.666456443494006976e+02,9.999999999999793499e-01,2.791642942619941437e+02
3.379999999999999716e+01,1.455388073865314468e-07,-6.939911182594930845e-08,2.666456443494131463e+02,9.999999999999796829e-01,2.791642942620051144e+02
3.382000000000000028e+01,1.441574394386705707e-07,-6.873873744148044417e-08,2.666456443494254245e+02,9.999999999999800160e-01,2.791642942620160284e+02
3.384000000000000341e+01,1.427892159088855245e-07,-6.808466472589046980e-08,2.666456443494374184e+02,9.999999999999804601e-01,2.791642942620267149e+02
3.385999999999999943e+01,1.414340112221774646e-07,-6.743683328416826443e-08,2.666456443494491850e+02,9.999999999999807931e-01,2.791642942620372878e+02
3.388000000000000256e+01,1.400917013856116785e-07,-6.679518348493413019e-08,2.666456443494607811e+02,9.999999999999811262e-01,2.791642942620476333e+02
3.389999999999999858e+01,1.387621630660505086e-07,-6.615965601525154392e-08,2.666456443494721498e+02,9.999999999999814593e-01,2.791642942620577514e+02
3.392000000000000171e+01,1.374452747093616769e-07,-6.553019242079326284e-08,2.666456443494833479e+02,9.999999999999817923e-01,2.791642942620676990e+02
3.393999999999999773e+01,1.361409153475578253e-07,-6.490673453011828456e-08,2.666456443494942619e+02,9.999999999999821254e-01,2.791642942620774761e+02
3.396000000000000085e+01,1.348489656457718019e-07,-6.428922495991057556e-08,2.666456443495050053e+02,9.999999999999824585e-01,2.791642942620870258e+02
3.398000000000000398e+01,1.335693071011019039e-07,-6.367760672835617644e-08,2.666456443495156350e+02,9.999999999999827915e-01,2.791642942620965187e+02
3.400000000000000000e+01,1.323018224517787655e-07,-6.307182345254112006e-08,2.666456443495260942e+02,9.999999999999830136e-01,2.791642942621057841e+02
3.402000000000000313e+01,1.310463956620686368e-07,-6.247181934117831694e-08,2.666456443495363260e+02,9.999999999999834577e-01,2.791642942621148791e+02
3.403999999999999915e+01,1.298029115075086403e-07,-6.187753899442017234e-08,2.666456443495462736e+02,9.999999999999836797e-01,2.791642942621238603e+02
3.406000000000000227e+01,1.285712563175088668e-07,-6.128892776217464581e-08,2.666456443495561075e+02,9.999999999999839018e-01,2.791642942621326711e+02
3.407999999999999829e+01,1.273513169703475190e-07,-6.070593125916463496e-08,2.666456443495658846e+02,9.999999999999843459e-01,2.791642942621413113e+02
3.410000000000000142e+01,1.261429819759888469e-07,-6.012849588733976753e-08,2.666456443495753774e+02,9.999999999999845679e-01,2.791642942621497809e+02
3.411999999999999744e+01,1.249461404356823459e-07,-5.955656833392024325e-08,2.666456443495846997e+02,9.999999999999849010e-01,2.791642942621580801e+02
3.414000000000000057e+01,1.237606828488814942e-07,-5.899009596064352564e-08,2.666456443495938515e+02,9.999999999999851230e-01,2.791642942621662655e+02
3.416000000000000369e+01,1.225865006041222653e-07,-5.842902655816267220e-08,2.666456443496028896e+02,9.999999999999854561e-01,2.791642942621742804e+02
3.417999999999999972e+01,1.214234860917013263e-07,-5.787330840035291878e-08,2.666456443496118141e+02,9.999999999999855671e-01,2.791642942621821817e+02
3.420000000000000284e+01,1.202715329550793347e-07,-5.732289036559302668e-08,2.666456443496204542e+02,9.999999999999859002e-01,2.791642942621899692e+02
3.421999999999999886e+01,1.191305354757818381e-07,-5.677772164002276785e-08,2.666456443496290376e+02,9.999999999999863443e-01,2.791642942621975294e+02
3.424000000000000199e+01,1.180003894275571577e-07,-5.623775212953621005e-08,2.666456443496374504e+02,9.999999999999865663e-01,2.791642942622050327e+02
3.425999999999999801e+01,1.168809910712785438e-07,-5.570293197497520970e-08,2.666456443496456359e+02,9.999999999999867883e-01,2.791642942622123655e+02
3.428000000000000114e+01,1.157722381267337602e-07,-5.517321202080446776e-08,2.666456443496537076e+02,9.999999999999870104e-01,2.791642942622195847e+02
3.430000000000000426e+01,1.146740289362243063e-07,-5.464854341172380806e-08,2.666456443496617226e+02,9.999999999999872324e-01,2.791642942622266901e+02
3.432000000000000028e+01,1.135862630133727013e-07,-5.412887785729977902e-08,2.666456443496695101e+02,9.999999999999874545e-01,2.791642942622336818e+02
3.434000000000000341e+01,1.125088408115251214e-07,-5.361416752028694696e-08,2.666456443496771840e+02,9.999999999999876765e-01,2.791642942622405030e+02
3.435999999999999943e+01,1.114416635797334181e-07,-5.310436494713326327e-08,2.666456443496846873e+02,9.999999999999878986e-01,2.791642942622472106e+02
3.438000000000000256e+01,1.103846338217763944e-07,-5.259942328933231914e-08,2.666456443496921338e+02,9.999999999999881206e-01,2.791642942622538044e+02
3.439999999999999858e+01,1.093376545524075962e-07,-5.209929594475596582e-08,2.666456443496993529e+02,9.999999999999883427e-01,2.791642942622602845e+02
3.442000000000000171e+01,1.083006301861210701e-07,-5.160393698618697695e-08,2.666456443497064583e+02,9.999999999999885647e-01,2.791642942622665942e+02
3.443999999999999773e+01,1.072734656017711062e-07,-5.111330071030291576e-08,2.666456443497135638e+02,9.999999999999886757e-01,2.791642942622728469e+02
3.446000000000000085e+01,1.062560669523912164e-07,-5.062734202809408817e-08,2.666456443497204418e+02,9.999999999999888978e-01,2.791642942622789860e+02
3.448000000000000398e+01,1.052483410569820207e-07,-5.014601617163389201e-08,2.666456443497272062e+02,9.999999999999892308e-01,2.791642942622850683e+02
3.450000000000000000e+01,1.042501956958917396e-07,-4.966927883644285385e-08,2.666456443497338000e+02,9.999999999999894529e-01,2.791642942622910368e+02
3.452000000000000313e+01,1.032615396264210560e-07,-4.919708618902039970e-08,2.666456443497403939e+02,9.999999999999895639e-01,2.791642942622968349e+02
3.453999999999999915e+01,1.022822822315658702e-07,-4.872939469747656068e-08,2.666456443497468172e+02,9.999999999999897859e-01,2.791642942623025760e+02
3.456000000000000227e+01,1.013123341235151862e-07,-4.826616142244938276e-08,2.666456443497530699e+02,9.999999999999900080e-01,2.791642942623081467e+02
3.457999999999999829e+01,1.003516063424765279e-07,-4.780734363088856806e-08,2.666456443497592659e+02,9.999999999999902300e-01,2.791642942623136605e+02
3.460000000000000142e+01,9.940001120857077596e-08,-4.735289920666504571e-08,2.666456443497653481e+02,9.999999999999902300e-01,2.791642942623191175e+02
3.461999999999999744e+01,9.845746151349163276e-08,-4.690278626094784662e-08,2.666456443497713167e+02,9.999999999999904521e-01,2.791642942623244608e+02
3.464000000000000057e+01,9.752387113701879136e-08,-4.645696342931848568e-08,2.666456443497772284e+02,9.999999999999907851e-01,2.791642942623296335e+02
3.466000000000000369e+01,9.659915467005133529e-08,-4.601538969009447139e-08,2.666456443497829696e+02,9.999999999999908962e-01,2.791642942623348063e+02
3.467999999999999972e+01,9.568322747784801249e-08,-4.557802439476985683e-08,2.666456443497885971e+02,9.999999999999908962e-01,2.791642942623398653e+02
3.470000000000000284e+01,9.477600592192202134e-08,-4.514482737495856891e-08,2.666456443497941677e+02,9.999999999999911182e-01,2.791642942623447539e+02
3.471999999999999886e+01,9.387740685642822796e-08,-4.471575869966888525e-08,2.666456443497996247e+02,9.999999999999914513e-01,2.791642942623496424e+02
3.474000000000000199e+01,9.298734831281064636e-08,-4.429077900522315758e-08,2.666456443498050248e+02,9.999999999999915623e-01,2.791642942623544741e+02
3.475999999999999801e+01,9.210574870565266973e-08,-4.386984911256405125e-08,2.666456443498102544e+02,9.999999999999916733e-01,2.791642942623590784e+02
3.478000000000000114e+01,9.123252759070829544e-08,-4.345293039249387497e-08,2.666456443498154840e+02,9.999999999999918954e-01,2.791642942623636827e+02
3.480000000000000426e+01,9.036760502182732645e-08,-4.303998445581819597e-08,2.666456443498205431e+02,9.999999999999920064e-01,2.791642942623682870e+02
3.482000000000000028e+01,8.951090196216049895e-08,-4.263097335143956259e-08,2.666456443498254885e+02,9.999999999999921174e-01,2.791642942623727777e+02
3.484000000000000341e+01,8.866234012521852762e-08,-4.222585948978718175e-08,2.666456443498304338e+02,9.999999999999922284e-01,2.791642942623770978e+02
3.485999999999999943e+01,8.782184183865689929e-08,-4.182460557715732696e-08,2.666456443498352655e+02,9.999999999999924505e-01,2.791642942623814179e+02
3.488000000000000256e+01,8.698933042516553254e-08,-4.142717479921609793e-08,2.666456443498399835e+02,9.999999999999925615e-01,2.791642942623856243e+02
3.489999999999999858e+01,8.616472960350093024e-08,-4.103353053242453332e-08,2.666456443498446447e+02,9.999999999999926725e-01,2.791642942623897170e+02
3.492000000000000171e+01,8.534796419359805501e-08,-4.064363668370240269e-08,2.666456443498491353e+02,9.999999999999927836e-01,2.791642942623938666e+02
3.493999999999999773e+01,8.453895938369485776e-08,-4.025745733738458292e-08,2.666456443498536828e+02,9.999999999999928946e-01,2.791642942623978456e+02
3.496000000000000085e+01,8.373764135606528112e-08,-3.987495705660959504e-08,2.666456443498581166e+02,9.999999999999931166e-01,2.791642942624017110e+02
3.498000000000000398e+01,8.294393682617467909e-08,-3.949610066134512447e-08,2.666456443498623798e+02,9.999999999999932276e-01,2.791642942624055763e+02
3.500000000000000000e+01,8.215777325409041299e-08,-3.912085333018469201e-08,2.666456443498665863e+02,9.999999999999934497e-01,2.791642942624093848e+02
3.502000000000000313e+01,8.137907887831357824e-08,-3.874918061664921319e-08,2.666456443498707927e+02,9.999999999999934497e-01,2.791642942624130797e+02
3.503999999999999915e+01,8.060778242002794815e-08,-3.838104830671773746e-08,2.666456443498748854e+02,9.999999999999935607e-01,2.791642942624167176e+02
3.506000000000000227e+01,7.984381357267830737e-08,-3.801642265461127811e-08,2.666456443498789781e+02,9.999999999999936717e-01,2.791642942624202988e+02
3.507999999999999829e+01,7.908710236388524641e-08,-3.765527007548084837e-08,2.666456443498828435e+02,9.999999999999937828e-01,2.791642942624238231e+02
3.510000000000000142e+01,7.833757982511222880e-08,-3.729755746788669507e-08,2.666456443498867088e+02,9.999999999999937828e-01,2.791642942624272905e+02
3.511999999999999744e+01,7.759517736421461950e-08,-3.694325191164331611e-08,2.666456443498905742e+02,9.999999999999940048e-01,2.791642942624307011e+02
3.514000000000000057e+01,7.685982723572739893e-08,-3.659232089425540841e-08,2.666456443498943258e+02,9.999999999999941158e-01,2.791642942624340549e+02
3.516000000000000369e+01,7.613146226299141203e-08,-3.624473217712175454e-08,2.666456443498980207e+02,9.999999999999942268e-01,2.791642942624373518e+02
3.517999999999999972e+01,7.541001586792559700e-08,-3.590045380984188717e-08,2.666456443499016018e+02,9.999999999999943379e-01,2.791642942624405919e+02
3.520000000000000284e+01,7.469542226440366748e-08,-3.555945422332894521e-08,2.666456443499051829e+02,9.999999999999944489e-01,2.791642942624437183e+02
3.521999999999999886e+01,7.398761604685615256e-08,-3.522170203171188153e-08,2.666456443499087072e+02,9.999999999999945599e-01,2.791642942624468446e+02
3.524000000000000199e+01,7.328653273842938321e-08,-3.488716629624265951e-08,2.666456443499121178e+02,9.999999999999946709e-01,2.791642942624499710e+02
3.525999999999999801e+01,7.259210816400135505e-08,-3.455581622343422479e-08,2.666456443499154716e+02,9.999999999999947820e-01,2.791642942624529269e+02
3.528000000000000114e+01,7.190427904098182249e-08,-3.422762144946455584e-08,2.666456443499187685e+02,9.999999999999948930e-01,2.791642942624558259e+02
3.530000000000000426e+01,7.122298248548520830e-08,-3.390255180244960139e-08,2.666456443499220086e+02,9.999999999999948930e-01,2.791642942624587818e+02
3.532000000000000028e+01,7.054815631947042807e-08,-3.358057745026983281e-08,2.666456443499252487e+02,9.999999999999950040e-01,2.791642942624616239e+02
3.534000000000000341e+01,6.987973896403680143e-08,-3.326166884921251229e-08,2.666456443499283750e+02,9.999999999999951150e-01,2.791642942624644093e+02
3.535999999999999943e+01,6.921766931433540426e-08,-3.294579668373530219e-08,2.666456443499314446e+02,9.999999999999952260e-01,2.791642942624671377e+02
3.538000000000000256e+01,6.856188705453448500e-08,-3.263293201807090856e-08,2.666456443499344573e+02,9.999999999999953371e-01,2.791642942624698662e+02
3.539999999999999858e+01,6.791233217608375632e-08,-3.232304606434390403e-08,2.666456443499374132e+02,9.999999999999954481e-01,2.791642942624724810e+02
3.542000000000000171e+01,6.726894553660098769e-08,-3.201611045155278999e-08,2.666456443499403122e+02,9.999999999999954481e-01,2.791642942624750958e+02
3.543999999999999773e+01,6.663166828614648085e-08,-3.171209694944196739e-08,2.666456443499432112e+02,9.999999999999955591e-01,2.791642942624775969e+02
3.546000000000000085e+01,6.600044235018773024e-08,-3.141097770091580507e-08,2.666456443499460534e+02,9.999999999999956701e-01,2.791642942624802117e+02
3.548000000000000398e+01,6.537521008114855770e-08,-3.111272505435165288e-08,2.666456443499488387e+02,9.999999999999956701e-01,2.791642942624825992e+02
3.550000000000000000e+01,6.475591440814954236e-08,-3.081731163563524917e-08,2.666456443499515103e+02,9.999999999999957812e-01,2.791642942624850434e+02
3.552000000000000313e+01,6.414249888052742205e-08,-3.052471036910783230e-08,2.666456443499541820e+02,9.999999999999958922e-01,2.791642942624873740e+02
3.553999999999999915e+01,6.353490742007112703e-08,-3.023489435832225189e-08,2.666456443499567968e+02,9.999999999999960032e-01,2.791642942624897614e+02
3.556000000000000227e+01,6.293308471752281277e-08,-2.994783707682959629e-08,2.666456443499593547e+02,9.999999999999960032e-01,2.791642942624919783e+02
3.557999999999999829e+01,6.233697572484694866e-08,-2.966351212386677964e-08,2.666456443499619127e+02,9.999999999999961142e-01,2.791642942624943089e+02
3.560000000000000142e+01,6.174652618121824361e-08,-2.938189347742134959e-08,2.666456443499644138e+02,9.999999999999961142e-01,2.791642942624965258e+02
3.561999999999999744e+01,6.116168212645050456e-08,-2.910295526012724742e-08,2.666456443499668580e+02,9.999999999999962252e-01,2.791642942624986858e+02
3.564000000000000057e+01,6.058239025913034576e-08,-2.882667191154714385e-08,2.666456443499692455e+02,9.999999999999962252e-01,2.791642942625007322e+02
3.566000000000000369e+01,6.000859773283092161e-08,-2.855301809013663398e-08,2.666456443499715192e+02,9.999999999999963363e-01,2.791642942625028923e+02
3.567999999999999972e+01,5.944025216382398304e-08,-2.828196867693250659e-08,2.666456443499738498e+02,9.999999999999964473e-01,2.791642942625048818e+02
3.570000000000000284e+01,5.887730179787892229e-08,-2.801349885579662214e-08,2.666456443499761235e+02,9.999999999999964473e-01,2.791642942625069281e+02
3.571999999999999886e+01,5.831969517489883131e-08,-2.774758395207430124e-08,2.666456443499783973e+02,9.999999999999965583e-01,2.791642942625089745e+02
3.574000000000000199e+01,5.776738156732160747e-08,-2.748419964347315925e-08,2.666456443499805573e+02,9.999999999999966693e-01,2.791642942625109072e+02
3.575999999999999801e+01,5.722031048550259459e-08,-2.722332172213949567e-08,2.666456443499827174e+02,9.999999999999966693e-01,2.791642942625128399e+02
3.578000000000000114e+01,5.667843213778340690e-08,-2.696492631593512984e-08,2.666456443499848206e+02,9.999999999999967804e-01,2.791642942625147725e+02
3.580000000000000426e+01,5.614169705176611426e-08,-2.670898970628015986e-08,2.666456443499869238e+02,9.999999999999967804e-01,2.791642942625165915e+02
3.582000000000000028e+01,5.561005630292335827e-08,-2.645548843808608986e-08,2.666456443499889701e+02,9.999999999999968914e-01,2.791642942625183537e+02
3.584000000000000341e+01,5.508346144510579731e-08,-2.620439928633828913e-08,2.666456443499909597e+02,9.999999999999968914e-01,2.791642942625201727e+02
3.585999999999999943e+01,5.456186439811339186e-08,-2.595569920200696948e-08,2.666456443499928923e+02,9.999999999999970024e-01,2.791642942625219348e+02
3.588000000000000256e+01,5.404521770733624843e-08,-2.570936543691256373e-08,2.666456443499948250e+02,9.999999999999970024e-01,2.791642942625236401e+02
3.589999999999999858e+01,5.353347415679440705e-08,-2.546537535762611863e-08,2.666456443499967577e+02,9.999999999999970024e-01,2.791642942625253454e+02
3.592000000000000171e+01,5.302658721170856594e-08,-2.522370665828498282e-08,2.666456443499985767e+02,9.999999999999971134e-01,2.791642942625269939e+02
3.593999999999999773e+01,5.252451056975806670e-08,-2.498433714480644199e-08,2.666456443500004525e+02,9.999999999999971134e-01,2.791642942625286423e+02
3.596000000000000085e+01,5.202719853342030567e-08,-2.474724491391047814e-08,2.666456443500022147e+02,9.999999999999972244e-01,2.791642942625302339e+02
3.598000000000000398e+01,5.153460574710643334e-08,-2.451240822673008919e-08,2.666456443500039768e+02,9.999999999999972244e-01,2.791642942625318256e+02
3.600000000000000000e+01,5.104668730185858386e-08,-2.427980555913260311e-08,2.666456443500056821e+02,9.999999999999973355e-01,2.791642942625333603e+02
3.602000000000000313e+01,5.056339878283981619e-08,-2.404941562455647704e-08,2.666456443500073874e+02,9.999999999999973355e-01,2.791642942625348951e+02
3.603999999999999915e+01,5.008469606268695349e-08,-2.382121727464372476e-08,2.666456443500090927e+02,9.999999999999974465e-01,2.791642942625363730e+02
3.606000000000000227e+01,4.961053562212632455e-08,-2.359518965337908798e-08,2.666456443500107412e+02,9.999999999999974465e-01,2.791642942625377941e+02
3.607999999999999829e+01,4.914087414632741918e-08,-2.337131200302960342e-08,2.666456443500123896e+02,9.999999999999974465e-01,2.791642942625392720e+02
3.610000000000000142e+01,4.867566893769972314e-08,-2.314956386257965979e-08,2.666456443500140381e+02,9.999999999999975575e-01,2.791642942625407500e+02
3.611999999999999744e+01,4.821487753894467995e-08,-2.292992488652596077e-08,2.666456443500155160e+02,9.999999999999975575e-01,2.791642942625421142e+02
3.614000000000000057e+01,4.775845800528360324e-08,-2.271237497572169539e-08,2.666456443500170508e+02,9.999999999999976685e-01,2.791642942625434216e+02
3.616000000000000369e+01,4.730636875588475591e-08,-2.249689420596389834e-08,2.666456443500185287e+02,9.999999999999976685e-01,2.791642942625447290e+02
3.617999999999999972e+01,4.685856856758046349e-08,-2.228346282495687325e-08,2.666456443500200635e+02,9.999999999999977796e-01,2.791642942625460933e+02
3.620000000000000284e+01,4.641501671752253691e-08,-2.207206132088189868e-08,2.666456443500214846e+02,9.999999999999977796e-01,2.791642942625474006e+02
3.621999999999999886e+01,4.597567271033236674e-08,-2.186267029124397003e-08,2.666456443500229057e+02,9.999999999999977796e-01,2.791642942625487080e+02
3.624000000000000199e+01,4.554049662834790208e-08,-2.165527061120306414e-08,2.666456443500243267e+02,9.999999999999978906e-01,2.791642942625498449e+02
3.625999999999999801e+01,4.510944874173745540e-08,-2.144984324618917627e-08,2.666456443500256910e+02,9.999999999999978906e-01,2.791642942625511523e+02
3.628000000000000114e+01,4.468248986644951300e-08,-2.124636942391701330e-08,2.666456443500269984e+02,9.999999999999980016e-01,2.791642942625522892e+02
3.630000000000000426e+01,4.425958107415969599e-08,-2.104483049499682263e-08,2.666456443500283626e+02,9.999999999999980016e-01,2.791642942625534829e+02
3.632000000000000028e+01,4.384068386176239045e-08,-2.084520801436909588e-08,2.666456443500296132e+02,9.999999999999980016e-01,2.791642942625546766e+02
3.634000000000000341e+01,4.342576010808927632e-08,-2.064748372050978764e-08,2.666456443500309206e+02,9.999999999999980016e-01,2.791642942625558135e+02
3.635999999999999943e+01,4.301477197449928415e-08,-2.045163948764735059e-08,2.666456443500321711e+02,9.999999999999980016e-01,2.791642942625568935e+02
3.638000000000000256e+01,4.260768211830867639e-08,-2.025765742831767309e-08,2.666456443500334217e+02,9.999999999999981126e-01,2.791642942625580304e+02
3.639999999999999858e+01,4.220445338233848379e-08,-2.006551974418578462e-08,2.666456443500346154e+02,9.999999999999981126e-01,2.791642942625591104e+02
3.642000000000000171e+01,4.180504914504658548e-08,-1.987520889426935199e-08,2.666456443500358091e+02,9.999999999999983347e-01,2.791642942625601904e+02
3.643999999999999773e+01,4.140943296986244148e-08,-1.968670742645665281e-08,2.666456443500370028e+02,9.999999999999982236e-01,2.791642942625612136e+02
3.646000000000000085e+01,4.101756889188838929e-08,-1.949999811523814618e-08,2.666456443500380828e+02,9.999999999999984457e-01,2.791642942625622368e+02
3.648000000000000398e+01,4.062942122009839908e-08,-1.931506386668022534e-08,2.666456443500392766e+02,9.999999999999983347e-01,2.791642942625632600e+02
3.650000000000000000e+01,4.024495460934785839e-08,-1.913188775300536419e-08,2.666456443500403566e+02,9.999999999999982236e-01,2.791642942625642263e+02
3.652000000000000313e+01,3.986413410812191129e-08,-1.895045303553294256e-08,2.666456443500414366e+02,9.999999999999983347e-01,2.791642942625651926e+02
3.653999999999999915e+01,3.948692498685544566e-08,-1.877074308219609765e-08,2.666456443500425166e+02,9.999999999999983347e-01,2.791642942625661590e+02
3.656000000000000227e+01,3.911329299680271367e-08,-1.859274149189181197e-08,2.666456443500435967e+02,9.999999999999984457e-01,2.791642942625671253e+02
3.657999999999999829e+01,3.874320404941879769e-08,-1.841643194046664631e-08,2.666456443500446198e+02,9.999999999999984457e-01,2.791642942625680348e+02
3.660000000000000142e+01,3.837662454005742012e-08,-1.824179833619153976e-08,2.666456443500456430e+02,9.999999999999984457e-01,2.791642942625688875e+02
3.661999999999999744e+01,3.801352105624751565e-08,-1.806882467964244976e-08,2.666456443500466094e+02,9.999999999999984457e-01,2.791642942625697970e+02
3.664000000000000057e+01,3.765386058421413096e-08,-1.789749516288035314e-08,2.666456443500475189e+02,9.999999999999985567e-01,2.791642942625706496e+02
3.666000000000000369e+01,3.729761040130470445e-08,-1.772779411778825160e-08,2.666456443500485420e+02,9.999999999999985567e-01,2.791642942625715023e+02
3.667999999999999972e+01,3.694473806133989610e-08,-1.755970600902306015e-08,2.666456443500495084e+02,9.999999999999984457e-01,2.791642942625723549e+02
3.670000000000000284e+01,3.659521151574956259e-08,-1.739321549219311224e-08,2.666456443500504179e+02,9.999999999999985567e-01,2.791642942625732076e+02
3.671999999999999886e+01,3.624899889198779344e-08,-1.722830730743570934e-08,2.666456443500513274e+02,9.999999999999985567e-01,2.791642942625740034e+02
3.674000000000000199e+01,3.590606877306057981e-08,-1.706496641364925119e-08,2.666456443500522369e+02,9.999999999999985567e-01,2.791642942625747992e+02
3.675999999999999801e+01,3.556638989044132503e-08,-1.690317784102591472e-08,2.666456443500530895e+02,9.999999999999986677e-01,2.791642942625755950e+02
3.678000000000000114e+01,3.522993140231464304e-08,-1.674292682465316485e-08,2.666456443500539990e+02,9.999999999999985567e-01,2.791642942625763339e+02
3.680000000000000426e+01,3.489666267175937370e-08,-1.658419869800413258e-08,2.666456443500548517e+02,9.999999999999986677e-01,2.791642942625770729e+02
3.682000000000000028e+01,3.456655339185166316e-08,-1.642697895299546372e-08,2.666456443500556475e+02,9.999999999999987788e-01,2.791642942625778119e+02
3.684000000000000341e+01,3.423957356058794469e-08,-1.627125322794944878e-08,2.666456443500565001e+02,9.999999999999987788e-01,2.791642942625785508e+02
3.685999999999999943e+01,3.391569339411134982e-08,-1.611700726592080926e-08,2.666456443500572959e+02,9.999999999999987788e-01,2.791642942625792330e+02
3.688000000000000256e+01,3.359488350170410950e-08,-1.596422699871302884e-08,2.666456443500580917e+02,9.999999999999987788e-01,2.791642942625799719e+02
3.689999999999999858e+01,3.327711463700710200e-08,-1.581289842743291041e-08,2.666456443500588307e+02,9.999999999999987788e-01,2.791642942625806540e+02
3.692000000000000171e+01,3.296235797476106772e-08,-1.566300775534437194e-08,2.666456443500595697e+02,9.999999999999987788e-01,2.791642942625813362e+02
3.693999999999999773e+01,3.265058483703878442e-08,-1.551454125644023681e-08,2.666456443500603086e+02,9.999999999999988898e-01,2.791642942625820183e+02
3.696000000000000085e+01,3.234176691371899511e-08,-1.536748538127192661e-08,2.666456443500611044e+02,9.999999999999987788e-01,2.791642942625826436e+02
3.698000000000000398e+01,3.203587611405614616e-08,-1.522182668569969985e-08,2.666456443500617866e+02,9.999999999999988898e-01,2.791642942625833257e+02
3.700000000000000000e+01,3.173288461514856547e-08,-1.507755185414761395e-08,2.666456443500625255e+02,9.999999999999990008e-01,2.791642942625839510e+02
3.702000000000000313e+01,3.143276490764188538e-08,-1.493464772154349844e-08,2.666456443500632076e+02,9.999999999999990008e-01,2.791642942625845762e+02
3.703999999999999915e+01,3.113548965359748983e-08,-1.479310120508842935e-08,2.666456443500638898e+02,9.999999999999990008e-01,2.791642942625852015e+02
3.706000000000000227e+01,3.084103189521336381e-08,-1.465289940443627876e-08,2.666456443500645150e+02,9.999999999999990008e-01,2.791642942625857131e+02
3.707999999999999829e+01,3.054936480037388061e-08,-1.451402947956357282e-08,2.666456443500651972e+02,9.999999999999990008e-01,2.791642942625863384e+02
3.710000000000000142e+01,3.026046191627012084e-08,-1.437647877248718328e-08,2.666456443500658793e+02,9.999999999999988898e-01,2.791642942625869068e+02
3.711999999999999744e+01,2.997429694387193050e-08,-1.424023469902711731e-08,2.666456443500665046e+02,9.999999999999990008e-01,2.791642942625874753e+02
3.714000000000000057e+01,2.969084389426761438e-08,-1.410528482382686578e-08,2.666456443500671298e+02,9.999999999999991118e-01,2.791642942625880437e+02
3.716000000000000369e+01,2.941007701141058072e-08,-1.397161682328191609e-08,2.666456443500677551e+02,9.999999999999991118e-01,2.791642942625886121e+02
3.717999999999999972e+01,2.913197075296822067e-08,-1.383921847633989904e-08,2.666456443500683235e+02,9.999999999999991118e-01,2.791642942625891237e+02
3.720000000000000284e+01,2.885649989255716052e-08,-1.370807771356118709e-08,2.666456443500689488e+02,9.999999999999991118e-01,2.791642942625896922e+02
3.721999999999999886e+01,2.858363934009864119e-08,-1.357818253090907216e-08,2.666456443500695173e+02,9.999999999999991118e-01,2.791642942625902037e+02
3.724000000000000199e+01,2.831336436467799206e-08,-1.344952109668366835e-08,2.666456443500700857e+02,9.999999999999990008e-01,2.791642942625907153e+02
3.725999999999999801e+01,2.804565035287367377e-08,-1.332208163556018648e-08,2.666456443500706541e+02,9.999999999999991118e-01,2.791642942625912269e+02
3.728000000000000114e+01,2.778047302483921124e-08,-1.319585253226007414e-08,2.666456443500712226e+02,9.999999999999991118e-01,2.791642942625916817e+02
3.730000000000000426e+01,2.751780826493381081e-08,-1.307082225028997690e-08,2.666456443500717342e+02,9.999999999999992228e-01,2.791642942625921364e+02
3.732000000000000028e+01,2.725763221359352572e-08,-1.294697937601057121e-08,2.666456443500722457e+02,9.999999999999992228e-01,2.791642942625926480e+02
3.734000000000000341e+01,2.699992125467046600e-08,-1.282431261256448798e-08,2.666456443500727573e+02,9.999999999999992228e-01,2.791642942625931028e+02
3.735999999999999943e+01,2.674465194047466088e-08,-1.270281074390715938e-08,2.666456443500732689e+02,9.999999999999992228e-01,2.791642942625935575e+02
3.738000000000000256e+01,2.649180113491264771e-08,-1.258246270347517438e-08,2.666456443500737805e+02,9.999999999999992228e-01,2.791642942625939554e+02
3.739999999999999858e+01,2.624134581435108822e-08,-1.246325747865212261e-08,2.666456443500742921e+02,9.999999999999992228e-01,2.791642942625944670e+02
3.742000000000000171e+01,2.599326328614955161e-08,-1.234518421559566147e-08,2.666456443500747469e+02,9.999999999999993339e-01,2.791642942625948649e+02
3.743999999999999773e+01,2.574753097512895809e-08,-1.222823211680810978e-08,2.666456443500752584e+02,9.999999999999993339e-01,2.791642942625953197e+02
3.746000000000000085e+01,2.550412659288588800e-08,-1.211239052234488956e-08,2.666456443500757132e+02,9.999999999999993339e-01,2.791642942625957744e+02
3.748000000000000398e+01,2.526302802675115828e-08,-1.199764885655427381e-08,2.666456443500761679e+02,9.999999999999993339e-01,2.791642942625961155e+02
3.750000000000000000e+01,2.502421337145711865e-08,-1.188399664325819230e-08,2.666456443500766227e+02,9.999999999999993339e-01,2.791642942625965134e+02
3.752000000000000313e+01,2.478766097146852018e-08,-1.177142352605684541e-08,2.666456443500770774e+02,9.999999999999993339e-01,2.791642942625969113e+02
3.753999999999999915e+01,2.455334930368379136e-08,-1.165991921206405592e-08,2.666456443500775322e+02,9.999999999999993339e-01,2.791642942625973092e+02
3.756000000000000227e+01,2.432125714549617191e-08,-1.154947355250815650e-08,2.666456443500779869e+02,9.999999999999992228e-01,2.791642942625977071e+02
3.757999999999999829e+01,2.409136337302779139e-08,-1.144007644596506649e-08,2.666456443500783848e+02,9.999999999999993339e-01,2.791642942625981050e+02
3.760000000000000142e+01,2.386364715967749072e-08,-1.133171793357113135e-08,2.666456443500788396e+02,9.999999999999994449e-01,2.791642942625984460e+02
3.761999999999999744e+01,2.363808780196006187e-08,-1.122438811550377815e-08,2.666456443500791806e+02,9.999999999999994449e-01,2.791642942625988439e+02
3.764000000000000057e+01,2.341466483758384837e-08,-1.111807720759730369e-08,2.666456443500795785e+02,9.999999999999994449e-01,2.791642942625991850e+02
3.766000000000000369e+01,2.319335799051657571e-08,-1.101277551500237491e-08,2.666456443500799764e+02,9.999999999999994449e-01,2.791642942625995261e+02
3.767999999999999972e+01,2.297414714992856886e-08,-1.090847342208179275e-08,2.666456443500803744e+02,9.999999999999994449e-01,2.791642942625998671e+02
3.770000000000000284e+01,2.275701245602067187e-08,-1.080516143356545067e-08,2.666456443500807154e+02,9.999999999999994449e-01,2.791642942626002082e+02
3.771999999999999886e+01,2.254193415461626568e-08,-1.070283010482484895e-08,2.666456443500811133e+02,9.999999999999994449e-01,2.791642942626005492e+02
3.774000000000000199e+01,2.232889277466185960e-08,-1.060147012697667032e-08,2.666456443500815112e+02,9.999999999999993339e-01,2.791642942626008903e+02
3.775999999999999801e+01,2.211786893819323787e-08,-1.050107223576887197e-08,2.666456443500818523e+02,9.999999999999994449e-01,2.791642942626011745e+02
3.778000000000000114e+01,2.190884352797799381e-08,-1.040162729194965800e-08,2.666456443500821933e+02,9.999999999999994449e-01,2.791642942626015156e+02
3.780000000000000426e+01,2.170179755840847177e-08,-1.030312621937151467e-08,2.666456443500825344e+02,9.999999999999994449e-01,2.791642942626017998e+02
3.782000000000000028e+01,2.149671224257376002e-08,-1.020556003713931686e-08,2.666456443500828186e+02,9.999999999999995559e-01,2.791642942626020840e+02
3.784000000000000341e+01,2.129356898786454264e-08,-1.010891985750486725e-08,2.666456443500831597e+02,9.999999999999995559e-01,2.791642942626023682e+02
3.785999999999999943e+01,2.109234933177680006e-08,-1.001319685508638564e-08,2.666456443500835007e+02,9.999999999999995559e-01,2.791642942626026525e+02
3.788000000000000256e+01,2.089303505874036023e-08,-9.918382322871966769e-09,2.666456443500838418e+02,9.999999999999994449e-01,2.791642942626029935e+02
3.789999999999999858e+01,2.069560804089135556e-08,-9.824467595890202085e-09,2.666456443500841260e+02,9.999999999999995559e-01,2.791642942626032777e+02
3.792000000000000171e+01,2.050005041048436648e-08,-9.731444133850524143e-09,2.666456443500844671e+02,9.999999999999995559e-01,2.791642942626035619e+02
3.793999999999999773e+01,2.030634439350239430e-08,-9.639303441388351125e-09,2.666456443500848081e+02,9.999999999999995559e-01,2.791642942626037893e+02
3.796000000000000085e+01,2.011447243949649685e-08,-9.548037130292645209e-09,2.666456443500850924e+02,9.999999999999995559e-01,2.791642942626040735e+02
3.798000000000000398e+01,1.992441713879792978e-08,-9.457636879827651733e-09,2.666456443500853766e+02,9.999999999999995559e-01,2.791642942626043578e+02
3.800000000000000000e+01,1.973616124232767958e-08,-9.368094446220887472e-09,2.666456443500856039e+02,9.999999999999995559e-01,2.791642942626045851e+02
3.802000000000000313e+01,1.954968769989065109e-08,-9.279401681017332134e-09,2.666456443500859450e+02,9.999999999999995559e-01,2.791642942626048693e+02
3.803999999999999915e+01,1.936497956364717742e-08,-9.191550484813204996e-09,2.666456443500862292e+02,9.999999999999995559e-01,2.791642942626050967e+02
3.806000000000000227e+01,1.918202012326124272e-08,-9.104532872022899922e-09,2.666456443500865134e+02,9.999999999999995559e-01,2.791642942626053241e+02
3.807999999999999829e+01,1.900079274604509579e-08,-9.018340894270592610e-09,2.666456443500867408e+02,9.999999999999995559e-01,2.791642942626056083e+02
3.810000000000000142e+01,1.882128103226181124e-08,-8.932966714808649513e-09,2.666456443500870819e+02,9.999999999999996669e-01,2.791642942626057788e+02
3.811999999999999744e+01,1.864346868078653901e-08,-8.848402544143787243e-09,2.666456443500873092e+02,9.999999999999996669e-01,2.791642942626060062e+02
3.814000000000000057e+01,1.846733957806053468e-08,-8.764640682656445218e-09,2.666456443500875366e+02,9.999999999999996669e-01,2.791642942626062336e+02
3.816000000000000369e+01,1.829287775949933256e-08,-8.681673502110331040e-09,2.666456443500877640e+02,9.999999999999996669e-01,2.791642942626064610e+02
3.817999999999999972e+01,1.812006738822323219e-08,-8.599493435455649282e-09,2.666456443500880482e+02,9.999999999999996669e-01,2.791642942626066883e+02
3.820000000000000284e+01,1.794889282677802650e-08,-8.518093011193578886e-09,2.666456443500882756e+02,9.999999999999996669e-01,2.791642942626069157e+02
3.821999999999999886e+01,1.777933851961825280e-08,-8.437464797067757865e-09,2.666456443500885030e+02,9.999999999999996669e-01,2.791642942626071431e+02
3.824000000000000199e+01,1.761138913434016949e-08,-8.357601467728291034e-09,2.666456443500887872e+02,9.999999999999996669e-01,2.791642942626073705e+02
3.825999999999999801e+01,1.744502941237811381e-08,-8.278495733200221278e-09,2.666456443500889577e+02,9.999999999999996669e-01,2.791642942626075410e+02
3.828000000000000114e+01,1.728024429893322157e-08,-8.200140401125581778e-09,2.666456443500891851e+02,9.999999999999996669e-01,2.791642942626077115e+02
3.830000000000000426e+01,1.711701884473366586e-08,-8.122528329700991452e-09,2.666456443500894125e+02,9.999999999999996669e-01,2.791642942626079389e+02
3.832000000000000028e+01,1.695533825466726875e-08,-8.045652450969917844e-09,2.666456443500896398e+02,9.999999999999996669e-01,2.791642942626081094e+02
3.834000000000000341e+01,1.679518788870460838e-08,-7.969505771266062475e-09,2.666456443500898672e+02,9.999999999999996669e-01,2.791642942626083368e+02
3.835999999999999943e+01,1.663655320731632172e-08,-7.894081345062394848e-09,2.666456443500900946e+02,9.999999999999996669e-01,2.791642942626085073e+02
3.838000000000000256e+01,1.647941986663554562e-08,-7.819372320554652364e-09,2.666456443500902651e+02,9.999999999999996669e-01,2.791642942626086779e+02
3.839999999999999858e+01,1.632377359127290879e-08,-7.745371878737784220e-09,2.666456443500904356e+02,9.999999999999996669e-01,2.791642942626088484e+02
3.842000000000000171e+01,1.616960031022085724e-08,-7.672073298499091713e-09,2.666456443500906630e+02,9.999999999999996669e-01,2.791642942626090758e+02
3.843999999999999773e+01,1.601688602732320217e-08,-7.599469894577142860e-09,2.666456443500908335e+02,9.999999999999996669e-01,2.791642942626092463e+02
3.846000000000000085e+01,1.586561692069246555e-08,-7.527555065173739203e-09,2.666456443500910609e+02,9.999999999999996669e-01,2.791642942626094168e+02
3.848000000000000398e+01,1.571577928122215376e-08,-7.456322262506104025e-09,2.666456443500912314e+02,9.999999999999997780e-01,2.791642942626095305e+02
3.850000000000000000e+01,1.556735952414242438e-08,-7.385764998336396151e-09,2.666456443500914588e+02,9.999999999999997780e-01,2.791642942626097010e+02
3.852000000000000313e+01,1.542034422305385353e-08,-7.315876860271700958e-09,2.666456443500915725e+02,9.999999999999997780e-01,2.791642942626098716e+02
3.853999999999999915e+01,1.527472003069805843e-08,-7.246651473817595408e-09,2.666456443500917999e+02,9.999999999999997780e-01,2.791642942626100421e+02
3.856000000000000227e+01,1.513047378750449318e-08,-7.178082554358612837e-09,2.666456443500919704e+02,9.999999999999997780e-01,2.791642942626101558e+02
3.857999999999999829e+01,1.498759239504589359e-08,-7.110163846558284866e-09,2.666456443500921409e+02,9.999999999999997780e-01,2.791642942626103263e+02
3.860000000000000142e+01,1.484606293741033302e-08,-7.042889182475931415e-09,2.666456443500923115e+02,9.999999999999997780e-01,2.791642942626104968e+02
3.861999999999999744e+01,1.470587257770334680e-08,-6.976252432007883790e-09,2.666456443500924820e+02,9.999999999999997780e-01,2.791642942626106105e+02
3.864000000000000057e+01,1.456700862487576296e-08,-6.910247534882265808e-09,2.666456443500927094e+02,9.999999999999997780e-01,2.791642942626107811e+02
3.866000000000000369e+01,1.442945850702401768e-08,-6.844868487875884410e-09,2.666456443500928231e+02,9.999999999999997780e-01,2.791642942626109516e+02
3.867999999999999972e+01,1.429320975096493186e-08,-6.780109335030453175e-09,2.666456443500929936e+02,9.999999999999997780e-01,2.791642942626110653e+02
3.870000000000000284e+01,1.415825004192301932e-08,-6.715964196230426830e-09,2.666456443500931073e+02,9.999999999999997780e-01,2.791642942626112358e+02
3.871999999999999886e+01,1.402456712869283825e-08,-6.652427221794536052e-09,2.666456443500932778e+02,9.999999999999997780e-01,2.791642942626113495e+02
3.874000000000000199e+01,1.389214893590358166e-08,-6.589492646222075246e-09,2.666456443500933915e+02,9.999999999999997780e-01,2.791642942626114632e+02
3.875999999999999801e+01,1.376098344681752562e-08,-6.527154732082395267e-09,2.666456443500935620e+02,9.999999999999997780e-01,2.791642942626116337e+02
3.878000000000000114e+01,1.363105880392129964e-08,-6.465407818167942303e-09,2.666456443500937326e+02,9.999999999999997780e-01,2.791642942626117474e+02
3.880000000000000426e+01,1.350236323431787309e-08,-6.404246283778739771e-09,2.666456443500938462e+02,9.999999999999997780e-01,2.791642942626118611e+02
3.882000000000000028e+01,1.337488508470409583e-08,-6.343664565462273979e-09,2.666456443500939599e+02,9.999999999999997780e-01,2.791642942626119748e+02
3.884000000000000341e+01,1.324861282554438688e-08,-6.283657159012303290e-09,2.666456443500940736e+02,9.999999999999997780e-01,2.791642942626120885e+02
3.885999999999999943e+01,1.312353500494816590e-08,-6.224218597387545464e-09,2.666456443500942441e+02,9.999999999999997780e-01,2.791642942626122590e+02
3.888000000000000256e+01,1.299964032603873257e-08,-6.165343487745183164e-09,2.666456443500943578e+02,9.999999999999997780e-01,2.791642942626123727e+02
3.889999999999999858e+01,1.287691754546448875e-08,-6.107026462861341507e-09,2.666456443500944715e+02,9.999999999999997780e-01,2.791642942626124864e+02
3.892000000000000171e+01,1.275535558043173890e-08,-6.049262232358964902e-09,2.666456443500946420e+02,9.999999999999997780e-01,2.791642942626126001e+02
3.893999999999999773e+01,1.263494340796782434e-08,-5.992045534492699918e-09,2.666456443500947557e+02,9.999999999999997780e-01,2.791642942626126569e+02
3.896000000000000085e+01,1.251567014092208415e-08,-5.935371172520351900e-09,2.666456443500949263e+02,9.999999999999997780e-01,2.791642942626127706e+02
3.898000000000000398e+01,1.239752498249444489e-08,-5.879233992941293334e-09,2.666456443500949831e+02,9.999999999999997780e-01,2.791642942626129411e+02
3.900000000000000000e+01,1.228049723214726554e-08,-5.823628888322133504e-09,2.666456443500950968e+02,9.999999999999998890e-01,2.791642942626130548e+02
3.902000000000000313e+01,1.216457631543701400e-08,-5.768550811573822774e-09,2.666456443500952105e+02,9.999999999999998890e-01,2.791642942626131116e+02
3.903999999999999915e+01,1.204975171913911208e-08,-5.713994744902539074e-09,2.666456443500953242e+02,9.999999999999998890e-01,2.791642942626132253e+02
3.906000000000000227e+01,1.193601307832549991e-08,-5.659955741479275226e-09,2.666456443500954379e+02,9.999999999999998890e-01,2.791642942626133390e+02
3.907999999999999829e+01,1.182335007627312334e-08,-5.606428877542022490e-09,2.666456443500956084e+02,9.999999999999998890e-01,2.791642942626133959e+02
3.910000000000000142e+01,1.171175253923546421e-08,-5.553409297743108774e-09,2.666456443500956652e+02,9.999999999999998890e-01,2.791642942626135095e+02
3.911999999999999744e+01,1.160121035680552841e-08,-5.500892177043039215e-09,2.666456443500957789e+02,9.999999999999998890e-01,2.791642942626136232e+02
3.914000000000000057e+01,1.149171353196717986e-08,-5.448872744656221824e-09,2.666456443500958926e+02,9.999999999999998890e-01,2.791642942626136801e+02
3.916000000000000369e+01,1.138325216298688970e-08,-5.397346275387434267e-09,2.666456443500960063e+02,9.999999999999998890e-01,2.791642942626137369e+02
3.917999999999999972e+01,1.127581642444781656e-08,-5.346308080554203199e-09,2.666456443500960631e+02,9.999999999999998890e-01,2.791642942626138506e+02
3.920000000000000284e+01,1.116939661674165384e-08,-5.295753531666311759e-09,2.666456443500961768e+02,9.999999999999998890e-01,2.791642942626139643e+02
3.921999999999999886e+01,1.106398308963930830e-08,-5.245678023857292807e-09,2.666456443500962905e+02,9.999999999999998890e-01,2.791642942626140780e+02
3.924000000000000199e+01,1.095956633144103509e-08,-5.196077018534633902e-09,2.666456443500963474e+02,9.999999999999998890e-01,2.791642942626141348e+02
3.925999999999999801e+01,1.085613687705642388e-08,-5.146945999403931027e-09,2.666456443500964610e+02,9.999999999999998890e-01,2.791642942626141917e+02
3.928000000000000114e+01,1.075368538579503299e-08,-5.098280509681048559e-09,2.666456443500966316e+02,9.999999999999998890e-01,2.791642942626143054e+02
3.930000000000000426e+01,1.065220258482374055e-08,-5.050076125043715258e-09,2.666456443500966884e+02,9.999999999999998890e-01,2.791642942626144190e+02
3.932000000000000028e+01,1.055167929407886528e-08,-5.002328465545605147e-09,2.666456443500966884e+02,9.999999999999998890e-01,2.791642942626144759e+02
3.934000000000000341e+01,1.045210643226162783e-08,-4.955033198484990777e-09,2.666456443500968021e+02,9.999999999999998890e-01,2.791642942626145327e+02
3.935999999999999943e+01,1.035347497807241241e-08,-4.908186019858820368e-09,2.666456443500969158e+02,9.999999999999998890e-01,2.791642942626146464e+02
3.938000000000000256e+01,1.025577603300272706e-08,-4.861782684397747585e-09,2.666456443500969726e+02,9.999999999999998890e-01,2.791642942626147033e+02
3.939999999999999858e+01,1.015900074042978129e-08,-4.815818966866409661e-09,2.666456443500970295e+02,9.999999999999998890e-01,2.791642942626147601e+02
3.942000000000000171e+01,1.006314036983779924e-08,-4.770290702345148741e-09,2.666456443500972000e+02,9.999999999999998890e-01,2.791642942626148169e+02
3.943999999999999773e+01,9.968186238552959484e-09,-4.725193748796618319e-09,2.666456443500972568e+02,9.999999999999998890e-01,2.791642942626149306e+02
3.946000000000000085e+01,9.874129769743966208e-09,-4.680524014803504985e-09,2.666456443500973137e+02,9.999999999999998890e-01,2.791642942626149875e+02
3.948000000000000398e+01,9.780962458959721429e-09,-4.636277443565385232e-09,2.666456443500974274e+02,9.999999999999998890e-01,2.791642942626149875e+02
3.950000000000000000e+01,9.688675876272354757e-09,-4.592450013920870887e-09,2.666456443500974842e+02,9.999999999999998890e-01,2.791642942626151012e+02
3.952000000000000313e+01,9.597261692136633047e-09,-4.549037752714942785e-09,2.666456443500975411e+02,9.999999999999998890e-01,2.791642942626151580e+02
3.953999999999999915e+01,9.506711624385629636e-09,-4.506036709448966096e-09,2.666456443500975979e+02,9.999999999999998890e-01,2.791642942626152148e+02
3.956000000000000227e+01,9.417017508004808607e-09,-4.463442989646835162e-09,2.666456443500977116e+02,9.999999999999998890e-01,2.791642942626152717e+02
3.957999999999999829e+01,9.328171216029871080e-09,-4.421252717027650885e-09,2.666456443500977684e+02,9.999999999999998890e-01,2.791642942626153854e+02
3.960000000000000142e+01,9.240164733481352817e-09,-4.379462068858351385e-09,2.666456443500977684e+02,9.999999999999998890e-01,2.791642942626153854e+02
3.961999999999999744e+01,9.152990096168450887e-09,-4.338067246691675884e-09,2.666456443500978821e+02,9.999999999999998890e-01,2.791642942626154991e+02
3.964000000000000057e+01,9.066639428047923006e-09,-4.297064494227142316e-09,2.666456443500979390e+02,9.999999999999998890e-01,2.791642942626154991e+02
3.966000000000000369e+01,8.981104929269173702e-09,-4.256450091595487376e-09,2.666456443500979958e+02,9.999999999999998890e-01,2.791642942626155559e+02
3.967999999999999972e+01,8.896378858981258968e-09,-4.216220347135724436e-09,2.666456443500980527e+02,9.999999999999998890e-01,2.791642942626156696e+02
3.970000000000000284e+01,8.812453576236317384e-09,-4.176371616952039106e-09,2.666456443500981663e+02,9.999999999999998890e-01,2.791642942626157264e+02
3.971999999999999886e+01,8.729321478477276482e-09,-4.136900275502797743e-09,2.666456443500982232e+02,9.999999999999998890e-01,2.791642942626157833e+02
3.974000000000000199e+01,8.646975072262984606e-09,-4.097802749412888400e-09,2.666456443500982800e+02,9.999999999999998890e-01,2.791642942626158401e+02
3.975999999999999801e+01,8.565406901242314377e-09,-4.059075483039134088e-09,2.666456443500983369e+02,9.999999999999998890e-01,2.791642942626158970e+02
3.978000000000000114e+01,8.484609606241146381e-09,-4.020714967194027873e-09,2.666456443500983369e+02,9.999999999999998890e-01,2.791642942626159538e+02
3.980000000000000426e+01,8.404575882508061863e-09,-3.982717718707256343e-09,2.666456443500983937e+02,9.999999999999998890e-01,2.791642942626159538e+02
3.982000000000000028e+01,8.325298497246154568e-09,-3.945080288804293920e-09,2.666456443500985074e+02,9.999999999999998890e-01,2.791642942626160107e+02
3.984000000000000341e+01,8.246770296462369110e-09,-3.907799266381100892e-09,2.666456443500985642e+02,9.999999999999998890e-01,2.791642942626160675e+02
3.985999999999999943e+01,8.168984172537271288e-09,-3.870871262499933911e-09,2.666456443500986211e+02,9.999999999999998890e-01,2.791642942626161243e+02
3.988000000000000256e+01,8.091933115102406319e-09,-3.834292934708771157e-09,2.666456443500986779e+02,9.999999999999998890e-01,2.791642942626161812e+02
3.989999999999999858e+01,8.015610146604780347e-09,-3.798060956240655763e-09,2.666456443500987348e+02,9.999999999999998890e-01,2.791642942626162380e+02
3.992000000000000171e+01,7.940008388520870193e-09,-3.762172047661367963e-09,2.666456443500987916e+02,9.999999999999998890e-01,2.791642942626162949e+02
3.993999999999999773e+01,7.865121000613180858e-09,-3.726622947836125099e-09,2.666456443500988485e+02,9.999999999999998890e-01,2.791642942626163517e+02
3.996000000000000085e+01,7.790941225112772800e-09,-3.691410435044772132e-09,2.666456443500988485e+02,9.999999999999998890e-01,2.791642942626163517e+02
3.998000000000000398e+01,7.717462362232978728e-09,-3.656531315279314649e-09,2.666456443500989053e+02,9.999999999999998890e-01,2.791642942626163517e+02
4.000000000000000000e+01,7.644677769877756256e-09,-3.621982422102404393e-09,2.666456443500989621e+02,9.999999999999998890e-01,2.791642942626164086e+02
4.002000000000000313e+01,7.572580885853892794e-09,-3.587760627263217253e-09,2.666456443500990190e+02,9.999999999999998890e-01,2.791642942626164654e+02
4.003999999999999915e+01,7.501165184654142152e-09,-3.553862820042440278e-09,2.666456443500990758e+02,9.999999999999998890e-01,2.791642942626165222e+02
4.006000000000000227e+01,7.430424233303500556e-09,-3.520285933940181702e-09,2.666456443500991327e+02,9.999999999999998890e-01,2.791642942626165791e+02
4.007999999999999829e+01,7.360351628897330344e-09,-3.487026916826250713e-09,2.666456443500991895e+02,9.999999999999998890e-01,2.791642942626166359e+02
4.010000000000000142e+01,7.290941056227314238e-09,-3.454082758476164587e-09,2.666456443500991895e+02,9.999999999999998890e-01,2.791642942626166359e+02
4.011999999999999744e+01,7.222186240821479743e-09,-3.421450468131459208e-09,2.666456443500991895e+02,9.999999999999998890e-01,2.791642942626166359e+02
4.014000000000000057e+01,7.154080976723211264e-09,-3.389127087771658895e-09,2.666456443500992464e+02,9.999999999999998890e-01,2.791642942626167496e+02
4.016000000000000369e+01,7.086619118897590638e-09,-3.357109688486306903e-09,2.666456443500993032e+02,9.999999999999998890e-01,2.791642942626167496e+02
4.017999999999999972e+01,7.019794567924035261e-09,-3.325395363159067407e-09,2.666456443500993601e+02,1.000000000000000000e+00,2.791642942626168065e+02
4.020000000000000284e+01,6.953601303701381838e-09,-3.293981242572151176e-09,2.666456443500994169e+02,1.000000000000000000e+00,2.791642942626168065e+02
4.021999999999999886e+01,6.888033336004521015e-09,-3.262864471781688205e-09,2.666456443500994737e+02,1.000000000000000000e+00,2.791642942626168633e+02
4.024000000000000199e+01,6.823084760537099626e-09,-3.232042236897643384e-09,2.666456443500994737e+02,1.000000000000000000e+00,2.791642942626168633e+02
4.025999999999999801e+01,6.758749702547530130e-09,-3.201511738145333616e-09,2.666456443500994737e+02,1.000000000000000000e+00,2.791642942626169202e+02
4.028000000000000114e+01,6.695022363183458430e-09,-3.171270212009828708e-09,2.666456443500995874e+02,1.000000000000000000e+00,2.791642942626169202e+02
4.030000000000000426e+01,6.631896987243460989e-09,-3.141314915830047886e-09,2.666456443500995874e+02,1.000000000000000000e+00,2.791642942626169770e+02
4.032000000000000028e+01,6.569367875330482825e-09,-3.111643133602966212e-09,2.666456443500995874e+02,1.000000000000000000e+00,2.791642942626170338e+02
4.034000000000000341e+01,6.507429390916656437e-09,-3.082252179358963535e-09,2.666456443500996443e+02,1.000000000000000000e+00,2.791642942626170338e+02
4.035999999999999943e+01,6.446075933325136196e-09,-3.053139384253698746e-09,2.666456443500997011e+02,1.000000000000000000e+00,2.791642942626171475e+02
4.038000000000000256e+01,6.385301978889396285e-09,-3.024302116229311574e-09,2.666456443500997580e+02,1.000000000000000000e+00,2.791642942626171475e+02
4.039999999999999858e+01,6.325102029682395889e-09,-2.995737755522775112e-09,2.666456443500998148e+02,1.000000000000000000e+00,2.791642942626171475e+02
4.042000000000000171e+01,6.265470665528270875e-09,-2.967443719509073547e-09,2.666456443500997580e+02,1.000000000000000000e+00,2.791642942626172044e+02
4.043999999999999773e+01,6.206402496907789142e-09,-2.939417440206422032e-09,2.666456443500998148e+02,1.000000000000000000e+00,2.791642942626172044e+02
4.046000000000000085e+01,6.147892198548816908e-09,-2.911656380318861435e-09,2.666456443500998716e+02,1.000000000000000000e+00,2.791642942626172612e+02
4.048000000000000398e+01,6.089934491625520151e-09,-2.884158024734520401e-09,2.666456443500998716e+02,1.000000000000000000e+00,2.791642942626172612e+02
4.050000000000000000e+01,6.032524141970026587e-09,-2.856919879669855651e-09,2.666456443500999285e+02,1.000000000000000000e+00,2.791642942626173181e+02
4.052000000000000313e+01,5.975655979006526204e-09,-2.829939481712862344e-09,2.666456443500999285e+02,1.000000000000000000e+00,2.791642942626173181e+02
4.053999999999999915e+01,5.919324860581847037e-09,-2.803214381025326301e-09,2.666456443501000422e+02,1.000000000000000000e+00,2.791642942626173749e+02
4.056000000000000227e+01,5.863525717615217073e-09,-2.776742162666183206e-09,2.666456443501000422e+02,1.000000000000000000e+00,2.791642942626173749e+02
4.057999999999999829e+01,5.808253504817745101e-09,-2.750520423056401695e-09,2.666456443501000422e+02,1.000000000000000000e+00,2.791642942626173749e+02
4.060000000000000142e+01,5.753503245564671035e-09,-2.724546791406781142e-09,2.666456443501000990e+02,1.000000000000000000e+00,2.791642942626174317e+02
4.061999999999999744e+01,5.699269995912932343e-09,-2.698818912535053699e-09,2.666456443501000990e+02,1.000000000000000000e+00,2.791642942626174317e+02
4.064000000000000057e+01,5.645548865168280404e-09,-2.673334456685789543e-09,2.666456443501001559e+02,1.000000000000000000e+00,2.791642942626174886e+02
4.066000000000000369e+01,5.592335011342904198e-09,-2.648091117361701779e-09,2.666456443501001559e+02,1.000000000000000000e+00,2.791642942626174886e+02
4.067999999999999972e+01,5.539623627716978805e-09,-2.623086604905342372e-09,2.666456443501002127e+02,1.000000000000000000e+00,2.791642942626175454e+02
4.070000000000000284e+01,5.487409970537101035e-09,-2.598318659724942186e-09,2.666456443501002127e+02,1.000000000000000000e+00,2.791642942626175454e+02
4.071999999999999886e+01,5.435689319322909390e-09,-2.573785033340761687e-09,2.666456443501002127e+02,1.000000000000000000e+00,2.791642942626175454e+02
4.074000000000000199e+01,5.384457021247357134e-09,-2.549483509574661135e-09,2.666456443501002695e+02,1.000000000000000000e+00,2.791642942626176023e+02
4.075999999999999801e+01,5.333708447040739544e-09,-2.525411883496049048e-09,2.666456443501002695e+02,1.000000000000000000e+00,2.791642942626176023e+02
4.078000000000000114e+01,5.283439026704014195e-09,-2.501567978471819567e-09,2.666456443501003264e+02,1.000000000000000000e+00,2.791642942626176591e+02
4.080000000000000426e+01,5.233644225250999101e-09,-2.477949634585188606e-09,2.666456443501003264e+02,1.000000000000000000e+00,2.791642942626176591e+02
4.082000000000000028e+01,5.184319550970329597e-09,-2.454554712578736862e-09,2.666456443501003832e+02,1.000000000000000000e+00,2.791642942626176591e+02
4.084000000000000341e+01,5.135460562300615496e-09,-2.431381097136939999e-09,2.666456443501003832e+02,1.000000000000000000e+00,2.791642942626176591e+02
4.085999999999999943e+01,5.087062845403993942e-09,-2.408426686178756096e-09,2.666456443501003832e+02,1.000000000000000000e+00,2.791642942626176591e+02
4.088000000000000256e+01,5.039122047414392739e-09,-2.385689406729658645e-09,2.666456443501004401e+02,1.000000000000000000e+00,2.791642942626177728e+02
4.089999999999999858e+01,4.991633835678847566e-09,-2.363167195464044843e-09,2.666456443501004401e+02,1.000000000000000000e+00,2.791642942626177160e+02
4.092000000000000171e+01,4.944593938577630220e-09,-2.340858018190359592e-09,2.666456443501004401e+02,1.000000000000000000e+00,2.791642942626178296e+02
4.093999999999999773e+01,4.897998109051592242e-09,-2.318759852440999976e-09,2.666456443501004401e+02,1.000000000000000000e+00,2.791642942626177728e+02
4.096000000000000085e+01,4.851842150085855072e-09,-2.296870699635396121e-09,2.666456443501004969e+02,1.000000000000000000e+00,2.791642942626178296e+02
4.098000000000000398e+01,4.806121901868850947e-09,-2.275188578951032165e-09,2.666456443501004969e+02,1.000000000000000000e+00,2.791642942626178296e+02
4.100000000000000000e+01,4.760833239157058648e-09,-2.253711526064372726e-09,2.666456443501004969e+02,1.000000000000000000e+00,2.791642942626177728e+02
4.102000000000000313e+01,4.715972087310146172e-09,-2.232437600804588921e-09,2.666456443501005538e+02,1.000000000000000000e+00,2.791642942626178296e+02
4.103999999999999915e+01,4.671534393721701688e-09,-2.211364873516932996e-09,2.666456443501005538e+02,1.000000000000000000e+00,2.791642942626178296e+02
4.106000000000000227e+01,4.627516163478993875e-09,-2.190491442081948829e-09,2.666456443501006675e+02,1.000000000000000000e+00,2.791642942626178865e+02
4.107999999999999829e+01,4.583913420515315404e-09,-2.169815413374589482e-09,2.666456443501006106e+02,1.000000000000000000e+00,2.791642942626178865e+02
4.110000000000000142e+01,4.540722242517052765e-09,-2.149334919922823695e-09,2.666456443501006675e+02,1.000000000000000000e+00,2.791642942626180002e+02
4.111999999999999744e+01,4.497938733395821062e-09,-2.129048106770399300e-09,2.666456443501006106e+02,1.000000000000000000e+00,2.791642942626179433e+02
4.114000000000000057e+01,4.455559038441824713e-09,-2.108953138707305062e-09,2.666456443501006106e+02,1.000000000000000000e+00,2.791642942626178865e+02
4.116000000000000369e+01,4.413579341881331241e-09,-2.089048199104444000e-09,2.666456443501006675e+02,1.000000000000000000e+00,2.791642942626179433e+02
4.117999999999999972e+01,4.371995855211144924e-09,-2.069331484345736351e-09,2.666456443501006675e+02,1.000000000000000000e+00,2.791642942626179433e+02
4.120000000000000284e+01,4.330804839904502028e-09,-2.049801214663231021e-09,2.666456443501007243e+02,1.000000000000000000e+00,2.791642942626180002e+02
4.121999999999999886e+01,4.290002575582629903e-09,-2.030455618948557040e-09,2.666456443501007243e+02,1.000000000000000000e+00,2.791642942626180002e+02
4.124000000000000199e+01,4.249585395119254075e-09,-2.011292951503226744e-09,2.666456443501007811e+02,1.000000000000000000e+00,2.791642942626180570e+02
4.125999999999999801e+01,4.209549650188569571e-09,-1.992311475599502224e-09,2.666456443501007243e+02,1.000000000000000000e+00,2.791642942626180002e+02
4.128000000000000114e+01,4.169891738742262632e-09,-1.973509476590012757e-09,2.666456443501007811e+02,1.000000000000000000e+00,2.791642942626180570e+02
4.130000000000000426e+01,4.130608086816924671e-09,-1.954885253227691624e-09,2.666456443501007811e+02,1.000000000000000000e+00,2.791642942626180570e+02
4.132000000000000028e+01,4.091695154004325045e-09,-1.936437120274702522e-09,2.666456443501007811e+02,1.000000000000000000e+00,2.791642942626181139e+02
4.134000000000000341e+01,4.053149439894670746e-09,-1.918163411576794858e-09,2.666456443501008380e+02,1.000000000000000000e+00,2.791642942626181139e+02
4.135999999999999943e+01,4.014967465523072645e-09,-1.900062471210590194e-09,2.666456443501008380e+02,1.000000000000000000e+00,2.791642942626181139e+02
4.138000000000000256e+01,3.977145800189552540e-09,-1.882132666278923564e-09,2.666456443501008380e+02,1.000000000000000000e+00,2.791642942626181139e+02
4.139999999999999858e+01,3.939681029086175138e-09,-1.864372371466158874e-09,2.666456443501008380e+02,1.000000000000000000e+00,2.791642942626181139e+02
4.142000000000000171e+01,3.902569785305750636e-09,-1.846779984307762884e-09,2.666456443501008380e+02,1.000000000000000000e+00,2.791642942626181139e+02
4.143999999999999773e+01,3.865808721627253273e-09,-1.829353911730542017e-09,2.666456443501008948e+02,1.000000000000000000e+00,2.791642942626181707e+02
4.146000000000000085e+01,3.829394529805003197e-09,-1.812092579253430010e-09,2.666456443501008380e+02,1.000000000000000000e+00,2.791642942626181139e+02
4.148000000000000398e+01,3.793323931390897395e-09,-1.794994426609676087e-09,2.666456443501008948e+02,1.000000000000000000e+00,2.791642942626181707e+02
4.150000000000000000e+01,3.757593674693730154e-09,-1.778057906295453383e-09,2.666456443501009517e+02,1.000000000000000000e+00,2.791642942626181707e+02
4.152000000000000313e+01,3.722200548283264805e-09,-1.761281490011477504e-09,2.666456443501009517e+02,1.000000000000000000e+00,2.791642942626181707e+02
4.153999999999999915e+01,3.687141357821629790e-09,-1.744663657611086488e-09,2.666456443501009517e+02,1.000000000000000000e+00,2.791642942626181707e+02
4.156000000000000227e+01,3.652412954513145310e-09,-1.728202910670026455e-09,2.666456443501009517e+02,1.000000000000000000e+00,2.791642942626181707e+02
4.157999999999999829e+01,3.618012204507343841e-09,-1.711897757892389089e-09,2.666456443501009517e+02,1.000000000000000000e+00,2.791642942626182275e+02
4.160000000000000142e+01,3.583936016026493156e-09,-1.695746728048640789e-09,2.666456443501009517e+02,1.000000000000000000e+00,2.791642942626181707e+02
4.161999999999999744e+01,3.550181318340908878e-09,-1.679748359948100258e-09,2.666456443501010085e+02,1.000000000000000000e+00,2.791642942626182275e+02
4.164000000000000057e+01,3.516745072871156769e-09,-1.663901207733088190e-09,2.666456443501009517e+02,1.000000000000000000e+00,2.791642942626182844e+02
4.166000000000000369e+01,3.483624272159670773e-09,-1.648203840388681106e-09,2.666456443501010085e+02,1.000000000000000000e+00,2.791642942626182844e+02
4.167999999999999972e+01,3.450815929837440963e-09,-1.632654836956904471e-09,2.666456443501010654e+02,1.000000000000000000e+00,2.791642942626182844e+02
4.170000000000000284e+01,3.418317099194880445e-09,-1.617252795393200630e-09,2.666456443501010654e+02,1.000000000000000000e+00,2.791642942626182844e+02
4.171999999999999886e+01,3.386124847688791383e-09,-1.601996320408604677e-09,2.666456443501010654e+02,1.000000000000000000e+00,2.791642942626182844e+02
4.174000000000000199e+01,3.354236284683498865e-09,-1.586884036698500087e-09,2.666456443501010654e+02,1.000000000000000000e+00,2.791642942626182275e+02
4.175999999999999801e+01,3.322648534560267153e-09,-1.571914576119333995e-09,2.666456443501010654e+02,1.000000000000000000e+00,2.791642942626182844e+02
4.178000000000000114e+01,3.291358757826918728e-09,-1.557086587754135935e-09,2.666456443501010085e+02,1.000000000000000000e+00,2.791642942626182844e+02
4.180000000000000426e+01,3.260364137519194286e-09,-1.542398731428274253e-09,2.666456443501010654e+02,1.000000000000000000e+00,2.791642942626183412e+02
4.182000000000000028e+01,3.229661882688902670e-09,-1.527849679371906121e-09,2.666456443501011222e+02,1.000000000000000000e+00,2.791642942626183412e+02
4.184000000000000341e+01,3.199249234285010819e-09,-1.513438119024361352e-09,2.666456443501011222e+02,1.000000000000000000e+00,2.791642942626183412e+02
4.185999999999999943e+01,3.169123449850129530e-09,-1.499162745736638609e-09,2.666456443501011222e+02,1.000000000000000000e+00,2.791642942626183412e+02
4.188000000000000256e+01,3.139281825126021072e-09,-1.485022273072760377e-09,2.666456443501011222e+02,1.000000000000000000e+00,2.791642942626183412e+02
4.189999999999999858e+01,3.109721668363974148e-09,-1.471015420561007769e-09,2.666456443501011222e+02,1.000000000000000000e+00,2.791642942626183412e+02
4.192000000000000171e+01,3.080440325401960834e-09,-1.457140925649618106e-09,2.666456443501010654e+02,1.000000000000000000e+00,2.791642942626183412e+02
4.193999999999999773e+01,3.051435157863920952e-09,-1.443397533313034913e-09,2.666456443501011222e+02,1.000000000000000000e+00,2.791642942626183981e+02
4.196000000000000085e+01,3.022703557723845508e-09,-1.429784002994661237e-09,2.666456443501011790e+02,1.000000000000000000e+00,2.791642942626183981e+02
4.198000000000000398e+01,2.994242940819768307e-09,-1.416299105514899876e-09,2.666456443501011790e+02,1.000000000000000000e+00,2.791642942626183981e+02
4.200000000000000000e+01,2.966050743699948788e-09,-1.402941621566917167e-09,2.666456443501011790e+02,1.000000000000000000e+00,2.791642942626183981e+02
4.202000000000000313e+01,2.938124434939860858e-09,-1.389710347111743029e-09,2.666456443501011790e+02,1.000000000000000000e+00,2.791642942626183981e+02
4.203999999999999915e+01,2.910461496383290870e-09,-1.376604084435274575e-09,2.666456443501011790e+02,1.000000000000000000e+00,2.791642942626183981e+02
4.206000000000000227e+01,2.883059445816403771e-09,-1.363621652956703540e-09,2.666456443501011222e+02,1.000000000000000000e+00,2.791642942626184549e+02
4.207999999999999829e+01,2.855915812890301353e-09,-1.350761877751005822e-09,2.666456443501011790e+02,1.000000000000000000e+00,2.791642942626184549e+02
4.210000000000000142e+01,2.829028160180665938e-09,-1.338023599586998240e-09,2.666456443501011790e+02,1.000000000000000000e+00,2.791642942626184549e+02
4.211999999999999744e+01,2.802394067158604830e-09,-1.325405667286950804e-09,2.666456443501012359e+02,1.000000000000000000e+00,2.791642942626184549e+02
4.214000000000000057e+01,2.776011138271956342e-09,-1.312906941577872439e-09,2.666456443501012359e+02,1.000000000000000000e+00,2.791642942626184549e+02
4.216000000000000369e+01,2.749877002841292504e-09,-1.300526295042104727e-09,2.666456443501012359e+02,1.000000000000000000e+00,2.791642942626184549e+02
4.217999999999999972e+01,2.723989306496967702e-09,-1.288262608035368394e-09,2.666456443501012359e+02,1.000000000000000000e+00,2.791642942626184549e+02
4.220000000000000284e+01,2.698345726335961390e-09,-1.276114775910775819e-09,2.666456443501012359e+02,1.000000000000000000e+00,2.791642942626183981e+02
4.221999999999999886e+01,2.672943950525440937e-09,-1.264081699297411158e-09,2.666456443501012359e+02,1.000000000000000000e+00,2.791642942626184549e+02
4.224000000000000199e+01,2.647781700204594703e-09,-1.252162294538340712e-09,2.666456443501011790e+02,1.000000000000000000e+00,2.791642942626183981e+02
4.225999999999999801e+01,2.622856708516960912e-09,-1.240355483697709895e-09,2.666456443501012359e+02,1.000000000000000000e+00,2.791642942626184549e+02
4.228000000000000114e+01,2.598166736803486553e-09,-1.228660202277370125e-09,2.666456443501012359e+02,1.000000000000000000e+00,2.791642942626184549e+02
4.230000000000000426e+01,2.573709564475366718e-09,-1.217075394390800669e-09,2.666456443501012927e+02,1.000000000000000000e+00,2.791642942626185118e+02
4.232000000000000028e+01,2.549482991112703974e-09,-1.205600013762604824e-09,2.666456443501012927e+02,1.000000000000000000e+00,2.791642942626185118e+02
4.234000000000000341e+01,2.525484841728440524e-09,-1.194233026237099739e-09,2.666456443501012927e+02,1.000000000000000000e+00,2.791642942626185118e+02
4.235999999999999943e+01,2.501712954179979948e-09,-1.182973403779105890e-09,2.666456443501012927e+02,1.000000000000000000e+00,2.791642942626185118e+02
4.238000000000000256e+01,2.478165196551568869e-09,-1.171820132756869889e-09,2.666456443501012359e+02,1.000000000000000000e+00,2.791642942626184549e+02
4.239999999999999858e+01,2.454839446786064180e-09,-1.160772204236245026e-09,2.666456443501012927e+02,1.000000000000000000e+00,2.791642942626185118e+02
4.242000000000000171e+01,2.431733612314035686e-09,-1.149828623333506853e-09,2.666456443501012927e+02,1.000000000000000000e+00,2.791642942626185118e+02
4.243999999999999773e+01,2.408845613229418677e-09,-1.138988401198851184e-09,2.666456443501012927e+02,1.000000000000000000e+00,2.791642942626185118e+02
4.246000000000000085e+01,2.386173393256047017e-09,-1.128250560241108383e-09,2.666456443501012927e+02,1.000000000000000000e+00,2.791642942626185118e+02
4.248000000000000398e+01,2.363714915227992870e-09,-1.117614131974438374e-09,2.666456443501013496e+02,1.000000000000000000e+00,2.791642942626185686e+02
4.250000000000000000e+01,2.341468158009031535e-09,-1.107078155550059409e-09,2.666456443501013496e+02,1.000000000000000000e+00,2.791642942626185686e+02
4.252000000000000313e+01,2.319431125935939632e-09,-1.096641682255474707e-09,2.666456443501013496e+02,1.000000000000000000e+00,2.791642942626185686e+02
4.253999999999999915e+01,2.297601833652999251e-09,-1.086303768288813022e-09,2.666456443501013496e+02,1.000000000000000000e+00,2.791642942626185686e+02
4.256000000000000227e+01,2.275978324164286726e-09,-1.076063483359104054e-09,2.666456443501013496e+02,1.000000000000000000e+00,2.791642942626185686e+02
4.257999999999999829e+01,2.254558649903581038e-09,-1.065919901667725926e-09,2.666456443501013496e+02,1.000000000000000000e+00,2.791642942626185686e+02
4.260000000000000142e+01,2.233340889065545330e-09,-1.055872109688120530e-09,2.666456443501013496e+02,1.000000000000000000e+00,2.791642942626185686e+02
4.261999999999999744e+01,2.212323133408555863e-09,-1.045919200355322459e-09,2.666456443501013496e+02,1.000000000000000000e+00,2.791642942626185686e+02
4.264000000000000057e+01,2.191503494092207419e-09,-1.036060275846277858e-09,2.666456443501013496e+02,1.000000000000000000e+00,2.791642942626185686e+02
4.266000000000000369e+01,2.170880102151798575e-09,-1.026294447805996433e-09,2.666456443501013496e+02,1.000000000000000000e+00,2.791642942626185686e+02
4.267999999999999972e+01,2.150451101238168290e-09,-1.016620833888690135e-09,2.666456443501013496e+02,1.000000000000000000e+00,2.791642942626185686e+02
4.270000000000000284e+01,2.130214659963885196e-09,-1.007038563638773579e-09,2.666456443501013496e+02,1.000000000000000000e+00,2.791642942626185686e+02
4.271999999999999886e+01,2.110168955601640266e-09,-9.975467707256421426e-10,2.666456443501013496e+02,1.000000000000000000e+00,2.791642942626185686e+02
4.274000000000000199e+01,2.090312191360025989e-09,-9.881446011722374334e-10,2.666456443501014064e+02,1.000000000000000000e+00,2.791642942626185686e+02
4.275999999999999801e+01,2.070642580050805549e-09,-9.788312055755877474e-10,2.666456443501014064e+02,1.000000000000000000e+00,2.791642942626185686e+02
4.278000000000000114e+01,2.051158356490517829e-09,-9.696057450132513227e-10,2.666456443501014064e+02,1.000000000000000000e+00,2.791642942626185686e+02
4.280000000000000426e+01,2.031857769989915680e-09,-9.604673874662345782e-10,2.666456443501014064e+02,1.000000000000000000e+00,2.791642942626186255e+02
4.282000000000000028e+01,2.012739085494213303e-09,-9.514153083615930236e-10,2.666456443501014064e+02,1.000000000000000000e+00,2.791642942626186255e+02
4.284000000000000341e+01,1.993800588223998788e-09,-9.424486927828272214e-10,2.666456443501014064e+02,1.000000000000000000e+00,2.791642942626186255e+02
4.285999999999999943e+01,1.975040573346169425e-09,-9.335667305502382945e-10,2.666456443501014064e+02,1.000000000000000000e+00,2.791642942626186255e+02
4.288000000000000256e+01,1.956457359941279182e-09,-9.247686228727318417e-10,2.666456443501014064e+02,1.000000000000000000e+00,2.791642942626186255e+02
4.289999999999999858e+01,1.938049274868489572e-09,-9.160535746635944934e-10,2.666456443501014064e+02,1.000000000000000000e+00,2.791642942626186255e+02
4.292000000000000171e+01,1.919814668116286128e-09,-9.074208018505768437e-10,2.666456443501014064e+02,1.000000000000000000e+00,2.791642942626186255e+02
4.293999999999999773e+01,1.901751899835087648e-09,-8.988695252006931168e-10,2.666456443501014064e+02,1.000000000000000000e+00,2.791642942626186255e+02
4.296000000000000085e+01,1.883859348570171520e-09,-8.903989742403334868e-10,2.666456443501014064e+02,1.000000000000000000e+00,2.791642942626186255e+02
4.298000000000000398e+01,1.866135408168621250e-09,-8.820083857824913315e-10,2.666456443501014064e+02,1.000000000000000000e+00,2.791642942626186255e+02
4.300000000000000000e+01,1.848578484884376914e-09,-8.736970025478255439e-10,2.666456443501014633e+02,1.000000000000000000e+00,2.791642942626186255e+02
4.302000000000000313e+01,1.831187005227887181e-09,-8.654640769024698973e-10,2.666456443501014633e+02,1.000000000000000000e+00,2.791642942626186255e+02
4.303999999999999915e+01,1.813959403723379638e-09,-8.573088650282650923e-10,2.666456443501014633e+02,1.000000000000000000e+00,2.791642942626186255e+02
4.306000000000000227e+01,1.796894137266769459e-09,-8.492306337591230041e-10,2.666456443501014633e+02,1.000000000000000000e+00,2.791642942626186255e+02
4.307999999999999829e+01,1.779989670256155451e-09,-8.412286535010084245e-10,2.666456443501014633e+02,1.000000000000000000e+00,2.791642942626186255e+02
4.310000000000000142e+01,1.763244487241762884e-09,-8.333022042546068775e-10,2.666456443501014633e+02,1.000000000000000000e+00,2.791642942626186255e+02
4.311999999999999744e+01,1.746657083663830740e-09,-8.254505712055501204e-10,2.666456443501014633e+02,1.000000000000000000e+00,2.791642942626186255e+02
4.314000000000000057e+01,1.730225970030912947e-09,-8.176730467133279830e-10,2.666456443501014633e+02,1.000000000000000000e+00,2.791642942626186823e+02
4.316000000000000369e+01,1.713949672731891606e-09,-8.099689306979792774e-10,2.666456443501014633e+02,1.000000000000000000e+00,2.791642942626186823e+02
4.317999999999999972e+01,1.697826727915184149e-09,-8.023375277257246025e-10,2.666456443501014633e+02,1.000000000000000000e+00,2.791642942626186823e+02
4.320000000000000284e+01,1.681855691527046809e-09,-7.947781517879334708e-10,2.666456443501014633e+02,1.000000000000000000e+00,2.791642942626186823e+02
4.321999999999999886e+01,1.666035126295993564e-09,-7.872901201046842505e-10,2.666456443501014633e+02,1.000000000000000000e+00,2.791642942626186823e+02
4.324000000000000199e+01,1.650363615347223073e-09,-7.798727596057689329e-10,2.666456443501014633e+02,1.000000000000000000e+00,2.791642942626186823e+02
4.325999999999999801e+01,1.634839749493431113e-09,-7.725254008805614734e-10,2.666456443501014633e+02,1.000000000000000000e+00,2.791642942626186823e+02
4.328000000000000114e+01,1.619462136716472778e-09,-7.652473826912648292e-10,2.666456443501014633e+02,1.000000000000000000e+00,2.791642942626186823e+02
4.330000000000000426e+01,1.604229396623548794e-09,-7.580380493340224123e-10,2.666456443501014633e+02,1.000000000000000000e+00,2.791642942626186823e+02
4.332000000000000028e+01,1.589140160940244254e-09,-7.508967508732446054e-10,2.666456443501014633e+02,1.000000000000000000e+00,2.791642942626186823e+02
4.334000000000000341e+01,1.574193077553271908e-09,-7.438228450660221226e-10,2.666456443501014633e+02,1.000000000000000000e+00,2.791642942626186823e+02
4.335999999999999943e+01,1.559386802054759595e-09,-7.368156933370106586e-10,2.666456443501014633e+02,1.000000000000000000e+00,2.791642942626186823e+02
4.338000000000000256e+01,1.544720008952010616e-09,-7.298746661139872730e-10,2.666456443501014633e+02,1.000000000000000000e+00,2.791642942626186823e+02
4.339999999999999858e+01,1.530191378896968314e-09,-7.229991367493489171e-10,2.666456443501014633e+02,1.000000000000000000e+00,2.791642942626186823e+02
4.342000000000000171e+01,1.515799610679971412e-09,-7.161884872284213215e-10,2.666456443501014633e+02,1.000000000000000000e+00,2.791642942626186823e+02
4.343999999999999773e+01,1.501543411248442046e-09,-7.094421034189003539e-10,2.666456443501014633e+02,1.000000000000000000e+00,2.791642942626186823e+02
4.346000000000000085e+01,1.487421501867153314e-09,-7.027593780024311884e-10,2.666456443501014633e+02,1.000000000000000000e+00,2.791642942626186823e+02
4.348000000000000398e+01,1.473432616051825408e-09,-6.961397094912340729e-10,2.666456443501015201e+02,1.000000000000000000e+00,2.791642942626186823e+02
4.350000000000000000e+01,1.459575496920987521e-09,-6.895825009674928628e-10,2.666456443501015201e+02,1.000000000000000000e+00,2.791642942626186823e+02
4.352000000000000313e+01,1.445848903698509794e-09,-6.830871631779808986e-10,2.666456443501015201e+02,1.000000000000000000e+00,2.791642942626186823e+02
4.353999999999999915e+01,1.432251601844019869e-09,-6.766531098369532238e-10,2.666456443501015201e+02,1.000000000000000000e+00,2.791642942626186823e+02
4.356000000000000227e+01,1.418782374460857602e-09,-6.702797630549231221e-10,2.666456443501015201e+02,1.000000000000000000e+00,2.791642942626186823e+02
4.357999999999999829e+01,1.405440010627131222e-09,-6.639665477856391234e-10,2.666456443501015201e+02,1.000000000000000000e+00,2.791642942626186823e+02
4.360000000000000142e+01,1.392223315182507019e-09,-6.577128964830319256e-10,2.666456443501015201e+02,1.000000000000000000e+00,2.791642942626186823e+02
4.361999999999999744e+01,1.379131101710607762e-09,-6.515182457619110774e-10,2.666456443501015201e+02,1.000000000000000000e+00,2.791642942626186823e+02
4.364000000000000057e+01,1.366162195496583531e-09,-6.453820378050002345e-10,2.666456443501015201e+02,1.000000000000000000e+00,2.791642942626186823e+02
4.366000000000000369e+01,1.353315434511784425e-09,-6.393037208315501753e-10,2.666456443501015201e+02,1.000000000000000000e+00,2.791642942626186823e+02
4.367999999999999972e+01,1.340589664278970314e-09,-6.332827466538151156e-10,2.666456443501015201e+02,1.000000000000000000e+00,2.791642942626187391e+02
4.370000000000000284e+01,1.327983746020100052e-09,-6.273185745538716361e-10,2.666456443501015201e+02,1.000000000000000000e+00,2.791642942626187391e+02
4.371999999999999886e+01,1.315496546274684984e-09,-6.214106663438507471e-10,2.666456443501015201e+02,1.000000000000000000e+00,2.791642942626187391e+02
4.374000000000000199e+01,1.303126947619149914e-09,-6.155584914659880942e-10,2.666456443501015201e+02,1.000000000000000000e+00,2.791642942626187391e+02
4.375999999999999801e+01,1.290873838787713515e-09,-6.097615222923009255e-10,2.666456443501015201e+02,1.000000000000000000e+00,2.791642942626187391e+02
4.378000000000000114e+01,1.278736121908425775e-09,-6.040192375670401076e-10,2.666456443501015201e+02,1.000000000000000000e+00,2.791642942626187391e+02
4.380000000000000426e+01,1.266712708433102100e-09,-5.983311204703748760e-10,2.666456443501015201e+02,1.000000000000000000e+00,2.791642942626187391e+02
4.382000000000000028e+01,1.254802519205809321e-09,-5.926966586506935144e-10,2.666456443501015201e+02,1.000000000000000000e+00,2.791642942626187391e+02
4.384000000000000341e+01,1.243004487950163613e-09,-5.871153458837076334e-10,2.666456443501015201e+02,1.000000000000000000e+00,2.791642942626187391e+02
4.385999999999999943e+01,1.231317554361995604e-09,-5.815866787862001850e-10,2.666456443501015201e+02,1.000000000000000000e+00,2.791642942626187391e+02
4.388000000000000256e+01,1.219740673095467073e-09,-5.761101610908650898e-10,2.666456443501015201e+02,1.000000000000000000e+00,2.791642942626187391e+02
4.389999999999999858e+01,1.208272803664271219e-09,-5.706852988421041744e-10,2.666456443501015201e+02,1.000000000000000000e+00,2.791642942626187391e+02
4.392000000000000171e+01,1.196912919803694258e-09,-5.653116048493966732e-10,2.666456443501015201e+02,1.000000000000000000e+00,2.791642942626187391e+02
4.393999999999999773e+01,1.185660001798521454e-09,-5.599885950377782625e-10,2.666456443501015201e+02,1.000000000000000000e+00,2.791642942626187391e+02
4.396000000000000085e+01,1.174513041075456813e-09,-5.547157906321158994e-10,2.666456443501015201e+02,1.000000000000000000e+00,2.791642942626187391e+02
4.398000000000000398e+01,1.163471038868358188e-09,-5.494927175222645894e-10,2.666456443501015201e+02,1.000000000000000000e+00,2.791642942626187391e+02
4.400000000000000000e+01,1.152533003843678014e-09,-5.443189051333393646e-10,2.666456443501015201e+02,1.000000000000000000e+00,2.791642942626187391e+02
4.402000000000000313e+01,1.141697957470332906e-09,-5.391938889799168728e-10,2.666456443501015201e+02,1.000000000000000000e+00,2.791642942626187391e+02
4.403999999999999915e+01,1.130964926073833576e-09,-5.341172068864995073e-10,2.666456443501015201e+02,1.000000000000000000e+00,2.791642942626187391e+02
4.406000000000000227e+01,1.120332949891143555e-09,-5.290884032941945600e-10,2.666456443501015201e+02,1.000000000000000000e+00,2.791642942626187391e+02
4.407999999999999829e+01,1.109801073922270066e-09,-5.241070249095044200e-10,2.666456443501015201e+02,1.000000000000000000e+00,2.791642942626187391e+02
4.410000000000000142e+01,1.099368355492424664e-09,-5.191726243007758389e-10,2.666456443501015201e+02,1.000000000000000000e+00,2.791642942626187391e+02
4.411999999999999744e+01,1.089033858947948624e-09,-5.142847573756272460e-10,2.666456443501015201e+02,1.000000000000000000e+00,2.791642942626187391e+02
4.414000000000000057e+01,1.078796657720979115e-09,-5.094429843626447347e-10,2.666456443501015201e+02,1.000000000000000000e+00,2.791642942626187391e+02
4.416000000000000369e+01,1.068655835376606715e-09,-5.046468703094448805e-10,2.666456443501015201e+02,1.000000000000000000e+00,2.791642942626187391e+02
4.417999999999999972e+01,1.058610481323962743e-09,-4.998959830427928593e-10,2.666456443501015769e+02,1.000000000000000000e+00,2.791642942626187391e+02
4.420000000000000284e+01,1.048659697418806766e-09,-4.951898963085176012e-10,2.666456443501015769e+02,1.000000000000000000e+00,2.791642942626187391e+02
4.421999999999999886e+01,1.038802589690800848e-09,-4.905281858373088614e-10,2.666456443501015769e+02,1.000000000000000000e+00,2.791642942626187391e+02
4.424000000000000199e+01,1.029038276775830489e-09,-4.859104333545076031e-10,2.666456443501015769e+02,1.000000000000000000e+00,2.791642942626187391e+02
4.425999999999999801e+01,1.019365882245068081e-09,-4.813362229323401021e-10,2.666456443501015769e+02,1.000000000000000000e+00,2.791642942626187391e+02
4.428000000000000114e+01,1.009784540116492840e-09,-4.768051436105605443e-10,2.666456443501015769e+02,1.000000000000000000e+00,2.791642942626187391e+02
4.430000000000000426e+01,1.000293391885392017e-09,-4.723167879844750196e-10,2.666456443501015769e+02,1.000000000000000000e+00,2.791642942626187391e+02
4.432000000000000028e+01,9.908915863258557571e-10,-4.678707521103390470e-10,2.666456443501015769e+02,1.000000000000000000e+00,2.791642942626187391e+02
4.434000000000000341e+01,9.815782824744820843e-10,-4.634666369241154270e-10,2.666456443501015769e+02,1.000000000000000000e+00,2.791642942626187391e+02
4.435999999999999943e+01,9.723526439991219568e-10,-4.591040455637634718e-10,2.666456443501015769e+02,1.000000000000000000e+00,2.791642942626187391e+02
4.438000000000000256e+01,9.632138463942622343e-10,-4.547825867903879150e-10,2.666456443501015769e+02,1.000000000000000000e+00,2.791642942626187391e+02
4.439999999999999858e+01,9.541610690019881357e-10,-4.505018711944575953e-10,2.666456443501015769e+02,1.000000000000000000e+00,2.791642942626187391e+02
4.442000000000000171e+01,9.451935023127299904e-10,-4.462615146668128328e-10,2.666456443501015769e+02,1.000000000000000000e+00,2.791642942626187391e+02
4.443999999999999773e+01,9.363103420768494210e-10,-4.420611355990947213e-10,2.666456443501015769e+02,1.000000000000000000e+00,2.791642942626187391e+02
4.446000000000000085e+01,9.275107927140864397e-10,-4.379003565045085515e-10,2.666456443501015769e+02,1.000000000000000000e+00,2.791642942626187391e+02
4.448000000000000398e+01,9.187940664939897244e-10,-4.337788036282322893e-10,2.666456443501015769e+02,1.000000000000000000e+00,2.791642942626187391e+02
4.450000000000000000e+01,9.101593814391024811e-10,-4.296961059503823861e-10,2.666456443501015769e+02,1.000000000000000000e+00,2.791642942626187391e+02
4.452000000000000313e+01,9.016059657469373391e-10,-4.256518972882395902e-10,2.666456443501015769e+02,1.000000000000000000e+00,2.791642942626187391e+02
4.453999999999999915e+01,8.931330514010678059e-10,-4.216458132588972622e-10,2.666456443501015769e+02,1.000000000000000000e+00,2.791642942626187391e+02
4.456000000000000227e+01,8.847398813509129851e-10,-4.176774946923301782e-10,2.666456443501015769e+02,1.000000000000000000e+00,2.791642942626187391e+02
4.457999999999999829e+01,8.764257023465911632e-10,-4.137465842252565175e-10,2.666456443501015769e+02,1.000000000000000000e+00,2.791642942626187391e+02
4.460000000000000142e+01,8.681897707743892082e-10,-4.098527290749499084e-10,2.666456443501015769e+02,1.000000000000000000e+00,2.791642942626187391e+02
4.461999999999999744e+01,8.600313486584779582e-10,-4.059955791386819035e-10,2.666456443501015769e+02,1.000000000000000000e+00,2.791642942626187391e+02
4.464000000000000057e+01,8.519497050768810289e-10,-4.021747876666087997e-10,2.666456443501015769e+02,1.000000000000000000e+00,2.791642942626187391e+02
4.466000000000000369e+01,8.439441171998906773e-10,-3.983900117554065063e-10,2.666456443501015769e+02,1.000000000000000000e+00,2.791642942626187391e+02
4.467999999999999972e+01,8.360138667215296789e-10,-3.946409106519076215e-10,2.666456443501015769e+02,1.000000000000000000e+00,2.791642942626187391e+02
4.470000000000000284e+01,8.281582452017561768e-10,-3.909271482923115624e-10,2.666456443501015769e+02,1.000000000000000000e+00,2.791642942626187391e+02
4.471999999999999886e+01,8.203765474804970351e-10,-3.872483901717705634e-10,2.666456443501015769e+02,1.000000000000000000e+00,2.791642942626187391e+02
4.474000000000000199e+01,8.126680783049178882e-10,-3.836043064941983750e-10,2.666456443501015769e+02,1.000000000000000000e+00,2.791642942626187391e+02
4.475999999999999801e+01,8.050321463797098631e-10,-3.799945693444655031e-10,2.666456443501015769e+02,1.000000000000000000e+00,2.791642942626187391e+02
4.478000000000000114e+01,7.974680685563232513e-10,-3.764188546792814961e-10,2.666456443501015769e+02,1.000000000000000000e+00,2.791642942626187391e+02
4.480000000000000426e+01,7.899751676822135434e-10,-3.728768413050585114e-10,2.666456443501015769e+02,1.000000000000000000e+00,2.791642942626187391e+02
4.482000000000000028e+01,7.825527722453428802e-10,-3.693682107087943946e-10,2.666456443501015769e+02,1.000000000000000000e+00,2.791642942626187391e+02
4.484000000000000341e+01,7.752002189094289699e-10,-3.658926482629645356e-10,2.666456443501015769e+02,1.000000000000000000e+00,2.791642942626187391e+02
4.485999999999999943e+01,7.679168479315790438e-10,-3.624498410476959884e-10,2.666456443501015769e+02,1.000000000000000000e+00,2.791642942626187391e+02
4.488000000000000256e+01,7.607020089173921449e-10,-3.590394805857083344e-10,2.666456443501015769e+02,1.000000000000000000e+00,2.791642942626187391e+02
4.489999999999999858e+01,7.535550545222974337e-10,-3.556612598490382133e-10,2.666456443501015769e+02,1.000000000000000000e+00,2.791642942626187391e+02
4.492000000000000171e+01,7.464753461391688782e-10,-3.523148759617256227e-10,2.666456443501015769e+02,1.000000000000000000e+00,2.791642942626187960e+02
4.493999999999999773e+01,7.394622493859709501e-10,-3.490000280555737935e-10,2.666456443501015769e+02,1.000000000000000000e+00,2.791642942626187960e+02
4.496000000000000085e+01,7.325151366251165748e-10,-3.457164184671668039e-10,2.666456443501015769e+02,1.000000000000000000e+00,2.791642942626187960e+02
4.498000000000000398e+01,7.256333865012565966e-10,-3.424637525182765465e-10,2.666456443501015769e+02,1.000000000000000000e+00,2.791642942626187960e+02
4.500000000000000000e+01,7.188163821121724097e-10,-3.392417376465857565e-10,2.666456443501015769e+02,1.000000000000000000e+00,2.791642942626187960e+02
4.502000000000000313e+01,7.120635146407689674e-10,-3.360500851314711652e-10,2.666456443501015769e+02,1.000000000000000000e+00,2.791642942626187960e+02
4.503999999999999915e+01,7.053741782243672976e-10,-3.328885076560619897e-10,2.666456443501015769e+02,1.000000000000000000e+00,2.791642942626187960e+02
4.506000000000000227e+01,6.987477756419748790e-10,-3.297567220094318381e-10,2.666456443501015769e+02,1.000000000000000000e+00,2.791642942626187960e+02
4.507999999999999829e+01,6.921837127081341795e-10,-3.266544464229279850e-10,2.666456443501015769e+02,1.000000000000000000e+00,2.791642942626187960e+02
4.510000000000000142e+01,6.856814027697165555e-10,-3.235814027065742191e-10,2.666456443501015769e+02,1.000000000000000000e+00,2.791642942626187960e+02
4.511999999999999744e+01,6.792402637007593700e-10,-3.205373148213135749e-10,2.666456443501015769e+02,1.000000000000000000e+00,2.791642942626187960e+02
4.514000000000000057e+01,6.728597188509240006e-10,-3.175219093294817442e-10,2.666456443501015769e+02,1.000000000000000000e+00,2.791642942626187960e+02
4.516000000000000369e+01,6.665391980313492360e-10,-3.145349158632088507e-10,2.666456443501015769e+02,1.000000000000000000e+00,2.791642942626187960e+02
4.517999999999999972e+01,6.602781345557775246e-10,-3.115760657185933258e-10,2.666456443501015769e+02,1.000000000000000000e+00,2.791642942626187960e+02
4.520000000000000284e+01,6.540759695566600573e-10,-3.086450939061567087e-10,2.666456443501015769e+02,1.000000000000000000e+00,2.791642942626187960e+02
4.521999999999999886e+01,6.479321467469077392e-10,-3.057417366622827676e-10,2.666456443501015769e+02,1.000000000000000000e+00,2.791642942626187960e+02
4.524000000000000199e+01,6.418461176238038477e-10,-3.028657339212844489e-10,2.666456443501015769e+02,1.000000000000000000e+00,2.791642942626187960e+02
4.525999999999999801e+01,6.358173368595901127e-10,-3.000168271257286343e-10,2.666456443501015769e+02,1.000000000000000000e+00,2.791642942626187960e+02
4.528000000000000114e+01,6.298452654784736832e-10,-2.971947607355062966e-10,2.666456443501015769e+02,1.000000000000000000e+00,2.791642942626187960e+02
4.530000000000000426e+01,6.239293693123523708e-10,-2.943992814942951434e-10,2.666456443501015769e+02,1.000000000000000000e+00,2.791642942626187960e+02
4.532000000000000028e+01,6.180691185637850437e-10,-2.916301382218368841e-10,2.666456443501015769e+02,1.000000000000000000e+00,2.791642942626187960e+02
4.534000000000000341e+01,6.122639899474387759e-10,-2.888870828311590727e-10,2.666456443501015769e+02,1.000000000000000000e+00,2.791642942626187960e+02
4.535999999999999943e+01,6.065134629677768143e-10,-2.861698685603940889e-10,2.666456443501015769e+02,1.000000000000000000e+00,2.791642942626187960e+02
4.538000000000000256e+01,6.008170245171653523e-10,-2.834782521567968273e-10,2.666456443501015769e+02,1.000000000000000000e+00,2.791642942626187960e+02
4.539999999999999858e+01,5.951741639081255902e-10,-2.808119915171362614e-10,2.666456443501015769e+02,1.000000000000000000e+00,2.791642942626187960e+02
4.542000000000000171e+01,5.895843772996954793e-10,-2.781708477899965291e-10,2.666456443501015769e+02,1.000000000000000000e+00,2.791642942626187960e+02
4.543999999999999773e+01,5.840471642453047596e-10,-2.755545837361721953e-10,2.666456443501015769e+02,1.000000000000000000e+00,2.791642942626187960e+02
4.546000000000000085e+01,5.785620295444655999e-10,-2.729629646080125292e-10,2.666456443501015769e+02,1.000000000000000000e+00,2.791642942626187960e+02
4.548000000000000398e+01,5.731284830236565892e-10,-2.703957580453854472e-10,2.666456443501015769e+02,1.000000000000000000e+00,2.791642942626187960e+02
4.550000000000000000e+01,5.677460379565175754e-10,-2.678527333252681533e-10,2.666456443501015769e+02,1.000000000000000000e+00,2.791642942626187960e+02
4.552000000000000313e+01,5.624142140399099548e-10,-2.653336627751513758e-10,2.666456443501015769e+02,1.000000000000000000e+00,2.791642942626187960e+02
4.553999999999999915e+01,5.571325332784772304e-10,-2.628383198184954869e-10,2.666456443501015769e+02,1.000000000000000000e+00,2.791642942626187960e+02
4.556000000000000227e+01,5.519005244852277087e-10,-2.603664811120302201e-10,2.666456443501015769e+02,1.000000000000000000e+00,2.791642942626187960e+02
4.557999999999999829e+01,5.467177188996350566e-10,-2.579179244648008932e-10,2.666456443501015769e+02,1.000000000000000000e+00,2.791642942626187960e+02
4.560000000000000142e+01,5.415836536478246569e-10,-2.554924304812693274e-10,2.666456443501015769e+02,1.000000000000000000e+00,2.791642942626187960e+02
4.561999999999999744e+01,5.364978694911337709e-10,-2.530897814921823371e-10,2.666456443501015769e+02,1.000000000000000000e+00,2.791642942626187960e+02
4.564000000000000057e+01,5.314599114408682409e-10,-2.507097618463905547e-10,2.666456443501015769e+02,1.000000000000000000e+00,2.791642942626187960e+02
4.566000000000000369e+01,5.264693296667714857e-10,-2.483521583422654615e-10,2.666456443501015769e+02,1.000000000000000000e+00,2.791642942626187960e+02
4.567999999999999972e+01,5.215256770513371164e-10,-2.460167590662798020e-10,2.666456443501015769e+02,1.000000000000000000e+00,2.791642942626187960e+02
4.570000000000000284e+01,5.166285126720368635e-10,-2.437033550464959778e-10,2.666456443501015769e+02,1.000000000000000000e+00,2.791642942626187960e+02
4.571999999999999886e+01,5.117773976388209684e-10,-2.414117382760432032e-10,2.666456443501015769e+02,1.000000000000000000e+00,2.791642942626187960e+02
4.574000000000000199e+01,5.069718991766618933e-10,-2.391417036515350344e-10,2.666456443501015769e+02,1.000000000000000000e+00,2.791642942626187960e+02
4.575999999999999801e+01,5.022115870587389049e-10,-2.368930472795085716e-10,2.666456443501015769e+02,1.000000000000000000e+00,2.791642942626187960e+02
4.578000000000000114e+01,4.974960360099145355e-10,-2.346655676175065696e-10,2.666456443501015769e+02,1.000000000000000000e+00,2.791642942626187960e+02
4.580000000000000426e+01,4.928248246095159994e-10,-2.324590649531518127e-10,2.666456443501015769e+02,1.000000000000000000e+00,2.791642942626187960e+02
4.582000000000000028e+01,4.881975348233652061e-10,-2.302733411818654349e-10,2.666456443501015769e+02,1.000000000000000000e+00,2.791642942626187960e+02
4.584000000000000341e+01,4.836137538032831960e-10,-2.281082006612400352e-10,2.666456443501015769e+02,1.000000000000000000e+00,2.791642942626187960e+02
4.585999999999999943e+01,4.790730708684153670e-10,-2.259634487778082318e-10,2.666456443501015769e+02,1.000000000000000000e+00,2.791642942626187960e+02
4.588000000000000256e+01,4.745750811750021318e-10,-2.238388936892652803e-10,2.666456443501015769e+02,1.000000000000000000e+00,2.791642942626187960e+02
4.589999999999999858e+01,4.701193818018578213e-10,-2.217343444660375056e-10,2.666456443501015769e+02,1.000000000000000000e+00,2.791642942626187960e+02
4.592000000000000171e+01,4.657055751915063464e-10,-2.196496127248533506e-10,2.666456443501015769e+02,1.000000000000000000e+00,2.791642942626187960e+02
4.593999999999999773e+01,4.613332665138465705e-10,-2.175845113772124405e-10,2.666456443501015769e+02,1.000000000000000000e+00,2.791642942626187960e+02
4.596000000000000085e+01,4.570020650187189632e-10,-2.155388552713857882e-10,2.666456443501015769e+02,1.000000000000000000e+00,2.791642942626187960e+02
4.598000000000000398e+01,4.527115839778592344e-10,-2.135124611648835531e-10,2.666456443501015769e+02,1.000000000000000000e+00,2.791642942626187960e+02
4.600000000000000000e+01,4.484614393316469823e-10,-2.115051470819819723e-10,2.666456443501015769e+02,1.000000000000000000e+00,2.791642942626187960e+02
4.602000000000000313e+01,4.442512521223416311e-10,-2.095167334687645312e-10,2.666456443501015769e+02,1.000000000000000000e+00,2.791642942626187960e+02
4.603999999999999915e+01,4.400806451967450877e-10,-2.075470416278818495e-10,2.666456443501015769e+02,1.000000000000000000e+00,2.791642942626187960e+02
4.606000000000000227e+01,4.359492467642701361e-10,-2.055958954074381068e-10,2.666456443501015769e+02,1.000000000000000000e+00,2.791642942626187960e+02
4.607999999999999829e+01,4.318566869754576570e-10,-2.036631195769242996e-10,2.666456443501015769e+02,1.000000000000000000e+00,2.791642942626187960e+02
4.610000000000000142e+01,4.278026005804616004e-10,-2.017485410890133249e-10,2.666456443501015769e+02,1.000000000000000000e+00,2.791642942626187960e+02
4.611999999999999744e+01,4.237866252483315118e-10,-1.998519882818304616e-10,2.666456443501015769e+02,1.000000000000000000e+00,2.791642942626187960e+02
4.614000000000000057e+01,4.198084019463679524e-10,-1.979732910589269597e-10,2.666456443501015769e+02,1.000000000000000000e+00,2.791642942626187960e+02
4.616000000000000369e+01,4.158675757593109959e-10,-1.961122812781078933e-10,2.666456443501015769e+02,1.000000000000000000e+00,2.791642942626187960e+02
4.617999999999999972e+01,4.119637938735853452e-10,-1.942687917946473131e-10,2.666456443501015769e+02,1.000000000000000000e+00,2.791642942626187960e+02
4.620000000000000284e+01,4.080967083830016885e-10,-1.924426577928961852e-10,2.666456443501015769e+02,1.000000000000000000e+00,2.791642942626187960e+02
4.621999999999999886e+01,4.042659729840871764e-10,-1.906337152178474986e-10,2.666456443501015769e+02,1.000000000000000000e+00,2.791642942626187960e+02
4.624000000000000199e+01,4.004712461759627420e-10,-1.888418022937294417e-10,2.666456443501015769e+02,1.000000000000000000e+00,2.791642942626187960e+02
4.625999999999999801e+01,3.967121885036950538e-10,-1.870667582157480998e-10,2.666456443501015769e+02,1.000000000000000000e+00,2.791642942626187960e+02
4.628000000000000114e+01,3.929884643717410646e-10,-1.853084240106307176e-10,2.666456443501015769e+02,1.000000000000000000e+00,2.791642942626187960e+02
4.630000000000000426e+01,3.892997412744278326e-10,-1.835666421714570209e-10,2.666456443501015769e+02,1.000000000000000000e+00,2.791642942626187960e+02
4.632000000000000028e+01,3.856456893298891863e-10,-1.818412564364119256e-10,2.666456443501015769e+02,1.000000000000000000e+00,2.791642942626187960e+02
4.634000000000000341e+01,3.820259827853853397e-10,-1.801321125031416358e-10,2.666456443501015769e+02,1.000000000000000000e+00,2.791642942626187960e+02
4.635999999999999943e+01,3.784402975730990052e-10,-1.784390568688315645e-10,2.666456443501015769e+02,1.000000000000000000e+00,2.791642942626187960e+02
4.638000000000000256e+01,3.748883142358938484e-10,-1.767619382185474893e-10,2.666456443501015769e+02,1.000000000000000000e+00,2.791642942626187960e+02
4.639999999999999858e+01,3.713697148455526647e-10,-1.751006059628563294e-10,2.666456443501015769e+02,1.000000000000000000e+00,2.791642942626187960e+02
4.642000000000000171e+01,3.678841856750291716e-10,-1.734549115057907564e-10,2.666456443501015769e+02,1.000000000000000000e+00,2.791642942626187960e+02
4.643999999999999773e+01,3.644314151889320825e-10,-1.718247072913374489e-10,2.666456443501015769e+02,1.000000000000000000e+00,2.791642942626187960e+02
4.646000000000000085e+01,3.610110950243819705e-10,-1.702098472687792813e-10,2.666456443501015769e+02,1.000000000000000000e+00,2.791642942626187960e+02
4.648000000000000398e+01,3.576229200357564659e-10,-1.686101869139435262e-10,2.666456443501015769e+02,1.000000000000000000e+00,2.791642942626187960e+02
4.650000000000000000e+01,3.542665871435797707e-10,-1.670255826829637791e-10,2.666456443501015769e+02,1.000000000000000000e+00,2.791642942626187960e+02
4.652000000000000313e+01,3.509417973198871851e-10,-1.654558929542728521e-10,2.666456443501015769e+02,1.000000000000000000e+00,2.791642942626187960e+02
4.653999999999999915e+01,3.476482529492458285e-10,-1.639009767764783624e-10,2.666456443501015769e+02,1.000000000000000000e+00,2.791642942626187960e+02
4.656000000000000227e+01,3.443856606390159334e-10,-1.623606952016622545e-10,2.666456443501015769e+02,1.000000000000000000e+00,2.791642942626187960e+02
4.657999999999999829e+01,3.411537285505563579e-10,-1.608349100191890967e-10,2.666456443501015769e+02,1.000000000000000000e+00,2.791642942626187960e+02
4.660000000000000142e+01,3.379521684384789991e-10,-1.593234847231395867e-10,2.666456443501015769e+02,1.000000000000000000e+00,2.791642942626187960e+02
4.661999999999999744e+01,3.347806944010072409e-10,-1.578262839194648811e-10,2.666456443501015769e+02,1.000000000000000000e+00,2.791642942626187960e+02
4.664000000000000057e+01,3.316390230957128776e-10,-1.563431734282719764e-10,2.666456443501015769e+02,1.000000000000000000e+00,2.791642942626187960e+02
4.666000000000000369e+01,3.285268744660849396e-10,-1.548740206285250439e-10,2.666456443501015769e+02,1.000000000000000000e+00,2.791642942626187960e+02
4.667999999999999972e+01,3.254439700844575901e-10,-1.534186936718839021e-10,2.666456443501015769e+02,1.000000000000000000e+00,2.791642942626187960e+02
4.670000000000000284e+01,3.223900354097130120e-10,-1.519770625537247044e-10,2.666456443501015769e+02,1.000000000000000000e+00,2.791642942626187960e+02
4.671999999999999886e+01,3.193647971660179079e-10,-1.505489978696420123e-10,2.666456443501015769e+02,1.000000000000000000e+00,2.791642942626187960e+02
4.674000000000000199e+01,3.163679858485427930e-10,-1.491343720040524579e-10,2.666456443501015769e+02,1.000000000000000000e+00,2.791642942626187960e+02
4.675999999999999801e+01,3.133993335956854531e-10,-1.477330581208621101e-10,2.666456443501015769e+02,1.000000000000000000e+00,2.791642942626187960e+02
4.678000000000000114e+01,3.104585755533420487e-10,-1.463449308105567877e-10,2.666456443501015769e+02,1.000000000000000000e+00,2.791642942626187960e+02
4.680000000000000426e+01,3.075454493440369184e-10,-1.449698658384018968e-10,2.666456443501015769e+02,1.000000000000000000e+00,2.791642942626187960e+02
4.682000000000000028e+01,3.046596946231000099e-10,-1.436077399338648903e-10,2.666456443501016338e+02,1.000000000000000000e+00,2.791642942626187960e+02
4.684000000000000341e+01,3.018010543328384875e-10,-1.422584313855099162e-10,2.666456443501016338e+02,1.000000000000000000e+00,2.791642942626187960e+02
4.685999999999999943e+01,2.989692727264381266e-10,-1.409218191036586680e-10,2.666456443501016338e+02,1.000000000000000000e+00,2.791642942626187960e+02
4.688000000000000256e+01,2.961640976981017870e-10,-1.395977837255817477e-10,2.666456443501016338e+02,1.000000000000000000e+00,2.791642942626187960e+02
4.689999999999999858e+01,2.933852783591595300e-10,-1.382862064658326189e-10,2.666456443501016338e+02,1.000000000000000000e+00,2.791642942626187960e+02
4.692000000000000171e+01,2.906325671108515055e-10,-1.369869700993118786e-10,2.666456443501016338e+02,1.000000000000000000e+00,2.791642942626187960e+02
4.693999999999999773e+01,2.879057181157149301e-10,-1.356999582362797950e-10,2.666456443501016338e+02,1.000000000000000000e+00,2.791642942626187960e+02
4.696000000000000085e+01,2.852044880027992962e-10,-1.344250556567686787e-10,2.666456443501016338e+02,1.000000000000000000e+00,2.791642942626187960e+02
4.698000000000000398e+01,2.825286359743238680e-10,-1.331621483611804089e-10,2.666456443501016338e+02,1.000000000000000000e+00,2.791642942626187960e+02
4.700000000000000000e+01,2.798779228323689444e-10,-1.319111231086390796e-10,2.666456443501016338e+02,1.000000000000000000e+00,2.791642942626187960e+02
4.702000000000000313e+01,2.772521125957242360e-10,-1.306718681837802148e-10,2.666456443501016338e+02,1.000000000000000000e+00,2.791642942626187960e+02
4.703999999999999915e+01,2.746509703900488048e-10,-1.294442723961514569e-10,2.666456443501016338e+02,1.000000000000000000e+00,2.791642942626187960e+02
4.706000000000000227e+01,2.720742646654099372e-10,-1.282282261318169204e-10,2.666456443501016338e+02,1.000000000000000000e+00,2.791642942626187960e+02
4.707999999999999829e+01,2.695217651167867045e-10,-1.270236203672083639e-10,2.666456443501016338e+02,1.000000000000000000e+00,2.791642942626187960e+02
4.710000000000000142e+01,2.669932442456748768e-10,-1.258303474096176615e-10,2.666456443501016338e+02,1.000000000000000000e+00,2.791642942626187960e+02
4.711999999999999744e+01,2.644884764351576530e-10,-1.246483004586015767e-10,2.666456443501016338e+02,1.000000000000000000e+00,2.791642942626187960e+02
4.714000000000000057e+01,2.620072380540677596e-10,-1.234773736553255155e-10,2.666456443501016338e+02,1.000000000000000000e+00,2.791642942626187960e+02
4.716000000000000369e+01,2.595493080930670077e-10,-1.223174623841953762e-10,2.666456443501016338e+02,1.000000000000000000e+00,2.791642942626187960e+02
4.717999999999999972e+01,2.571144668056991820e-10,-1.211684626284327482e-10,2.666456443501016338e+02,1.000000000000000000e+00,2.791642942626187960e+02
4.720000000000000284e+01,2.547024975228723394e-10,-1.200302718304444922e-10,2.666456443501016338e+02,1.000000000000000000e+00,2.791642942626187960e+02
4.721999999999999886e+01,2.523131845755359933e-10,-1.189027879068153427e-10,2.666456443501016338e+02,1.000000000000000000e+00,2.791642942626187960e+02
4.724000000000000199e+01,2.499463152549767427e-10,-1.177859101777622951e-10,2.666456443501016338e+02,1.000000000000000000e+00,2.791642942626187960e+02
4.725999999999999801e+01,2.476016781726446421e-10,-1.166795385894560998e-10,2.666456443501016338e+02,1.000000000000000000e+00,2.791642942626187960e+02
4.728000000000000114e+01,2.452790642832080118e-10,-1.155835741990465370e-10,2.666456443501016338e+02,1.000000000000000000e+00,2.791642942626187960e+02
4.730000000000000426e+01,2.429782665261589810e-10,-1.144979190047489856e-10,2.666456443501016338e+02,1.000000000000000000e+00,2.791642942626187960e+02
4.732000000000000028e+01,2.406990794158691870e-10,-1.134224757514380442e-10,2.666456443501016338e+02,1.000000000000000000e+00,2.791642942626187960e+02
4.734000000000000341e+01,2.384413000827591685e-10,-1.123571484242833171e-10,2.666456443501016338e+02,1.000000000000000000e+00,2.791642942626187960e+02
4.735999999999999943e+01,2.362047266779398305e-10,-1.113018414923550800e-10,2.666456443501016338e+02,1.000000000000000000e+00,2.791642942626187960e+02
4.738000000000000256e+01,2.339891602270477053e-10,-1.102564607875049600e-10,2.666456443501016338e+02,1.000000000000000000e+00,2.791642942626187960e+02
4.739999999999999858e+01,2.317944027256151924e-10,-1.092209126013980665e-10,2.666456443501016338e+02,1.000000000000000000e+00,2.791642942626187960e+02
4.742000000000000171e+01,2.296202587449335383e-10,-1.081951044467850283e-10,2.666456443501016338e+02,1.000000000000000000e+00,2.791642942626187960e+02
4.743999999999999773e+01,2.274665342718129904e-10,-1.071789445074749661e-10,2.666456443501016338e+02,1.000000000000000000e+00,2.791642942626187960e+02
4.746000000000000085e+01,2.253330372103826104e-10,-1.061723418761777976e-10,2.666456443501016338e+02,1.000000000000000000e+00,2.791642942626187960e+02
4.748000000000000398e+01,2.232195775224441089e-10,-1.051752066210495342e-10,2.666456443501016338e+02,1.000000000000000000e+00,2.791642942626187960e+02
4.750000000000000000e+01,2.211259664087791920e-10,-1.041874493975591697e-10,2.666456443501016338e+02,1.000000000000000000e+00,2.791642942626187960e+02
4.752000000000000313e+01,2.190520176235351339e-10,-1.032089820715540232e-10,2.666456443501016338e+02,1.000000000000000000e+00,2.791642942626187960e+02
4.753999999999999915e+01,2.169975457891567208e-10,-1.022397169204709643e-10,2.666456443501016338e+02,1.000000000000000000e+00,2.791642942626187960e+02
4.756000000000000227e+01,2.149623681445888934e-10,-1.012795674619986867e-10,2.666456443501016338e+02,1.000000000000000000e+00,2.791642942626187960e+02
4.757999999999999829e+01,2.129463029266932027e-10,-1.003284476868503193e-10,2.666456443501016338e+02,1.000000000000000000e+00,2.791642942626187960e+02
4.760000000000000142e+01,2.109491705639267684e-10,-9.938627262453599192e-11,2.666456443501016338e+02,1.000000000000000000e+00,2.791642942626187960e+02
4.761999999999999744e+01,2.089707929952750043e-10,-9.845295802055032794e-11,2.666456443501016338e+02,1.000000000000000000e+00,2.791642942626187960e+02
4.764000000000000057e+01,2.070109937002566129e-10,-9.752842035055632980e-11,2.666456443501016338e+02,1.000000000000000000e+00,2.791642942626187960e+02
4.766000000000000369e+01,2.050695982499407483e-10,-9.661257708156225505e-11,2.666456443501016338e+02,1.000000000000000000e+00,2.791642942626187960e+02
4.767999999999999972e+01,2.031464331949633362e-10,-9.570534614484683455e-11,2.666456443501016338e+02,1.000000000000000000e+00,2.791642942626187960e+02
4.770000000000000284e+01,2.012413275220445589e-10,-9.480664662628481728e-11,2.666456443501016338e+02,1.000000000000000000e+00,2.791642942626187960e+02
4.771999999999999886e+01,1.993541110092066656e-10,-9.391639798678669325e-11,2.666456443501016338e+02,1.000000000000000000e+00,2.791642942626187960e+02
4.774000000000000199e+01,1.974846157578948346e-10,-9.303452078841467610e-11,2.666456443501016338e+02,1.000000000000000000e+00,2.791642942626187960e+02
4.775999999999999801e+01,1.956326749304373420e-10,-9.216093609602369338e-11,2.666456443501016338e+02,1.000000000000000000e+00,2.791642942626187960e+02
4.778000000000000114e+01,1.937981235144890747e-10,-9.129556583951800134e-11,2.666456443501016338e+02,1.000000000000000000e+00,2.791642942626187960e+02
4.780000000000000426e+01,1.919807980881554563e-10,-9.043833270254821748e-11,2.666456443501016338e+02,1.000000000000000000e+00,2.791642942626187960e+02
4.782000000000000028e+01,1.901805364496313753e-10,-8.958915994696012325e-11,2.666456443501016338e+02,1.000000000000000000e+00,2.791642942626187960e+02
4.784000000000000341e+01,1.883971784787418201e-10,-8.874797182108390583e-11,2.666456443501016338e+02,1.000000000000000000e+00,2.791642942626187960e+02
4.785999999999999943e+01,1.866305648507335161e-10,-8.791469295018605724e-11,2.666456443501016338e+02,1.000000000000000000e+00,2.791642942626187960e+02
4.788000000000000256e+01,1.848805385096299556e-10,-8.708924903466006254e-11,2.666456443501016338e+02,1.000000000000000000e+00,2.791642942626187960e+02
4.789999999999999858e+01,1.831469431730941687e-10,-8.627156614150894326e-11,2.666456443501016338e+02,1.000000000000000000e+00,2.791642942626187960e+02
4.792000000000000171e+01,1.814296245749867404e-10,-8.546157129312935430e-11,2.666456443501016338e+02,1.000000000000000000e+00,2.791642942626187960e+02
4.793999999999999773e+01,1.797284295868241833e-10,-8.465919205101157609e-11,2.666456443501016338e+02,1.000000000000000000e+00,2.791642942626187960e+02
4.796000000000000085e+01,1.780432065702982927e-10,-8.386435668274934828e-11,2.666456443501016338e+02,1.000000000000000000e+00,2.791642942626187960e+02
4.798000000000000398e+01,1.763738055322557500e-10,-8.307699423548390501e-11,2.666456443501016338e+02,1.000000000000000000e+00,2.791642942626187960e+02
4.800000000000000000e+01,1.747200774392050181e-10,-8.229703421106491391e-11,2.666456443501016338e+02,1.000000000000000000e+00,2.791642942626187960e+02
4.802000000000000313e+01,1.730818752840250406e-10,-8.152440707148561846e-11,2.666456443501016338e+02,1.000000000000000000e+00,2.791642942626187960e+02
4.803999999999999915e+01,1.714590527414958071e-10,-8.075904360183196396e-11,2.666456443501016338e+02,1.000000000000000000e+00,2.791642942626187960e+02
4.806000000000000227e+01,1.698514655452232530e-10,-8.000087556267008514e-11,2.666456443501016338e+02,1.000000000000000000e+00,2.791642942626187960e+02
4.807999999999999829e+01,1.682589702291902757e-10,-7.924983509378834808e-11,2.666456443501016338e+02,1.000000000000000000e+00,2.791642942626187960e+02
4.810000000000000142e+01,1.666814250384426261e-10,-7.850585514564930352e-11,2.666456443501016338e+02,1.000000000000000000e+00,2.791642942626187960e+02
4.812000000000000455e+01,1.651186894305576742e-10,-7.776886924319953328e-11,2.666456443501016338e+02,1.000000000000000000e+00,2.791642942626187960e+02
4.814000000000000057e+01,1.635706240581254730e-10,-7.703881147754022584e-11,2.666456443501016338e+02,1.000000000000000000e+00,2.791642942626187960e+02
4.816000000000000369e+01,1.620370912419269075e-10,-7.631561673011033802e-11,2.666456443501016338e+02,1.000000000000000000e+00,2.791642942626187960e+02
4.817999999999999972e+01,1.605179540629171670e-10,-7.559922024248053079e-11,2.666456443501016338e+02,1.000000000000000000e+00,2.791642942626187960e+02
4.820000000000000284e+01,1.590130775300268741e-10,-7.488955816959874363e-11,2.666456443501016338e+02,1.000000000000000000e+00,2.791642942626187960e+02
4.821999999999999886e+01,1.575223272790258519e-10,-7.418656696337295310e-11,2.666456443501016338e+02,1.000000000000000000e+00,2.791642942626187960e+02
4.824000000000000199e+01,1.560455707688154031e-10,-7.349018393938186460e-11,2.666456443501016338e+02,1.000000000000000000e+00,2.791642942626187960e+02
4.825999999999999801e+01,1.545826763110067703e-10,-7.280034681716042065e-11,2.666456443501016338e+02,1.000000000000000000e+00,2.791642942626187960e+02
4.828000000000000114e+01,1.531335136388488262e-10,-7.211699398968668823e-11,2.666456443501016338e+02,1.000000000000000000e+00,2.791642942626187960e+02
4.830000000000000426e+01,1.516979537598329415e-10,-7.144006445356610908e-11,2.666456443501016338e+02,1.000000000000000000e+00,2.791642942626187960e+02
4.832000000000000028e+01,1.502758686266747361e-10,-7.076949765314820172e-11,2.666456443501016338e+02,1.000000000000000000e+00,2.791642942626187960e+02
4.834000000000000341e+01,1.488671318481180048e-10,-7.010523381723468200e-11,2.666456443501016338e+02,1.000000000000000000e+00,2.791642942626187960e+02
4.835999999999999943e+01,1.474716176533409347e-10,-6.944721346851366775e-11,2.666456443501016338e+02,1.000000000000000000e+00,2.791642942626187960e+02
4.838000000000000256e+01,1.460892020616973867e-10,-6.879537797763470846e-11,2.666456443501016338e+02,1.000000000000000000e+00,2.791642942626187960e+02
4.839999999999999858e+01,1.447197617102201722e-10,-6.814966900782502659e-11,2.666456443501016338e+02,1.000000000000000000e+00,2.791642942626187960e+02
4.842000000000000171e+01,1.433631748137949368e-10,-6.751002896966985117e-11,2.666456443501016338e+02,1.000000000000000000e+00,2.791642942626187960e+02
4.843999999999999773e+01,1.420193205016509845e-10,-6.687640070684204955e-11,2.666456443501016338e+02,1.000000000000000000e+00,2.791642942626187960e+02
4.846000000000000085e+01,1.406880790610291177e-10,-6.624872761148999714e-11,2.666456443501016338e+02,1.000000000000000000e+00,2.791642942626187960e+02
4.848000000000000398e+01,1.393693320942674492e-10,-6.562695369864585979e-11,2.666456443501016338e+02,1.000000000000000000e+00,2.791642942626187960e+02
4.850000000000000000e+01,1.380629619471608430e-10,-6.501102333545675736e-11,2.666456443501016338e+02,1.000000000000000000e+00,2.791642942626187960e+02
4.852000000000000313e+01,1.367688525732880632e-10,-6.440088165055024502e-11,2.666456443501016338e+02,1.000000000000000000e+00,2.791642942626187960e+02
4.853999999999999915e+01,1.354868884623448249e-10,-6.379647402646395922e-11,2.666456443501016338e+02,1.000000000000000000e+00,2.791642942626187960e+02
4.856000000000000227e+01,1.342169557236414681e-10,-6.319774661278727870e-11,2.666456443501016338e+02,1.000000000000000000e+00,2.791642942626187960e+02
4.857999999999999829e+01,1.329589411087572432e-10,-6.260464586328960070e-11,2.666456443501016338e+02,1.000000000000000000e+00,2.791642942626187960e+02
4.860000000000000142e+01,1.317127327048951457e-10,-6.201711886426733272e-11,2.666456443501016338e+02,1.000000000000000000e+00,2.791642942626187960e+02
4.862000000000000455e+01,1.304782195724809074e-10,-6.143511316292221688e-11,2.666456443501016338e+02,1.000000000000000000e+00,2.791642942626187960e+02
4.864000000000000057e+01,1.292552916988340057e-10,-6.085857674539834044e-11,2.666456443501016338e+02,1.000000000000000000e+00,2.791642942626187960e+02
4.866000000000000369e+01,1.280438404015332423e-10,-6.028745822780758172e-11,2.666456443501016338e+02,1.000000000000000000e+00,2.791642942626187960e+02
4.867999999999999972e+01,1.268437575883810036e-10,-5.972170650576090057e-11,2.666456443501016338e+02,1.000000000000000000e+00,2.791642942626187960e+02
4.870000000000000284e+01,1.256549366926519190e-10,-5.916127119725354336e-11,2.666456443501016338e+02,1.000000000000000000e+00,2.791642942626187960e+02
4.871999999999999886e+01,1.244772716447309626e-10,-5.860610215568317559e-11,2.666456443501016338e+02,1.000000000000000000e+00,2.791642942626187960e+02
4.874000000000000199e+01,1.233106578052465452e-10,-5.805614991170830365e-11,2.666456443501016338e+02,1.000000000000000000e+00,2.791642942626187960e+02
4.875999999999999801e+01,1.221549912203379658e-10,-5.751136532059838704e-11,2.666456443501016338e+02,1.000000000000000000e+00,2.791642942626187960e+02
4.878000000000000114e+01,1.210101690431702894e-10,-5.697169976180963694e-11,2.666456443501016338e+02,1.000000000000000000e+00,2.791642942626187960e+02
4.880000000000000426e+01,1.198760894476474919e-10,-5.643710509813245925e-11,2.666456443501016338e+02,1.000000000000000000e+00,2.791642942626187960e+02
4.882000000000000028e+01,1.187526513399641642e-10,-5.590753353909041527e-11,2.666456443501016338e+02,1.000000000000000000e+00,2.791642942626187960e+02
4.884000000000000341e+01,1.176397549434689142e-10,-5.538293791787267166e-11,2.666456443501016338e+02,1.000000000000000000e+00,2.791642942626187960e+02
4.885999999999999943e+01,1.165373009659149679e-10,-5.486327129702398175e-11,2.666456443501016338e+02,1.000000000000000000e+00,2.791642942626187960e+02
4.888000000000000256e+01,1.154451915271899235e-10,-5.434848740769991827e-11,2.666456443501016338e+02,1.000000000000000000e+00,2.791642942626187960e+02
4.889999999999999858e+01,1.143633292407859002e-10,-5.383854021476477553e-11,2.666456443501016338e+02,1.000000000000000000e+00,2.791642942626187960e+02
4.892000000000000171e+01,1.132916179547337889e-10,-5.333338426758266612e-11,2.666456443501016338e+02,1.000000000000000000e+00,2.791642942626187960e+02
4.893999999999999773e+01,1.122299622519209580e-10,-5.283297446344306441e-11,2.666456443501016338e+02,1.000000000000000000e+00,2.791642942626187960e+02
4.896000000000000085e+01,1.111782676149851709e-10,-5.233726612561066102e-11,2.666456443501016338e+02,1.000000000000000000e+00,2.791642942626187960e+02
4.898000000000000398e+01,1.101364405776236666e-10,-5.184621507496585373e-11,2.666456443501016338e+02,1.000000000000000000e+00,2.791642942626187960e+02
4.900000000000000000e+01,1.091043882496228460e-10,-5.135977740512153885e-11,2.666456443501016338e+02,1.000000000000000000e+00,2.791642942626187960e+02
4.902000000000000313e+01,1.080820190161433075e-10,-5.087790981348185969e-11,2.666456443501016338e+02,1.000000000000000000e+00,2.791642942626187960e+02
4.903999999999999915e+01,1.070692416843210856e-10,-5.040056919721920046e-11,2.666456443501016338e+02,1.000000000000000000e+00,2.791642942626187960e+02
4.906000000000000227e+01,1.060659663350807328e-10,-4.992771305652190439e-11,2.666456443501016338e+02,1.000000000000000000e+00,2.791642942626187960e+02
4.907999999999999829e+01,1.050721035649790904e-10,-4.945929913568110355e-11,2.666456443501016338e+02,1.000000000000000000e+00,2.791642942626187960e+02
4.910000000000000142e+01,1.040875650129255591e-10,-4.899528567242133438e-11,2.666456443501016338e+02,1.000000000000000000e+00,2.791642942626187960e+02
4.912000000000000455e+01,1.031122630988839242e-10,-4.853563127420984257e-11,2.666456443501016338e+02,1.000000000000000000e+00,2.791642942626187960e+02
4.914000000000000057e+01,1.021461109616831601e-10,-4.808029488880018382e-11,2.666456443501016338e+02,1.000000000000000000e+00,2.791642942626187960e+02
4.916000000000000369e+01,1.011890228007173656e-10,-4.762923596598618420e-11,2.666456443501016338e+02,1.000000000000000000e+00,2.791642942626187960e+02
4.917999999999999972e+01,1.002409132739083469e-10,-4.718241417260651481e-11,2.666456443501016338e+02,1.000000000000000000e+00,2.791642942626187960e+02
4.920000000000000284e+01,9.930169824587348536e-11,-4.673978974669091703e-11,2.666456443501016338e+02,1.000000000000000000e+00,2.791642942626187960e+02
4.921999999999999886e+01,9.837129397589186231e-11,-4.630132311308051301e-11,2.666456443501016338e+02,1.000000000000000000e+00,2.791642942626187960e+02
4.924000000000000199e+01,9.744961784501245724e-11,-4.586697522758626438e-11,2.666456443501016338e+02,1.000000000000000000e+00,2.791642942626187960e+02
4.925999999999999801e+01,9.653658778546324249e-11,-4.543670730691171059e-11,2.666456443501016338e+02,1.000000000000000000e+00,2.791642942626187960e+02
4.928000000000000114e+01,9.563212259135304256e-11,-4.501048097570013612e-11,2.666456443501016338e+02,1.000000000000000000e+00,2.791642942626187960e+02
4.930000000000000426e+01,9.473614187432298229e-11,-4.458825824554785452e-11,2.666456443501016338e+02,1.000000000000000000e+00,2.791642942626187960e+02
4.932000000000000028e+01,9.384856581335617216e-11,-4.417000139657184225e-11,2.666456443501016338e+02,1.000000000000000000e+00,2.791642942626187960e+02
4.934000000000000341e+01,9.296931563482691034e-11,-4.375567320461887569e-11,2.666456443501016338e+02,1.000000000000000000e+00,2.791642942626187960e+02
4.935999999999999943e+01,9.209831294367988217e-11,-4.334523662470729122e-11,2.666456443501016338e+02,1.000000000000000000e+00,2.791642942626187960e+02
4.938000000000000256e+01,9.123548045847283037e-11,-4.293865513890680031e-11,2.666456443501016338e+02,1.000000000000000000e+00,2.791642942626187960e+02
4.939999999999999858e+01,9.038074129255006284e-11,-4.253589241613138205e-11,2.666456443501016338e+02,1.000000000000000000e+00,2.791642942626187960e+02
4.942000000000000171e+01,8.953401952496835341e-11,-4.213691258232963600e-11,2.666456443501016338e+02,1.000000000000000000e+00,2.791642942626187960e+02
4.943999999999999773e+01,8.869523982536882796e-11,-4.174168004295357303e-11,2.666456443501016338e+02,1.000000000000000000e+00,2.791642942626187960e+02
4.946000000000000085e+01,8.786432756237498999e-11,-4.135015953424385856e-11,2.666456443501016338e+02,1.000000000000000000e+00,2.791642942626187960e+02
4.948000000000000398e+01,8.704120894448201288e-11,-4.096231618990868018e-11,2.666456443501016338e+02,1.000000000000000000e+00,2.791642942626187960e+02
4.950000000000000000e+01,8.622581062669770750e-11,-4.057811535495814292e-11,2.666456443501016338e+02,1.000000000000000000e+00,2.791642942626187960e+02
4.952000000000000313e+01,8.541806027548573577e-11,-4.019752285305285604e-11,2.666456443501016338e+02,1.000000000000000000e+00,2.791642942626187960e+02
4.953999999999999915e+01,8.461788588982111472e-11,-3.982050466520411287e-11,2.666456443501016338e+02,1.000000000000000000e+00,2.791642942626187960e+02
4.956000000000000227e+01,8.382521647023891816e-11,-3.944702724637180309e-11,2.666456443501016338e+02,1.000000000000000000e+00,2.791642942626187960e+02
4.957999999999999829e+01,8.303998143141074967e-11,-3.907705724749011584e-11,2.666456443501016338e+02,1.000000000000000000e+00,2.791642942626187960e+02
4.960000000000000142e+01,8.226211100132067717e-11,-3.871056170434591563e-11,2.666456443501016338e+02,1.000000000000000000e+00,2.791642942626187960e+02
4.962000000000000455e+01,8.149153603470470111e-11,-3.834750794930278981e-11,2.666456443501016338e+02,1.000000000000000000e+00,2.791642942626187960e+02
4.964000000000000057e+01,8.072818794377791955e-11,-3.798786357850880454e-11,2.666456443501016338e+02,1.000000000000000000e+00,2.791642942626187960e+02
4.966000000000000369e+01,7.997199898612556383e-11,-3.763159658812264381e-11,2.666456443501016338e+02,1.000000000000000000e+00,2.791642942626187960e+02
4.967999999999999972e+01,7.922290177576832581e-11,-3.727867514295409379e-11,2.666456443501016338e+02,1.000000000000000000e+00,2.791642942626187960e+02
4.970000000000000284e+01,7.848082988101407325e-11,-3.692906785934284856e-11,2.666456443501016338e+02,1.000000000000000000e+00,2.791642942626187960e+02
4.971999999999999886e+01,7.774571718383387861e-11,-3.658274350203971277e-11,2.666456443501016338e+02,1.000000000000000000e+00,2.791642942626187960e+02
4.974000000000000199e+01,7.701749844582658104e-11,-3.623967125198325430e-11,2.666456443501016338e+02,1.000000000000000000e+00,2.791642942626187960e+02
4.975999999999999801e+01,7.629610887181499384e-11,-3.589982049982077634e-11,2.666456443501016338e+02,1.000000000000000000e+00,2.791642942626187960e+02
4.978000000000000114e+01,7.558148433752188802e-11,-3.556316095361733376e-11,2.666456443501016338e+02,1.000000000000000000e+00,2.791642942626187960e+02
4.980000000000000426e+01,7.487356137333648231e-11,-3.522966263117849539e-11,2.666456443501016338e+02,1.000000000000000000e+00,2.791642942626187960e+02
4.982000000000000028e+01,7.417227694921696867e-11,-3.489929575827226425e-11,2.666456443501016338e+02,1.000000000000000000e+00,2.791642942626187960e+02
4.984000000000000341e+01,7.347756886781235064e-11,-3.457203095461997922e-11,2.666456443501016338e+02,1.000000000000000000e+00,2.791642942626187960e+02
4.985999999999999943e+01,7.278937522792819216e-11,-3.424783898005313188e-11,2.666456443501016338e+02,1.000000000000000000e+00,2.791642942626187960e+02
4.988000000000000256e+01,7.210763500632481223e-11,-3.392669100975504646e-11,2.666456443501016338e+02,1.000000000000000000e+00,2.791642942626187960e+02
4.989999999999999858e+01,7.143228749576248108e-11,-3.360855836840519250e-11,2.666456443501016338e+02,1.000000000000000000e+00,2.791642942626187960e+02
4.992000000000000171e+01,7.076327274426026524e-11,-3.329341273797463846e-11,2.666456443501016338e+02,1.000000000000000000e+00,2.791642942626187960e+02
4.993999999999999773e+01,7.010053127445097776e-11,-3.298122602496280084e-11,2.666456443501016338e+02,1.000000000000000000e+00,2.791642942626187960e+02
4.996000000000000085e+01,6.944400415190108816e-11,-3.267197039270596216e-11,2.666456443501016338e+02,1.000000000000000000e+00,2.791642942626187960e+02
4.998000000000000398e+01,6.879363311316232665e-11,-3.236561832195555228e-11,2.666456443501016338e+02,1.000000000000000000e+00,2.791642942626187960e+02
5.000000000000000000e+01,6.814936024096658921e-11,-3.206214245721953337e-11,2.666456443501016338e+02,1.000000000000000000e+00,2.791642942626187960e+02
5.002000000000000313e+01,6.751112842000768957e-11,-3.176151582236599254e-11,2.666456443501016338e+02,1.000000000000000000e+00,2.791642942626187960e+02
5.003999999999999915e+01,6.687888079729160987e-11,-3.146371156534479401e-11,2.666456443501016338e+02,1.000000000000000000e+00,2.791642942626187960e+02
5.006000000000000227e+01,6.625256130714388651e-11,-3.116870320652495101e-11,2.666456443501016338e+02,1.000000000000000000e+00,2.791642942626187960e+02
5.007999999999999829e+01,6.563211421663205224e-11,-3.087646442367024054e-11,2.666456443501016338e+02,1.000000000000000000e+00,2.791642942626187960e+02
5.010000000000000142e+01,6.501748442729567488e-11,-3.058696919465187952e-11,2.666456443501016338e+02,1.000000000000000000e+00,2.791642942626187960e+02
5.012000000000000455e+01,6.440861734353900082e-11,-3.030019173520010120e-11,2.666456443501016338e+02,1.000000000000000000e+00,2.791642942626187960e+02
5.014000000000000057e+01,6.380545880205851604e-11,-3.001610646551334889e-11,2.666456443501016338e+02,1.000000000000000000e+00,2.791642942626187960e+02
5.016000000000000369e+01,6.320795531324550069e-11,-2.973468812444105342e-11,2.666456443501016338e+02,1.000000000000000000e+00,2.791642942626187960e+02
5.017999999999999972e+01,6.261605366474930325e-11,-2.945591158196819891e-11,2.666456443501016338e+02,1.000000000000000000e+00,2.791642942626187960e+02
5.020000000000000284e+01,6.202970139869506455e-11,-2.917975206492567960e-11,2.666456443501016338e+02,1.000000000000000000e+00,2.791642942626187960e+02
5.021999999999999886e+01,6.144884630675867440e-11,-2.890618491817375090e-11,2.666456443501016338e+02,1.000000000000000000e+00,2.791642942626187960e+02
5.024000000000000199e+01,6.087343687021239472e-11,-2.863518581271976679e-11,2.666456443501016338e+02,1.000000000000000000e+00,2.791642942626187960e+02
5.025999999999999801e+01,6.030342192677448158e-11,-2.836673058815477462e-11,2.666456443501016338e+02,1.000000000000000000e+00,2.791642942626187960e+02
5.028000000000000114e+01,5.973875083630649001e-11,-2.810079533100997899e-11,2.666456443501016338e+02,1.000000000000000000e+00,2.791642942626187960e+02
5.030000000000000426e+01,5.917937348282256030e-11,-2.783735637570954403e-11,2.666456443501016338e+02,1.000000000000000000e+00,2.791642942626187960e+02
5.032000000000000028e+01,5.862524009093190084e-11,-2.757639021775161291e-11,2.666456443501016338e+02,1.000000000000000000e+00,2.791642942626187960e+02
5.034000000000000341e+01,5.807630154709410211e-11,-2.731787366563826740e-11,2.666456443501016338e+02,1.000000000000000000e+00,2.791642942626187960e+02
5.035999999999999943e+01,5.753250896969112797e-11,-2.706178363754981573e-11,2.666456443501016338e+02,1.000000000000000000e+00,2.791642942626187960e+02
5.038000000000000256e+01,5.699381416908080929e-11,-2.680809737890492594e-11,2.666456443501016338e+02,1.000000000000000000e+00,2.791642942626187960e+02
5.039999999999999858e+01,5.646016920874174051e-11,-2.655679225482404752e-11,2.666456443501016338e+02,1.000000000000000000e+00,2.791642942626187960e+02
5.042000000000000171e+01,5.593152674269156709e-11,-2.630784590968541708e-11,2.666456443501016338e+02,1.000000000000000000e+00,2.791642942626187960e+02
5.043999999999999773e+01,5.540783980633916264e-11,-2.606123616822356390e-11,2.666456443501016338e+02,1.000000000000000000e+00,2.791642942626187960e+02
5.046000000000000085e+01,5.488906185675646641e-11,-2.581694105456427705e-11,2.666456443501016338e+02,1.000000000000000000e+00,2.791642942626187960e+02
5.048000000000000398e+01,5.437514688696673913e-11,-2.557493884627039591e-11,2.666456443501016338e+02,1.000000000000000000e+00,2.791642942626187960e+02
5.050000000000000000e+01,5.386604915847249374e-11,-2.533520794785621066e-11,2.666456443501016338e+02,1.000000000000000000e+00,2.791642942626187960e+02
5.052000000000000313e+01,5.336172356848181777e-11,-2.509772706443278046e-11,2.666456443501016338e+02,1.000000000000000000e+00,2.791642942626187960e+02
5.053999999999999915e+01,5.286212522137092633e-11,-2.486247499906998327e-11,2.666456443501016338e+02,1.000000000000000000e+00,2.791642942626187960e+02
5.056000000000000227e+01,5.236720984027241990e-11,-2.462943084740878169e-11,2.666456443501016338e+02,1.000000000000000000e+00,2.791642942626187960e+02
5.057999999999999829e+01,5.187693341575106973e-11,-2.439857383154256657e-11,2.666456443501016338e+02,1.000000000000000000e+00,2.791642942626187960e+02
5.060000000000000142e+01,5.139125243322872624e-11,-2.416988340754281075e-11,2.666456443501016338e+02,1.000000000000000000e+00,2.791642942626187960e+02
5.062000000000000455e+01,5.091012378153453269e-11,-2.394333922222165986e-11,2.666456443501016338e+02,1.000000000000000000e+00,2.791642942626187960e+02
5.064000000000000057e+01,5.043350468469349877e-11,-2.371892108087270920e-11,2.666456443501016338e+02,1.000000000000000000e+00,2.791642942626187960e+02
5.066000000000000369e+01,4.996135290349573335e-11,-2.349660904257563904e-11,2.666456443501016338e+02,1.000000000000000000e+00,2.791642942626187960e+02
5.067999999999999972e+01,4.949362641455421193e-11,-2.327638326844903297e-11,2.666456443501016338e+02,1.000000000000000000e+00,2.791642942626187960e+02
5.070000000000000284e+01,4.903028379082127429e-11,-2.305822420155401213e-11,2.666456443501016338e+02,1.000000000000000000e+00,2.791642942626187960e+02
5.071999999999999886e+01,4.857128380399588132e-11,-2.284211237891607745e-11,2.666456443501016338e+02,1.000000000000000000e+00,2.791642942626187960e+02
5.074000000000000199e+01,4.811658576627148864e-11,-2.262802859309080234e-11,2.666456443501016338e+02,1.000000000000000000e+00,2.791642942626187960e+02
5.075999999999999801e+01,4.766614927651861595e-11,-2.241595377216730038e-11,2.666456443501016338e+02,1.000000000000000000e+00,2.791642942626187960e+02
5.078000000000000114e+01,4.721993433990467624e-11,-2.220586903631289608e-11,2.666456443501016338e+02,1.000000000000000000e+00,2.791642942626187960e+02
5.080000000000000426e+01,4.677790138117766271e-11,-2.199775570405498972e-11,2.666456443501016338e+02,1.000000000000000000e+00,2.791642942626187960e+02
5.082000000000000028e+01,4.634001108901539204e-11,-2.179159521869047534e-11,2.666456443501016338e+02,1.000000000000000000e+00,2.791642942626187960e+02
5.084000000000000341e+01,4.590622467803529940e-11,-2.158736927214917767e-11,2.666456443501016338e+02,1.000000000000000000e+00,2.791642942626187960e+02
5.085999999999999943e+01,4.547650354466548676e-11,-2.138505964230790487e-11,2.666456443501016338e+02,1.000000000000000000e+00,2.791642942626187960e+02
5.088000000000000256e+01,4.505080963057928169e-11,-2.118464836479324442e-11,2.666456443501016338e+02,1.000000000000000000e+00,2.791642942626187960e+02
5.089999999999999858e+01,4.462910508034003230e-11,-2.098611757114244529e-11,2.666456443501016338e+02,1.000000000000000000e+00,2.791642942626187960e+02
5.092000000000000171e+01,4.421135250015406608e-11,-2.078944961111372629e-11,2.666456443501016338e+02,1.000000000000000000e+00,2.791642942626187960e+02
5.093999999999999773e+01,4.379751480268271474e-11,-2.059462697932938228e-11,2.666456443501016338e+02,1.000000000000000000e+00,2.791642942626187960e+02
5.096000000000000085e+01,4.338755522802187640e-11,-2.040163232518609616e-11,2.666456443501016338e+02,1.000000000000000000e+00,2.791642942626187960e+02
5.098000000000000398e+01,4.298143744427194633e-11,-2.021044850039497967e-11,2.666456443501016338e+02,1.000000000000000000e+00,2.791642942626187960e+02
5.100000000000000000e+01,4.257912532782678783e-11,-2.002105845512196155e-11,2.666456443501016338e+02,1.000000000000000000e+00,2.791642942626187960e+02
5.102000000000000313e+01,4.218058325887276157e-11,-1.983344537766299512e-11,2.666456443501016338e+02,1.000000000000000000e+00,2.791642942626187960e+02
5.103999999999999915e+01,4.178577578139792587e-11,-1.964759253373771251e-11,2.666456443501016338e+02,1.000000000000000000e+00,2.791642942626187960e+02
5.106000000000000227e+01,4.139466792555470636e-11,-1.946348341885480105e-11,2.666456443501016338e+02,1.000000000000000000e+00,2.791642942626187960e+02
5.107999999999999829e+01,4.100722493649823929e-11,-1.928110163014598312e-11,2.666456443501016338e+02,1.000000000000000000e+00,2.791642942626187960e+02
5.110000000000000142e+01,4.062341244526999533e-11,-1.910043094712820882e-11,2.666456443501016338e+02,1.000000000000000000e+00,2.791642942626187960e+02
5.112000000000000455e+01,4.024319640648272913e-11,-1.892145530225256240e-11,2.666456443501016338e+02,1.000000000000000000e+00,2.791642942626187960e+02
5.114000000000000057e+01,3.986654303464364399e-11,-1.874415875080226791e-11,2.666456443501016338e+02,1.000000000000000000e+00,2.791642942626187960e+02
5.116000000000000369e+01,3.949341897183118514e-11,-1.856852555014233696e-11,2.666456443501016338e+02,1.000000000000000000e+00,2.791642942626187960e+02
5.117999999999999972e+01,3.912379102825295544e-11,-1.839454003709755857e-11,2.666456443501016338e+02,1.000000000000000000e+00,2.791642942626187960e+02
5.120000000000000284e+01,3.875762648533301531e-11,-1.822218677119415743e-11,2.666456443501016338e+02,1.000000000000000000e+00,2.791642942626187960e+02
5.121999999999999886e+01,3.839489278293892467e-11,-1.805145038683979437e-11,2.666456443501016338e+02,1.000000000000000000e+00,2.791642942626187960e+02
5.124000000000000199e+01,3.803555778447122192e-11,-1.788231571860050956e-11,2.666456443501016338e+02,1.000000000000000000e+00,2.791642942626187960e+02
5.125999999999999801e+01,3.767958958390421716e-11,-1.771476771001054496e-11,2.666456443501016338e+02,1.000000000000000000e+00,2.791642942626187960e+02
5.128000000000000114e+01,3.732695659130902290e-11,-1.754879145398360693e-11,2.666456443501016338e+02,1.000000000000000000e+00,2.791642942626187960e+02
5.130000000000000426e+01,3.697762755256447318e-11,-1.738437220212932388e-11,2.666456443501016338e+02,1.000000000000000000e+00,2.791642942626187960e+02
5.132000000000000028e+01,3.663157141809376446e-11,-1.722149530271672628e-11,2.666456443501016338e+02,1.000000000000000000e+00,2.791642942626187960e+02
5.134000000000000341e+01,3.628875755616066667e-11,-1.706014630147062782e-11,2.666456443501016338e+02,1.000000000000000000e+00,2.791642942626187960e+02
5.135999999999999943e+01,3.594915547770775684e-11,-1.690031081153886215e-11,2.666456443501016338e+02,1.000000000000000000e+00,2.791642942626187960e+02
5.138000000000000256e+01,3.561273512319053755e-11,-1.674197464903345506e-11,2.666456443501016338e+02,1.000000000000000000e+00,2.791642942626187960e+02
5.139999999999999858e+01,3.527946659579209565e-11,-1.658512370696260906e-11,2.666456443501016338e+02,1.000000000000000000e+00,2.791642942626187960e+02
5.142000000000000171e+01,3.494932035949749045e-11,-1.642974404882349486e-11,2.666456443501016338e+02,1.000000000000000000e+00,2.791642942626187960e+02
5.143999999999999773e+01,3.462226712451109265e-11,-1.627582185445981967e-11,2.666456443501016338e+02,1.000000000000000000e+00,2.791642942626187960e+02
5.146000000000000085e+01,3.429827785526688505e-11,-1.612334342384162261e-11,2.666456443501016338e+02,1.000000000000000000e+00,2.791642942626187960e+02
5.148000000000000398e+01,3.397732385792649686e-11,-1.597229521841053402e-11,2.666456443501016338e+02,1.000000000000000000e+00,2.791642942626187960e+02
5.150000000000000000e+01,3.365937660031592358e-11,-1.582266377599418437e-11,2.666456443501016338e+02,1.000000000000000000e+00,2.791642942626187960e+02
5.152000000000000313e+01,3.334440794941346242e-11,-1.567443582301899938e-11,2.666456443501016338e+02,1.000000000000000000e+00,2.791642942626187960e+02
5.153999999999999915e+01,3.303238990185614272e-11,-1.552759814717404239e-11,2.666456443501016338e+02,1.000000000000000000e+00,2.791642942626187960e+02
5.156000000000000227e+01,3.272329483617375197e-11,-1.538213771658545839e-11,2.666456443501016338e+02,1.000000000000000000e+00,2.791642942626187960e+02
5.157999999999999829e+01,3.241709530379079082e-11,-1.523804158106931341e-11,2.666456443501016338e+02,1.000000000000000000e+00,2.791642942626187960e+02
5.160000000000000142e+01,3.211376415698275767e-11,-1.509529693258293265e-11,2.666456443501016338e+02,1.000000000000000000e+00,2.791642942626187960e+02
5.162000000000000455e+01,3.181327450751862383e-11,-1.495389108568615451e-11,2.666456443501016338e+02,1.000000000000000000e+00,2.791642942626187960e+02
5.164000000000000057e+01,3.151559966866877104e-11,-1.481381145013777393e-11,2.666456443501016338e+02,1.000000000000000000e+00,2.791642942626187960e+02
5.166000000000000369e+01,3.122071329421674539e-11,-1.467504559657260706e-11,2.666456443501016338e+02,1.000000000000000000e+00,2.791642942626187960e+02
5.167999999999999972e+01,3.092858916902848048e-11,-1.453758115755364068e-11,2.666456443501016338e+02,1.000000000000000000e+00,2.791642942626187960e+02
5.170000000000000284e+01,3.063920145020967713e-11,-1.440140594150281524e-11,2.666456443501016338e+02,1.000000000000000000e+00,2.791642942626187960e+02
5.171999999999999886e+01,3.035252442130193693e-11,-1.426650781657444725e-11,2.666456443501016338e+02,1.000000000000000000e+00,2.791642942626187960e+02
5.174000000000000199e+01,3.006853269765129381e-11,-1.413287480767307689e-11,2.666456443501016338e+02,1.000000000000000000e+00,2.791642942626187960e+02
5.175999999999999801e+01,2.978720108005713867e-11,-1.400049502731537782e-11,2.666456443501016338e+02,1.000000000000000000e+00,2.791642942626187960e+02
5.178000000000000114e+01,2.950850461519717502e-11,-1.386935670417112922e-11,2.666456443501016338e+02,1.000000000000000000e+00,2.791642942626187960e+02
5.180000000000000426e+01,2.923241861845775903e-11,-1.373944819384953789e-11,2.666456443501016338e+02,1.000000000000000000e+00,2.791642942626187960e+02
5.182000000000000028e+01,2.895891856376795311e-11,-1.361075792685314394e-11,2.666456443501016338e+02,1.000000000000000000e+00,2.791642942626187960e+02
5.184000000000000341e+01,2.868798025693803762e-11,-1.348327449046137155e-11,2.666456443501016338e+02,1.000000000000000000e+00,2.791642942626187960e+02
5.185999999999999943e+01,2.841957961586912737e-11,-1.335698652490287012e-11,2.666456443501016338e+02,1.000000000000000000e+00,2.791642942626187960e+02
5.188000000000000256e+01,2.815369289671782510e-11,-1.323188283018853035e-11,2.666456443501016338e+02,1.000000000000000000e+00,2.791642942626187960e+02
5.189999999999999858e+01,2.789029648622979511e-11,-1.310795226801587680e-11,2.666456443501016338e+02,1.000000000000000000e+00,2.791642942626187960e+02
5.192000000000000171e+01,2.762936705307748725e-11,-1.298518383325186129e-11,2.666456443501016338e+02,1.000000000000000000e+00,2.791642942626187960e+02
5.193999999999999773e+01,2.737088146373585250e-11,-1.286356661419721139e-11,2.666456443501016338e+02,1.000000000000000000e+00,2.791642942626187960e+02
5.196000000000000085e+01,2.711481678204607625e-11,-1.274308979237629257e-11,2.666456443501016338e+02,1.000000000000000000e+00,2.791642942626187960e+02
5.198000000000000398e+01,2.686115034463337972e-11,-1.262374267816100005e-11,2.666456443501016338e+02,1.000000000000000000e+00,2.791642942626187960e+02
5.200000000000000000e+01,2.660985961365222710e-11,-1.250551464121384379e-11,2.666456443501016338e+02,1.000000000000000000e+00,2.791642942626187960e+02
5.202000000000000313e+01,2.636092236742270255e-11,-1.238839520053051970e-11,2.666456443501016338e+02,1.000000000000000000e+00,2.791642942626187960e+02
5.203999999999999915e+01,2.611431648701180202e-11,-1.227237392363609184e-11,2.666456443501016338e+02,1.000000000000000000e+00,2.791642942626187960e+02
5.206000000000000227e+01,2.587002015339898263e-11,-1.215744051970695188e-11,2.666456443501016338e+02,1.000000000000000000e+00,2.791642942626187960e+02
5.207999999999999829e+01,2.562801168662666624e-11,-1.204358476360053047e-11,2.666456443501016338e+02,1.000000000000000000e+00,2.791642942626187960e+02
5.210000000000000142e+01,2.538826964124440976e-11,-1.193079654093016536e-11,2.666456443501016338e+02,1.000000000000000000e+00,2.791642942626187960e+02
5.212000000000000455e+01,2.515077277987200925e-11,-1.181906583558009286e-11,2.666456443501016338e+02,1.000000000000000000e+00,2.791642942626187960e+02
5.214000000000000057e+01,2.491550002135336682e-11,-1.170838270521556378e-11,2.666456443501016338e+02,1.000000000000000000e+00,2.791642942626187960e+02
5.216000000000000369e+01,2.468243055565063049e-11,-1.159873733554560889e-11,2.666456443501016338e+02,1.000000000000000000e+00,2.791642942626187960e+02
5.217999999999999972e+01,2.445154367501387823e-11,-1.149011996058639510e-11,2.666456443501016338e+02,1.000000000000000000e+00,2.791642942626187960e+02
5.220000000000000284e+01,2.422281896565916410e-11,-1.138252095318349829e-11,2.666456443501016338e+02,1.000000000000000000e+00,2.791642942626187960e+02
5.221999999999999886e+01,2.399623611479160465e-11,-1.127593073387571382e-11,2.666456443501016338e+02,1.000000000000000000e+00,2.791642942626187960e+02
5.224000000000000199e+01,2.377177506949770149e-11,-1.117033984593001870e-11,2.666456443501016338e+02,1.000000000000000000e+00,2.791642942626187960e+02
5.225999999999999801e+01,2.354941592602605304e-11,-1.106573890305526211e-11,2.666456443501016338e+02,1.000000000000000000e+00,2.791642942626187960e+02
5.228000000000000114e+01,2.332913897185031585e-11,-1.096211860926259255e-11,2.666456443501016338e+02,1.000000000000000000e+00,2.791642942626187960e+02
5.230000000000000426e+01,2.311092470941829029e-11,-1.085946977008147446e-11,2.666456443501016338e+02,1.000000000000000000e+00,2.791642942626187960e+02
5.232000000000000028e+01,2.289475376408477638e-11,-1.075778324908001369e-11,2.666456443501016338e+02,1.000000000000000000e+00,2.791642942626187960e+02
5.234000000000000341e+01,2.268060702474704765e-11,-1.065705003427595101e-11,2.666456443501016338e+02,1.000000000000000000e+00,2.791642942626187960e+02
5.235999999999999943e+01,2.246846546845942604e-11,-1.055726115531550386e-11,2.666456443501016338e+02,1.000000000000000000e+00,2.791642942626187960e+02
5.238000000000000256e+01,2.225831033859309019e-11,-1.045840776760020500e-11,2.666456443501016338e+02,1.000000000000000000e+00,2.791642942626187960e+02
5.239999999999999858e+01,2.205012298337077523e-11,-1.036048107604275740e-11,2.666456443501016338e+02,1.000000000000000000e+00,2.791642942626187960e+02
5.242000000000000171e+01,2.184388497126162191e-11,-1.026347238955298176e-11,2.666456443501016338e+02,1.000000000000000000e+00,2.791642942626187960e+02
5.243999999999999773e+01,2.163957802962247938e-11,-1.016737309206580584e-11,2.666456443501016338e+02,1.000000000000000000e+00,2.791642942626187960e+02
5.246000000000000085e+01,2.143718403901333910e-11,-1.007217463985400995e-11,2.666456443501016338e+02,1.000000000000000000e+00,2.791642942626187960e+02
5.248000000000000398e+01,2.123668509769662355e-11,-9.977868591983682594e-12,2.666456443501016338e+02,1.000000000000000000e+00,2.791642942626187960e+02
5.250000000000000000e+01,2.103806340145310356e-11,-9.884446553564872559e-12,2.666456443501016338e+02,1.000000000000000000e+00,2.791642942626187960e+02
5.252000000000000313e+01,2.084130139643076176e-11,-9.791900247920273314e-12,2.666456443501016338e+02,1.000000000000000000e+00,2.791642942626187960e+02
5.253999999999999915e+01,2.064638161028807142e-11,-9.700221436857873647e-12,2.666456443501016338e+02,1.000000000000000000e+00,2.791642942626187960e+02
5.256000000000000227e+01,2.045328680615721113e-11,-9.609401993362362050e-12,2.666456443501016338e+02,1.000000000000000000e+00,2.791642942626187960e+02
5.257999999999999829e+01,2.026199985904151284e-11,-9.519433843237628210e-12,2.666456443501016338e+02,1.000000000000000000e+00,2.791642942626187960e+02
5.260000000000000142e+01,2.007250382670113099e-11,-9.430308998571501754e-12,2.666456443501016338e+02,1.000000000000000000e+00,2.791642942626187960e+02
5.262000000000000455e+01,1.988478193370452207e-11,-9.342019550206804396e-12,2.666456443501016338e+02,1.000000000000000000e+00,2.791642942626187960e+02
5.264000000000000057e+01,1.969881752573949508e-11,-9.254557646167907648e-12,2.666456443501016338e+02,1.000000000000000000e+00,2.791642942626187960e+02
5.266000000000000369e+01,1.951459416430865094e-11,-9.167915536368058085e-12,2.666456443501016338e+02,1.000000000000000000e+00,2.791642942626187960e+02
5.267999999999999972e+01,1.933209549080698348e-11,-9.082085508437637617e-12,2.666456443501016338e+02,1.000000000000000000e+00,2.791642942626187960e+02
5.270000000000000284e+01,1.915130537871089506e-11,-8.997059959571767721e-12,2.666456443501016338e+02,1.000000000000000000e+00,2.791642942626187960e+02
5.271999999999999886e+01,1.897220778223345770e-11,-8.912831325080897352e-12,2.666456443501016338e+02,1.000000000000000000e+00,2.791642942626187960e+02
5.274000000000000199e+01,1.879478685908837509e-11,-8.829392136344039556e-12,2.666456443501016338e+02,1.000000000000000000e+00,2.791642942626187960e+02
5.275999999999999801e+01,1.861902688695919382e-11,-8.746734981375992449e-12,2.666456443501016338e+02,1.000000000000000000e+00,2.791642942626187960e+02
5.278000000000000114e+01,1.844491229222409363e-11,-8.664852518384921555e-12,2.666456443501016338e+02,1.000000000000000000e+00,2.791642942626187960e+02
5.280000000000000426e+01,1.827242767321135621e-11,-8.583737486751174252e-12,2.666456443501016338e+02,1.000000000000000000e+00,2.791642942626187960e+02
5.282000000000000028e+01,1.810155772354890000e-11,-8.503382670841275145e-12,2.666456443501016338e+02,1.000000000000000000e+00,2.791642942626187960e+02
5.284000000000000341e+01,1.793228734608934230e-11,-8.423780953786718159e-12,2.666456443501016338e+02,1.000000000000000000e+00,2.791642942626187960e+02
5.285999999999999943e+01,1.776460151309568648e-11,-8.344925251483658441e-12,2.666456443501016338e+02,1.000000000000000000e+00,2.791642942626187960e+02
5.288000000000000256e+01,1.759848540645376718e-11,-8.266808578777726968e-12,2.666456443501016338e+02,1.000000000000000000e+00,2.791642942626187960e+02
5.289999999999999858e+01,1.743392429227497818e-11,-8.189423990272128140e-12,2.666456443501016338e+02,1.000000000000000000e+00,2.791642942626187960e+02
5.292000000000000171e+01,1.727090360869363300e-11,-8.112764621768265629e-12,2.666456443501016338e+02,1.000000000000000000e+00,2.791642942626187960e+02
5.293999999999999773e+01,1.710940892145650051e-11,-8.036823669303664111e-12,2.666456443501016338e+02,1.000000000000000000e+00,2.791642942626187960e+02
5.296000000000000085e+01,1.694942591521914913e-11,-7.961594385041301670e-12,2.666456443501016338e+02,1.000000000000000000e+00,2.791642942626187960e+02
5.298000000000000398e+01,1.679094044834173491e-11,-7.887070103134130688e-12,2.666456443501016338e+02,1.000000000000000000e+00,2.791642942626187960e+02
5.300000000000000000e+01,1.663393845498262139e-11,-7.813244193511259574e-12,2.666456443501016338e+02,1.000000000000000000e+00,2.791642942626187960e+02
5.302000000000000313e+01,1.647840606750969135e-11,-7.740110119655114610e-12,2.666456443501016338e+02,1.000000000000000000e+00,2.791642942626187960e+02
5.303999999999999915e+01,1.632432948302434732e-11,-7.667661375601498490e-12,2.666456443501016338e+02,1.000000000000000000e+00,2.791642942626187960e+02
5.306000000000000227e+01,1.617169508346333825e-11,-7.595891542624051425e-12,2.666456443501016338e+02,1.000000000000000000e+00,2.791642942626187960e+02
5.307999999999999829e+01,1.602048934077274509e-11,-7.524794244478894466e-12,2.666456443501016338e+02,1.000000000000000000e+00,2.791642942626187960e+02
5.310000000000000142e+01,1.587069886929685420e-11,-7.454363172128405315e-12,2.666456443501016338e+02,1.000000000000000000e+00,2.791642942626187960e+02
5.312000000000000455e+01,1.572231041708467653e-11,-7.384592079638822541e-12,2.666456443501016338e+02,1.000000000000000000e+00,2.791642942626187960e+02
5.314000000000000057e+01,1.557531082608871779e-11,-7.315474765393695938e-12,2.666456443501016338e+02,1.000000000000000000e+00,2.791642942626187960e+02
5.316000000000000369e+01,1.542968711001292660e-11,-7.247005108834416406e-12,2.666456443501016338e+02,1.000000000000000000e+00,2.791642942626187960e+02
5.317999999999999972e+01,1.528542634502112006e-11,-7.179177018879405102e-12,2.666456443501016338e+02,1.000000000000000000e+00,2.791642942626187960e+02
5.320000000000000284e+01,1.514251579044684626e-11,-7.111984490890847510e-12,2.666456443501016338e+02,1.000000000000000000e+00,2.791642942626187960e+02
5.321999999999999886e+01,1.500094277022419406e-11,-7.045421550717921857e-12,2.666456443501016338e+02,1.000000000000000000e+00,2.791642942626187960e+02
5.324000000000000199e+01,1.486069476760126574e-11,-6.979482299392727229e-12,2.666456443501016338e+02,1.000000000000000000e+00,2.791642942626187960e+02
5.325999999999999801e+01,1.472175936231294985e-11,-6.914160883481422695e-12,2.666456443501016338e+02,1.000000000000000000e+00,2.791642942626187960e+02
5.328000000000000114e+01,1.458412424969813793e-11,-6.849451504103810352e-12,2.666456443501016338e+02,1.000000000000000000e+00,2.791642942626187960e+02
5.330000000000000426e+01,1.444777726260389204e-11,-6.785348427270499973e-12,2.666456443501016338e+02,1.000000000000000000e+00,2.791642942626187960e+02
5.332000000000000028e+01,1.431270630778735313e-11,-6.721845953869334986e-12,2.666456443501016338e+02,1.000000000000000000e+00,2.791642942626187960e+02
5.334000000000000341e+01,1.417889945806686827e-11,-6.658938463150669861e-12,2.666456443501016338e+02,1.000000000000000000e+00,2.791642942626187960e+02
5.335999999999999943e+01,1.404634484097189157e-11,-6.596620360181981050e-12,2.666456443501016338e+02,1.000000000000000000e+00,2.791642942626187960e+02
5.338000000000000256e+01,1.391503074898678893e-11,-6.534886127868565046e-12,2.666456443501016338e+02,1.000000000000000000e+00,2.791642942626187960e+02
5.339999999999999858e+01,1.378494554228104941e-11,-6.473730281054624708e-12,2.666456443501016338e+02,1.000000000000000000e+00,2.791642942626187960e+02
5.342000000000000171e+01,1.365607771535292816e-11,-6.413147397968413422e-12,2.666456443501016338e+02,1.000000000000000000e+00,2.791642942626187960e+02
5.343999999999999773e+01,1.352841586517984896e-11,-6.353132105194177675e-12,2.666456443501016338e+02,1.000000000000000000e+00,2.791642942626187960e+02
5.346000000000000085e+01,1.340194868102091672e-11,-6.293679072858591123e-12,2.666456443501016338e+02,1.000000000000000000e+00,2.791642942626187960e+02
5.348000000000000398e+01,1.327666499070274251e-11,-6.234783036470894777e-12,2.666456443501016338e+02,1.000000000000000000e+00,2.791642942626187960e+02
5.350000000000000000e+01,1.315255368100185555e-11,-6.176438759354722841e-12,2.666456443501016338e+02,1.000000000000000000e+00,2.791642942626187960e+02
5.352000000000000313e+01,1.302960379556966417e-11,-6.118641078852080433e-12,2.666456443501016338e+02,1.000000000000000000e+00,2.791642942626187960e+02
5.353999999999999915e+01,1.290780442952205315e-11,-6.061384856587255373e-12,2.666456443501016338e+02,1.000000000000000000e+00,2.791642942626187960e+02
5.356000000000000227e+01,1.278714482302637527e-11,-6.004665022621961616e-12,2.666456443501016338e+02,1.000000000000000000e+00,2.791642942626187960e+02
5.357999999999999829e+01,1.266761428867802437e-11,-5.948476541190744320e-12,2.666456443501016338e+02,1.000000000000000000e+00,2.791642942626187960e+02
5.360000000000000142e+01,1.254920225000244233e-11,-5.892814428864859583e-12,2.666456443501016338e+02,1.000000000000000000e+00,2.791642942626187960e+02
5.362000000000000455e+01,1.243189823767570980e-11,-5.837673752769612180e-12,2.666456443501016338e+02,1.000000000000000000e+00,2.791642942626187960e+02
5.364000000000000057e+01,1.231569185517881652e-11,-5.783049614378558533e-12,2.666456443501016338e+02,1.000000000000000000e+00,2.791642942626187960e+02
5.366000000000000369e+01,1.220057284264457430e-11,-5.728937179635947887e-12,2.666456443501016338e+02,1.000000000000000000e+00,2.791642942626187960e+02
5.367999999999999972e+01,1.208653098908477623e-11,-5.675331637545956535e-12,2.666456443501016338e+02,1.000000000000000000e+00,2.791642942626187960e+02
5.370000000000000284e+01,1.197355622803495512e-11,-5.622228245295055004e-12,2.666456443501016338e+02,1.000000000000000000e+00,2.791642942626187960e+02
5.371999999999999886e+01,1.186163854476090528e-11,-5.569622284474569500e-12,2.666456443501016338e+02,1.000000000000000000e+00,2.791642942626187960e+02
5.374000000000000199e+01,1.175076804922084484e-11,-5.517509095500312627e-12,2.666456443501016338e+02,1.000000000000000000e+00,2.791642942626187960e+02
5.375999999999999801e+01,1.164093492896877923e-11,-5.465884055394711654e-12,2.666456443501016338e+02,1.000000000000000000e+00,2.791642942626187960e+02
5.378000000000000114e+01,1.153212946142142166e-11,-5.414742583572159001e-12,2.666456443501016338e+02,1.000000000000000000e+00,2.791642942626187960e+02
5.380000000000000426e+01,1.142434203393720278e-11,-5.364080151311560682e-12,2.666456443501016338e+02,1.000000000000000000e+00,2.791642942626187960e+02
5.382000000000000028e+01,1.131756309121069210e-11,-5.313892256938912182e-12,2.666456443501016338e+02,1.000000000000000000e+00,2.791642942626187960e+02
5.384000000000000341e+01,1.121178320970584604e-11,-5.264174460939787444e-12,2.666456443501016338e+02,1.000000000000000000e+00,2.791642942626187960e+02
5.385999999999999943e+01,1.110699300905965227e-11,-5.214922344165435809e-12,2.666456443501016338e+02,1.000000000000000000e+00,2.791642942626187960e+02
5.388000000000000256e+01,1.100318323868055175e-11,-5.166131548682174871e-12,2.666456443501016338e+02,1.000000000000000000e+00,2.791642942626187960e+02
5.389999999999999858e+01,1.090034470239005706e-11,-5.117797742223841646e-12,2.666456443501016338e+02,1.000000000000000000e+00,2.791642942626187960e+02
5.392000000000000171e+01,1.079846830888110417e-11,-5.069916641992019611e-12,2.666456443501016338e+02,1.000000000000000000e+00,2.791642942626187960e+02
5.393999999999999773e+01,1.069754504913029447e-11,-5.022484004001758549e-12,2.666456443501016338e+02,1.000000000000000000e+00,2.791642942626187960e+02
5.396000000000000085e+01,1.059756598572469446e-11,-4.975495618045635159e-12,2.666456443501016338e+02,1.000000000000000000e+00,2.791642942626187960e+02
5.398000000000000398e+01,1.049852229176400911e-11,-4.928947326043716934e-12,2.666456443501016338e+02,1.000000000000000000e+00,2.791642942626187960e+02
5.400000000000000000e+01,1.040040518622343833e-11,-4.882834991554313244e-12,2.666456443501016338e+02,1.000000000000000000e+00,2.791642942626187960e+02
5.402000000000000313e+01,1.030320601220379482e-11,-4.837154536682380065e-12,2.666456443501016338e+02,1.000000000000000000e+00,2.791642942626187960e+02
5.403999999999999915e+01,1.020691615376395420e-11,-4.791901902851513407e-12,2.666456443501016338e+02,1.000000000000000000e+00,2.791642942626187960e+02
5.406000000000000227e+01,1.011152710876572400e-11,-4.747073085161267636e-12,2.666456443501016338e+02,1.000000000000000000e+00,2.791642942626187960e+02
5.407999999999999829e+01,1.001703043335679451e-11,-4.702664106202318596e-12,2.666456443501016338e+02,1.000000000000000000e+00,2.791642942626187960e+02
5.410000000000000142e+01,9.923417770083772457e-12,-4.658671029314700258e-12,2.666456443501016338e+02,1.000000000000000000e+00,2.791642942626187960e+02
5.412000000000000455e+01,9.830680847347022110e-12,-4.615089958331030570e-12,2.666456443501016338e+02,1.000000000000000000e+00,2.791642942626187960e+02
5.414000000000000057e+01,9.738811449996244375e-12,-4.571917023707014991e-12,2.666456443501016338e+02,1.000000000000000000e+00,2.791642942626187960e+02
5.416000000000000369e+01,9.647801471580084957e-12,-4.529148407164139218e-12,2.666456443501016338e+02,1.000000000000000000e+00,2.791642942626187960e+02
5.417999999999999972e+01,9.557642843936677338e-12,-4.486780308481959846e-12,2.666456443501016338e+02,1.000000000000000000e+00,2.791642942626187960e+02
5.420000000000000284e+01,9.468327612902424318e-12,-4.444808981203387825e-12,2.666456443501016338e+02,1.000000000000000000e+00,2.791642942626187960e+02
5.421999999999999886e+01,9.379847865768253447e-12,-4.403230698421905403e-12,2.666456443501016338e+02,1.000000000000000000e+00,2.791642942626187960e+02
5.424000000000000199e+01,9.292195787396871337e-12,-4.362041779245872924e-12,2.666456443501016338e+02,1.000000000000000000e+00,2.791642942626187960e+02
5.425999999999999801e+01,9.205363625049767696e-12,-4.321238572211159210e-12,2.666456443501016338e+02,1.000000000000000000e+00,2.791642942626187960e+02
5.428000000000000114e+01,9.119343695830464362e-12,-4.280817458790115227e-12,2.666456443501016338e+02,1.000000000000000000e+00,2.791642942626187960e+02
5.430000000000000426e+01,9.034128404725099898e-12,-4.240774861899597630e-12,2.666456443501016338e+02,1.000000000000000000e+00,2.791642942626187960e+02
5.432000000000000028e+01,8.949710201211678591e-12,-4.201107225437619007e-12,2.666456443501016338e+02,1.000000000000000000e+00,2.791642942626187960e+02
5.434000000000000341e+01,8.866081639300492150e-12,-4.161811042596915488e-12,2.666456443501016338e+02,1.000000000000000000e+00,2.791642942626187960e+02
5.435999999999999943e+01,8.783235307108193383e-12,-4.122882822653660503e-12,2.666456443501016338e+02,1.000000000000000000e+00,2.791642942626187960e+02
5.438000000000000256e+01,8.701163894817396286e-12,-4.084319123014137267e-12,2.666456443501016338e+02,1.000000000000000000e+00,2.791642942626187960e+02
5.439999999999999858e+01,8.619860136368501403e-12,-4.046116521719078314e-12,2.666456443501016338e+02,1.000000000000000000e+00,2.791642942626187960e+02
5.442000000000000171e+01,8.539316847557936859e-12,-4.008271635407921675e-12,2.666456443501016338e+02,1.000000000000000000e+00,2.791642942626187960e+02
5.443999999999999773e+01,8.459526910239887543e-12,-3.970781111869501779e-12,2.666456443501016338e+02,1.000000000000000000e+00,2.791642942626187960e+02
5.446000000000000085e+01,8.380483261833517110e-12,-3.933641625093176481e-12,2.666456443501016338e+02,1.000000000000000000e+00,2.791642942626187960e+02
5.448000000000000398e+01,8.302178927875357213e-12,-3.896849890618548696e-12,2.666456443501016338e+02,1.000000000000000000e+00,2.791642942626187960e+02
5.450000000000000000e+01,8.224606969627028440e-12,-3.860402640830282761e-12,2.666456443501016338e+02,1.000000000000000000e+00,2.791642942626187960e+02
5.452000000000000313e+01,8.147760546535305863e-12,-3.824296654409097894e-12,2.666456443501016338e+02,1.000000000000000000e+00,2.791642942626187960e+02
5.453999999999999915e+01,8.071632850676764643e-12,-3.788528725421143464e-12,2.666456443501016338e+02,1.000000000000000000e+00,2.791642942626187960e+02
5.456000000000000227e+01,7.996217163392442263e-12,-3.753095690021005549e-12,2.666456443501016338e+02,1.000000000000000000e+00,2.791642942626187960e+02
5.457999999999999829e+01,7.921506812931289484e-12,-3.717994406480624975e-12,2.666456443501016338e+02,1.000000000000000000e+00,2.791642942626187960e+02
5.460000000000000142e+01,7.847495194821719200e-12,-3.683221764793398980e-12,2.666456443501016338e+02,1.000000000000000000e+00,2.791642942626187960e+02
5.462000000000000455e+01,7.774175773368328368e-12,-3.648774687380144328e-12,2.666456443501016338e+02,1.000000000000000000e+00,2.791642942626187960e+02
5.464000000000000057e+01,7.701542056646638449e-12,-3.614650117298548057e-12,2.666456443501016338e+02,1.000000000000000000e+00,2.791642942626187960e+02
5.466000000000000369e+01,7.629587639175029690e-12,-3.580845038362125759e-12,2.666456443501016338e+02,1.000000000000000000e+00,2.791642942626187960e+02
5.467999999999999972e+01,7.558306145496856746e-12,-3.547356448540160629e-12,2.666456443501016338e+02,1.000000000000000000e+00,2.791642942626187960e+02
5.470000000000000284e+01,7.487691290049854023e-12,-3.514181388183727653e-12,2.666456443501016338e+02,1.000000000000000000e+00,2.791642942626187960e+02
5.471999999999999886e+01,7.417736820514220582e-12,-3.481316913316452900e-12,2.666456443501016338e+02,1.000000000000000000e+00,2.791642942626187960e+02
5.474000000000000199e+01,7.348436560902167536e-12,-3.448760115948468721e-12,2.666456443501016338e+02,1.000000000000000000e+00,2.791642942626187960e+02
5.475999999999999801e+01,7.279784385399520252e-12,-3.416508111744298688e-12,2.666456443501016338e+02,1.000000000000000000e+00,2.791642942626187960e+02
5.478000000000000114e+01,7.211774222465532428e-12,-3.384558041954725802e-12,2.666456443501016338e+02,1.000000000000000000e+00,2.791642942626187960e+02
5.480000000000000426e+01,7.144400070793558155e-12,-3.352907080941453381e-12,2.666456443501016338e+02,1.000000000000000000e+00,2.791642942626187960e+02
5.482000000000000028e+01,7.077655963613344762e-12,-3.321552419347342038e-12,2.666456443501016338e+02,1.000000000000000000e+00,2.791642942626187960e+02
5.484000000000000341e+01,7.011536017058347948e-12,-3.290491286897854099e-12,2.666456443501016338e+02,1.000000000000000000e+00,2.791642942626187960e+02
5.485999999999999943e+01,6.946034374235908207e-12,-3.259720926034341592e-12,2.666456443501016338e+02,1.000000000000000000e+00,2.791642942626187960e+02
5.488000000000000256e+01,6.881145258508157740e-12,-3.229238617030801114e-12,2.666456443501016338e+02,1.000000000000000000e+00,2.791642942626187960e+02
5.489999999999999858e+01,6.816862928436308363e-12,-3.199041656754371374e-12,2.666456443501016338e+02,1.000000000000000000e+00,2.791642942626187960e+02
5.492000000000000171e+01,6.753181706459392698e-12,-3.169127372183681797e-12,2.666456443501016338e+02,1.000000000000000000e+00,2.791642942626187960e+02
5.493999999999999773e+01,6.690095968039205309e-12,-3.139493115292069563e-12,2.666456443501016338e+02,1.000000000000000000e+00,2.791642942626187960e+02
5.496000000000000085e+01,6.627600131749210393e-12,-3.110136258374758779e-12,2.666456443501016338e+02,1.000000000000000000e+00,2.791642942626187960e+02
5.498000000000000398e+01,6.565688686406709685e-12,-3.081054206838605132e-12,2.666456443501016338e+02,1.000000000000000000e+00,2.791642942626187960e+02
5.500000000000000000e+01,6.504356148669950285e-12,-3.052244379213793375e-12,2.666456443501016338e+02,1.000000000000000000e+00,2.791642942626187960e+02
5.502000000000000313e+01,6.443597112840438215e-12,-3.023704230628934327e-12,2.666456443501016338e+02,1.000000000000000000e+00,2.791642942626187960e+02
5.503999999999999915e+01,6.383406199240510052e-12,-2.995431228477913794e-12,2.666456443501016338e+02,1.000000000000000000e+00,2.791642942626187960e+02
5.506000000000000227e+01,6.323778098192367674e-12,-2.967422873149174025e-12,2.666456443501016338e+02,1.000000000000000000e+00,2.791642942626187960e+02
5.507999999999999829e+01,6.264707537770564864e-12,-2.939676682825902814e-12,2.666456443501016338e+02,1.000000000000000000e+00,2.791642942626187960e+02
5.510000000000000142e+01,6.206189298430537306e-12,-2.912190200380347630e-12,2.666456443501016338e+02,1.000000000000000000e+00,2.791642942626187960e+02
5.512000000000000455e+01,6.148218215712171335e-12,-2.884960994648322816e-12,2.666456443501016338e+02,1.000000000000000000e+00,2.791642942626187960e+02
5.514000000000000057e+01,6.090789159098437493e-12,-2.857986650463832347e-12,2.666456443501016338e+02,1.000000000000000000e+00,2.791642942626187960e+02
5.516000000000000369e+01,6.033897066799038072e-12,-2.831264785053613875e-12,2.666456443501016338e+02,1.000000000000000000e+00,2.791642942626187960e+02
5.517999999999999972e+01,5.977536900592618183e-12,-2.804793026752840890e-12,2.666456443501016338e+02,1.000000000000000000e+00,2.791642942626187960e+02
5.520000000000000284e+01,5.921703693124731037e-12,-2.778569037297091337e-12,2.666456443501016338e+02,1.000000000000000000e+00,2.791642942626187960e+02
5.521999999999999886e+01,5.866392503714701560e-12,-2.752590490993613035e-12,2.666456443501016338e+02,1.000000000000000000e+00,2.791642942626187960e+02
5.524000000000000199e+01,5.811598451383701013e-12,-2.726855090286964896e-12,2.666456443501016338e+02,1.000000000000000000e+00,2.791642942626187960e+02
5.525999999999999801e+01,5.757316695492363325e-12,-2.701360556633724795e-12,2.666456443501016338e+02,1.000000000000000000e+00,2.791642942626187960e+02
5.528000000000000114e+01,5.703542437570280002e-12,-2.676104631363985251e-12,2.666456443501016338e+02,1.000000000000000000e+00,2.791642942626187960e+02
5.530000000000000426e+01,5.650270935264289587e-12,-2.651085082255152029e-12,2.666456443501016338e+02,1.000000000000000000e+00,2.791642942626187960e+02
5.532000000000000028e+01,5.597497473039712089e-12,-2.626299689723410645e-12,2.666456443501016338e+02,1.000000000000000000e+00,2.791642942626187960e+02
5.534000000000000341e+01,5.545217401094840373e-12,-2.601746265163070984e-12,2.666456443501016338e+02,1.000000000000000000e+00,2.791642942626187960e+02
5.535999999999999943e+01,5.493426090984681005e-12,-2.577422630033135572e-12,2.666456443501016338e+02,1.000000000000000000e+00,2.791642942626187960e+02
5.538000000000000256e+01,5.442118977352650753e-12,-2.553326635523498439e-12,2.666456443501016338e+02,1.000000000000000000e+00,2.791642942626187960e+02
5.539999999999999858e+01,5.391291523163554243e-12,-2.529456146170775570e-12,2.666456443501016338e+02,1.000000000000000000e+00,2.791642942626187960e+02
5.542000000000000171e+01,5.340939241219623636e-12,-2.505809049997127546e-12,2.666456443501016338e+02,1.000000000000000000e+00,2.791642942626187960e+02
5.543999999999999773e+01,5.291057686875681143e-12,-2.482383255077497566e-12,2.666456443501016338e+02,1.000000000000000000e+00,2.791642942626187960e+02
5.546000000000000085e+01,5.241642448933998521e-12,-2.459176685248248911e-12,2.666456443501016338e+02,1.000000000000000000e+00,2.791642942626187960e+02
5.548000000000000398e+01,5.192689172179134871e-12,-2.436187290726431703e-12,2.666456443501016338e+02,1.000000000000000000e+00,2.791642942626187960e+02
5.550000000000000000e+01,5.144193523109441683e-12,-2.413413031961068209e-12,2.666456443501016338e+02,1.000000000000000000e+00,2.791642942626187960e+02
5.552000000000000313e+01,5.096151229603998584e-12,-2.390851898324895789e-12,2.666456443501016338e+02,1.000000000000000000e+00,2.791642942626187960e+02
5.553999999999999915e+01,5.048558040312418652e-12,-2.368501888978057587e-12,2.666456443501016338e+02,1.000000000000000000e+00,2.791642942626187960e+02
5.556000000000000227e+01,5.001409758763651483e-12,-2.346361028940040483e-12,2.666456443501016338e+02,1.000000000000000000e+00,2.791642942626187960e+02
5.557999999999999829e+01,4.954702218870795986e-12,-2.324427357547553870e-12,2.666456443501016338e+02,1.000000000000000000e+00,2.791642942626187960e+02
5.560000000000000142e+01,4.908431295320656906e-12,-2.302698933349446051e-12,2.666456443501016338e+02,1.000000000000000000e+00,2.791642942626187960e+02
5.562000000000000455e+01,4.862592906909329636e-12,-2.281173835678574400e-12,2.666456443501016338e+02,1.000000000000000000e+00,2.791642942626187960e+02
5.564000000000000057e+01,4.817182998757800895e-12,-2.259850156271472968e-12,2.666456443501016338e+02,1.000000000000000000e+00,2.791642942626187960e+02
5.566000000000000369e+01,4.772197570614883348e-12,-2.238726012604163985e-12,2.666456443501016338e+02,1.000000000000000000e+00,2.791642942626187960e+02
5.567999999999999972e+01,4.727632640750185718e-12,-2.217799530879110503e-12,2.666456443501016338e+02,1.000000000000000000e+00,2.791642942626187960e+02
5.570000000000000284e+01,4.683484283284467680e-12,-2.197068863613862306e-12,2.666456443501016338e+02,1.000000000000000000e+00,2.791642942626187960e+02
5.571999999999999886e+01,4.639748593753728060e-12,-2.176532173416083483e-12,2.666456443501016338e+02,1.000000000000000000e+00,2.791642942626187960e+02
5.574000000000000199e+01,4.596421714377914961e-12,-2.156187644888591472e-12,2.666456443501016338e+02,1.000000000000000000e+00,2.791642942626187960e+02
5.575999999999999801e+01,4.553499819806057642e-12,-2.136033477913295507e-12,2.666456443501016338e+02,1.000000000000000000e+00,2.791642942626187960e+02
5.578000000000000114e+01,4.510979117446632275e-12,-2.116067887806277235e-12,2.666456443501016338e+02,1.000000000000000000e+00,2.791642942626187960e+02
5.580000000000000426e+01,4.468855859535799121e-12,-2.096289111003735325e-12,2.666456443501016338e+02,1.000000000000000000e+00,2.791642942626187960e+02
5.582000000000000028e+01,4.427126319143617645e-12,-2.076695393757245296e-12,2.666456443501016338e+02,1.000000000000000000e+00,2.791642942626187960e+02
5.584000000000000341e+01,4.385786821444784816e-12,-2.057285006866224269e-12,2.666456443501016338e+02,1.000000000000000000e+00,2.791642942626187960e+02
5.585999999999999943e+01,4.344833708541955611e-12,-2.038056229105195743e-12,2.666456443501016338e+02,1.000000000000000000e+00,2.791642942626187960e+02
5.588000000000000256e+01,4.304263372118978806e-12,-2.019007362606952261e-12,2.666456443501016338e+02,1.000000000000000000e+00,2.791642942626187960e+02
5.589999999999999858e+01,4.264072226652045379e-12,-2.000136720242072591e-12,2.666456443501016338e+02,1.000000000000000000e+00,2.791642942626187960e+02
5.592000000000000171e+01,4.224256725492107986e-12,-1.981442633194929611e-12,2.666456443501016338e+02,1.000000000000000000e+00,2.791642942626187960e+02
5.593999999999999773e+01,4.184813356133907883e-12,-1.962923448735080752e-12,2.666456443501016338e+02,1.000000000000000000e+00,2.791642942626187960e+02
5.596000000000000085e+01,4.145738632020656349e-12,-1.944577526355990923e-12,2.666456443501016338e+02,1.000000000000000000e+00,2.791642942626187960e+02
5.598000000000000398e+01,4.107029111200926997e-12,-1.926403246564142766e-12,2.666456443501016338e+02,1.000000000000000000e+00,2.791642942626187960e+02
5.600000000000000000e+01,4.068681368672591737e-12,-1.908398997850406848e-12,2.666456443501016338e+02,1.000000000000000000e+00,2.791642942626187960e+02
5.602000000000000313e+01,4.030692027943111065e-12,-1.890563191557214070e-12,2.666456443501016338e+02,1.000000000000000000e+00,2.791642942626187960e+02
5.603999999999999915e+01,3.993057729115079610e-12,-1.872894246844478164e-12,2.666456443501016338e+02,1.000000000000000000e+00,2.791642942626187960e+02
5.606000000000000227e+01,3.955775155305398276e-12,-1.855390603134380986e-12,2.666456443501016338e+02,1.000000000000000000e+00,2.791642942626187960e+02
5.607999999999999829e+01,3.918841014084762206e-12,-1.838050711368356576e-12,2.666456443501016338e+02,1.000000000000000000e+00,2.791642942626187960e+02
5.610000000000000142e+01,3.882252044756464852e-12,-1.820873037435315760e-12,2.666456443501016338e+02,1.000000000000000000e+00,2.791642942626187960e+02
5.612000000000000455e+01,3.846005021937201459e-12,-1.803856063858502488e-12,2.666456443501016338e+02,1.000000000000000000e+00,2.791642942626187960e+02
5.614000000000000057e+01,3.810096740663073056e-12,-1.786998282779363225e-12,2.666456443501016338e+02,1.000000000000000000e+00,2.791642942626187960e+02
5.616000000000000369e+01,3.774524039380459276e-12,-1.770298206787093475e-12,2.666456443501016338e+02,1.000000000000000000e+00,2.791642942626187960e+02
5.617999999999999972e+01,3.739283771105332323e-12,-1.753754355333543219e-12,2.666456443501016338e+02,1.000000000000000000e+00,2.791642942626187960e+02
5.620000000000000284e+01,3.704372832858445951e-12,-1.737365268597716769e-12,2.666456443501016338e+02,1.000000000000000000e+00,2.791642942626187960e+02
5.621999999999999886e+01,3.669788138862818421e-12,-1.721129494861251387e-12,2.666456443501016338e+02,1.000000000000000000e+00,2.791642942626187960e+02
5.624000000000000199e+01,3.635526639837568424e-12,-1.705045599595680715e-12,2.666456443501016338e+02,1.000000000000000000e+00,2.791642942626187960e+02
5.625999999999999801e+01,3.601585312568392170e-12,-1.689112160550161111e-12,2.666456443501016338e+02,1.000000000000000000e+00,2.791642942626187960e+02
5.628000000000000114e+01,3.567961159287099174e-12,-1.673327767458789465e-12,2.666456443501016338e+02,1.000000000000000000e+00,2.791642942626187960e+02
5.630000000000000426e+01,3.534651218026590352e-12,-1.657691026917849314e-12,2.666456443501016338e+02,1.000000000000000000e+00,2.791642942626187960e+02
5.632000000000000028e+01,3.501652543011938993e-12,-1.642200553149850382e-12,2.666456443501016338e+02,1.000000000000000000e+00,2.791642942626187960e+02
5.634000000000000341e+01,3.468962229758817992e-12,-1.626854979824451076e-12,2.666456443501016338e+02,1.000000000000000000e+00,2.791642942626187960e+02
5.635999999999999943e+01,3.436577387215152188e-12,-1.611652946937599244e-12,2.666456443501016338e+02,1.000000000000000000e+00,2.791642942626187960e+02
5.638000000000000256e+01,3.404495163284775002e-12,-1.596593112832246650e-12,2.666456443501016338e+02,1.000000000000000000e+00,2.791642942626187960e+02
5.639999999999999858e+01,3.372712724217453650e-12,-1.581674144491742542e-12,2.666456443501016338e+02,1.000000000000000000e+00,2.791642942626187960e+02
5.642000000000000171e+01,3.341227266579982267e-12,-1.566894723177380527e-12,2.666456443501016338e+02,1.000000000000000000e+00,2.791642942626187960e+02
5.643999999999999773e+01,3.310036014330728027e-12,-1.552253543050743799e-12,2.666456443501016338e+02,1.000000000000000000e+00,2.791642942626187960e+02
5.646000000000000085e+01,3.279136211558229361e-12,-1.537749307753553829e-12,2.666456443501016338e+02,1.000000000000000000e+00,2.791642942626187960e+02
5.648000000000000398e+01,3.248525137882722608e-12,-1.523380737660992994e-12,2.666456443501016338e+02,1.000000000000000000e+00,2.791642942626187960e+02
5.650000000000000000e+01,3.218200086166507112e-12,-1.509146559384370627e-12,2.666456443501016338e+02,1.000000000000000000e+00,2.791642942626187960e+02
5.652000000000000313e+01,3.188158387597305497e-12,-1.495045517583613958e-12,2.666456443501016338e+02,1.000000000000000000e+00,2.791642942626187960e+02
5.653999999999999915e+01,3.158397386633945593e-12,-1.481076363168398393e-12,2.666456443501016338e+02,1.000000000000000000e+00,2.791642942626187960e+02
5.656000000000000227e+01,3.128914461441384102e-12,-1.467237862921184873e-12,2.666456443501016338e+02,1.000000000000000000e+00,2.791642942626187960e+02
5.657999999999999829e+01,3.099707009864921060e-12,-1.453528792892298601e-12,2.666456443501016338e+02,1.000000000000000000e+00,2.791642942626187960e+02
5.660000000000000142e+01,3.070772454441535850e-12,-1.439947940759456493e-12,2.666456443501016338e+02,1.000000000000000000e+00,2.791642942626187960e+02
5.662000000000000455e+01,3.042108245973639045e-12,-1.426494107510762054e-12,2.666456443501016338e+02,1.000000000000000000e+00,2.791642942626187960e+02
5.664000000000000057e+01,3.013711851105031254e-12,-1.413166101593891309e-12,2.666456443501016338e+02,1.000000000000000000e+00,2.791642942626187960e+02
5.666000000000000369e+01,2.985580770966916871e-12,-1.399962747696403167e-12,2.666456443501016338e+02,1.000000000000000000e+00,2.791642942626187960e+02
5.667999999999999972e+01,2.957712518164330242e-12,-1.386882875908712517e-12,2.666456443501016338e+02,1.000000000000000000e+00,2.791642942626187960e+02
5.670000000000000284e+01,2.930104639963823751e-12,-1.373925332642623098e-12,2.666456443501016338e+02,1.000000000000000000e+00,2.791642942626187960e+02
5.671999999999999886e+01,2.902754697456512727e-12,-1.361088970819653168e-12,2.666456443501016338e+02,1.000000000000000000e+00,2.791642942626187960e+02
5.674000000000000199e+01,2.875660280258438897e-12,-1.348372656792725355e-12,2.666456443501016338e+02,1.000000000000000000e+00,2.791642942626187960e+02
5.675999999999999801e+01,2.848818998935137238e-12,-1.335775266779233188e-12,2.666456443501016338e+02,1.000000000000000000e+00,2.791642942626187960e+02
5.678000000000000114e+01,2.822228483815053065e-12,-1.323295686301981314e-12,2.666456443501016338e+02,1.000000000000000000e+00,2.791642942626187960e+02
5.680000000000000426e+01,2.795886393812064247e-12,-1.310932814343391137e-12,2.666456443501016338e+02,1.000000000000000000e+00,2.791642942626187960e+02
5.682000000000000028e+01,2.769790400430982388e-12,-1.298685555814223292e-12,2.666456443501016338e+02,1.000000000000000000e+00,2.791642942626187960e+02
5.684000000000000341e+01,2.743938207888492619e-12,-1.286552831027364848e-12,2.666456443501016338e+02,1.000000000000000000e+00,2.791642942626187960e+02
5.685999999999999943e+01,2.718327531071195882e-12,-1.274533565319500714e-12,2.666456443501016338e+02,1.000000000000000000e+00,2.791642942626187960e+02
5.688000000000000256e+01,2.692956115465505146e-12,-1.262626698434571754e-12,2.666456443501016338e+02,1.000000000000000000e+00,2.791642942626187960e+02
5.689999999999999858e+01,2.667821721326887549e-12,-1.250831177070244155e-12,2.666456443501016338e+02,1.000000000000000000e+00,2.791642942626187960e+02
5.692000000000000171e+01,2.642922132548938144e-12,-1.239145959053361457e-12,2.666456443501016338e+02,1.000000000000000000e+00,2.791642942626187960e+02
5.693999999999999773e+01,2.618255154995695332e-12,-1.227570012554858065e-12,2.666456443501016338e+02,1.000000000000000000e+00,2.791642942626187960e+02
5.696000000000000085e+01,2.593818610147483752e-12,-1.216102313097848585e-12,2.666456443501016338e+02,1.000000000000000000e+00,2.791642942626187960e+02
5.698000000000000398e+01,2.569610347781351139e-12,-1.204741849527685557e-12,2.666456443501016338e+02,1.000000000000000000e+00,2.791642942626187960e+02
5.700000000000000000e+01,2.545628228029680779e-12,-1.193487615564951184e-12,2.666456443501016338e+02,1.000000000000000000e+00,2.791642942626187960e+02
5.702000000000000313e+01,2.521870141294699255e-12,-1.182338619181006133e-12,2.666456443501016338e+02,1.000000000000000000e+00,2.791642942626187960e+02
5.703999999999999915e+01,2.498333988600613280e-12,-1.171293873347934287e-12,2.666456443501016338e+02,1.000000000000000000e+00,2.791642942626187960e+02
5.706000000000000227e+01,2.475017697377275208e-12,-1.160352403469007647e-12,2.666456443501016338e+02,1.000000000000000000e+00,2.791642942626187960e+02
5.707999999999999829e+01,2.451919210892464010e-12,-1.149513242403690317e-12,2.666456443501016338e+02,1.000000000000000000e+00,2.791642942626187960e+02
5.710000000000000142e+01,2.429036491623487184e-12,-1.138775432054608748e-12,2.666456443501016338e+02,1.000000000000000000e+00,2.791642942626187960e+02
5.712000000000000455e+01,2.406367524666810356e-12,-1.128138024972765390e-12,2.666456443501016338e+02,1.000000000000000000e+00,2.791642942626187960e+02
5.714000000000000057e+01,2.383910307411137480e-12,-1.117600079495767268e-12,2.666456443501016338e+02,1.000000000000000000e+00,2.791642942626187960e+02
5.716000000000000369e+01,2.361662864636693040e-12,-1.107160666855904912e-12,2.666456443501016338e+02,1.000000000000000000e+00,2.791642942626187960e+02
5.717999999999999972e+01,2.339623230169497474e-12,-1.096818862543749004e-12,2.666456443501016338e+02,1.000000000000000000e+00,2.791642942626187960e+02
5.720000000000000284e+01,2.317789465130138347e-12,-1.086573754898539786e-12,2.666456443501016338e+02,1.000000000000000000e+00,2.791642942626187960e+02
5.721999999999999886e+01,2.296159641753938641e-12,-1.076424437491691145e-12,2.666456443501016338e+02,1.000000000000000000e+00,2.791642942626187960e+02
5.724000000000000199e+01,2.274731854565821502e-12,-1.066370014386942195e-12,2.666456443501016338e+02,1.000000000000000000e+00,2.791642942626187960e+02
5.725999999999999801e+01,2.253504214925153857e-12,-1.056409597572527734e-12,2.666456443501016338e+02,1.000000000000000000e+00,2.791642942626187960e+02
5.728000000000000114e+01,2.232474849538479718e-12,-1.046542306260821829e-12,2.666456443501016338e+02,1.000000000000000000e+00,2.791642942626187960e+02
5.730000000000000426e+01,2.211641907931023002e-12,-1.036767270405358923e-12,2.666456443501016338e+02,1.000000000000000000e+00,2.791642942626187960e+02
5.732000000000000028e+01,2.191003549424015200e-12,-1.027083624570699294e-12,2.666456443501016338e+02,1.000000000000000000e+00,2.791642942626187960e+02
5.734000000000000341e+01,2.170557959246869123e-12,-1.017490515516498515e-12,2.666456443501016338e+02,1.000000000000000000e+00,2.791642942626187960e+02
5.735999999999999943e+01,2.150303331113636712e-12,-1.007987093996135475e-12,2.666456443501016338e+02,1.000000000000000000e+00,2.791642942626187960e+02
5.738000000000000256e+01,2.130237882768336268e-12,-9.985725220736770266e-13,2.666456443501016338e+02,1.000000000000000000e+00,2.791642942626187960e+02
5.739999999999999858e+01,2.110359843845881479e-12,-9.892459674101553669e-13,2.666456443501016338e+02,1.000000000000000000e+00,2.791642942626187960e+02
5.742000000000000171e+01,2.090667462407889083e-12,-9.800066063396400860e-13,2.666456443501016338e+02,1.000000000000000000e+00,2.791642942626187960e+02
5.743999999999999773e+01,2.071159004134720514e-12,-9.708536234890139748e-13,2.666456443501016338e+02,1.000000000000000000e+00,2.791642942626187960e+02
5.746000000000000085e+01,2.051832746821372022e-12,-9.617862091870997616e-13,2.666456443501016338e+02,1.000000000000000000e+00,2.791642942626187960e+02
5.748000000000000398e+01,2.032686990792101868e-12,-9.528035643665241422e-13,2.666456443501016338e+02,1.000000000000000000e+00,2.791642942626187960e+02
5.750000000000000000e+01,2.013720044476839981e-12,-9.439048937749101772e-13,2.666456443501016338e+02,1.000000000000000000e+00,2.791642942626187960e+02
5.752000000000000313e+01,1.994930240205592267e-12,-9.350894134085632609e-13,2.666456443501016338e+02,1.000000000000000000e+00,2.791642942626187960e+02
5.753999999999999915e+01,1.976315918816824390e-12,-9.263563432683276529e-13,2.666456443501016338e+02,1.000000000000000000e+00,2.791642942626187960e+02
5.756000000000000227e+01,1.957875441830262159e-12,-9.177049130885040948e-13,2.666456443501016338e+02,1.000000000000000000e+00,2.791642942626187960e+02
5.757999999999999829e+01,1.939607183510511989e-12,-9.091343586016988920e-13,2.666456443501016338e+02,1.000000000000000000e+00,2.791642942626187960e+02
5.760000000000000142e+01,1.921509533064071596e-12,-9.006439225725979324e-13,2.666456443501016338e+02,1.000000000000000000e+00,2.791642942626187960e+02
5.762000000000000455e+01,1.903580897794189578e-12,-8.922328562827926411e-13,2.666456443501016338e+02,1.000000000000000000e+00,2.791642942626187960e+02
5.764000000000000057e+01,1.885819694544588324e-12,-8.839004155037855646e-13,2.666456443501016338e+02,1.000000000000000000e+00,2.791642942626187960e+02
5.766000000000000369e+01,1.868224361908937431e-12,-8.756458662430093813e-13,2.666456443501016338e+02,1.000000000000000000e+00,2.791642942626187960e+02
5.767999999999999972e+01,1.850793345620359716e-12,-8.674684778678059684e-13,2.666456443501016338e+02,1.000000000000000000e+00,2.791642942626187960e+02
5.770000000000000284e+01,1.833525112899506597e-12,-8.593675298576628662e-13,2.666456443501016338e+02,1.000000000000000000e+00,2.791642942626187960e+02
5.771999999999999886e+01,1.816418139906449937e-12,-8.513423058990170312e-13,2.666456443501016338e+02,1.000000000000000000e+00,2.791642942626187960e+02
5.774000000000000199e+01,1.799470920214509674e-12,-8.433920978728417486e-13,2.666456443501016338e+02,1.000000000000000000e+00,2.791642942626187960e+02
5.775999999999999801e+01,1.782681960922584702e-12,-8.355162040251890835e-13,2.666456443501016338e+02,1.000000000000000000e+00,2.791642942626187960e+02
5.778000000000000114e+01,1.766049781046341719e-12,-8.277139282098973468e-13,2.666456443501016338e+02,1.000000000000000000e+00,2.791642942626187960e+02
5.780000000000000426e+01,1.749572917812370838e-12,-8.199845828505503846e-13,2.666456443501016338e+02,1.000000000000000000e+00,2.791642942626187960e+02
5.782000000000000028e+01,1.733249916073324584e-12,-8.123274839593279035e-13,2.666456443501016338e+02,1.000000000000000000e+00,2.791642942626187960e+02
5.784000000000000341e+01,1.717079341195514014e-12,-8.047419572015119377e-13,2.666456443501016338e+02,1.000000000000000000e+00,2.791642942626187960e+02
5.785999999999999943e+01,1.701059765299194630e-12,-7.972273314205613718e-13,2.666456443501016338e+02,1.000000000000000000e+00,2.791642942626187960e+02
5.788000000000000256e+01,1.685189779370478724e-12,-7.897829443373828272e-13,2.666456443501016338e+02,1.000000000000000000e+00,2.791642942626187960e+02
5.789999999999999858e+01,1.669467983969907179e-12,-7.824081381782144219e-13,2.666456443501016338e+02,1.000000000000000000e+00,2.791642942626187960e+02
5.792000000000000171e+01,1.653892994019230977e-12,-7.751022619268652061e-13,2.666456443501016338e+02,1.000000000000000000e+00,2.791642942626187960e+02
5.793999999999999773e+01,1.638463438566329345e-12,-7.678646712141495280e-13,2.666456443501016338e+02,1.000000000000000000e+00,2.791642942626187960e+02
5.796000000000000085e+01,1.623177956057474104e-12,-7.606947260931208599e-13,2.666456443501016338e+02,1.000000000000000000e+00,2.791642942626187960e+02
5.798000000000000398e+01,1.608035202871725455e-12,-7.535917950548159719e-13,2.666456443501016338e+02,1.000000000000000000e+00,2.791642942626187960e+02
5.800000000000000000e+01,1.593033841739123250e-12,-7.465552495785615612e-13,2.666456443501016338e+02,1.000000000000000000e+00,2.791642942626187960e+02
5.802000000000000313e+01,1.578172554254680410e-12,-7.395844700200444689e-13,2.666456443501016338e+02,1.000000000000000000e+00,2.791642942626187960e+02
5.803999999999999915e+01,1.563450028833949001e-12,-7.326788399441526071e-13,2.666456443501016338e+02,1.000000000000000000e+00,2.791642942626187960e+02
5.806000000000000227e+01,1.548864970086323574e-12,-7.258377505351018243e-13,2.666456443501016338e+02,1.000000000000000000e+00,2.791642942626187960e+02
5.807999999999999829e+01,1.534416092876251912e-12,-7.190605978022210080e-13,2.666456443501016338e+02,1.000000000000000000e+00,2.791642942626187960e+02
5.810000000000000142e+01,1.520102123688538430e-12,-7.123467832221578659e-13,2.666456443501016338e+02,1.000000000000000000e+00,2.791642942626187960e+02
5.812000000000000455e+01,1.505921803483243765e-12,-7.056957150821449138e-13,2.666456443501016338e+02,1.000000000000000000e+00,2.791642942626187960e+02
5.814000000000000057e+01,1.491873880627148955e-12,-6.991068051541583653e-13,2.666456443501016338e+02,1.000000000000000000e+00,2.791642942626187960e+02
5.816000000000000369e+01,1.477957120752770111e-12,-6.925794733334514552e-13,2.666456443501016338e+02,1.000000000000000000e+00,2.791642942626187960e+02
5.817999999999999972e+01,1.464170295133723499e-12,-6.861131421692959055e-13,2.666456443501016338e+02,1.000000000000000000e+00,2.791642942626187960e+02
5.820000000000000284e+01,1.450512191955012719e-12,-6.797072421673037594e-13,2.666456443501016338e+02,1.000000000000000000e+00,2.791642942626187960e+02
5.821999999999999886e+01,1.436981606593857648e-12,-6.733612072168355592e-13,2.666456443501016338e+02,1.000000000000000000e+00,2.791642942626187960e+02
5.824000000000000199e+01,1.423577348028062977e-12,-6.670744776057753006e-13,2.666456443501016338e+02,1.000000000000000000e+00,2.791642942626187960e+02
5.825999999999999801e+01,1.410298236100712671e-12,-6.608464987337171987e-13,2.666456443501016338e+02,1.000000000000000000e+00,2.791642942626187960e+02
5.828000000000000114e+01,1.397143099907101331e-12,-6.546767203529314497e-13,2.666456443501016338e+02,1.000000000000000000e+00,2.791642942626187960e+02
5.830000000000000426e+01,1.384110783072591397e-12,-6.485645990513608038e-13,2.666456443501016338e+02,1.000000000000000000e+00,2.791642942626187960e+02
5.832000000000000028e+01,1.371200135163190871e-12,-6.425095942116536432e-13,2.666456443501016338e+02,1.000000000000000000e+00,2.791642942626187960e+02
5.834000000000000341e+01,1.358410021982496298e-12,-6.365111728552251322e-13,2.666456443501016338e+02,1.000000000000000000e+00,2.791642942626187960e+02
5.835999999999999943e+01,1.345739314715850946e-12,-6.305688045352480527e-13,2.666456443501016338e+02,1.000000000000000000e+00,2.791642942626187960e+02
5.838000000000000256e+01,1.333186899356336681e-12,-6.246819657708149618e-13,2.666456443501016338e+02,1.000000000000000000e+00,2.791642942626187960e+02
5.839999999999999858e+01,1.320751669606709462e-12,-6.188501367078565369e-13,2.666456443501016338e+02,1.000000000000000000e+00,2.791642942626187960e+02
5.842000000000000171e+01,1.308432530360086903e-12,-6.130728027563786876e-13,2.666456443501016338e+02,1.000000000000000000e+00,2.791642942626187960e+02
5.843999999999999773e+01,1.296228397833100326e-12,-6.073494546531385521e-13,2.666456443501016338e+02,1.000000000000000000e+00,2.791642942626187960e+02
5.846000000000000085e+01,1.284138195533882428e-12,-6.016795865648153490e-13,2.666456443501016338e+02,1.000000000000000000e+00,2.791642942626187960e+02
5.848000000000000398e+01,1.272160861241015756e-12,-5.960626993709414936e-13,2.666456443501016338e+02,1.000000000000000000e+00,2.791642942626187960e+02
5.850000000000000000e+01,1.260295337714237886e-12,-5.904982962941493557e-13,2.666456443501016338e+02,1.000000000000000000e+00,2.791642942626187960e+02
5.852000000000000313e+01,1.248540582599442359e-12,-5.849858875593623898e-13,2.666456443501016338e+02,1.000000000000000000e+00,2.791642942626187960e+02
5.853999999999999915e+01,1.236895559013741259e-12,-5.795249859651051728e-13,2.666456443501016338e+02,1.000000000000000000e+00,2.791642942626187960e+02
5.856000000000000227e+01,1.225359242751230815e-12,-5.741151102728596066e-13,2.666456443501016338e+02,1.000000000000000000e+00,2.791642942626187960e+02
5.857999999999999829e+01,1.213930617856856391e-12,-5.687557831251401735e-13,2.666456443501016338e+02,1.000000000000000000e+00,2.791642942626187960e+02
5.860000000000000142e+01,1.202608677411228562e-12,-5.634465314145142324e-13,2.666456443501016338e+02,1.000000000000000000e+00,2.791642942626187960e+02
5.862000000000000455e+01,1.191392426070791585e-12,-5.581868874784453293e-13,2.666456443501016338e+02,1.000000000000000000e+00,2.791642942626187960e+02
5.864000000000000057e+01,1.180280874243932278e-12,-5.529763863598444826e-13,2.666456443501016338e+02,1.000000000000000000e+00,2.791642942626187960e+02
5.866000000000000369e+01,1.169273046041392346e-12,-5.478145695465908608e-13,2.666456443501016338e+02,1.000000000000000000e+00,2.791642942626187960e+02
5.867999999999999972e+01,1.158367970036054089e-12,-5.427009806253265308e-13,2.666456443501016338e+02,1.000000000000000000e+00,2.791642942626187960e+02
5.870000000000000284e+01,1.147564688107029289e-12,-5.376351694411718616e-13,2.666456443501016338e+02,1.000000000000000000e+00,2.791642942626187960e+02
5.871999999999999886e+01,1.136862247921602033e-12,-5.326166885616760296e-13,2.666456443501016338e+02,1.000000000000000000e+00,2.791642942626187960e+02
5.874000000000000199e+01,1.126259707767337344e-12,-5.276450955494182038e-13,2.666456443501016338e+02,1.000000000000000000e+00,2.791642942626187960e+02
5.875999999999999801e+01,1.115756134658509464e-12,-5.227199520714341209e-13,2.666456443501016338e+02,1.000000000000000000e+00,2.791642942626187960e+02
5.878000000000000114e+01,1.105350602792205383e-12,-5.178408231729604947e-13,2.666456443501016338e+02,1.000000000000000000e+00,2.791642942626187960e+02
5.880000000000000426e+01,1.095042197955849707e-12,-5.130072793504046617e-13,2.666456443501016338e+02,1.000000000000000000e+00,2.791642942626187960e+02
5.882000000000000028e+01,1.084830010567834064e-12,-5.082188932781572731e-13,2.666456443501016338e+02,1.000000000000000000e+00,2.791642942626187960e+02
5.884000000000000341e+01,1.074713143895553262e-12,-5.034752436735924950e-13,2.666456443501016338e+02,1.000000000000000000e+00,2.791642942626187960e+02
5.885999999999999943e+01,1.064690705498997334e-12,-4.987759112729134923e-13,2.666456443501016338e+02,1.000000000000000000e+00,2.791642942626187960e+02
5.888000000000000256e+01,1.054761814557712624e-12,-4.941204822769407864e-13,2.666456443501016338e+02,1.000000000000000000e+00,2.791642942626187960e+02
5.889999999999999858e+01,1.044925596459552025e-12,-4.895085458062455613e-13,2.666456443501016338e+02,1.000000000000000000e+00,2.791642942626187960e+02
5.892000000000000171e+01,1.035181185310188080e-12,-4.849396950812367064e-13,2.666456443501016338e+02,1.000000000000000000e+00,2.791642942626187960e+02
5.893999999999999773e+01,1.025527724290304553e-12,-4.804135275901713770e-13,2.666456443501016338e+02,1.000000000000000000e+00,2.791642942626187960e+02
5.896000000000000085e+01,1.015964362237901016e-12,-4.759296434817794859e-13,2.666456443501016338e+02,1.000000000000000000e+00,2.791642942626187960e+02
5.898000000000000398e+01,1.006490259344107888e-12,-4.714876482438654691e-13,2.666456443501016338e+02,1.000000000000000000e+00,2.791642942626187960e+02
5.900000000000000000e+01,9.971045797108582906e-13,-4.670871492033452526e-13,2.666456443501016338e+02,1.000000000000000000e+00,2.791642942626187960e+02
5.902000000000000313e+01,9.878064991831129066e-13,-4.627277592094188860e-13,2.666456443501016338e+02,1.000000000000000000e+00,2.791642942626187960e+02
5.903999999999999915e+01,9.785951979974340529e-13,-4.584090931764842828e-13,2.666456443501016338e+02,1.000000000000000000e+00,2.791642942626187960e+02
5.906000000000000227e+01,9.694698663118437783e-13,-4.541307706844864082e-13,2.666456443501016338e+02,1.000000000000000000e+00,2.791642942626187960e+02
5.907999999999999829e+01,9.604297009219733767e-13,-4.498924144347148114e-13,2.666456443501016338e+02,1.000000000000000000e+00,2.791642942626187960e+02
5.910000000000000142e+01,9.514739056481970410e-13,-4.456936504317451425e-13,2.666456443501016338e+02,1.000000000000000000e+00,2.791642942626187960e+02
5.912000000000000455e+01,9.426016935659010295e-13,-4.415341090322225308e-13,2.666456443501016338e+02,1.000000000000000000e+00,2.791642942626187960e+02
5.914000000000000057e+01,9.338122822188824884e-13,-4.374134226939537475e-13,2.666456443501016338e+02,1.000000000000000000e+00,2.791642942626187960e+02
5.916000000000000369e+01,9.251049000223714061e-13,-4.333312289867844033e-13,2.666456443501016338e+02,1.000000000000000000e+00,2.791642942626187960e+02
5.917999999999999972e+01,9.164787789250708080e-13,-4.292871671420737913e-13,2.666456443501016338e+02,1.000000000000000000e+00,2.791642942626187960e+02
5.920000000000000284e+01,9.079331613424934710e-13,-4.252808813128227975e-13,2.666456443501016338e+02,1.000000000000000000e+00,2.791642942626187960e+02
5.921999999999999886e+01,8.994672943495327291e-13,-4.213120178429470852e-13,2.666456443501016338e+02,1.000000000000000000e+00,2.791642942626187960e+02
5.924000000000000199e+01,8.910804333122482284e-13,-4.173802269748827197e-13,2.666456443501016338e+02,1.000000000000000000e+00,2.791642942626187960e+02
5.925999999999999801e+01,8.827718406044957113e-13,-4.134851622461671512e-13,2.666456443501016338e+02,1.000000000000000000e+00,2.791642942626187960e+02
5.928000000000000114e+01,8.745407841759805425e-13,-4.096264798160462399e-13,2.666456443501016338e+02,1.000000000000000000e+00,2.791642942626187960e+02
5.930000000000000426e+01,8.663865412194711683e-13,-4.058038401897877794e-13,2.666456443501016338e+02,1.000000000000000000e+00,2.791642942626187960e+02
5.932000000000000028e+01,8.583083925404811872e-13,-4.020169055713065558e-13,2.666456443501016338e+02,1.000000000000000000e+00,2.791642942626187960e+02
5.934000000000000341e+01,8.503056291089776246e-13,-3.982653429436433124e-13,2.666456443501016338e+02,1.000000000000000000e+00,2.791642942626187960e+02
5.935999999999999943e+01,8.423775453220991502e-13,-3.945488209012204015e-13,2.666456443501016338e+02,1.000000000000000000e+00,2.791642942626187960e+02
5.938000000000000256e+01,8.345234446924454149e-13,-3.908670123242572107e-13,2.666456443501016338e+02,1.000000000000000000e+00,2.791642942626187960e+02
5.939999999999999858e+01,8.267426357319735131e-13,-3.872195924435241195e-13,2.666456443501016338e+02,1.000000000000000000e+00,2.791642942626187960e+02
5.942000000000000171e+01,8.190344337428537023e-13,-3.836062396822489868e-13,2.666456443501016338e+02,1.000000000000000000e+00,2.791642942626187960e+02
5.943999999999999773e+01,8.113981612986754641e-13,-3.800266358823827546e-13,2.666456443501016338e+02,1.000000000000000000e+00,2.791642942626187960e+02
5.946000000000000085e+01,8.038331453628257079e-13,-3.764804649497173376e-13,2.666456443501016338e+02,1.000000000000000000e+00,2.791642942626187960e+02
5.948000000000000398e+01,7.963387219285506417e-13,-3.729674150354032871e-13,2.666456443501016338e+02,1.000000000000000000e+00,2.791642942626187960e+02
5.950000000000000000e+01,7.889142300627569532e-13,-3.694871757356380213e-13,2.666456443501016338e+02,1.000000000000000000e+00,2.791642942626187960e+02
5.952000000000000313e+01,7.815590180931872845e-13,-3.660394410004559407e-13,2.666456443501016338e+02,1.000000000000000000e+00,2.791642942626187960e+02
5.953999999999999915e+01,7.742724378746410098e-13,-3.626239064380831775e-13,2.666456443501016338e+02,1.000000000000000000e+00,2.791642942626187960e+02
5.956000000000000227e+01,7.670538490249051648e-13,-3.592402713062973724e-13,2.666456443501016338e+02,1.000000000000000000e+00,2.791642942626187960e+02
5.957999999999999829e+01,7.599026165009141104e-13,-3.558882373729440720e-13,2.666456443501016338e+02,1.000000000000000000e+00,2.791642942626187960e+02
5.960000000000000142e+01,7.528181107201087028e-13,-3.525675089729081377e-13,2.666456443501016338e+02,1.000000000000000000e+00,2.791642942626187960e+02
5.962000000000000455e+01,7.457997094976696597e-13,-3.492777939188501012e-13,2.666456443501016338e+02,1.000000000000000000e+00,2.791642942626187960e+02
5.964000000000000057e+01,7.388467941214133787e-13,-3.460188016559184368e-13,2.666456443501016338e+02,1.000000000000000000e+00,2.791642942626187960e+02
5.966000000000000369e+01,7.319587545021533627e-13,-3.427902456829412926e-13,2.666456443501016338e+02,1.000000000000000000e+00,2.791642942626187960e+02
5.967999999999999972e+01,7.251349833518495875e-13,-3.395918408155549908e-13,2.666456443501016338e+02,1.000000000000000000e+00,2.791642942626187960e+02
5.970000000000000284e+01,7.183748816135560656e-13,-3.364233057387405696e-13,2.666456443501016338e+02,1.000000000000000000e+00,2.791642942626187960e+02
5.971999999999999886e+01,7.116778539818472609e-13,-3.332843609010328791e-13,2.666456443501016338e+02,1.000000000000000000e+00,2.791642942626187960e+02
5.974000000000000199e+01,7.050433116226743765e-13,-3.301747297930097040e-13,2.666456443501016338e+02,1.000000000000000000e+00,2.791642942626187960e+02
5.975999999999999801e+01,6.984706713283928874e-13,-3.270941385501077951e-13,2.666456443501016338e+02,1.000000000000000000e+00,2.791642942626187960e+02
5.978000000000000114e+01,6.919593542194956013e-13,-3.240423153422703072e-13,2.666456443501016338e+02,1.000000000000000000e+00,2.791642942626187960e+02
5.980000000000000426e+01,6.855087887857646984e-13,-3.210189918035064959e-13,2.666456443501016338e+02,1.000000000000000000e+00,2.791642942626187960e+02
5.982000000000000028e+01,6.791184063376648144e-13,-3.180239008937074833e-13,2.666456443501016338e+02,1.000000000000000000e+00,2.791642942626187960e+02
5.984000000000000341e+01,6.727876462239248056e-13,-3.150567793511957284e-13,2.666456443501016338e+02,1.000000000000000000e+00,2.791642942626187960e+02
5.985999999999999943e+01,6.665159505320615693e-13,-3.121173652016711675e-13,2.666456443501016338e+02,1.000000000000000000e+00,2.791642942626187960e+02
5.988000000000000256e+01,6.603027684987623737e-13,-3.092053998312543698e-13,2.666456443501016338e+02,1.000000000000000000e+00,2.791642942626187960e+02
5.989999999999999858e+01,6.541475533864919619e-13,-3.063206265183664606e-13,2.666456443501016338e+02,1.000000000000000000e+00,2.791642942626187960e+02
5.992000000000000171e+01,6.480497637454780476e-13,-3.034627910268435710e-13,2.666456443501016338e+02,1.000000000000000000e+00,2.791642942626187960e+02
5.993999999999999773e+01,6.420088639509411925e-13,-3.006316418584706261e-13,2.666456443501016338e+02,1.000000000000000000e+00,2.791642942626187960e+02
5.996000000000000085e+01,6.360243217847791731e-13,-2.978269291162414645e-13,2.666456443501016338e+02,1.000000000000000000e+00,2.791642942626187960e+02
5.998000000000000398e+01,6.300956122090212489e-13,-2.950484062779748290e-13,2.666456443501016338e+02,1.000000000000000000e+00,2.791642942626187960e+02
6.000000000000000000e+01,6.242222126039824239e-13,-2.922958279581199884e-13,2.666456443501016338e+02,1.000000000000000000e+00,2.791642942626187960e+02
6.002000000000000313e+01,6.184036076511760344e-13,-2.895689522027656606e-13,2.666456443501016338e+02,1.000000000000000000e+00,2.791642942626187960e+02
6.003999999999999915e+01,6.126392848663104413e-13,-2.868675383901035012e-13,2.666456443501016338e+02,1.000000000000000000e+00,2.791642942626187960e+02
6.006000000000000227e+01,6.069287378377196062e-13,-2.841913487524494167e-13,2.666456443501016338e+02,1.000000000000000000e+00,2.791642942626187960e+02
6.007999999999999829e+01,6.012714644478557085e-13,-2.815401475403616017e-13,2.666456443501016338e+02,1.000000000000000000e+00,2.791642942626187960e+02
6.010000000000000142e+01,5.956669668231254674e-13,-2.789137009990004603e-13,2.666456443501016338e+02,1.000000000000000000e+00,2.791642942626187960e+02
6.012000000000000455e+01,5.901147530016999188e-13,-2.763117781519953276e-13,2.666456443501016338e+02,1.000000000000000000e+00,2.791642942626187960e+02
6.014000000000000057e+01,5.846143337216768063e-13,-2.737341492918804937e-13,2.666456443501016338e+02,1.000000000000000000e+00,2.791642942626187960e+02
6.016000000000000369e+01,5.791652265588125900e-13,-2.711805879247373501e-13,2.666456443501016338e+02,1.000000000000000000e+00,2.791642942626187960e+02
6.017999999999999972e+01,5.737669513118736599e-13,-2.686508686014033118e-13,2.666456443501016338e+02,1.000000000000000000e+00,2.791642942626187960e+02
6.020000000000000284e+01,5.684190342508305806e-13,-2.661447689139593660e-13,2.666456443501016338e+02,1.000000000000000000e+00,2.791642942626187960e+02
6.021999999999999886e+01,5.631210046667411715e-13,-2.636620678742998647e-13,2.666456443501016338e+02,1.000000000000000000e+00,2.791642942626187960e+02
6.024000000000000199e+01,5.578723969005302098e-13,-2.612025468675231070e-13,2.666456443501016338e+02,1.000000000000000000e+00,2.791642942626187960e+02
6.025999999999999801e+01,5.526727498095605249e-13,-2.587659894012591112e-13,2.666456443501016338e+02,1.000000000000000000e+00,2.791642942626187960e+02
6.028000000000000114e+01,5.475216056106676332e-13,-2.563521805618973677e-13,2.666456443501016338e+02,1.000000000000000000e+00,2.791642942626187960e+02
6.030000000000000426e+01,5.424185123945478759e-13,-2.539609081962199473e-13,2.666456443501016338e+02,1.000000000000000000e+00,2.791642942626187960e+02
6.032000000000000028e+01,5.373630204560728070e-13,-2.515919611868284757e-13,2.666456443501016338e+02,1.000000000000000000e+00,2.791642942626187960e+02
6.034000000000000341e+01,5.323546864448991485e-13,-2.492451314026487400e-13,2.666456443501016338e+02,1.000000000000000000e+00,2.791642942626187960e+02
6.035999999999999943e+01,5.273930692013422275e-13,-2.469202117420666766e-13,2.666456443501016338e+02,1.000000000000000000e+00,2.791642942626187960e+02
6.038000000000000256e+01,5.224777331712923827e-13,-2.446169977376470464e-13,2.666456443501016338e+02,1.000000000000000000e+00,2.791642942626187960e+02
6.039999999999999858e+01,5.176082460423264422e-13,-2.423352864453004027e-13,2.666456443501016338e+02,1.000000000000000000e+00,2.791642942626187960e+02
6.042000000000000171e+01,5.127841796189655837e-13,-2.400748768555289277e-13,2.666456443501016338e+02,1.000000000000000000e+00,2.791642942626187960e+02
6.043999999999999773e+01,5.080051103709734983e-13,-2.378355701510911746e-13,2.666456443501016338e+02,1.000000000000000000e+00,2.791642942626187960e+02
6.046000000000000085e+01,5.032706174122394169e-13,-2.356171687572184848e-13,2.666456443501016338e+02,1.000000000000000000e+00,2.791642942626187960e+02
6.048000000000000398e+01,4.985802855644556756e-13,-2.334194777812435795e-13,2.666456443501016338e+02,1.000000000000000000e+00,2.791642942626187960e+02
6.050000000000000000e+01,4.939337015540124755e-13,-2.312423032255053211e-13,2.666456443501016338e+02,1.000000000000000000e+00,2.791642942626187960e+02
6.052000000000000313e+01,4.893304578618752789e-13,-2.290854537963530802e-13,2.666456443501016338e+02,1.000000000000000000e+00,2.791642942626187960e+02
6.053999999999999915e+01,4.847701492475296387e-13,-2.269487392707896837e-13,2.666456443501016338e+02,1.000000000000000000e+00,2.791642942626187960e+02
6.056000000000000227e+01,4.802523752196430656e-13,-2.248319716573494539e-13,2.666456443501016338e+02,1.000000000000000000e+00,2.791642942626187960e+02
6.057999999999999829e+01,4.757767387400158874e-13,-2.227349645871256104e-13,2.666456443501016338e+02,1.000000000000000000e+00,2.791642942626187960e+02
6.060000000000000142e+01,4.713428460684228859e-13,-2.206575332408160602e-13,2.666456443501016338e+02,1.000000000000000000e+00,2.791642942626187960e+02
6.062000000000000455e+01,4.669503081877664292e-13,-2.185994950183685884e-13,2.666456443501016338e+02,1.000000000000000000e+00,2.791642942626187960e+02
6.064000000000000057e+01,4.625987381811031075e-13,-2.165606683065022935e-13,2.666456443501016338e+02,1.000000000000000000e+00,2.791642942626187960e+02
6.066000000000000369e+01,4.582877545519014751e-13,-2.145408740387541936e-13,2.666456443501016338e+02,1.000000000000000000e+00,2.791642942626187960e+02
6.067999999999999972e+01,4.540169775697210769e-13,-2.125399339784638907e-13,2.666456443501016338e+02,1.000000000000000000e+00,2.791642942626187960e+02
6.070000000000000284e+01,4.497860325903636625e-13,-2.105576722787167793e-13,2.666456443501016338e+02,1.000000000000000000e+00,2.791642942626187960e+02
6.071999999999999886e+01,4.455945474028542937e-13,-2.085939142358405193e-13,2.666456443501016338e+02,1.000000000000000000e+00,2.791642942626187960e+02
6.074000000000000199e+01,4.414421537359431767e-13,-2.066484869971770482e-13,2.666456443501016338e+02,1.000000000000000000e+00,2.791642942626187960e+02
6.075999999999999801e+01,4.373284869430992903e-13,-2.047212194130932093e-13,2.666456443501016338e+02,1.000000000000000000e+00,2.791642942626187960e+02
6.078000000000000114e+01,4.332531849853168349e-13,-2.028119415590299219e-13,2.666456443501016338e+02,1.000000000000000000e+00,2.791642942626187960e+02
6.080000000000000426e+01,4.292158905042684997e-13,-2.009204857095270178e-13,2.666456443501016338e+02,1.000000000000000000e+00,2.791642942626187960e+02
6.082000000000000028e+01,4.252162478656114723e-13,-1.990466849490786422e-13,2.666456443501016338e+02,1.000000000000000000e+00,2.791642942626187960e+02
6.084000000000000341e+01,4.212539064572516883e-13,-1.971903747216972238e-13,2.666456443501016338e+02,1.000000000000000000e+00,2.791642942626187960e+02
6.085999999999999943e+01,4.173285174208443007e-13,-1.953513912953274640e-13,2.666456443501016338e+02,1.000000000000000000e+00,2.791642942626187960e+02
6.088000000000000256e+01,4.134397362921652516e-13,-1.935295730022779821e-13,2.666456443501016338e+02,1.000000000000000000e+00,2.791642942626187960e+02
6.089999999999999858e+01,4.095872212171671355e-13,-1.917247594011288765e-13,2.666456443501016338e+02,1.000000000000000000e+00,2.791642942626187960e+02
6.092000000000000171e+01,4.057706335465518678e-13,-1.899367915560191552e-13,2.666456443501016338e+02,1.000000000000000000e+00,2.791642942626187960e+02
6.093999999999999773e+01,4.019896383665671419e-13,-1.881655122860209412e-13,2.666456443501016338e+02,1.000000000000000000e+00,2.791642942626187960e+02
6.096000000000000085e+01,3.982439028160924283e-13,-1.864107653744914999e-13,2.666456443501016338e+02,1.000000000000000000e+00,2.791642942626187960e+02
6.098000000000000398e+01,3.945330985701774756e-13,-1.846723967357964233e-13,2.666456443501016338e+02,1.000000000000000000e+00,2.791642942626187960e+02
6.100000000000000000e+01,3.908568988056877028e-13,-1.829502529898162138e-13,2.666456443501016338e+02,1.000000000000000000e+00,2.791642942626187960e+02
6.102000000000000313e+01,3.872149812337695802e-13,-1.812441828864992519e-13,2.666456443501016338e+02,1.000000000000000000e+00,2.791642942626187960e+02
6.103999999999999915e+01,3.836070253981421302e-13,-1.795540360366822670e-13,2.666456443501016338e+02,1.000000000000000000e+00,2.791642942626187960e+02
6.106000000000000227e+01,3.800327145557912575e-13,-1.778796637955389969e-13,2.666456443501016338e+02,1.000000000000000000e+00,2.791642942626187960e+02
6.107999999999999829e+01,3.764917347401248488e-13,-1.762209188224980899e-13,2.666456443501016338e+02,1.000000000000000000e+00,2.791642942626187960e+02
6.110000000000000142e+01,3.729837745470644927e-13,-1.745776549807210964e-13,2.666456443501016338e+02,1.000000000000000000e+00,2.791642942626187960e+02
6.112000000000000455e+01,3.695085263450871732e-13,-1.729497279055265569e-13,2.666456443501016338e+02,1.000000000000000000e+00,2.791642942626187960e+02
6.114000000000000057e+01,3.660656841371396377e-13,-1.713369940000058347e-13,2.666456443501016338e+02,1.000000000000000000e+00,2.791642942626187960e+02
6.116000000000000369e+01,3.626549462218384708e-13,-1.697393116850904520e-13,2.666456443501016338e+02,1.000000000000000000e+00,2.791642942626187960e+02
6.117999999999999972e+01,3.592760123023693964e-13,-1.681565400414866411e-13,2.666456443501016338e+02,1.000000000000000000e+00,2.791642942626187960e+02
6.120000000000000284e+01,3.559285860785466846e-13,-1.665885400272230575e-13,2.666456443501016338e+02,1.000000000000000000e+00,2.791642942626187960e+02
6.121999999999999886e+01,3.526123732101555437e-13,-1.650351735209827007e-13,2.666456443501016338e+02,1.000000000000000000e+00,2.791642942626187960e+02
6.124000000000000199e+01,3.493270824299312579e-13,-1.634963038448594529e-13,2.666456443501016338e+02,1.000000000000000000e+00,2.791642942626187960e+02
6.125999999999999801e+01,3.460724253790706063e-13,-1.619717956871045397e-13,2.666456443501016338e+02,1.000000000000000000e+00,2.791642942626187960e+02
6.128000000000000114e+01,3.428481157226323750e-13,-1.604615146865861843e-13,2.666456443501016338e+02,1.000000000000000000e+00,2.791642942626187960e+02
6.130000000000000426e+01,3.396538708545738458e-13,-1.589653282336614697e-13,2.666456443501016338e+02,1.000000000000000000e+00,2.791642942626187960e+02
6.132000000000000028e+01,3.364894095185241923e-13,-1.574831043526252402e-13,2.666456443501016338e+02,1.000000000000000000e+00,2.791642942626187960e+02
6.134000000000000341e+01,3.333544544259736874e-13,-1.560147129314577435e-13,2.666456443501016338e+02,1.000000000000000000e+00,2.791642942626187960e+02
6.135999999999999943e+01,3.302487296935277103e-13,-1.545600245181137658e-13,2.666456443501016338e+02,1.000000000000000000e+00,2.791642942626187960e+02
6.138000000000000256e+01,3.271719628813834559e-13,-1.531189112779471587e-13,2.666456443501016338e+02,1.000000000000000000e+00,2.791642942626187960e+02
6.139999999999999858e+01,3.241238836512838159e-13,-1.516912463633791438e-13,2.666456443501016338e+02,1.000000000000000000e+00,2.791642942626187960e+02
6.142000000000000171e+01,3.211042241591701302e-13,-1.502769040982871653e-13,2.666456443501016338e+02,1.000000000000000000e+00,2.791642942626187960e+02
6.143999999999999773e+01,3.181127195514118452e-13,-1.488757602110796637e-13,2.666456443501016338e+02,1.000000000000000000e+00,2.791642942626187960e+02
6.146000000000000085e+01,3.151491065681716240e-13,-1.474876911787101434e-13,2.666456443501016338e+02,1.000000000000000000e+00,2.791642942626187960e+02
6.148000000000000398e+01,3.122131255536750152e-13,-1.461125751708312672e-13,2.666456443501016338e+02,1.000000000000000000e+00,2.791642942626187960e+02
6.150000000000000000e+01,3.093045180375930079e-13,-1.447502909138493397e-13,2.666456443501016338e+02,1.000000000000000000e+00,2.791642942626187960e+02
6.152000000000000313e+01,3.064230291213446035e-13,-1.434007188116513965e-13,2.666456443501016338e+02,1.000000000000000000e+00,2.791642942626187960e+02
6.153999999999999915e+01,3.035684053808137956e-13,-1.420637399606122489e-13,2.666456443501016338e+02,1.000000000000000000e+00,2.791642942626187960e+02
6.156000000000000227e+01,3.007403962944962337e-13,-1.407392368202927338e-13,2.666456443501016338e+02,1.000000000000000000e+00,2.791642942626187960e+02
6.157999999999999829e+01,2.979387535728485567e-13,-1.394270928984810783e-13,2.666456443501016338e+02,1.000000000000000000e+00,2.791642942626187960e+02
6.160000000000000142e+01,2.951632309171459584e-13,-1.381271926379143161e-13,2.666456443501016338e+02,1.000000000000000000e+00,2.791642942626187960e+02
6.162000000000000455e+01,2.924135850412083696e-13,-1.368394218961198588e-13,2.666456443501016338e+02,1.000000000000000000e+00,2.791642942626187960e+02
6.164000000000000057e+01,2.896895739316273821e-13,-1.355636671283468942e-13,2.666456443501016338e+02,1.000000000000000000e+00,2.791642942626187960e+02
6.166000000000000369e+01,2.869909589782999710e-13,-1.342998163881102768e-13,2.666456443501016338e+02,1.000000000000000000e+00,2.791642942626187960e+02
6.167999999999999972e+01,2.843175026893339241e-13,-1.330477582540576258e-13,2.666456443501016338e+02,1.000000000000000000e+00,2.791642942626187960e+02
6.170000000000000284e+01,2.816689707124436555e-13,-1.318073827792278660e-13,2.666456443501016338e+02,1.000000000000000000e+00,2.791642942626187960e+02
6.171999999999999886e+01,2.790451302742412846e-13,-1.305785807581298764e-13,2.666456443501016338e+02,1.000000000000000000e+00,2.791642942626187960e+02
6.174000000000000199e+01,2.764457509976840430e-13,-1.293612441105936736e-13,2.666456443501016338e+02,1.000000000000000000e+00,2.791642942626187960e+02
6.175999999999999801e+01,2.738706048389772669e-13,-1.281552658521474864e-13,2.666456443501016338e+02,1.000000000000000000e+00,2.791642942626187960e+02
6.178000000000000114e+01,2.713194653251834731e-13,-1.269605397359763329e-13,2.666456443501016338e+02,1.000000000000000000e+00,2.791642942626187960e+02
6.180000000000000426e+01,2.687921089532406941e-13,-1.257769609098915170e-13,2.666456443501016338e+02,1.000000000000000000e+00,2.791642942626187960e+02
6.182000000000000028e+01,2.662883132777376934e-13,-1.246044250183584961e-13,2.666456443501016338e+02,1.000000000000000000e+00,2.791642942626187960e+02
6.184000000000000341e+01,2.638078589871087776e-13,-1.234428291774321765e-13,2.666456443501016338e+02,1.000000000000000000e+00,2.791642942626187960e+02
6.185999999999999943e+01,2.613505278964228893e-13,-1.222920710322116156e-13,2.666456443501016338e+02,1.000000000000000000e+00,2.791642942626187960e+02
6.188000000000000256e+01,2.589161045187352070e-13,-1.211520494946842200e-13,2.666456443501016338e+02,1.000000000000000000e+00,2.791642942626187960e+02
6.189999999999999858e+01,2.565043750589860140e-13,-1.200226642712973963e-13,2.666456443501016338e+02,1.000000000000000000e+00,2.791642942626187960e+02
6.192000000000000171e+01,2.541151276629467714e-13,-1.189038159798299226e-13,2.666456443501016338e+02,1.000000000000000000e+00,2.791642942626187960e+02
6.194000000000000483e+01,2.517481528697631396e-13,-1.177954063618936077e-13,2.666456443501016338e+02,1.000000000000000000e+00,2.791642942626187960e+02
6.196000000000000085e+01,2.494032424564107738e-13,-1.166973377403206565e-13,2.666456443501016338e+02,1.000000000000000000e+00,2.791642942626187960e+02
6.198000000000000398e+01,2.470801910625651168e-13,-1.156095137821210339e-13,2.666456443501016338e+02,1.000000000000000000e+00,2.791642942626187960e+02
6.200000000000000000e+01,2.447787942646533629e-13,-1.145318385941500182e-13,2.666456443501016338e+02,1.000000000000000000e+00,2.791642942626187960e+02
6.202000000000000313e+01,2.424988504518522758e-13,-1.134642176039548828e-13,2.666456443501016338e+02,1.000000000000000000e+00,2.791642942626187960e+02
6.203999999999999915e+01,2.402401592000729446e-13,-1.124065567963005317e-13,2.666456443501016338e+02,1.000000000000000000e+00,2.791642942626187960e+02
6.206000000000000227e+01,2.380025223536165145e-13,-1.113587632210211995e-13,2.666456443501016338e+02,1.000000000000000000e+00,2.791642942626187960e+02
6.207999999999999829e+01,2.357857435507439991e-13,-1.103207447702680174e-13,2.666456443501016338e+02,1.000000000000000000e+00,2.791642942626187960e+02
6.210000000000000142e+01,2.335896279762110940e-13,-1.092924100622958808e-13,2.666456443501016338e+02,1.000000000000000000e+00,2.791642942626187960e+02
6.212000000000000455e+01,2.314139832198115767e-13,-1.082736688445693895e-13,2.666456443501016338e+02,1.000000000000000000e+00,2.791642942626187960e+02
6.214000000000000057e+01,2.292586178630707191e-13,-1.072644313301789870e-13,2.666456443501016338e+02,1.000000000000000000e+00,2.791642942626187960e+02
6.216000000000000369e+01,2.271233431830168970e-13,-1.062646089977734463e-13,2.666456443501016338e+02,1.000000000000000000e+00,2.791642942626187960e+02
6.217999999999999972e+01,2.250079713478183005e-13,-1.052741137443957192e-13,2.666456443501016338e+02,1.000000000000000000e+00,2.791642942626187960e+02
6.220000000000000284e+01,2.229123169913495275e-13,-1.042928586247283023e-13,2.666456443501016338e+02,1.000000000000000000e+00,2.791642942626187960e+02
6.221999999999999886e+01,2.208361960194738575e-13,-1.033207572906501250e-13,2.666456443501016338e+02,1.000000000000000000e+00,2.791642942626187960e+02
6.224000000000000199e+01,2.187794262063622441e-13,-1.023577242711827106e-13,2.666456443501016338e+02,1.000000000000000000e+00,2.791642942626187960e+02
6.225999999999999801e+01,2.167418271975789847e-13,-1.014036749739444449e-13,2.666456443501016338e+02,1.000000000000000000e+00,2.791642942626187960e+02
6.228000000000000114e+01,2.147232198579728957e-13,-1.004585253789772757e-13,2.666456443501016338e+02,1.000000000000000000e+00,2.791642942626187960e+02
6.230000000000000426e+01,2.127234274171207393e-13,-9.952219257650869850e-14,2.666456443501016338e+02,1.000000000000000000e+00,2.791642942626187960e+02
6.232000000000000028e+01,2.107422739342322001e-13,-9.859459404625310382e-14,2.666456443501016338e+02,1.000000000000000000e+00,2.791642942626187960e+02
6.234000000000000341e+01,2.087795859428806455e-13,-9.767564842955423302e-14,2.666456443501016338e+02,1.000000000000000000e+00,2.791642942626187960e+02
6.235999999999999943e+01,2.068351908806150213e-13,-9.676527479214122192e-14,2.666456443501016338e+02,1.000000000000000000e+00,2.791642942626187960e+02
6.238000000000000256e+01,2.049089182982623889e-13,-9.586339319183194734e-14,2.666456443501016338e+02,1.000000000000000000e+00,2.791642942626187960e+02
6.239999999999999858e+01,2.030005991085943325e-13,-9.496992432581914213e-14,2.666456443501016338e+02,1.000000000000000000e+00,2.791642942626187960e+02
6.242000000000000171e+01,2.011100657343467751e-13,-9.408478960013950593e-14,2.666456443501016338e+02,1.000000000000000000e+00,2.791642942626187960e+02
6.244000000000000483e+01,1.992371525133253973e-13,-9.320791131985316315e-14,2.666456443501016338e+02,1.000000000000000000e+00,2.791642942626187960e+02
6.246000000000000085e+01,1.973816947449740851e-13,-9.233921224144688833e-14,2.666456443501016338e+02,1.000000000000000000e+00,2.791642942626187960e+02
6.248000000000000398e+01,1.955435300019482223e-13,-9.147861618853453955e-14,2.666456443501016338e+02,1.000000000000000000e+00,2.791642942626187960e+02
6.250000000000000000e+01,1.937224965979445113e-13,-9.062604733259751501e-14,2.666456443501016338e+02,1.000000000000000000e+00,2.791642942626187960e+02
6.252000000000000313e+01,1.919184350610809212e-13,-8.978143088462147990e-14,2.666456443501016338e+02,1.000000000000000000e+00,2.791642942626187960e+02
6.253999999999999915e+01,1.901311868749082571e-13,-8.894469250409716215e-14,2.666456443501016338e+02,1.000000000000000000e+00,2.791642942626187960e+02
6.256000000000000227e+01,1.883605952953004417e-13,-8.811575868246837191e-14,2.666456443501016338e+02,1.000000000000000000e+00,2.791642942626187960e+02
6.257999999999999829e+01,1.866065050197843452e-13,-8.729455658791497247e-14,2.666456443501016338e+02,1.000000000000000000e+00,2.791642942626187960e+02
6.260000000000000142e+01,1.848687619471030591e-13,-8.648101395247180725e-14,2.666456443501016338e+02,1.000000000000000000e+00,2.791642942626187960e+02
6.262000000000000455e+01,1.831472138955506927e-13,-8.567505940922249748e-14,2.666456443501016338e+02,1.000000000000000000e+00,2.791642942626187960e+02
6.264000000000000057e+01,1.814417094566898002e-13,-8.487662195421960229e-14,2.666456443501016338e+02,1.000000000000000000e+00,2.791642942626187960e+02
6.266000000000000369e+01,1.797520993563324831e-13,-8.408563158532173663e-14,2.666456443501016338e+02,1.000000000000000000e+00,2.791642942626187960e+02
6.267999999999999972e+01,1.780782350311750564e-13,-8.330201863407138698e-14,2.666456443501016338e+02,1.000000000000000000e+00,2.791642942626187960e+02
6.270000000000000284e+01,1.764199698538550101e-13,-8.252571434071084699e-14,2.666456443501016338e+02,1.000000000000000000e+00,2.791642942626187960e+02
6.271999999999999886e+01,1.747771582217795296e-13,-8.175665042649508043e-14,2.666456443501016338e+02,1.000000000000000000e+00,2.791642942626187960e+02
6.274000000000000199e+01,1.731496559886655815e-13,-8.099475929623198582e-14,2.666456443501016338e+02,1.000000000000000000e+00,2.791642942626187960e+02
6.275999999999999801e+01,1.715373205088608959e-13,-8.023997405908956833e-14,2.666456443501016338e+02,1.000000000000000000e+00,2.791642942626187960e+02
6.278000000000000114e+01,1.699400100831587294e-13,-7.949222826846289689e-14,2.666456443501016338e+02,1.000000000000000000e+00,2.791642942626187960e+02
6.280000000000000426e+01,1.683575848947383902e-13,-7.875145636127361455e-14,2.666456443501016338e+02,1.000000000000000000e+00,2.791642942626187960e+02
6.282000000000000028e+01,1.667899057782109547e-13,-7.801759308019792475e-14,2.666456443501016338e+02,1.000000000000000000e+00,2.791642942626187960e+02
6.284000000000000341e+01,1.652368355212495809e-13,-7.729057408459022584e-14,2.666456443501016338e+02,1.000000000000000000e+00,2.791642942626187960e+02
6.285999999999999943e+01,1.636982376373132101e-13,-7.657033537445559067e-14,2.666456443501016338e+02,1.000000000000000000e+00,2.791642942626187960e+02
6.288000000000000256e+01,1.621739772947274858e-13,-7.585681372649993997e-14,2.666456443501016338e+02,1.000000000000000000e+00,2.791642942626187960e+02
6.289999999999999858e+01,1.606639207580400668e-13,-7.514994643193682289e-14,2.666456443501016338e+02,1.000000000000000000e+00,2.791642942626187960e+02
6.292000000000000171e+01,1.591679354663451249e-13,-7.444967133323312597e-14,2.666456443501016338e+02,1.000000000000000000e+00,2.791642942626187960e+02
6.294000000000000483e+01,1.576858903907196791e-13,-7.375592699187000024e-14,2.666456443501016338e+02,1.000000000000000000e+00,2.791642942626187960e+02
6.296000000000000085e+01,1.562176552495530946e-13,-7.306865232006023206e-14,2.666456443501016338e+02,1.000000000000000000e+00,2.791642942626187960e+02
6.298000000000000398e+01,1.547631015658389259e-13,-7.238778707696246480e-14,2.666456443501016338e+02,1.000000000000000000e+00,2.791642942626187960e+02
6.300000000000000000e+01,1.533221014494332591e-13,-7.171327129716153253e-14,2.666456443501016338e+02,1.000000000000000000e+00,2.791642942626187960e+02
6.302000000000000313e+01,1.518945287530773311e-13,-7.104504583320280187e-14,2.666456443501016338e+02,1.000000000000000000e+00,2.791642942626187960e+02
6.303999999999999915e+01,1.504802580989212112e-13,-7.038305189872702635e-14,2.666456443501016338e+02,1.000000000000000000e+00,2.791642942626187960e+02
6.306000000000000227e+01,1.490791654935260231e-13,-6.972723135708356523e-14,2.666456443501016338e+02,1.000000000000000000e+00,2.791642942626187960e+02
6.307999999999999829e+01,1.476911281017695935e-13,-6.907752661522688779e-14,2.666456443501016338e+02,1.000000000000000000e+00,2.791642942626187960e+02
6.310000000000000142e+01,1.463160240214733598e-13,-6.843388051793546298e-14,2.666456443501016338e+02,1.000000000000000000e+00,2.791642942626187960e+02
6.312000000000000455e+01,1.449537328821292936e-13,-6.779623662879382812e-14,2.666456443501016338e+02,1.000000000000000000e+00,2.791642942626187960e+02
6.314000000000000057e+01,1.436041349165967612e-13,-6.716453879453833533e-14,2.666456443501016338e+02,1.000000000000000000e+00,2.791642942626187960e+02
6.316000000000000369e+01,1.422671120470645761e-13,-6.653873165468179410e-14,2.666456443501016338e+02,1.000000000000000000e+00,2.791642942626187960e+02
6.317999999999999972e+01,1.409425467633596063e-13,-6.591876011511971582e-14,2.666456443501016338e+02,1.000000000000000000e+00,2.791642942626187960e+02
6.320000000000000284e+01,1.396303230749024115e-13,-6.530456979485338399e-14,2.666456443501016338e+02,1.000000000000000000e+00,2.791642942626187960e+02
6.321999999999999886e+01,1.383303258167193961e-13,-6.469610670032118810e-14,2.666456443501016338e+02,1.000000000000000000e+00,2.791642942626187960e+02
6.324000000000000199e+01,1.370424409587606725e-13,-6.409331737053962704e-14,2.666456443501016338e+02,1.000000000000000000e+00,2.791642942626187960e+02
6.325999999999999801e+01,1.357665556740308096e-13,-6.349614890907797459e-14,2.666456443501016338e+02,1.000000000000000000e+00,2.791642942626187960e+02
6.328000000000000114e+01,1.345025578702500908e-13,-6.290454876427365434e-14,2.666456443501016338e+02,1.000000000000000000e+00,2.791642942626187960e+02
6.330000000000000426e+01,1.332503369531663972e-13,-6.231846508742196786e-14,2.666456443501016338e+02,1.000000000000000000e+00,2.791642942626187960e+02
6.332000000000000028e+01,1.320097828405628351e-13,-6.173784627008978680e-14,2.666456443501016338e+02,1.000000000000000000e+00,2.791642942626187960e+02
6.334000000000000341e+01,1.307807869913434469e-13,-6.116264142700710034e-14,2.666456443501016338e+02,1.000000000000000000e+00,2.791642942626187960e+02
6.335999999999999943e+01,1.295632414474749201e-13,-6.059279994650299817e-14,2.666456443501016338e+02,1.000000000000000000e+00,2.791642942626187960e+02
6.338000000000000256e+01,1.283570395464886095e-13,-6.002827182482985726e-14,2.666456443501016338e+02,1.000000000000000000e+00,2.791642942626187960e+02
6.339999999999999858e+01,1.271620755081480683e-13,-5.946900747221572886e-14,2.666456443501016338e+02,1.000000000000000000e+00,2.791642942626187960e+02
6.342000000000000171e+01,1.259782444657009658e-13,-5.891495772751725946e-14,2.666456443501016338e+02,1.000000000000000000e+00,2.791642942626187960e+02
6.344000000000000483e+01,1.248054427776238661e-13,-5.836607400450085683e-14,2.666456443501016338e+02,1.000000000000000000e+00,2.791642942626187960e+02
6.346000000000000085e+01,1.236435673833581388e-13,-5.782230798953060509e-14,2.666456443501016338e+02,1.000000000000000000e+00,2.791642942626187960e+02
6.348000000000000398e+01,1.224925166545353540e-13,-5.728361204097692180e-14,2.666456443501016338e+02,1.000000000000000000e+00,2.791642942626187960e+02
6.350000000000000000e+01,1.213521894280552500e-13,-5.674993873551938953e-14,2.666456443501016338e+02,1.000000000000000000e+00,2.791642942626187960e+02
6.352000000000000313e+01,1.202224859121960057e-13,-5.622124129329546466e-14,2.666456443501016338e+02,1.000000000000000000e+00,2.791642942626187960e+02
6.353999999999999915e+01,1.191033069349737124e-13,-5.569747322522783409e-14,2.666456443501016338e+02,1.000000000000000000e+00,2.791642942626187960e+02
6.356000000000000227e+01,1.179945544055517360e-13,-5.517858854950761965e-14,2.666456443501016338e+02,1.000000000000000000e+00,2.791642942626187960e+02
6.357999999999999829e+01,1.168961311635785838e-13,-5.466454172090715246e-14,2.666456443501016338e+02,1.000000000000000000e+00,2.791642942626187960e+02
6.360000000000000142e+01,1.158079407732340433e-13,-5.415528753413785403e-14,2.666456443501016338e+02,1.000000000000000000e+00,2.791642942626187960e+02
6.362000000000000455e+01,1.147298880205471400e-13,-5.365078135718689857e-14,2.666456443501016338e+02,1.000000000000000000e+00,2.791642942626187960e+02
6.364000000000000057e+01,1.136618781627111395e-13,-5.315097877910121285e-14,2.666456443501016338e+02,1.000000000000000000e+00,2.791642942626187960e+02
6.366000000000000369e+01,1.126038177936516845e-13,-5.265583601609105700e-14,2.666456443501016338e+02,1.000000000000000000e+00,2.791642942626187960e+02
6.367999999999999972e+01,1.115556139609763897e-13,-5.216530949722276993e-14,2.666456443501016338e+02,1.000000000000000000e+00,2.791642942626187960e+02
6.370000000000000284e+01,1.105171749047617848e-13,-5.167935621102839810e-14,2.666456443501016338e+02,1.000000000000000000e+00,2.791642942626187960e+02
6.371999999999999886e+01,1.094884095302248536e-13,-5.119793345810259569e-14,2.666456443501016338e+02,1.000000000000000000e+00,2.791642942626187960e+02
6.374000000000000199e+01,1.084692276268593547e-13,-5.072099895390333643e-14,2.666456443501016338e+02,1.000000000000000000e+00,2.791642942626187960e+02
6.375999999999999801e+01,1.074595399484274906e-13,-5.024851086628301871e-14,2.666456443501016338e+02,1.000000000000000000e+00,2.791642942626187960e+02
6.378000000000000114e+01,1.064592578191013480e-13,-4.978042763069971710e-14,2.666456443501016338e+02,1.000000000000000000e+00,2.791642942626187960e+02
6.380000000000000426e+01,1.054682937548816767e-13,-4.931670824175523223e-14,2.666456443501016338e+02,1.000000000000000000e+00,2.791642942626187960e+02
6.382000000000000028e+01,1.044865606746587165e-13,-4.885731188306336537e-14,2.666456443501016338e+02,1.000000000000000000e+00,2.791642942626187960e+02
6.384000000000000341e+01,1.035139727130244469e-13,-4.840219830856885900e-14,2.666456443501016338e+02,1.000000000000000000e+00,2.791642942626187960e+02
6.385999999999999943e+01,1.025504444732266489e-13,-4.795132749208044648e-14,2.666456443501016338e+02,1.000000000000000000e+00,2.791642942626187960e+02
6.388000000000000256e+01,1.015958915725309659e-13,-4.750465988310982214e-14,2.666456443501016338e+02,1.000000000000000000e+00,2.791642942626187960e+02
6.389999999999999858e+01,1.006502303381192532e-13,-4.706215626421112588e-14,2.666456443501016338e+02,1.000000000000000000e+00,2.791642942626187960e+02
6.392000000000000171e+01,9.971337780750680311e-14,-4.662377775116779585e-14,2.666456443501016338e+02,1.000000000000000000e+00,2.791642942626187960e+02
6.394000000000000483e+01,9.878525199786410314e-14,-4.618948591933830448e-14,2.666456443501016338e+02,1.000000000000000000e+00,2.791642942626187960e+02
6.396000000000000085e+01,9.786577137818997882e-14,-4.575924255603763644e-14,2.666456443501016338e+02,1.000000000000000000e+00,2.791642942626187960e+02
6.398000000000000398e+01,9.695485555378638510e-14,-4.533300998163051101e-14,2.666456443501016338e+02,1.000000000000000000e+00,2.791642942626187960e+02
6.400000000000000000e+01,9.605242449922160936e-14,-4.491075068970629466e-14,2.666456443501016338e+02,1.000000000000000000e+00,2.791642942626187960e+02
6.401999999999999602e+01,9.515839926782776854e-14,-4.449242767990063497e-14,2.666456443501016338e+02,1.000000000000000000e+00,2.791642942626187960e+02
6.404000000000000625e+01,9.427270141220806883e-14,-4.407800418605714184e-14,2.666456443501016338e+02,1.000000000000000000e+00,2.791642942626187960e+02
6.406000000000000227e+01,9.339525332908596204e-14,-4.366744383798607394e-14,2.666456443501016338e+02,1.000000000000000000e+00,2.791642942626187960e+02
6.407999999999999829e+01,9.252597816249824311e-14,-4.326071061605537828e-14,2.666456443501016338e+02,1.000000000000000000e+00,2.791642942626187960e+02
6.409999999999999432e+01,9.166479961912651139e-14,-4.285776876455750590e-14,2.666456443501016338e+02,1.000000000000000000e+00,2.791642942626187960e+02
6.412000000000000455e+01,9.081164238009083040e-14,-4.245858298487486616e-14,2.666456443501016338e+02,1.000000000000000000e+00,2.791642942626187960e+02
6.414000000000000057e+01,8.996643149474822730e-14,-4.206311815111940760e-14,2.666456443501016338e+02,1.000000000000000000e+00,2.791642942626187960e+02
6.415999999999999659e+01,8.912909306983834854e-14,-4.167133963338951529e-14,2.666456443501016338e+02,1.000000000000000000e+00,2.791642942626187960e+02
6.418000000000000682e+01,8.829955357503239279e-14,-4.128321297202341798e-14,2.666456443501016338e+02,1.000000000000000000e+00,2.791642942626187960e+02
6.420000000000000284e+01,8.747774041551925401e-14,-4.089870414617292906e-14,2.666456443501016338e+02,1.000000000000000000e+00,2.791642942626187960e+02
6.421999999999999886e+01,8.666358153232967401e-14,-4.051777938633277929e-14,2.666456443501016338e+02,1.000000000000000000e+00,2.791642942626187960e+02
6.423999999999999488e+01,8.585700555533885679e-14,-4.014040524609991060e-14,2.666456443501016338e+02,1.000000000000000000e+00,2.791642942626187960e+02
6.426000000000000512e+01,8.505794188711874773e-14,-3.976654864150628289e-14,2.666456443501016338e+02,1.000000000000000000e+00,2.791642942626187960e+02
6.428000000000000114e+01,8.426632037314991066e-14,-3.939617669632590729e-14,2.666456443501016338e+02,1.000000000000000000e+00,2.791642942626187960e+02
6.429999999999999716e+01,8.348207180686938871e-14,-3.902925697896412153e-14,2.666456443501016338e+02,1.000000000000000000e+00,2.791642942626187960e+02
6.432000000000000739e+01,8.270512729906067358e-14,-3.866575720667301335e-14,2.666456443501016338e+02,1.000000000000000000e+00,2.791642942626187960e+02
6.434000000000000341e+01,8.193541891922225918e-14,-3.830564554637223652e-14,2.666456443501016338e+02,1.000000000000000000e+00,2.791642942626187960e+02
6.435999999999999943e+01,8.117287911372961160e-14,-3.794889034174877799e-14,2.666456443501016338e+02,1.000000000000000000e+00,2.791642942626187960e+02
6.437999999999999545e+01,8.041744112241604078e-14,-3.759546030863823406e-14,2.666456443501016338e+02,1.000000000000000000e+00,2.791642942626187960e+02
6.440000000000000568e+01,7.966903875628474831e-14,-3.724532443076842933e-14,2.666456443501016338e+02,1.000000000000000000e+00,2.791642942626187960e+02
6.442000000000000171e+01,7.892760637861896617e-14,-3.689845195089283466e-14,2.666456443501016338e+02,1.000000000000000000e+00,2.791642942626187960e+02
6.443999999999999773e+01,7.819307913580587612e-14,-3.655481247905146499e-14,2.666456443501016338e+02,1.000000000000000000e+00,2.791642942626187960e+02
6.446000000000000796e+01,7.746539252578710871e-14,-3.621437579016460110e-14,2.666456443501016338e+02,1.000000000000000000e+00,2.791642942626187960e+02
6.448000000000000398e+01,7.674448294778822855e-14,-3.587711208185785277e-14,2.666456443501016338e+02,1.000000000000000000e+00,2.791642942626187960e+02
6.450000000000000000e+01,7.603028709441901190e-14,-3.554299168935410773e-14,2.666456443501016338e+02,1.000000000000000000e+00,2.791642942626187960e+02
6.451999999999999602e+01,7.532274250664260922e-14,-3.521198534574820985e-14,2.666456443501016338e+02,1.000000000000000000e+00,2.791642942626187960e+02
6.454000000000000625e+01,7.462178712770343041e-14,-3.488406397280288982e-14,2.666456443501016338e+02,1.000000000000000000e+00,2.791642942626187960e+02
6.456000000000000227e+01,7.392735955974833047e-14,-3.455919880129500569e-14,2.666456443501016338e+02,1.000000000000000000e+00,2.791642942626187960e+02
6.457999999999999829e+01,7.323939900500301881e-14,-3.423736134342986586e-14,2.666456443501016338e+02,1.000000000000000000e+00,2.791642942626187960e+02
6.459999999999999432e+01,7.255784510260226472e-14,-3.391852331631161751e-14,2.666456443501016338e+02,1.000000000000000000e+00,2.791642942626187960e+02
6.462000000000000455e+01,7.188263826859977701e-14,-3.360265680140051032e-14,2.666456443501016338e+02,1.000000000000000000e+00,2.791642942626187960e+02
6.464000000000000057e+01,7.121371920709805011e-14,-3.328973401524230725e-14,2.666456443501016338e+02,1.000000000000000000e+00,2.791642942626187960e+02
6.465999999999999659e+01,7.055102945833257585e-14,-3.297972756650023951e-14,2.666456443501016338e+02,1.000000000000000000e+00,2.791642942626187960e+02
6.468000000000000682e+01,6.989451085312818029e-14,-3.267261020011360049e-14,2.666456443501016338e+02,1.000000000000000000e+00,2.791642942626187960e+02
6.470000000000000284e+01,6.924410595604474225e-14,-3.236835500511062410e-14,2.666456443501016338e+02,1.000000000000000000e+00,2.791642942626187960e+02
6.471999999999999886e+01,6.859975776329953249e-14,-3.206693527294849744e-14,2.666456443501016338e+02,1.000000000000000000e+00,2.791642942626187960e+02
6.473999999999999488e+01,6.796140980760383667e-14,-3.176832454667080527e-14,2.666456443501016338e+02,1.000000000000000000e+00,2.791642942626187960e+02
6.476000000000000512e+01,6.732900624070967600e-14,-3.147249665961897302e-14,2.666456443501016338e+02,1.000000000000000000e+00,2.791642942626187960e+02
6.478000000000000114e+01,6.670249155832888516e-14,-3.117942560642979253e-14,2.666456443501016338e+02,1.000000000000000000e+00,2.791642942626187960e+02
6.479999999999999716e+01,6.608181100995396352e-14,-3.088908573521632100e-14,2.666456443501016338e+02,1.000000000000000000e+00,2.791642942626187960e+02
6.482000000000000739e+01,6.546691009531218010e-14,-3.060145151143466270e-14,2.666456443501016338e+02,1.000000000000000000e+00,2.791642942626187960e+02
6.484000000000000341e+01,6.485773506995907385e-14,-3.031649775496977153e-14,2.666456443501016338e+02,1.000000000000000000e+00,2.791642942626187960e+02
6.485999999999999943e+01,6.425423249265589033e-14,-3.003419942788826562e-14,2.666456443501016338e+02,1.000000000000000000e+00,2.791642942626187960e+02
6.487999999999999545e+01,6.365634954287933082e-14,-2.975453178332118726e-14,2.666456443501016338e+02,1.000000000000000000e+00,2.791642942626187960e+02
6.490000000000000568e+01,6.306403385957438217e-14,-2.947747028985346483e-14,2.666456443501016338e+02,1.000000000000000000e+00,2.791642942626187960e+02
6.492000000000000171e+01,6.247723351101680099e-14,-2.920299061738664813e-14,2.666456443501016338e+02,1.000000000000000000e+00,2.791642942626187960e+02
6.493999999999999773e+01,6.189589719131330386e-14,-2.893106872928079038e-14,2.666456443501016338e+02,1.000000000000000000e+00,2.791642942626187960e+02
6.496000000000000796e+01,6.131997386824074320e-14,-2.866168071721997983e-14,2.666456443501016338e+02,1.000000000000000000e+00,2.791642942626187960e+02
6.498000000000000398e+01,6.074941322423491598e-14,-2.839480300799203432e-14,2.666456443501016338e+02,1.000000000000000000e+00,2.791642942626187960e+02
6.500000000000000000e+01,6.018416517507509719e-14,-2.813041213779876953e-14,2.666456443501016338e+02,1.000000000000000000e+00,2.791642942626187960e+02
6.501999999999999602e+01,5.962418030351241029e-14,-2.786848495557857375e-14,2.666456443501016338e+02,1.000000000000000000e+00,2.791642942626187960e+02
6.504000000000000625e+01,5.906940951646883141e-14,-2.760899846227080144e-14,2.666456443501016338e+02,1.000000000000000000e+00,2.791642942626187960e+02
6.506000000000000227e+01,5.851980423507298628e-14,-2.735192989991612626e-14,2.666456443501016338e+02,1.000000000000000000e+00,2.791642942626187960e+02
6.507999999999999829e+01,5.797531636220373678e-14,-2.709725673643954991e-14,2.666456443501016338e+02,1.000000000000000000e+00,2.791642942626187960e+02
6.509999999999999432e+01,5.743589814000280467e-14,-2.684495659883661604e-14,2.666456443501016338e+02,1.000000000000000000e+00,2.791642942626187960e+02
6.512000000000000455e+01,5.690150242988233836e-14,-2.659500740446186148e-14,2.666456443501016338e+02,1.000000000000000000e+00,2.791642942626187960e+02
6.514000000000000057e+01,5.637208231878461888e-14,-2.634738717641304283e-14,2.666456443501016338e+02,1.000000000000000000e+00,2.791642942626187960e+02
6.515999999999999659e+01,5.584759155461178467e-14,-2.610207424768734162e-14,2.666456443501016338e+02,1.000000000000000000e+00,2.791642942626187960e+02
6.518000000000000682e+01,5.532798411812435327e-14,-2.585904706046038014e-14,2.666456443501016338e+02,1.000000000000000000e+00,2.791642942626187960e+02
6.520000000000000284e+01,5.481321456540443309e-14,-2.561828432664890649e-14,2.666456443501016338e+02,1.000000000000000000e+00,2.791642942626187960e+02
6.521999999999999886e+01,5.430323780023913572e-14,-2.537976492119286769e-14,2.666456443501016338e+02,1.000000000000000000e+00,2.791642942626187960e+02
6.523999999999999488e+01,5.379800914417120346e-14,-2.514346791489403891e-14,2.666456443501016338e+02,1.000000000000000000e+00,2.791642942626187960e+02
6.526000000000000512e+01,5.329748441456542917e-14,-2.490937261101811240e-14,2.666456443501016338e+02,1.000000000000000000e+00,2.791642942626187960e+02
6.528000000000000114e+01,5.280161969595482378e-14,-2.467745843808848466e-14,2.666456443501016338e+02,1.000000000000000000e+00,2.791642942626187960e+02
6.529999999999999716e+01,5.231037167208517172e-14,-2.444770510556082165e-14,2.666456443501016338e+02,1.000000000000000000e+00,2.791642942626187960e+02
6.532000000000000739e+01,5.182369722423182271e-14,-2.422009241549860411e-14,2.666456443501016338e+02,1.000000000000000000e+00,2.791642942626187960e+02
6.534000000000000341e+01,5.134155382937349132e-14,-2.399460044924630707e-14,2.666456443501016338e+02,1.000000000000000000e+00,2.791642942626187960e+02
6.535999999999999943e+01,5.086389920851916981e-14,-2.377120940255620839e-14,2.666456443501016338e+02,1.000000000000000000e+00,2.791642942626187960e+02
6.537999999999999545e+01,5.039069156813746203e-14,-2.354989969877171871e-14,2.666456443501016338e+02,1.000000000000000000e+00,2.791642942626187960e+02
6.540000000000000568e+01,4.992188948424655583e-14,-2.333065193448773919e-14,2.666456443501016338e+02,1.000000000000000000e+00,2.791642942626187960e+02
6.542000000000000171e+01,4.945745186657226476e-14,-2.311344686274344986e-14,2.666456443501016338e+02,1.000000000000000000e+00,2.791642942626187960e+02
6.543999999999999773e+01,4.899733812485612585e-14,-2.289826547098960437e-14,2.666456443501016338e+02,1.000000000000000000e+00,2.791642942626187960e+02
6.546000000000000796e+01,4.854150788199643712e-14,-2.268508884660463991e-14,2.666456443501016338e+02,1.000000000000000000e+00,2.791642942626187960e+02
6.548000000000000398e+01,4.808992132739780665e-14,-2.247389834254434434e-14,2.666456443501016338e+02,1.000000000000000000e+00,2.791642942626187960e+02
6.550000000000000000e+01,4.764253883624727813e-14,-2.226467539885850443e-14,2.666456443501016338e+02,1.000000000000000000e+00,2.791642942626187960e+02
6.551999999999999602e+01,4.719932130795918619e-14,-2.205740170134878208e-14,2.666456443501016338e+02,1.000000000000000000e+00,2.791642942626187960e+02
6.554000000000000625e+01,4.676022990319743683e-14,-2.185205905828806900e-14,2.666456443501016338e+02,1.000000000000000000e+00,2.791642942626187960e+02
6.556000000000000227e+01,4.632522618382026511e-14,-2.164862946602073020e-14,2.666456443501016338e+02,1.000000000000000000e+00,2.791642942626187960e+02
6.557999999999999829e+01,4.589427209835683882e-14,-2.144709510215525502e-14,2.666456443501016338e+02,1.000000000000000000e+00,2.791642942626187960e+02
6.559999999999999432e+01,4.546732985877443084e-14,-2.124743826779202872e-14,2.666456443501016338e+02,1.000000000000000000e+00,2.791642942626187960e+02
6.562000000000000455e+01,4.504436217051808454e-14,-2.104964149535980413e-14,2.666456443501016338e+02,1.000000000000000000e+00,2.791642942626187960e+02
6.564000000000000057e+01,4.462533191578106712e-14,-2.085368740014059979e-14,2.666456443501016338e+02,1.000000000000000000e+00,2.791642942626187960e+02
6.565999999999999659e+01,4.421020249907286751e-14,-2.065955884225833936e-14,2.666456443501016338e+02,1.000000000000000000e+00,2.791642942626187960e+02
6.568000000000000682e+01,4.379893751164265193e-14,-2.046723876937322504e-14,2.666456443501016338e+02,1.000000000000000000e+00,2.791642942626187960e+02
6.570000000000000284e+01,4.339150099572942868e-14,-2.027671034054789114e-14,2.666456443501016338e+02,1.000000000000000000e+00,2.791642942626187960e+02
6.571999999999999886e+01,4.298785727362826560e-14,-2.008795684612238233e-14,2.666456443501016338e+02,1.000000000000000000e+00,2.791642942626187960e+02
6.573999999999999488e+01,4.258797099286774831e-14,-1.990096172888755893e-14,2.666456443501016338e+02,1.000000000000000000e+00,2.791642942626187960e+02
6.576000000000000512e+01,4.219180719801050944e-14,-1.971570861774186327e-14,2.666456443501016338e+02,1.000000000000000000e+00,2.791642942626187960e+02
6.578000000000000114e+01,4.179933114118685044e-14,-1.953218123887787216e-14,2.666456443501016338e+02,1.000000000000000000e+00,2.791642942626187960e+02
6.579999999999999716e+01,4.141050855073381925e-14,-1.935036354170294726e-14,2.666456443501016338e+02,1.000000000000000000e+00,2.791642942626187960e+02
6.582000000000000739e+01,4.102530531108345085e-14,-1.917023954879088899e-14,2.666456443501016338e+02,1.000000000000000000e+00,2.791642942626187960e+02
6.584000000000000341e+01,4.064368777603341762e-14,-1.899179350271903183e-14,2.666456443501016338e+02,1.000000000000000000e+00,2.791642942626187960e+02
6.585999999999999943e+01,4.026562249585281076e-14,-1.881500973815599787e-14,2.666456443501016338e+02,1.000000000000000000e+00,2.791642942626187960e+02
6.587999999999999545e+01,3.989107640039310793e-14,-1.863987276768660780e-14,2.666456443501016338e+02,1.000000000000000000e+00,2.791642942626187960e+02
6.590000000000000568e+01,3.952001671668120714e-14,-1.846636724318711485e-14,2.666456443501016338e+02,1.000000000000000000e+00,2.791642942626187960e+02
6.592000000000000171e+01,3.915241093109408277e-14,-1.829447793809283272e-14,2.666456443501016338e+02,1.000000000000000000e+00,2.791642942626187960e+02
6.593999999999999773e+01,3.878822692939952553e-14,-1.812418981303688809e-14,2.666456443501016338e+02,1.000000000000000000e+00,2.791642942626187960e+02
6.596000000000000796e+01,3.842743276348804790e-14,-1.795548790651404239e-14,2.666456443501016338e+02,1.000000000000000000e+00,2.791642942626187960e+02
6.598000000000000398e+01,3.806999693417878032e-14,-1.778835746743131729e-14,2.666456443501016338e+02,1.000000000000000000e+00,2.791642942626187960e+02
6.600000000000000000e+01,3.771588809035667512e-14,-1.762278381409364268e-14,2.666456443501016338e+02,1.000000000000000000e+00,2.791642942626187960e+02
6.601999999999999602e+01,3.736507529282696607e-14,-1.745875245786844685e-14,2.666456443501016338e+02,1.000000000000000000e+00,2.791642942626187960e+02
6.604000000000000625e+01,3.701752781294855206e-14,-1.729624900880769468e-14,2.666456443501016338e+02,1.000000000000000000e+00,2.791642942626187960e+02
6.606000000000000227e+01,3.667321523502924074e-14,-1.713525922363611712e-14,2.666456443501016338e+02,1.000000000000000000e+00,2.791642942626187960e+02
6.607999999999999829e+01,3.633210745366488278e-14,-1.697576900450476369e-14,2.666456443501016338e+02,1.000000000000000000e+00,2.791642942626187960e+02
6.609999999999999432e+01,3.599417456801409401e-14,-1.681776434943730055e-14,2.666456443501016338e+02,1.000000000000000000e+00,2.791642942626187960e+02
6.612000000000000455e+01,3.565938707036632920e-14,-1.666123144070688652e-14,2.666456443501016338e+02,1.000000000000000000e+00,2.791642942626187960e+02
6.614000000000000057e+01,3.532771559166366554e-14,-1.650615652556835596e-14,2.666456443501016338e+02,1.000000000000000000e+00,2.791642942626187960e+02
6.615999999999999659e+01,3.499913117547056045e-14,-1.635252604465723975e-14,2.666456443501016338e+02,1.000000000000000000e+00,2.791642942626187960e+02
6.618000000000000682e+01,3.467360501521258924e-14,-1.620032650884326421e-14,2.666456443501016338e+02,1.000000000000000000e+00,2.791642942626187960e+02
6.620000000000000284e+01,3.435110865774929703e-14,-1.604954459463408454e-14,2.666456443501016338e+02,1.000000000000000000e+00,2.791642942626187960e+02
6.621999999999999886e+01,3.403161387548589267e-14,-1.590016708424041955e-14,2.666456443501016338e+02,1.000000000000000000e+00,2.791642942626187960e+02
6.623999999999999488e+01,3.371509269398249058e-14,-1.575218087851248064e-14,2.666456443501016338e+02,1.000000000000000000e+00,2.791642942626187960e+02
6.626000000000000512e+01,3.340151745665002617e-14,-1.560557302725992273e-14,2.666456443501016338e+02,1.000000000000000000e+00,2.791642942626187960e+02
6.628000000000000114e+01,3.309086066820472824e-14,-1.546033065588582058e-14,2.666456443501016338e+02,1.000000000000000000e+00,2.791642942626187960e+02
6.629999999999999716e+01,3.278309521170689605e-14,-1.531644106709902699e-14,2.666456443501016338e+02,1.000000000000000000e+00,2.791642942626187960e+02
6.632000000000000739e+01,3.247819409370331004e-14,-1.517389162147807905e-14,2.666456443501016338e+02,1.000000000000000000e+00,2.791642942626187960e+02
6.634000000000000341e+01,3.217613069045632365e-14,-1.503266985286009470e-14,2.666456443501016338e+02,1.000000000000000000e+00,2.791642942626187960e+02
6.635999999999999943e+01,3.187687853645717131e-14,-1.489276336923261783e-14,2.666456443501016338e+02,1.000000000000000000e+00,2.791642942626187960e+02
6.637999999999999545e+01,3.158041146292061045e-14,-1.475415991763294311e-14,2.666456443501016338e+02,1.000000000000000000e+00,2.791642942626187960e+02
6.640000000000000568e+01,3.128670353999251716e-14,-1.461684735706612664e-14,2.666456443501016338e+02,1.000000000000000000e+00,2.791642942626187960e+02
6.642000000000000171e+01,3.099572903935708413e-14,-1.448081364097973729e-14,2.666456443501016338e+02,1.000000000000000000e+00,2.791642942626187960e+02
6.643999999999999773e+01,3.070746255163107421e-14,-1.434604687227636567e-14,2.666456443501016338e+02,1.000000000000000000e+00,2.791642942626187960e+02
6.646000000000000796e+01,3.042187879698211543e-14,-1.421253521456632419e-14,2.666456443501016338e+02,1.000000000000000000e+00,2.791642942626187960e+02
6.648000000000000398e+01,3.013895285122047734e-14,-1.408026699811426673e-14,2.666456443501016338e+02,1.000000000000000000e+00,2.791642942626187960e+02
6.650000000000000000e+01,2.985865990828007017e-14,-1.394923060853738518e-14,2.666456443501016338e+02,1.000000000000000000e+00,2.791642942626187960e+02
6.651999999999999602e+01,2.958097548567953320e-14,-1.381941458308181078e-14,2.666456443501016338e+02,1.000000000000000000e+00,2.791642942626187960e+02
6.654000000000000625e+01,2.930587527063858261e-14,-1.369080753851432026e-14,2.666456443501016338e+02,1.000000000000000000e+00,2.791642942626187960e+02
6.656000000000000227e+01,2.903333519443591419e-14,-1.356339820596329757e-14,2.666456443501016338e+02,1.000000000000000000e+00,2.791642942626187960e+02
6.657999999999999829e+01,2.876333143728779056e-14,-1.343717543320524874e-14,2.666456443501016338e+02,1.000000000000000000e+00,2.791642942626187960e+02
6.659999999999999432e+01,2.849584033826157729e-14,-1.331212814245004969e-14,2.666456443501016338e+02,1.000000000000000000e+00,2.791642942626187960e+02
6.662000000000000455e+01,2.823083854952829164e-14,-1.318824540261998744e-14,2.666456443501016338e+02,1.000000000000000000e+00,2.791642942626187960e+02
6.664000000000000057e+01,2.796830283213536521e-14,-1.306551633365333241e-14,2.666456443501016338e+02,1.000000000000000000e+00,2.791642942626187960e+02
6.665999999999999659e+01,2.770821027299303117e-14,-1.294393020817629602e-14,2.666456443501016338e+02,1.000000000000000000e+00,2.791642942626187960e+02
6.668000000000000682e+01,2.745053807935564589e-14,-1.282347635520408358e-14,2.666456443501016338e+02,1.000000000000000000e+00,2.791642942626187960e+02
6.670000000000000284e+01,2.719526373538575790e-14,-1.270414423349882907e-14,2.666456443501016338e+02,1.000000000000000000e+00,2.791642942626187960e+02
6.671999999999999886e+01,2.694236490686998151e-14,-1.258592338692396804e-14,2.666456443501016338e+02,1.000000000000000000e+00,2.791642942626187960e+02
6.673999999999999488e+01,2.669181945660928494e-14,-1.246880345165335657e-14,2.666456443501016338e+02,1.000000000000000000e+00,2.791642942626187960e+02
6.676000000000000512e+01,2.644360550180137945e-14,-1.235277418305806485e-14,2.666456443501016338e+02,1.000000000000000000e+00,2.791642942626187960e+02
6.678000000000000114e+01,2.619770128503533885e-14,-1.223782539525989136e-14,2.666456443501016338e+02,1.000000000000000000e+00,2.791642942626187960e+02
6.679999999999999716e+01,2.595408534940677710e-14,-1.212394704317972383e-14,2.666456443501016338e+02,1.000000000000000000e+00,2.791642942626187960e+02
6.682000000000000739e+01,2.571273633580770094e-14,-1.201112912755947987e-14,2.666456443501016338e+02,1.000000000000000000e+00,2.791642942626187960e+02
6.684000000000000341e+01,2.547363317626895924e-14,-1.189936178554830786e-14,2.666456443501016338e+02,1.000000000000000000e+00,2.791642942626187960e+02
6.685999999999999943e+01,2.523675493028479813e-14,-1.178863521401585487e-14,2.666456443501016338e+02,1.000000000000000000e+00,2.791642942626187960e+02
6.687999999999999545e+01,2.500208088924447639e-14,-1.167893971847934642e-14,2.666456443501016338e+02,1.000000000000000000e+00,2.791642942626187960e+02
6.690000000000000568e+01,2.476959053660262471e-14,-1.157026569444296495e-14,2.666456443501016338e+02,1.000000000000000000e+00,2.791642942626187960e+02
6.692000000000000171e+01,2.453926351241150091e-14,-1.146260361077871997e-14,2.666456443501016338e+02,1.000000000000000000e+00,2.791642942626187960e+02
6.693999999999999773e+01,2.431107971133892953e-14,-1.135594405564941293e-14,2.666456443501016338e+02,1.000000000000000000e+00,2.791642942626187960e+02
6.696000000000000796e+01,2.408501912915371988e-14,-1.125027766458419525e-14,2.666456443501016338e+02,1.000000000000000000e+00,2.791642942626187960e+02
6.698000000000000398e+01,2.386106204327612048e-14,-1.114559520506705986e-14,2.666456443501016338e+02,1.000000000000000000e+00,2.791642942626187960e+02
6.700000000000000000e+01,2.363918882545408497e-14,-1.104188748877472123e-14,2.666456443501016338e+02,1.000000000000000000e+00,2.791642942626187960e+02
6.701999999999999602e+01,2.341938010155878986e-14,-1.093914544643930858e-14,2.666456443501016338e+02,1.000000000000000000e+00,2.791642942626187960e+02
6.704000000000000625e+01,2.320161663423751065e-14,-1.083736007287203414e-14,2.666456443501016338e+02,1.000000000000000000e+00,2.791642942626187960e+02
6.706000000000000227e+01,2.298587937642927989e-14,-1.073652245203306961e-14,2.666456443501016338e+02,1.000000000000000000e+00,2.791642942626187960e+02
6.707999999999999829e+01,2.277214948074469255e-14,-1.063662376142623663e-14,2.666456443501016338e+02,1.000000000000000000e+00,2.791642942626187960e+02
6.709999999999999432e+01,2.256040822315580929e-14,-1.053765523634741880e-14,2.666456443501016338e+02,1.000000000000000000e+00,2.791642942626187960e+02
6.712000000000000455e+01,2.235063712893342966e-14,-1.043960822888357759e-14,2.666456443501016338e+02,1.000000000000000000e+00,2.791642942626187960e+02
6.714000000000000057e+01,2.214281780893008684e-14,-1.034247413121435301e-14,2.666456443501016338e+02,1.000000000000000000e+00,2.791642942626187960e+02
6.715999999999999659e+01,2.193693213126364245e-14,-1.024624445604026201e-14,2.666456443501016338e+02,1.000000000000000000e+00,2.791642942626187960e+02
6.718000000000000682e+01,2.173296206075072348e-14,-1.015091076136218112e-14,2.666456443501016338e+02,1.000000000000000000e+00,2.791642942626187960e+02
6.720000000000000284e+01,2.153088977910310137e-14,-1.005646470678768509e-14,2.666456443501016338e+02,1.000000000000000000e+00,2.791642942626187960e+02
6.721999999999999886e+01,2.133069761426917137e-14,-9.962898020430621614e-15,2.666456443501016338e+02,1.000000000000000000e+00,2.791642942626187960e+02
6.723999999999999488e+01,2.113236804749395795e-14,-9.870202502216804528e-15,2.666456443501016338e+02,1.000000000000000000e+00,2.791642942626187960e+02
6.726000000000000512e+01,2.093588376358184801e-14,-9.778370047430005126e-15,2.666456443501016338e+02,1.000000000000000000e+00,2.791642942626187960e+02
6.728000000000000114e+01,2.074122754484389788e-14,-9.687392597030382177e-15,2.666456443501016338e+02,1.000000000000000000e+00,2.791642942626187960e+02
6.729999999999999716e+01,2.054838241220461772e-14,-9.597262203755066728e-15,2.666456443501016338e+02,1.000000000000000000e+00,2.791642942626187960e+02
6.732000000000000739e+01,2.035733146412346622e-14,-9.507970956661641212e-15,2.666456443501016338e+02,1.000000000000000000e+00,2.791642942626187960e+02
6.734000000000000341e+01,2.016805802825703249e-14,-9.419511052171545243e-15,2.666456443501016338e+02,1.000000000000000000e+00,2.791642942626187960e+02
6.735999999999999943e+01,1.998054553496461568e-14,-9.331874734815785844e-15,2.666456443501016338e+02,1.000000000000000000e+00,2.791642942626187960e+02
6.737999999999999545e+01,1.979477759579167458e-14,-9.245054333997584810e-15,2.666456443501016338e+02,1.000000000000000000e+00,2.791642942626187960e+02
6.740000000000000568e+01,1.961073797664520571e-14,-9.159042251427317014e-15,2.666456443501016338e+02,1.000000000000000000e+00,2.791642942626187960e+02
6.742000000000000171e+01,1.942841056509975027e-14,-9.073830945806490364e-15,2.666456443501016338e+02,1.000000000000000000e+00,2.791642942626187960e+02
6.743999999999999773e+01,1.924777945194450807e-14,-8.989412971026074265e-15,2.666456443501016338e+02,1.000000000000000000e+00,2.791642942626187960e+02
6.746000000000000796e+01,1.906882880692698494e-14,-8.905780917961943892e-15,2.666456443501016338e+02,1.000000000000000000e+00,2.791642942626187960e+02
6.748000000000000398e+01,1.889154302277624642e-14,-8.822927481936593996e-15,2.666456443501016338e+02,1.000000000000000000e+00,2.791642942626187960e+02
6.750000000000000000e+01,1.871590656761776774e-14,-8.740845393588750786e-15,2.666456443501016338e+02,1.000000000000000000e+00,2.791642942626187960e+02
6.751999999999999602e+01,1.854190410909495749e-14,-8.659527477011365140e-15,2.666456443501016338e+02,1.000000000000000000e+00,2.791642942626187960e+02
6.754000000000000625e+01,1.836952042508893172e-14,-8.578966607932878023e-15,2.666456443501016338e+02,1.000000000000000000e+00,2.791642942626187960e+02
6.756000000000000227e+01,1.819874044181808801e-14,-8.499155731561617037e-15,2.666456443501016338e+02,1.000000000000000000e+00,2.791642942626187960e+02
6.757999999999999829e+01,1.802954924561897637e-14,-8.420087868104119846e-15,2.666456443501016338e+02,1.000000000000000000e+00,2.791642942626187960e+02
6.759999999999999432e+01,1.786193201863705184e-14,-8.341756082642187052e-15,2.666456443501016338e+02,1.000000000000000000e+00,2.791642942626187960e+02
6.762000000000000455e+01,1.769587414145904971e-14,-8.264153533204349199e-15,2.666456443501016338e+02,1.000000000000000000e+00,2.791642942626187960e+02
6.764000000000000057e+01,1.753136106201249773e-14,-8.187273409360080364e-15,2.666456443501016338e+02,1.000000000000000000e+00,2.791642942626187960e+02
6.765999999999999659e+01,1.736837843127060515e-14,-8.111108995780369171e-15,2.666456443501016338e+02,1.000000000000000000e+00,2.791642942626187960e+02
6.768000000000000682e+01,1.720691197794828384e-14,-8.035653613548441175e-15,2.666456443501016338e+02,1.000000000000000000e+00,2.791642942626187960e+02
6.770000000000000284e+01,1.704694760060474184e-14,-7.960900663296796772e-15,2.666456443501016338e+02,1.000000000000000000e+00,2.791642942626187960e+02
6.771999999999999886e+01,1.688847131552662090e-14,-7.886843600797650713e-15,2.666456443501016338e+02,1.000000000000000000e+00,2.791642942626187960e+02
6.773999999999999488e+01,1.673146925826019787e-14,-7.813475937679320361e-15,2.666456443501016338e+02,1.000000000000000000e+00,2.791642942626187960e+02
6.776000000000000512e+01,1.657592772719159202e-14,-7.740791261837591402e-15,2.666456443501016338e+02,1.000000000000000000e+00,2.791642942626187960e+02
6.778000000000000114e+01,1.642183309655898152e-14,-7.668783196693554360e-15,2.666456443501016338e+02,1.000000000000000000e+00,2.791642942626187960e+02
6.779999999999999716e+01,1.626917193001286051e-14,-7.597445454379534527e-15,2.666456443501016338e+02,1.000000000000000000e+00,2.791642942626187960e+02
6.782000000000000739e+01,1.611793085274125716e-14,-7.526771775848721550e-15,2.666456443501016338e+02,1.000000000000000000e+00,2.791642942626187960e+02
6.784000000000000341e+01,1.596809667031514745e-14,-7.456755986535012916e-15,2.666456443501016338e+02,1.000000000000000000e+00,2.791642942626187960e+02
6.785999999999999943e+01,1.581965627107287238e-14,-7.387391950635698793e-15,2.666456443501016338e+02,1.000000000000000000e+00,2.791642942626187960e+02
6.787999999999999545e+01,1.567259668488446315e-14,-7.318673598631873408e-15,2.666456443501016338e+02,1.000000000000000000e+00,2.791642942626187960e+02
6.790000000000000568e+01,1.552690506565366494e-14,-7.250594919093806338e-15,2.666456443501016338e+02,1.000000000000000000e+00,2.791642942626187960e+02
6.792000000000000171e+01,1.538256866180625605e-14,-7.183149944858649526e-15,2.666456443501016338e+02,1.000000000000000000e+00,2.791642942626187960e+02
6.793999999999999773e+01,1.523957488391455891e-14,-7.116332784700807642e-15,2.666456443501016338e+02,1.000000000000000000e+00,2.791642942626187960e+02
6.796000000000000796e+01,1.509791120426597421e-14,-7.050137576296938857e-15,2.666456443501016338e+02,1.000000000000000000e+00,2.791642942626187960e+02
6.798000000000000398e+01,1.495756527162242011e-14,-6.984558539969523451e-15,2.666456443501016338e+02,1.000000000000000000e+00,2.791642942626187960e+02
6.800000000000000000e+01,1.481852479506538864e-14,-6.919589924289554340e-15,2.666456443501016338e+02,1.000000000000000000e+00,2.791642942626187960e+02
6.801999999999999602e+01,1.468077764027954620e-14,-6.855226051166387537e-15,2.666456443501016338e+02,1.000000000000000000e+00,2.791642942626187960e+02
6.804000000000000625e+01,1.454431176179504702e-14,-6.791461284116452795e-15,2.666456443501016338e+02,1.000000000000000000e+00,2.791642942626187960e+02
6.806000000000000227e+01,1.440911522974989816e-14,-6.728290040795129502e-15,2.666456443501016338e+02,1.000000000000000000e+00,2.791642942626187960e+02
6.807999999999999829e+01,1.427517624265164318e-14,-6.665706798973243674e-15,2.666456443501016338e+02,1.000000000000000000e+00,2.791642942626187960e+02
6.809999999999999432e+01,1.414248307342636177e-14,-6.603706071271101923e-15,2.666456443501016338e+02,1.000000000000000000e+00,2.791642942626187960e+02
6.812000000000000455e+01,1.401102415291506535e-14,-6.542282444259154528e-15,2.666456443501016338e+02,1.000000000000000000e+00,2.791642942626187960e+02
6.814000000000000057e+01,1.388078796500219388e-14,-6.481430529347334344e-15,2.666456443501016338e+02,1.000000000000000000e+00,2.791642942626187960e+02
6.815999999999999659e+01,1.375176315377636655e-14,-6.421145012966333086e-15,2.666456443501016338e+02,1.000000000000000000e+00,2.791642942626187960e+02
6.818000000000000682e+01,1.362393842585815104e-14,-6.361420610829435794e-15,2.666456443501016338e+02,1.000000000000000000e+00,2.791642942626187960e+02
6.820000000000000284e+01,1.349730262083387386e-14,-6.302252100914241491e-15,2.666456443501016338e+02,1.000000000000000000e+00,2.791642942626187960e+02
6.821999999999999886e+01,1.337184467305160262e-14,-6.243634305572892151e-15,2.666456443501016338e+02,1.000000000000000000e+00,2.791642942626187960e+02
6.823999999999999488e+01,1.324755360962436713e-14,-6.185562090596096327e-15,2.666456443501016338e+02,1.000000000000000000e+00,2.791642942626187960e+02
6.826000000000000512e+01,1.312441858789763347e-14,-6.128030382758027562e-15,2.666456443501016338e+02,1.000000000000000000e+00,2.791642942626187960e+02
6.828000000000000114e+01,1.300242882424861508e-14,-6.071034136474929695e-15,2.666456443501016338e+02,1.000000000000000000e+00,2.791642942626187960e+02
6.829999999999999716e+01,1.288157368536600397e-14,-6.014568376547523158e-15,2.666456443501016338e+02,1.000000000000000000e+00,2.791642942626187960e+02
6.832000000000000739e+01,1.276184258683141420e-14,-5.958628150670844840e-15,2.666456443501016338e+02,1.000000000000000000e+00,2.791642942626187960e+02
6.834000000000000341e+01,1.264322508615164329e-14,-5.903208572996212237e-15,2.666456443501016338e+02,1.000000000000000000e+00,2.791642942626187960e+02
6.835999999999999943e+01,1.252571080754529562e-14,-5.848304788912701890e-15,2.666456443501016338e+02,1.000000000000000000e+00,2.791642942626187960e+02
6.837999999999999545e+01,1.240928948576039745e-14,-5.793911995563683662e-15,2.666456443501016338e+02,1.000000000000000000e+00,2.791642942626187960e+02
6.840000000000000568e+01,1.229395095518846039e-14,-5.740025436749748259e-15,2.666456443501016338e+02,1.000000000000000000e+00,2.791642942626187960e+02
6.842000000000000171e+01,1.217968512364983518e-14,-5.686640390653196920e-15,2.666456443501016338e+02,1.000000000000000000e+00,2.791642942626187960e+02
6.843999999999999773e+01,1.206648202830751630e-14,-5.633752196018813945e-15,2.666456443501016338e+02,1.000000000000000000e+00,2.791642942626187960e+02
6.846000000000000796e+01,1.195433175460365500e-14,-5.581356214196931246e-15,2.666456443501016338e+02,1.000000000000000000e+00,2.791642942626187960e+02
6.848000000000000398e+01,1.184322452760051544e-14,-5.529447871911386640e-15,2.666456443501016338e+02,1.000000000000000000e+00,2.791642942626187960e+02
6.850000000000000000e+01,1.173315062066054957e-14,-5.478022618501266182e-15,2.666456443501016338e+02,1.000000000000000000e+00,2.791642942626187960e+02
6.851999999999999602e+01,1.162410043003154538e-14,-5.427075960842455091e-15,2.666456443501016338e+02,1.000000000000000000e+00,2.791642942626187960e+02
6.854000000000000625e+01,1.151606442356200479e-14,-5.376603439335481729e-15,2.666456443501016338e+02,1.000000000000000000e+00,2.791642942626187960e+02
6.856000000000000227e+01,1.140903315918132267e-14,-5.326600636557362198e-15,2.666456443501016338e+02,1.000000000000000000e+00,2.791642942626187960e+02
6.857999999999999829e+01,1.130299729771026314e-14,-5.277063183259710545e-15,2.666456443501016338e+02,1.000000000000000000e+00,2.791642942626187960e+02
6.860000000000000853e+01,1.119794755778154101e-14,-5.227986737261647425e-15,2.666456443501016338e+02,1.000000000000000000e+00,2.791642942626187960e+02
6.862000000000000455e+01,1.109387478365792877e-14,-5.179367015202242768e-15,2.666456443501016338e+02,1.000000000000000000e+00,2.791642942626187960e+02
6.864000000000000057e+01,1.099076986142779972e-14,-5.131199753303092628e-15,2.666456443501016338e+02,1.000000000000000000e+00,2.791642942626187960e+02
6.865999999999999659e+01,1.088862380354367829e-14,-5.083480746948342257e-15,2.666456443501016338e+02,1.000000000000000000e+00,2.791642942626187960e+02
6.868000000000000682e+01,1.078742767277833800e-14,-5.036205815081620883e-15,2.666456443501016338e+02,1.000000000000000000e+00,2.791642942626187960e+02
6.870000000000000284e+01,1.068717263597246669e-14,-4.989370825369316184e-15,2.666456443501016338e+02,1.000000000000000000e+00,2.791642942626187960e+02
6.871999999999999886e+01,1.058784993623045920e-14,-4.942971681183237346e-15,2.666456443501016338e+02,1.000000000000000000e+00,2.791642942626187960e+02
6.873999999999999488e+01,1.048945088880194030e-14,-4.897004319671714457e-15,2.666456443501016338e+02,1.000000000000000000e+00,2.791642942626187960e+02
6.876000000000000512e+01,1.039196691306403642e-14,-4.851464726733003644e-15,2.666456443501016338e+02,1.000000000000000000e+00,2.791642942626187960e+02
6.878000000000000114e+01,1.029538947435697141e-14,-4.806348909783766808e-15,2.666456443501016338e+02,1.000000000000000000e+00,2.791642942626187960e+02
6.879999999999999716e+01,1.019971015726723141e-14,-4.761652932067801491e-15,2.666456443501016338e+02,1.000000000000000000e+00,2.791642942626187960e+02
6.882000000000000739e+01,1.010492058526874205e-14,-4.717372875034580358e-15,2.666456443501016338e+02,1.000000000000000000e+00,2.791642942626187960e+02
6.884000000000000341e+01,1.001101249347074076e-14,-4.673504872396545846e-15,2.666456443501016338e+02,1.000000000000000000e+00,2.791642942626187960e+02
6.885999999999999943e+01,9.917977670759682433e-15,-4.630045083042418456e-15,2.666456443501016338e+02,1.000000000000000000e+00,2.791642942626187960e+02
6.887999999999999545e+01,9.825807992319640540e-15,-4.586989706261095987e-15,2.666456443501016338e+02,1.000000000000000000e+00,2.791642942626187960e+02
6.890000000000000568e+01,9.734495413366747855e-15,-4.544334978808565347e-15,2.666456443501016338e+02,1.000000000000000000e+00,2.791642942626187960e+02
6.892000000000000171e+01,9.644031946157619742e-15,-4.502077164143825296e-15,2.666456443501016338e+02,1.000000000000000000e+00,2.791642942626187960e+02
6.893999999999999773e+01,9.554409706095804941e-15,-4.460212574013333290e-15,2.666456443501016338e+02,1.000000000000000000e+00,2.791642942626187960e+02
6.896000000000000796e+01,9.465620846387361801e-15,-4.418737537860257532e-15,2.666456443501016338e+02,1.000000000000000000e+00,2.791642942626187960e+02
6.898000000000000398e+01,9.377657630663196003e-15,-4.377648436821371691e-15,2.666456443501016338e+02,1.000000000000000000e+00,2.791642942626187960e+02
6.900000000000000000e+01,9.290512361262404581e-15,-4.336941670154017517e-15,2.666456443501016338e+02,1.000000000000000000e+00,2.791642942626187960e+02
6.901999999999999602e+01,9.204177436924860914e-15,-4.296613682243176811e-15,2.666456443501016338e+02,1.000000000000000000e+00,2.791642942626187960e+02
6.904000000000000625e+01,9.118645314089451019e-15,-4.256660944484263109e-15,2.666456443501016338e+02,1.000000000000000000e+00,2.791642942626187960e+02
6.906000000000000227e+01,9.033908519370997391e-15,-4.217079961123227776e-15,2.666456443501016338e+02,1.000000000000000000e+00,2.791642942626187960e+02
6.907999999999999829e+01,8.949959661834216828e-15,-4.177867275002330967e-15,2.666456443501016338e+02,1.000000000000000000e+00,2.791642942626187960e+02
6.910000000000000853e+01,8.866791395462818782e-15,-4.139019449990831123e-15,2.666456443501016338e+02,1.000000000000000000e+00,2.791642942626187960e+02
6.912000000000000455e+01,8.784396474157657047e-15,-4.100533096730181633e-15,2.666456443501016338e+02,1.000000000000000000e+00,2.791642942626187960e+02
6.914000000000000057e+01,8.702767684835537916e-15,-4.062404841316772756e-15,2.666456443501016338e+02,1.000000000000000000e+00,2.791642942626187960e+02
6.915999999999999659e+01,8.621897914055380402e-15,-4.024631356489587741e-15,2.666456443501016338e+02,1.000000000000000000e+00,2.791642942626187960e+02
6.918000000000000682e+01,8.541780088885649281e-15,-3.987209333950177281e-15,2.666456443501016338e+02,1.000000000000000000e+00,2.791642942626187960e+02
6.920000000000000284e+01,8.462407217824482444e-15,-3.950135503516734768e-15,2.666456443501016338e+02,1.000000000000000000e+00,2.791642942626187960e+02
6.921999999999999886e+01,8.383772370736067691e-15,-3.913406623732532883e-15,2.666456443501016338e+02,1.000000000000000000e+00,2.791642942626187960e+02
6.923999999999999488e+01,8.305868673585319617e-15,-3.877019479400737999e-15,2.666456443501016338e+02,1.000000000000000000e+00,2.791642942626187960e+02
6.926000000000000512e+01,8.228689335570692080e-15,-3.840970894284943747e-15,2.666456443501016338e+02,1.000000000000000000e+00,2.791642942626187960e+02
6.928000000000000114e+01,8.152227601696906051e-15,-3.805257708908873873e-15,2.666456443501016338e+02,1.000000000000000000e+00,2.791642942626187960e+02
6.929999999999999716e+01,8.076476811541030731e-15,-3.769876808063422423e-15,2.666456443501016338e+02,1.000000000000000000e+00,2.791642942626187960e+02
6.932000000000000739e+01,8.001430335641698385e-15,-3.734825091031804114e-15,2.666456443501016338e+02,1.000000000000000000e+00,2.791642942626187960e+02
6.934000000000000341e+01,7.927081632322894734e-15,-3.700099498186820174e-15,2.666456443501016338e+02,1.000000000000000000e+00,2.791642942626187960e+02
6.935999999999999943e+01,7.853424203263037697e-15,-3.665696990194160891e-15,2.666456443501016338e+02,1.000000000000000000e+00,2.791642942626187960e+02
6.937999999999999545e+01,7.780451617502860949e-15,-3.631614559249153341e-15,2.666456443501016338e+02,1.000000000000000000e+00,2.791642942626187960e+02
6.940000000000000568e+01,7.708157508349362060e-15,-3.597849227627705950e-15,2.666456443501016338e+02,1.000000000000000000e+00,2.791642942626187960e+02
6.942000000000000171e+01,7.636535553418404142e-15,-3.564398038344612127e-15,2.666456443501016338e+02,1.000000000000000000e+00,2.791642942626187960e+02
6.943999999999999773e+01,7.565579512559782890e-15,-3.531258072904540165e-15,2.666456443501016338e+02,1.000000000000000000e+00,2.791642942626187960e+02
6.946000000000000796e+01,7.495283175250214852e-15,-3.498426426678956513e-15,2.666456443501016338e+02,1.000000000000000000e+00,2.791642942626187960e+02
6.948000000000000398e+01,7.425640418271738704e-15,-3.465900235902150927e-15,2.666456443501016338e+02,1.000000000000000000e+00,2.791642942626187960e+02
6.950000000000000000e+01,7.356645149451665373e-15,-3.433676651338966378e-15,2.666456443501016338e+02,1.000000000000000000e+00,2.791642942626187960e+02
6.951999999999999602e+01,7.288291352220963432e-15,-3.401752859139523131e-15,2.666456443501016338e+02,1.000000000000000000e+00,2.791642942626187960e+02
6.954000000000000625e+01,7.220573056502920389e-15,-3.370126067214099962e-15,2.666456443501016338e+02,1.000000000000000000e+00,2.791642942626187960e+02
6.956000000000000227e+01,7.153484346879089987e-15,-3.338793509054598448e-15,2.666456443501016338e+02,1.000000000000000000e+00,2.791642942626187960e+02
6.957999999999999829e+01,7.087019373984275170e-15,-3.307752449067801205e-15,2.666456443501016338e+02,1.000000000000000000e+00,2.791642942626187960e+02
6.960000000000000853e+01,7.021172323361857789e-15,-3.277000167998443509e-15,2.666456443501016338e+02,1.000000000000000000e+00,2.791642942626187960e+02
6.962000000000000455e+01,6.955937459999473480e-15,-3.246533983772868085e-15,2.666456443501016338e+02,1.000000000000000000e+00,2.791642942626187960e+02
6.964000000000000057e+01,6.891309074974789310e-15,-3.216351226527994058e-15,2.666456443501016338e+02,1.000000000000000000e+00,2.791642942626187960e+02
6.965999999999999659e+01,6.827281537913117085e-15,-3.186449263162055532e-15,2.666456443501016338e+02,1.000000000000000000e+00,2.791642942626187960e+02
6.968000000000000682e+01,6.763849251062867586e-15,-3.156825475841321032e-15,2.666456443501016338e+02,1.000000000000000000e+00,2.791642942626187960e+02
6.970000000000000284e+01,6.701006680372243942e-15,-3.127477276543858168e-15,2.666456443501016338e+02,1.000000000000000000e+00,2.791642942626187960e+02
6.971999999999999886e+01,6.638748341159091030e-15,-3.098402100353014500e-15,2.666456443501016338e+02,1.000000000000000000e+00,2.791642942626187960e+02
6.973999999999999488e+01,6.577068792359795772e-15,-3.069597402765471118e-15,2.666456443501016338e+02,1.000000000000000000e+00,2.791642942626187960e+02
6.976000000000000512e+01,6.515962659425279128e-15,-3.041060670406555673e-15,2.666456443501016338e+02,1.000000000000000000e+00,2.791642942626187960e+02
6.978000000000000114e+01,6.455424595716278845e-15,-3.012789402963123181e-15,2.666456443501016338e+02,1.000000000000000000e+00,2.791642942626187960e+02
6.979999999999999716e+01,6.395449329573981527e-15,-2.984781135212080669e-15,2.666456443501016338e+02,1.000000000000000000e+00,2.791642942626187960e+02
6.982000000000000739e+01,6.336031614015788970e-15,-2.957033413478481794e-15,2.666456443501016338e+02,1.000000000000000000e+00,2.791642942626187960e+02
6.984000000000000341e+01,6.277166271070554535e-15,-2.929543816383432839e-15,2.666456443501016338e+02,1.000000000000000000e+00,2.791642942626187960e+02
6.985999999999999943e+01,6.218848157721033704e-15,-2.902309938905828656e-15,2.666456443501016338e+02,1.000000000000000000e+00,2.791642942626187960e+02
6.987999999999999545e+01,6.161072183519465997e-15,-2.875329400625658042e-15,2.666456443501016338e+02,1.000000000000000000e+00,2.791642942626187960e+02
6.990000000000000568e+01,6.103833309612644665e-15,-2.848599845267822429e-15,2.666456443501016338e+02,1.000000000000000000e+00,2.791642942626187960e+02
6.992000000000000171e+01,6.047126531566349537e-15,-2.822118932664117372e-15,2.666456443501016338e+02,1.000000000000000000e+00,2.791642942626187960e+02
6.993999999999999773e+01,5.990946910489222955e-15,-2.795884353318159584e-15,2.666456443501016338e+02,1.000000000000000000e+00,2.791642942626187960e+02
6.996000000000000796e+01,5.935289530731633324e-15,-2.769893808609768176e-15,2.666456443501016338e+02,1.000000000000000000e+00,2.791642942626187960e+02
6.998000000000000398e+01,5.880149545647597207e-15,-2.744145032209544903e-15,2.666456443501016338e+02,1.000000000000000000e+00,2.791642942626187960e+02
7.000000000000000000e+01,5.825522133508485359e-15,-2.718635769448335279e-15,2.666456443501016338e+02,1.000000000000000000e+00,2.791642942626187960e+02
7.001999999999999602e+01,5.771402531862839220e-15,-2.693363793395701618e-15,2.666456443501016338e+02,1.000000000000000000e+00,2.791642942626187960e+02
7.004000000000000625e+01,5.717786015717596883e-15,-2.668326894649874618e-15,2.666456443501016338e+02,1.000000000000000000e+00,2.791642942626187960e+02
7.006000000000000227e+01,5.664667902643252987e-15,-2.643522883726338594e-15,2.666456443501016338e+02,1.000000000000000000e+00,2.791642942626187960e+02
7.007999999999999829e+01,5.612043563114463604e-15,-2.618949595896679417e-15,2.666456443501016338e+02,1.000000000000000000e+00,2.791642942626187960e+02
7.010000000000000853e+01,5.559908394741497724e-15,-2.594604879130169529e-15,2.666456443501016338e+02,1.000000000000000000e+00,2.791642942626187960e+02
7.012000000000000455e+01,5.508257858282641609e-15,-2.570486610945205942e-15,2.666456443501016338e+02,1.000000000000000000e+00,2.791642942626187960e+02
7.014000000000000057e+01,5.457087435135529617e-15,-2.546592678517958085e-15,2.666456443501016338e+02,1.000000000000000000e+00,2.791642942626187960e+02
7.015999999999999659e+01,5.406392668598502803e-15,-2.522920997989553865e-15,2.666456443501016338e+02,1.000000000000000000e+00,2.791642942626187960e+02
7.018000000000000682e+01,5.356169128250039660e-15,-2.499469497798283748e-15,2.666456443501016338e+02,1.000000000000000000e+00,2.791642942626187960e+02
7.020000000000000284e+01,5.306412433486290044e-15,-2.476236129693019993e-15,2.666456443501016338e+02,1.000000000000000000e+00,2.791642942626187960e+02
7.021999999999999886e+01,5.257118243414321777e-15,-2.453218864004130024e-15,2.666456443501016338e+02,1.000000000000000000e+00,2.791642942626187960e+02
7.023999999999999488e+01,5.208282251050611153e-15,-2.430415686928539049e-15,2.666456443501016338e+02,1.000000000000000000e+00,2.791642942626187960e+02
7.026000000000000512e+01,5.159900202551327681e-15,-2.407824609527817942e-15,2.666456443501016338e+02,1.000000000000000000e+00,2.791642942626187960e+02
7.028000000000000114e+01,5.111967865840960146e-15,-2.385443653049025199e-15,2.666456443501016338e+02,1.000000000000000000e+00,2.791642942626187960e+02
7.029999999999999716e+01,5.064481068272429735e-15,-2.363270866545951309e-15,2.666456443501016338e+02,1.000000000000000000e+00,2.791642942626187960e+02
7.032000000000000739e+01,5.017435656885072009e-15,-2.341304308283670610e-15,2.666456443501016338e+02,1.000000000000000000e+00,2.791642942626187960e+02
7.034000000000000341e+01,4.970827532955633837e-15,-2.319542061904663086e-15,2.666456443501016338e+02,1.000000000000000000e+00,2.791642942626187960e+02
7.035999999999999943e+01,4.924652625942982616e-15,-2.297982224237683785e-15,2.666456443501016338e+02,1.000000000000000000e+00,2.791642942626187960e+02
7.037999999999999545e+01,4.878906906321661503e-15,-2.276622911302185094e-15,2.666456443501016338e+02,1.000000000000000000e+00,2.791642942626187960e+02
7.040000000000000568e+01,4.833586385978075877e-15,-2.255462258493718378e-15,2.666456443501016338e+02,1.000000000000000000e+00,2.791642942626187960e+02
7.042000000000000171e+01,4.788687103535760413e-15,-2.234498413717586506e-15,2.666456443501016338e+02,1.000000000000000000e+00,2.791642942626187960e+02
7.043999999999999773e+01,4.744205149843294278e-15,-2.213729549314133035e-15,2.666456443501016338e+02,1.000000000000000000e+00,2.791642942626187960e+02
7.046000000000000796e+01,4.700136633999847142e-15,-2.193153846162682612e-15,2.666456443501016338e+02,1.000000000000000000e+00,2.791642942626187960e+02
7.048000000000000398e+01,4.656477719625451901e-15,-2.172769510651328225e-15,2.666456443501016338e+02,1.000000000000000000e+00,2.791642942626187960e+02
7.050000000000000000e+01,4.613224590352487123e-15,-2.152574758531352134e-15,2.666456443501016338e+02,1.000000000000000000e+00,2.791642942626187960e+02
7.051999999999999602e+01,4.570373476277185840e-15,-2.132567827292783454e-15,2.666456443501016338e+02,1.000000000000000000e+00,2.791642942626187960e+02
7.054000000000000625e+01,4.527920637672089125e-15,-2.112746968544071232e-15,2.666456443501016338e+02,1.000000000000000000e+00,2.791642942626187960e+02
7.056000000000000227e+01,4.485862367948541433e-15,-2.093110449397847605e-15,2.666456443501016338e+02,1.000000000000000000e+00,2.791642942626187960e+02
7.057999999999999829e+01,4.444195002879829848e-15,-2.073656556786058481e-15,2.666456443501016338e+02,1.000000000000000000e+00,2.791642942626187960e+02
7.060000000000000853e+01,4.402914899338566453e-15,-2.054383587511947901e-15,2.666456443501016338e+02,1.000000000000000000e+00,2.791642942626187960e+02
7.062000000000000455e+01,4.362018464377339573e-15,-2.035289861855393365e-15,2.666456443501016338e+02,1.000000000000000000e+00,2.791642942626187960e+02
7.064000000000000057e+01,4.321502121393843980e-15,-2.016373707743249785e-15,2.666456443501016338e+02,1.000000000000000000e+00,2.791642942626187960e+02
7.065999999999999659e+01,4.281362342553355187e-15,-1.997633475917822945e-15,2.666456443501016338e+02,1.000000000000000000e+00,2.791642942626187960e+02
7.068000000000000682e+01,4.241595621197287462e-15,-1.979067527028481352e-15,2.666456443501016338e+02,1.000000000000000000e+00,2.791642942626187960e+02
7.070000000000000284e+01,4.202198489618131963e-15,-1.960674239947175501e-15,2.666456443501016338e+02,1.000000000000000000e+00,2.791642942626187960e+02
7.071999999999999886e+01,4.163167512043977079e-15,-1.942452008486401806e-15,2.666456443501016338e+02,1.000000000000000000e+00,2.791642942626187960e+02
7.073999999999999488e+01,4.124499279061415660e-15,-1.924399238789826245e-15,2.666456443501016338e+02,1.000000000000000000e+00,2.791642942626187960e+02
7.076000000000000512e+01,4.086190423699901381e-15,-1.906514356856976102e-15,2.666456443501016338e+02,1.000000000000000000e+00,2.791642942626187960e+02
7.078000000000000114e+01,4.048237595978593909e-15,-1.888795796635488332e-15,2.666456443501016338e+02,1.000000000000000000e+00,2.791642942626187960e+02
7.079999999999999716e+01,4.010637493003582064e-15,-1.871242014101098564e-15,2.666456443501016338e+02,1.000000000000000000e+00,2.791642942626187960e+02
7.082000000000000739e+01,3.973386827601823643e-15,-1.853851472584013756e-15,2.666456443501016338e+02,1.000000000000000000e+00,2.791642942626187960e+02
7.084000000000000341e+01,3.936482355214609600e-15,-1.836622655349840651e-15,2.666456443501016338e+02,1.000000000000000000e+00,2.791642942626187960e+02
7.085999999999999943e+01,3.899920854005739750e-15,-1.819554056294010958e-15,2.666456443501016338e+02,1.000000000000000000e+00,2.791642942626187960e+02
7.087999999999999545e+01,3.863699134132909541e-15,-1.802644184278761511e-15,2.666456443501016338e+02,1.000000000000000000e+00,2.791642942626187960e+02
7.090000000000000568e+01,3.827814038984841164e-15,-1.785891563711897456e-15,2.666456443501016338e+02,1.000000000000000000e+00,2.791642942626187960e+02
7.092000000000000171e+01,3.792262432720943937e-15,-1.769294728717641654e-15,2.666456443501016338e+02,1.000000000000000000e+00,2.791642942626187960e+02
7.093999999999999773e+01,3.757041221102301163e-15,-1.752852232881269952e-15,2.666456443501016338e+02,1.000000000000000000e+00,2.791642942626187960e+02
7.096000000000000796e+01,3.722147324235680986e-15,-1.736562636498822979e-15,2.666456443501016338e+02,1.000000000000000000e+00,2.791642942626187960e+02
7.098000000000000398e+01,3.687577705291881176e-15,-1.720424520011138157e-15,2.666456443501016338e+02,1.000000000000000000e+00,2.791642942626187960e+02
7.100000000000000000e+01,3.653329343524439487e-15,-1.704436471382331799e-15,2.666456443501016338e+02,1.000000000000000000e+00,2.791642942626187960e+02
7.101999999999999602e+01,3.619399254597390381e-15,-1.688597095608596719e-15,2.666456443501016338e+02,1.000000000000000000e+00,2.791642942626187960e+02
7.104000000000000625e+01,3.585784478481492893e-15,-1.672905009056317167e-15,2.666456443501016338e+02,1.000000000000000000e+00,2.791642942626187960e+02
7.106000000000000227e+01,3.552482080943679308e-15,-1.657358840158594359e-15,2.666456443501016338e+02,1.000000000000000000e+00,2.791642942626187960e+02
7.107999999999999829e+01,3.519489161662695616e-15,-1.641957233211530909e-15,2.666456443501016338e+02,1.000000000000000000e+00,2.791642942626187960e+02
7.110000000000000853e+01,3.486802836728336322e-15,-1.626698840187743174e-15,2.666456443501016338e+02,1.000000000000000000e+00,2.791642942626187960e+02
7.112000000000000455e+01,3.454420262093687512e-15,-1.611582331706472611e-15,2.666456443501016338e+02,1.000000000000000000e+00,2.791642942626187960e+02
7.114000000000000057e+01,3.422338606670169373e-15,-1.596606384448363753e-15,2.666456443501016338e+02,1.000000000000000000e+00,2.791642942626187960e+02
7.115999999999999659e+01,3.390555077778868754e-15,-1.581769693060432740e-15,2.666456443501016338e+02,1.000000000000000000e+00,2.791642942626187960e+02
7.118000000000000682e+01,3.359066899808220555e-15,-1.567070960173056032e-15,2.666456443501016338e+02,1.000000000000000000e+00,2.791642942626187960e+02
7.120000000000000284e+01,3.327871327593829813e-15,-1.552508902658237469e-15,2.666456443501016338e+02,1.000000000000000000e+00,2.791642942626187960e+02
7.121999999999999886e+01,3.296965641648757950e-15,-1.538082249398594067e-15,2.666456443501016338e+02,1.000000000000000000e+00,2.791642942626187960e+02
7.123999999999999488e+01,3.266347142973097277e-15,-1.523789738859375075e-15,2.666456443501016338e+02,1.000000000000000000e+00,2.791642942626187960e+02
7.126000000000000512e+01,3.236013166456974147e-15,-1.509630125357613936e-15,2.666456443501016338e+02,1.000000000000000000e+00,2.791642942626187960e+02
7.128000000000000114e+01,3.205961060260279075e-15,-1.495602169417083550e-15,2.666456443501016338e+02,1.000000000000000000e+00,2.791642942626187960e+02
7.129999999999999716e+01,3.176188209839031328e-15,-1.481704649006221773e-15,2.666456443501016338e+02,1.000000000000000000e+00,2.791642942626187960e+02
7.132000000000000739e+01,3.146692013215256132e-15,-1.467936347970990205e-15,2.666456443501016338e+02,1.000000000000000000e+00,2.791642942626187960e+02
7.134000000000000341e+01,3.117469901883702978e-15,-1.454296065813420219e-15,2.666456443501016338e+02,1.000000000000000000e+00,2.791642942626187960e+02
7.135999999999999943e+01,3.088519325659501587e-15,-1.440782610604468847e-15,2.666456443501016338e+02,1.000000000000000000e+00,2.791642942626187960e+02
7.137999999999999545e+01,3.059837759308678637e-15,-1.427394802085092129e-15,2.666456443501016338e+02,1.000000000000000000e+00,2.791642942626187960e+02
7.140000000000000568e+01,3.031422704257228459e-15,-1.414131472465622523e-15,2.666456443501016338e+02,1.000000000000000000e+00,2.791642942626187960e+02
7.142000000000000171e+01,3.003271678067936940e-15,-1.400991461503755299e-15,2.666456443501016338e+02,1.000000000000000000e+00,2.791642942626187960e+02
7.143999999999999773e+01,2.975382231433524580e-15,-1.387973624452436744e-15,2.666456443501016338e+02,1.000000000000000000e+00,2.791642942626187960e+02
7.146000000000000796e+01,2.947751926334533618e-15,-1.375076821844002630e-15,2.666456443501016338e+02,1.000000000000000000e+00,2.791642942626187960e+02
7.148000000000000398e+01,2.920378358755471969e-15,-1.362299930114571083e-15,2.666456443501016338e+02,1.000000000000000000e+00,2.791642942626187960e+02
7.150000000000000000e+01,2.893259137612815549e-15,-1.349641831748577489e-15,2.666456443501016338e+02,1.000000000000000000e+00,2.791642942626187960e+02
7.151999999999999602e+01,2.866391900347834484e-15,-1.337101422571391827e-15,2.666456443501016338e+02,1.000000000000000000e+00,2.791642942626187960e+02
7.154000000000000625e+01,2.839774303977822840e-15,-1.324677607564023259e-15,2.666456443501016338e+02,1.000000000000000000e+00,2.791642942626187960e+02
7.156000000000000227e+01,2.813404025596964560e-15,-1.312369301097211045e-15,2.666456443501016338e+02,1.000000000000000000e+00,2.791642942626187960e+02
7.157999999999999829e+01,2.787278769439711964e-15,-1.300175430234902062e-15,2.666456443501016338e+02,1.000000000000000000e+00,2.791642942626187960e+02
7.160000000000000853e+01,2.761396252509639633e-15,-1.288094928012932440e-15,2.666456443501016338e+02,1.000000000000000000e+00,2.791642942626187960e+02
7.162000000000000455e+01,2.735754223468526699e-15,-1.276126742273090753e-15,2.666456443501016338e+02,1.000000000000000000e+00,2.791642942626187960e+02
7.164000000000000057e+01,2.710350441262511800e-15,-1.264269825666937092e-15,2.666456443501016338e+02,1.000000000000000000e+00,2.791642942626187960e+02
7.165999999999999659e+01,2.685182695080703911e-15,-1.252523144989872913e-15,2.666456443501016338e+02,1.000000000000000000e+00,2.791642942626187960e+02
7.168000000000000682e+01,2.660248787870653405e-15,-1.240885673471758034e-15,2.666456443501016338e+02,1.000000000000000000e+00,2.791642942626187960e+02
7.170000000000000284e+01,2.635546546373859476e-15,-1.229356395470077461e-15,2.666456443501016338e+02,1.000000000000000000e+00,2.791642942626187960e+02
7.171999999999999886e+01,2.611073817973181005e-15,-1.217934304995589741e-15,2.666456443501016338e+02,1.000000000000000000e+00,2.791642942626187960e+02
7.173999999999999488e+01,2.586828465973596106e-15,-1.206618403505174221e-15,2.666456443501016338e+02,1.000000000000000000e+00,2.791642942626187960e+02
7.176000000000000512e+01,2.562808380733369492e-15,-1.195407705107426340e-15,2.666456443501016338e+02,1.000000000000000000e+00,2.791642942626187960e+02
7.178000000000000114e+01,2.539011462983194607e-15,-1.184301228761640147e-15,2.666456443501016338e+02,1.000000000000000000e+00,2.791642942626187960e+02
7.179999999999999716e+01,2.515435642985007169e-15,-1.173298007237439992e-15,2.666456443501016338e+02,1.000000000000000000e+00,2.791642942626187960e+02
7.182000000000000739e+01,2.492078861054220566e-15,-1.162397078005953936e-15,2.666456443501016338e+02,1.000000000000000000e+00,2.791642942626187960e+02
7.184000000000000341e+01,2.468939083791076193e-15,-1.151597490830249553e-15,2.666456443501016338e+02,1.000000000000000000e+00,2.791642942626187960e+02
7.185999999999999943e+01,2.446014292566422184e-15,-1.140898302380781197e-15,2.666456443501016338e+02,1.000000000000000000e+00,2.791642942626187960e+02
7.187999999999999545e+01,2.423302488205113951e-15,-1.130298578425403957e-15,2.666456443501016338e+02,1.000000000000000000e+00,2.791642942626187960e+02
7.190000000000000568e+01,2.400801692915095032e-15,-1.119797394731492898e-15,2.666456443501016338e+02,1.000000000000000000e+00,2.791642942626187960e+02
7.192000000000000171e+01,2.378509941442233451e-15,-1.109393832929527828e-15,2.666456443501016338e+02,1.000000000000000000e+00,2.791642942626187960e+02
7.193999999999999773e+01,2.356425294908305148e-15,-1.099086986984135285e-15,2.666456443501016338e+02,1.000000000000000000e+00,2.791642942626187960e+02
7.196000000000000796e+01,2.334545823326081733e-15,-1.088875955017592381e-15,2.666456443501016338e+02,1.000000000000000000e+00,2.791642942626187960e+02
7.198000000000000398e+01,2.312869623549977139e-15,-1.078759847703911895e-15,2.666456443501016338e+02,1.000000000000000000e+00,2.791642942626187960e+02
7.200000000000000000e+01,2.291394802838143520e-15,-1.068737780582111400e-15,2.666456443501016338e+02,1.000000000000000000e+00,2.791642942626187960e+02
7.201999999999999602e+01,2.270119490789775974e-15,-1.058808879638198359e-15,2.666456443501016338e+02,1.000000000000000000e+00,2.791642942626187960e+02
7.204000000000000625e+01,2.249041832767679460e-15,-1.048972278229474616e-15,2.666456443501016338e+02,1.000000000000000000e+00,2.791642942626187960e+02
7.206000000000000227e+01,2.228159989757621997e-15,-1.039227117018645806e-15,2.666456443501016338e+02,1.000000000000000000e+00,2.791642942626187960e+02
7.207999999999999829e+01,2.207472144460587526e-15,-1.029572546822608906e-15,2.666456443501016338e+02,1.000000000000000000e+00,2.791642942626187960e+02
7.210000000000000853e+01,2.186976489516993219e-15,-1.020007723105947134e-15,2.666456443501016338e+02,1.000000000000000000e+00,2.791642942626187960e+02
7.212000000000000455e+01,2.166671242701633967e-15,-1.010531813086070940e-15,2.666456443501016338e+02,1.000000000000000000e+00,2.791642942626187960e+02
7.214000000000000057e+01,2.146554629960174059e-15,-1.001143987801061867e-15,2.666456443501016338e+02,1.000000000000000000e+00,2.791642942626187960e+02
7.215999999999999659e+01,2.126624901044109214e-15,-9.918434294204230391e-16,2.666456443501016338e+02,1.000000000000000000e+00,2.791642942626187960e+02
7.218000000000000682e+01,2.106880316797741796e-15,-9.826293253005639702e-16,2.666456443501016338e+02,1.000000000000000000e+00,2.791642942626187960e+02
7.220000000000000284e+01,2.087319156655361421e-15,-9.735008714902897760e-16,2.666456443501016338e+02,1.000000000000000000e+00,2.791642942626187960e+02
7.221999999999999886e+01,2.067939716640685025e-15,-9.644572717953742491e-16,2.666456443501016338e+02,1.000000000000000000e+00,2.791642942626187960e+02
7.223999999999999488e+01,2.048740305150942402e-15,-9.554977358071714111e-16,2.666456443501016338e+02,1.000000000000000000e+00,2.791642942626187960e+02
7.226000000000000512e+01,2.029719252173108181e-15,-9.466214832119157246e-16,2.666456443501016338e+02,1.000000000000000000e+00,2.791642942626187960e+02
7.228000000000000114e+01,2.010874895808653998e-15,-9.378277374899583030e-16,2.666456443501016338e+02,1.000000000000000000e+00,2.791642942626187960e+02
7.229999999999999716e+01,1.992205597534030362e-15,-9.291157330510936707e-16,2.666456443501016338e+02,1.000000000000000000e+00,2.791642942626187960e+02
7.232000000000000739e+01,1.973709726876154526e-15,-9.204847080692622052e-16,2.666456443501016338e+02,1.000000000000000000e+00,2.791642942626187960e+02
7.234000000000000341e+01,1.955385673996618231e-15,-9.119339103664106020e-16,2.666456443501016338e+02,1.000000000000000000e+00,2.791642942626187960e+02
7.235999999999999943e+01,1.937231840965038581e-15,-9.034625933322358488e-16,2.666456443501016338e+02,1.000000000000000000e+00,2.791642942626187960e+02
7.237999999999999545e+01,1.919246645015845050e-15,-8.950700174468279790e-16,2.666456443501016338e+02,1.000000000000000000e+00,2.791642942626187960e+02
7.240000000000000568e+01,1.901428520529950135e-15,-8.867554512072138286e-16,2.666456443501016338e+02,1.000000000000000000e+00,2.791642942626187960e+02
7.242000000000000171e+01,1.883775911631174987e-15,-8.785181676657062083e-16,2.666456443501016338e+02,1.000000000000000000e+00,2.791642942626187960e+02
7.243999999999999773e+01,1.866287283436141134e-15,-8.703574496897676025e-16,2.666456443501016338e+02,1.000000000000000000e+00,2.791642942626187960e+02
7.246000000000000796e+01,1.848961108071961401e-15,-8.622725834245763733e-16,2.666456443501016338e+02,1.000000000000000000e+00,2.791642942626187960e+02
7.248000000000000398e+01,1.831795878847143545e-15,-8.542628649184816562e-16,2.666456443501016338e+02,1.000000000000000000e+00,2.791642942626187960e+02
7.250000000000000000e+01,1.814790097443813021e-15,-8.463275941348336913e-16,2.666456443501016338e+02,1.000000000000000000e+00,2.791642942626187960e+02
7.251999999999999602e+01,1.797942283037318176e-15,-8.384660792156560243e-16,2.666456443501016338e+02,1.000000000000000000e+00,2.791642942626187960e+02
7.254000000000000625e+01,1.781250967494586961e-15,-8.306776342367125379e-16,2.666456443501016338e+02,1.000000000000000000e+00,2.791642942626187960e+02
7.256000000000000227e+01,1.764714694837680210e-15,-8.229615789566153689e-16,2.666456443501016338e+02,1.000000000000000000e+00,2.791642942626187960e+02
7.257999999999999829e+01,1.748332026458663356e-15,-8.153172412549156952e-16,2.666456443501016338e+02,1.000000000000000000e+00,2.791642942626187960e+02
7.260000000000000853e+01,1.732101531489902860e-15,-8.077439526299141152e-16,2.666456443501016338e+02,1.000000000000000000e+00,2.791642942626187960e+02
7.262000000000000455e+01,1.716021799012578365e-15,-8.002410539063649228e-16,2.666456443501016338e+02,1.000000000000000000e+00,2.791642942626187960e+02
7.264000000000000057e+01,1.700091424606417890e-15,-7.928078889472011688e-16,2.666456443501016338e+02,1.000000000000000000e+00,2.791642942626187960e+02
7.265999999999999659e+01,1.684309022584603880e-15,-7.854438103734703232e-16,2.666456443501016338e+02,1.000000000000000000e+00,2.791642942626187960e+02
7.268000000000000682e+01,1.668673216205074340e-15,-7.781481749879959689e-16,2.666456443501016338e+02,1.000000000000000000e+00,2.791642942626187960e+02
7.270000000000000284e+01,1.653182643246397797e-15,-7.709203463820650270e-16,2.666456443501016338e+02,1.000000000000000000e+00,2.791642942626187960e+02
7.271999999999999886e+01,1.637835954817103727e-15,-7.637596943787857096e-16,2.666456443501016338e+02,1.000000000000000000e+00,2.791642942626187960e+02
7.273999999999999488e+01,1.622631811641027672e-15,-7.566655932964002774e-16,2.666456443501016338e+02,1.000000000000000000e+00,2.791642942626187960e+02
7.276000000000000512e+01,1.607568891666764694e-15,-7.496374255056852409e-16,2.666456443501016338e+02,1.000000000000000000e+00,2.791642942626187960e+02
7.278000000000000114e+01,1.592645879196630668e-15,-7.426745763477331222e-16,2.666456443501016338e+02,1.000000000000000000e+00,2.791642942626187960e+02
7.279999999999999716e+01,1.577861477028633812e-15,-7.357764398101941959e-16,2.666456443501016338e+02,1.000000000000000000e+00,2.791642942626187960e+02
7.282000000000000739e+01,1.563214394412793844e-15,-7.289424128969597651e-16,2.666456443501016338e+02,1.000000000000000000e+00,2.791642942626187960e+02
7.284000000000000341e+01,1.548703356793669612e-15,-7.221719001825952786e-16,2.666456443501016338e+02,1.000000000000000000e+00,2.791642942626187960e+02
7.285999999999999943e+01,1.534327099215360048e-15,-7.154643107292861366e-16,2.666456443501016338e+02,1.000000000000000000e+00,2.791642942626187960e+02
7.287999999999999545e+01,1.520084368540732797e-15,-7.088190591242088122e-16,2.666456443501016338e+02,1.000000000000000000e+00,2.791642942626187960e+02
7.290000000000000568e+01,1.505973925378516543e-15,-7.022355663803985672e-16,2.666456443501016338e+02,1.000000000000000000e+00,2.791642942626187960e+02
7.292000000000000171e+01,1.491994537909596682e-15,-6.957132570506430595e-16,2.666456443501016338e+02,1.000000000000000000e+00,2.791642942626187960e+02
7.293999999999999773e+01,1.478144991018396831e-15,-6.892515634961117466e-16,2.666456443501016338e+02,1.000000000000000000e+00,2.791642942626187960e+02
7.296000000000000796e+01,1.464424075122958069e-15,-6.828499206647459255e-16,2.666456443501016338e+02,1.000000000000000000e+00,2.791642942626187960e+02
7.298000000000000398e+01,1.450830597350969819e-15,-6.765077713156051527e-16,2.666456443501016338e+02,1.000000000000000000e+00,2.791642942626187960e+02
7.300000000000000000e+01,1.437363371572524139e-15,-6.702245613595558583e-16,2.666456443501016338e+02,1.000000000000000000e+00,2.791642942626187960e+02
7.301999999999999602e+01,1.424021225351469670e-15,-6.639997431086719488e-16,2.666456443501016338e+02,1.000000000000000000e+00,2.791642942626187960e+02
7.304000000000000625e+01,1.410802996468103495e-15,-6.578327736507494414e-16,2.666456443501016338e+02,1.000000000000000000e+00,2.791642942626187960e+02
7.306000000000000227e+01,1.397707532158331362e-15,-6.517231144935843312e-16,2.666456443501016338e+02,1.000000000000000000e+00,2.791642942626187960e+02
7.307999999999999829e+01,1.384733693548639355e-15,-6.456702336380857383e-16,2.666456443501016338e+02,1.000000000000000000e+00,2.791642942626187960e+02
7.310000000000000853e+01,1.371880347796250457e-15,-6.396736019041798084e-16,2.666456443501016338e+02,1.000000000000000000e+00,2.791642942626187960e+02
7.312000000000000455e+01,1.359146377886569324e-15,-6.337326975105191176e-16,2.666456443501016338e+02,1.000000000000000000e+00,2.791642942626187960e+02
7.314000000000000057e+01,1.346530671978867529e-15,-6.278470010942153380e-16,2.666456443501016338e+02,1.000000000000000000e+00,2.791642942626187960e+02
7.315999999999999659e+01,1.334032132970071284e-15,-6.220160001812453570e-16,2.666456443501016338e+02,1.000000000000000000e+00,2.791642942626187960e+02
7.318000000000000682e+01,1.321649670970455255e-15,-6.162391856693387945e-16,2.666456443501016338e+02,1.000000000000000000e+00,2.791642942626187960e+02
7.320000000000000284e+01,1.309382207429604406e-15,-6.105160537565127658e-16,2.666456443501016338e+02,1.000000000000000000e+00,2.791642942626187960e+02
7.321999999999999886e+01,1.297228674505605508e-15,-6.048461056462135231e-16,2.666456443501016338e+02,1.000000000000000000e+00,2.791642942626187960e+02
7.323999999999999488e+01,1.285188011828233710e-15,-5.992288460342980030e-16,2.666456443501016338e+02,1.000000000000000000e+00,2.791642942626187960e+02
7.326000000000000512e+01,1.273259172765687028e-15,-5.936637860382182357e-16,2.666456443501016338e+02,1.000000000000000000e+00,2.791642942626187960e+02
7.328000000000000114e+01,1.261441115665741845e-15,-5.881504391029511817e-16,2.666456443501016338e+02,1.000000000000000000e+00,2.791642942626187960e+02
7.329999999999999716e+01,1.249732813506098193e-15,-5.826883255116691991e-16,2.666456443501016338e+02,1.000000000000000000e+00,2.791642942626187960e+02
7.332000000000000739e+01,1.238133244439500790e-15,-5.772769679664121747e-16,2.666456443501016338e+02,1.000000000000000000e+00,2.791642942626187960e+02
7.334000000000000341e+01,1.226641399324985029e-15,-5.719158951081979747e-16,2.666456443501016338e+02,1.000000000000000000e+00,2.791642942626187960e+02
7.335999999999999943e+01,1.215256276759487226e-15,-5.666046391947708519e-16,2.666456443501016338e+02,1.000000000000000000e+00,2.791642942626187960e+02
7.337999999999999545e+01,1.203976884549028396e-15,-5.613427367881801051e-16,2.666456443501016338e+02,1.000000000000000000e+00,2.791642942626187960e+02
7.340000000000000568e+01,1.192802241516540881e-15,-5.561297295997491104e-16,2.666456443501016338e+02,1.000000000000000000e+00,2.791642942626187960e+02
7.342000000000000171e+01,1.181731372371128453e-15,-5.509651620919469456e-16,2.666456443501016338e+02,1.000000000000000000e+00,2.791642942626187960e+02
7.343999999999999773e+01,1.170763315108702579e-15,-5.458485849373674451e-16,2.666456443501016338e+02,1.000000000000000000e+00,2.791642942626187960e+02
7.346000000000000796e+01,1.159897112097733694e-15,-5.407795508522804563e-16,2.666456443501016338e+02,1.000000000000000000e+00,2.791642942626187960e+02
7.348000000000000398e+01,1.149131818884665130e-15,-5.357576187121202675e-16,2.666456443501016338e+02,1.000000000000000000e+00,2.791642942626187960e+02
7.350000000000000000e+01,1.138466496446870670e-15,-5.307823499306409723e-16,2.666456443501016338e+02,1.000000000000000000e+00,2.791642942626187960e+02
7.351999999999999602e+01,1.127900216478452745e-15,-5.258533109303420742e-16,2.666456443501016338e+02,1.000000000000000000e+00,2.791642942626187960e+02
7.354000000000000625e+01,1.117432058896034246e-15,-5.209700719767317487e-16,2.666456443501016338e+02,1.000000000000000000e+00,2.791642942626187960e+02
7.356000000000000227e+01,1.107061110970801107e-15,-5.161322067726166661e-16,2.666456443501016338e+02,1.000000000000000000e+00,2.791642942626187960e+02
7.357999999999999829e+01,1.096786471079089207e-15,-5.113392942110068334e-16,2.666456443501016338e+02,1.000000000000000000e+00,2.791642942626187960e+02
7.360000000000000853e+01,1.086607242298562813e-15,-5.065909153821429056e-16,2.666456443501016338e+02,1.000000000000000000e+00,2.791642942626187960e+02
7.362000000000000455e+01,1.076522540261636688e-15,-5.018866572438799055e-16,2.666456443501016338e+02,1.000000000000000000e+00,2.791642942626187960e+02
7.364000000000000057e+01,1.066531484724138424e-15,-4.972261086811896415e-16,2.666456443501016338e+02,1.000000000000000000e+00,2.791642942626187960e+02
7.365999999999999659e+01,1.056633207032742094e-15,-4.926088639960851979e-16,2.666456443501016338e+02,1.000000000000000000e+00,2.791642942626187960e+02
7.368000000000000682e+01,1.046826844351596635e-15,-4.880345202094023768e-16,2.666456443501016338e+02,1.000000000000000000e+00,2.791642942626187960e+02
7.370000000000000284e+01,1.037111542697709766e-15,-4.835026784793459436e-16,2.666456443501016338e+02,1.000000000000000000e+00,2.791642942626187960e+02
7.371999999999999886e+01,1.027486456688690780e-15,-4.790129439835925905e-16,2.666456443501016338e+02,1.000000000000000000e+00,2.791642942626187960e+02
7.373999999999999488e+01,1.017950746748039413e-15,-4.745649246131538188e-16,2.666456443501016338e+02,1.000000000000000000e+00,2.791642942626187960e+02
7.376000000000000512e+01,1.008503584253893842e-15,-4.701582333785934924e-16,2.666456443501016338e+02,1.000000000000000000e+00,2.791642942626187960e+02
7.378000000000000114e+01,9.991441444907058222e-16,-4.657924851160377591e-16,2.666456443501016338e+02,1.000000000000000000e+00,2.791642942626187960e+02
7.379999999999999716e+01,9.898716143111792350e-16,-4.614673000678517758e-16,2.666456443501016338e+02,1.000000000000000000e+00,2.791642942626187960e+02
7.382000000000000739e+01,9.806851847218967965e-16,-4.571823004176417439e-16,2.666456443501016338e+02,1.000000000000000000e+00,2.791642942626187960e+02
7.384000000000000341e+01,9.715840566960820689e-16,-4.529371130066972388e-16,2.666456443501016338e+02,1.000000000000000000e+00,2.791642942626187960e+02
7.385999999999999943e+01,9.625674374436043811e-16,-4.487313675908579884e-16,2.666456443501016338e+02,1.000000000000000000e+00,2.791642942626187960e+02
7.387999999999999545e+01,9.536345413485114190e-16,-4.445646972786029449e-16,2.666456443501016338e+02,1.000000000000000000e+00,2.791642942626187960e+02
7.390000000000000568e+01,9.447845916223446178e-16,-4.404367393036759392e-16,2.666456443501016338e+02,1.000000000000000000e+00,2.791642942626187960e+02
7.392000000000000171e+01,9.360168160532523254e-16,-4.363471330385335517e-16,2.666456443501016338e+02,1.000000000000000000e+00,2.791642942626187960e+02
7.393999999999999773e+01,9.273304529952667365e-16,-4.322955227932082204e-16,2.666456443501016338e+02,1.000000000000000000e+00,2.791642942626187960e+02
7.396000000000000796e+01,9.187247442612574013e-16,-4.282815544940800286e-16,2.666456443501016338e+02,1.000000000000000000e+00,2.791642942626187960e+02
7.398000000000000398e+01,9.101989420537102970e-16,-4.243048789226617543e-16,2.666456443501016338e+02,1.000000000000000000e+00,2.791642942626187960e+02
7.400000000000000000e+01,9.017523029510642456e-16,-4.203651489053709387e-16,2.666456443501016338e+02,1.000000000000000000e+00,2.791642942626187960e+02
7.401999999999999602e+01,8.933840919164967329e-16,-4.164620211868085908e-16,2.666456443501016338e+02,1.000000000000000000e+00,2.791642942626187960e+02
7.404000000000000625e+01,8.850935805296654668e-16,-4.125951556034487871e-16,2.666456443501016338e+02,1.000000000000000000e+00,2.791642942626187960e+02
7.406000000000000227e+01,8.768800460898435396e-16,-4.087642146645012931e-16,2.666456443501016338e+02,1.000000000000000000e+00,2.791642942626187960e+02
7.407999999999999829e+01,8.687427747721711381e-16,-4.049688650267980079e-16,2.666456443501016338e+02,1.000000000000000000e+00,2.791642942626187960e+02
7.410000000000000853e+01,8.606810564189558839e-16,-4.012087750607911391e-16,2.666456443501016338e+02,1.000000000000000000e+00,2.791642942626187960e+02
7.412000000000000455e+01,8.526941908276142812e-16,-3.974836177888091181e-16,2.666456443501016338e+02,1.000000000000000000e+00,2.791642942626187960e+02
7.414000000000000057e+01,8.447814810850814516e-16,-3.937930677703152934e-16,2.666456443501016338e+02,1.000000000000000000e+00,2.791642942626187960e+02
7.415999999999999659e+01,8.369422393916479617e-16,-3.901368038232491357e-16,2.666456443501016338e+02,1.000000000000000000e+00,2.791642942626187960e+02
7.418000000000000682e+01,8.291757826395140604e-16,-3.865145069579740864e-16,2.666456443501016338e+02,1.000000000000000000e+00,2.791642942626187960e+02
7.420000000000000284e+01,8.214814346308703154e-16,-3.829258614136973132e-16,2.666456443501016338e+02,1.000000000000000000e+00,2.791642942626187960e+02
7.421999999999999886e+01,8.138585260739191901e-16,-3.793705546566063219e-16,2.666456443501016338e+02,1.000000000000000000e+00,2.791642942626187960e+02
7.423999999999999488e+01,8.063063921883769074e-16,-3.758482762609631927e-16,2.666456443501016338e+02,1.000000000000000000e+00,2.791642942626187960e+02
7.426000000000000512e+01,7.988243769264169011e-16,-3.723587198813966697e-16,2.666456443501016338e+02,1.000000000000000000e+00,2.791642942626187960e+02
7.428000000000000114e+01,7.914118273075531833e-16,-3.689015806057820176e-16,2.666456443501016338e+02,1.000000000000000000e+00,2.791642942626187960e+02
7.429999999999999716e+01,7.840680994955893066e-16,-3.654765577947345104e-16,2.666456443501016338e+02,1.000000000000000000e+00,2.791642942626187960e+02
7.432000000000000739e+01,7.767925529908141491e-16,-3.620833523678620972e-16,2.666456443501016338e+02,1.000000000000000000e+00,2.791642942626187960e+02
7.434000000000000341e+01,7.695845551090677530e-16,-3.587216688965967678e-16,2.666456443501016338e+02,1.000000000000000000e+00,2.791642942626187960e+02
7.435999999999999943e+01,7.624434781922527440e-16,-3.553912143007994185e-16,2.666456443501016338e+02,1.000000000000000000e+00,2.791642942626187960e+02
7.437999999999999545e+01,7.553687001700793213e-16,-3.520916981112027320e-16,2.666456443501016338e+02,1.000000000000000000e+00,2.791642942626187960e+02
7.440000000000000568e+01,7.483596060436307016e-16,-3.488228331625935597e-16,2.666456443501016338e+02,1.000000000000000000e+00,2.791642942626187960e+02
7.442000000000000171e+01,7.414155843733137427e-16,-3.455843339528114997e-16,2.666456443501016338e+02,1.000000000000000000e+00,2.791642942626187960e+02
7.443999999999999773e+01,7.345360321192159780e-16,-3.423759189043372826e-16,2.666456443501016338e+02,1.000000000000000000e+00,2.791642942626187960e+02
7.446000000000000796e+01,7.277203489804320452e-16,-3.391973077194082119e-16,2.666456443501016338e+02,1.000000000000000000e+00,2.791642942626187960e+02
7.448000000000000398e+01,7.209679428448695113e-16,-3.360482239263234601e-16,2.666456443501016338e+02,1.000000000000000000e+00,2.791642942626187960e+02
7.450000000000000000e+01,7.142782251273285266e-16,-3.329283927012480921e-16,2.666456443501016338e+02,1.000000000000000000e+00,2.791642942626187960e+02
7.451999999999999602e+01,7.076506138011155826e-16,-3.298375422846371765e-16,2.666456443501016338e+02,1.000000000000000000e+00,2.791642942626187960e+02
7.454000000000000625e+01,7.010845321626179145e-16,-3.267754034040103363e-16,2.666456443501016338e+02,1.000000000000000000e+00,2.791642942626187960e+02
7.456000000000000227e+01,6.945794079558083138e-16,-3.237417088648761426e-16,2.666456443501016338e+02,1.000000000000000000e+00,2.791642942626187960e+02
7.457999999999999829e+01,6.881346760168186800e-16,-3.207361947863150897e-16,2.666456443501016338e+02,1.000000000000000000e+00,2.791642942626187960e+02
7.460000000000000853e+01,6.817497740441348997e-16,-3.177585986247329964e-16,2.666456443501016338e+02,1.000000000000000000e+00,2.791642942626187960e+02
7.462000000000000455e+01,6.754241476274343467e-16,-3.148086615233764198e-16,2.666456443501016338e+02,1.000000000000000000e+00,2.791642942626187960e+02
7.464000000000000057e+01,6.691572449832206465e-16,-3.118861258527639960e-16,2.666456443501016338e+02,1.000000000000000000e+00,2.791642942626187960e+02
7.465999999999999659e+01,6.629485214913799242e-16,-3.089907373301690280e-16,2.666456443501016338e+02,1.000000000000000000e+00,2.791642942626187960e+02
7.468000000000000682e+01,6.567974363159744209e-16,-3.061222434408388270e-16,2.666456443501016338e+02,1.000000000000000000e+00,2.791642942626187960e+02
7.470000000000000284e+01,6.507034540133090223e-16,-3.032803941892581616e-16,2.666456443501016338e+02,1.000000000000000000e+00,2.791642942626187960e+02
7.471999999999999886e+01,6.446660446836805855e-16,-3.004649421700398486e-16,2.666456443501016338e+02,1.000000000000000000e+00,2.791642942626187960e+02
7.473999999999999488e+01,6.386846819332031455e-16,-2.976756416156813865e-16,2.666456443501016338e+02,1.000000000000000000e+00,2.791642942626187960e+02
7.476000000000000512e+01,6.327588463270635869e-16,-2.949122500098822903e-16,2.666456443501016338e+02,1.000000000000000000e+00,2.791642942626187960e+02
7.478000000000000114e+01,6.268880208413948782e-16,-2.921745259627007989e-16,2.666456443501016338e+02,1.000000000000000000e+00,2.791642942626187960e+02
7.479999999999999716e+01,6.210716956782075271e-16,-2.894622314599988322e-16,2.666456443501016338e+02,1.000000000000000000e+00,2.791642942626187960e+02
7.482000000000000739e+01,6.153093637211306981e-16,-2.867751297404380760e-16,2.666456443501016338e+02,1.000000000000000000e+00,2.791642942626187960e+02
7.484000000000000341e+01,6.096005239808461316e-16,-2.841129869050929732e-16,2.666456443501016338e+02,1.000000000000000000e+00,2.791642942626187960e+02
7.485999999999999943e+01,6.039446795179693578e-16,-2.814755709470648883e-16,2.666456443501016338e+02,1.000000000000000000e+00,2.791642942626187960e+02
7.487999999999999545e+01,5.983413377444970164e-16,-2.788626518922882566e-16,2.666456443501016338e+02,1.000000000000000000e+00,2.791642942626187960e+02
7.490000000000000568e+01,5.927900117355679597e-16,-2.762740024123390840e-16,2.666456443501016338e+02,1.000000000000000000e+00,2.791642942626187960e+02
7.492000000000000171e+01,5.872902173353132403e-16,-2.737093964723660591e-16,2.666456443501016338e+02,1.000000000000000000e+00,2.791642942626187960e+02
7.493999999999999773e+01,5.818414770634601861e-16,-2.711686111561028036e-16,2.666456443501016338e+02,1.000000000000000000e+00,2.791642942626187960e+02
7.496000000000000796e+01,5.764433156110576227e-16,-2.686514245616352476e-16,2.666456443501016338e+02,1.000000000000000000e+00,2.791642942626187960e+02
7.498000000000000398e+01,5.710952641214434558e-16,-2.661576178012718518e-16,2.666456443501016338e+02,1.000000000000000000e+00,2.791642942626187960e+02
7.500000000000000000e+01,5.657968565812083961e-16,-2.636869733155580330e-16,2.666456443501016338e+02,1.000000000000000000e+00,2.791642942626187960e+02
7.501999999999999602e+01,5.605476321056680953e-16,-2.612392759409187882e-16,2.666456443501016338e+02,1.000000000000000000e+00,2.791642942626187960e+02
7.504000000000000625e+01,5.553471340917764177e-16,-2.588143125139372705e-16,2.666456443501016338e+02,1.000000000000000000e+00,2.791642942626187960e+02
7.506000000000000227e+01,5.501949093945671782e-16,-2.564118714866138663e-16,2.666456443501016338e+02,1.000000000000000000e+00,2.791642942626187960e+02
7.507999999999999829e+01,5.450905105344176219e-16,-2.540317439574667595e-16,2.666456443501016338e+02,1.000000000000000000e+00,2.791642942626187960e+02
7.510000000000000853e+01,5.400334922674477331e-16,-2.516737220694128726e-16,2.666456443501016338e+02,1.000000000000000000e+00,2.791642942626187960e+02
7.512000000000000455e+01,5.350234156028750557e-16,-2.493376008864108167e-16,2.666456443501016338e+02,1.000000000000000000e+00,2.791642942626187960e+02
7.514000000000000057e+01,5.300598436495489247e-16,-2.470231764532253985e-16,2.666456443501016338e+02,1.000000000000000000e+00,2.791642942626187960e+02
7.515999999999999659e+01,5.251423451453624736e-16,-2.447302474441101808e-16,2.666456443501016338e+02,1.000000000000000000e+00,2.791642942626187960e+02
7.518000000000000682e+01,5.202704918802441320e-16,-2.424586139590073189e-16,2.666456443501016338e+02,1.000000000000000000e+00,2.791642942626187960e+02
7.520000000000000284e+01,5.154438598510099560e-16,-2.402080780629908128e-16,2.666456443501016338e+02,1.000000000000000000e+00,2.791642942626187960e+02
7.521999999999999886e+01,5.106620295039931829e-16,-2.379784438995979627e-16,2.666456443501016338e+02,1.000000000000000000e+00,2.791642942626187960e+02
7.523999999999999488e+01,5.059245840099873617e-16,-2.357695168850064752e-16,2.666456443501016338e+02,1.000000000000000000e+00,2.791642942626187960e+02
7.526000000000000512e+01,5.012311120840293637e-16,-2.335811050251912764e-16,2.666456443501016338e+02,1.000000000000000000e+00,2.791642942626187960e+02
7.528000000000000114e+01,4.965812043380904359e-16,-2.314130172122070215e-16,2.666456443501016338e+02,1.000000000000000000e+00,2.791642942626187960e+02
7.529999999999999716e+01,4.919744570922402349e-16,-2.292650650044094634e-16,2.666456443501016338e+02,1.000000000000000000e+00,2.791642942626187960e+02
7.532000000000000739e+01,4.874104688230688136e-16,-2.271370609674786526e-16,2.666456443501016338e+02,1.000000000000000000e+00,2.791642942626187960e+02
7.534000000000000341e+01,4.828888428092061160e-16,-2.250288199101376453e-16,2.666456443501016338e+02,1.000000000000000000e+00,2.791642942626187960e+02
7.535999999999999943e+01,4.784091855921949888e-16,-2.229401581652183485e-16,2.666456443501016338e+02,1.000000000000000000e+00,2.791642942626187960e+02
7.537999999999999545e+01,4.739711071014909257e-16,-2.208708936480330123e-16,2.666456443501016338e+02,1.000000000000000000e+00,2.791642942626187960e+02
7.540000000000000568e+01,4.695742218007166024e-16,-2.188208463917777988e-16,2.666456443501016338e+02,1.000000000000000000e+00,2.791642942626187960e+02
7.542000000000000171e+01,4.652181463083793877e-16,-2.167898374361745935e-16,2.666456443501016338e+02,1.000000000000000000e+00,2.791642942626187960e+02
7.543999999999999773e+01,4.609025025467763930e-16,-2.147776902982824664e-16,2.666456443501016338e+02,1.000000000000000000e+00,2.791642942626187960e+02
7.546000000000000796e+01,4.566269141613448632e-16,-2.127842293000139945e-16,2.666456443501016338e+02,1.000000000000000000e+00,2.791642942626187960e+02
7.548000000000000398e+01,4.523910098800408374e-16,-2.108092811372340584e-16,2.666456443501016338e+02,1.000000000000000000e+00,2.791642942626187960e+02
7.550000000000000000e+01,4.481944207234082133e-16,-2.088526735766298630e-16,2.666456443501016338e+02,1.000000000000000000e+00,2.791642942626187960e+02
7.551999999999999602e+01,4.440367817216162037e-16,-2.069142362576868531e-16,2.666456443501016338e+02,1.000000000000000000e+00,2.791642942626187960e+02
7.554000000000000625e+01,4.399177313480550867e-16,-2.049938004281303540e-16,2.666456443501016338e+02,1.000000000000000000e+00,2.791642942626187960e+02
7.556000000000000227e+01,4.358369107645836737e-16,-2.030911985913873555e-16,2.666456443501016338e+02,1.000000000000000000e+00,2.791642942626187960e+02
7.557999999999999829e+01,4.317939656573788327e-16,-2.012062653640487091e-16,2.666456443501016338e+02,1.000000000000000000e+00,2.791642942626187960e+02
7.560000000000000853e+01,4.277885434602472099e-16,-1.993388361789605249e-16,2.666456443501016338e+02,1.000000000000000000e+00,2.791642942626187960e+02
7.562000000000000455e+01,4.238202965603718977e-16,-1.974887487825014971e-16,2.666456443501016338e+02,1.000000000000000000e+00,2.791642942626187960e+02
7.564000000000000057e+01,4.198888790247289059e-16,-1.956558417056128454e-16,2.666456443501016338e+02,1.000000000000000000e+00,2.791642942626187960e+02
7.565999999999999659e+01,4.159939493423854924e-16,-1.938399555445984025e-16,2.666456443501016338e+02,1.000000000000000000e+00,2.791642942626187960e+02
7.568000000000000682e+01,4.121351684638803564e-16,-1.920409320454012677e-16,2.666456443501016338e+02,1.000000000000000000e+00,2.791642942626187960e+02
7.570000000000000284e+01,4.083122006211085695e-16,-1.902586144865203415e-16,2.666456443501016338e+02,1.000000000000000000e+00,2.791642942626187960e+02
7.571999999999999886e+01,4.045247136162008614e-16,-1.884928478139246208e-16,2.666456443501016338e+02,1.000000000000000000e+00,2.791642942626187960e+02
7.573999999999999488e+01,4.007723773687093058e-16,-1.867434779625113362e-16,2.666456443501016338e+02,1.000000000000000000e+00,2.791642942626187960e+02
7.576000000000000512e+01,3.970548662139750145e-16,-1.850103529295347712e-16,2.666456443501016338e+02,1.000000000000000000e+00,2.791642942626187960e+02
7.578000000000000114e+01,3.933718559813864832e-16,-1.832933214100263116e-16,2.666456443501016338e+02,1.000000000000000000e+00,2.791642942626187960e+02
7.579999999999999716e+01,3.897230270080246752e-16,-1.815922342042698176e-16,2.666456443501016338e+02,1.000000000000000000e+00,2.791642942626187960e+02
7.582000000000000739e+01,3.861080613661177423e-16,-1.799069429229204176e-16,2.666456443501016338e+02,1.000000000000000000e+00,2.791642942626187960e+02
7.584000000000000341e+01,3.825266448904460920e-16,-1.782373009338556904e-16,2.666456443501016338e+02,1.000000000000000000e+00,2.791642942626187960e+02
7.585999999999999943e+01,3.789784660442170315e-16,-1.765831628325007787e-16,2.666456443501016338e+02,1.000000000000000000e+00,2.791642942626187960e+02
7.587999999999999545e+01,3.754632159279397493e-16,-1.749443844459625135e-16,2.666456443501016338e+02,1.000000000000000000e+00,2.791642942626187960e+02
7.590000000000000568e+01,3.719805892714222912e-16,-1.733208232963080716e-16,2.666456443501016338e+02,1.000000000000000000e+00,2.791642942626187960e+02
7.592000000000000171e+01,3.685302824820920127e-16,-1.717123376890826194e-16,2.666456443501016338e+02,1.000000000000000000e+00,2.791642942626187960e+02
7.593999999999999773e+01,3.651119961799719458e-16,-1.701187878971783142e-16,2.666456443501016338e+02,1.000000000000000000e+00,2.791642942626187960e+02
7.596000000000000796e+01,3.617254323540105381e-16,-1.685400348327924922e-16,2.666456443501016338e+02,1.000000000000000000e+00,2.791642942626187960e+02
7.598000000000000398e+01,3.583702969955221092e-16,-1.669759412772650984e-16,2.666456443501016338e+02,1.000000000000000000e+00,2.791642942626187960e+02
7.600000000000000000e+01,3.550462979447026814e-16,-1.654263708753770023e-16,2.666456443501016338e+02,1.000000000000000000e+00,2.791642942626187960e+02
7.601999999999999602e+01,3.517531461756731527e-16,-1.638911887354625209e-16,2.666456443501016338e+02,1.000000000000000000e+00,2.791642942626187960e+02
7.604000000000000625e+01,3.484905554309342193e-16,-1.623702612586931890e-16,2.666456443501016338e+02,1.000000000000000000e+00,2.791642942626187960e+02
7.606000000000000227e+01,3.452582415429596043e-16,-1.608634558222526566e-16,2.666456443501016338e+02,1.000000000000000000e+00,2.791642942626187960e+02
7.607999999999999829e+01,3.420559239563062319e-16,-1.593706414901506546e-16,2.666456443501016338e+02,1.000000000000000000e+00,2.791642942626187960e+02
7.610000000000000853e+01,3.388833234827254840e-16,-1.578916879648657521e-16,2.666456443501016338e+02,1.000000000000000000e+00,2.791642942626187960e+02
7.612000000000000455e+01,3.357401648564254698e-16,-1.564264667806224117e-16,2.666456443501016338e+02,1.000000000000000000e+00,2.791642942626187960e+02
7.614000000000000057e+01,3.326261741567199608e-16,-1.549748500997913445e-16,2.666456443501016338e+02,1.000000000000000000e+00,2.791642942626187960e+02
7.615999999999999659e+01,3.295410809358630437e-16,-1.535367117065491829e-16,2.666456443501016338e+02,1.000000000000000000e+00,2.791642942626187960e+02
7.618000000000000682e+01,3.264846167311904489e-16,-1.521119263120682849e-16,2.666456443501016338e+02,1.000000000000000000e+00,2.791642942626187960e+02
7.620000000000000284e+01,3.234565156389098073e-16,-1.507003698224567912e-16,2.666456443501016338e+02,1.000000000000000000e+00,2.791642942626187960e+02
7.621999999999999886e+01,3.204565146192280538e-16,-1.493019194812398225e-16,2.666456443501016338e+02,1.000000000000000000e+00,2.791642942626187960e+02
7.623999999999999488e+01,3.174843522781714151e-16,-1.479164533004939838e-16,2.666456443501016338e+02,1.000000000000000000e+00,2.791642942626187960e+02
7.626000000000000512e+01,3.145397707377660109e-16,-1.465438509341601677e-16,2.666456443501016338e+02,1.000000000000000000e+00,2.791642942626187960e+02
7.628000000000000114e+01,3.116225132979962738e-16,-1.451839925862462322e-16,2.666456443501016338e+02,1.000000000000000000e+00,2.791642942626187960e+02
7.629999999999999716e+01,3.087323268174578869e-16,-1.438367601225018923e-16,2.666456443501016338e+02,1.000000000000000000e+00,2.791642942626187960e+02
7.632000000000000739e+01,3.058689595515119844e-16,-1.425020360609120392e-16,2.666456443501016338e+02,1.000000000000000000e+00,2.791642942626187960e+02
7.634000000000000341e+01,3.030321627028085664e-16,-1.411797042957205760e-16,2.666456443501016338e+02,1.000000000000000000e+00,2.791642942626187960e+02
7.635999999999999943e+01,3.002216895909667131e-16,-1.398696497097015602e-16,2.666456443501016338e+02,1.000000000000000000e+00,2.791642942626187960e+02
7.637999999999999545e+01,2.974372955882488945e-16,-1.385717581441148447e-16,2.666456443501016338e+02,1.000000000000000000e+00,2.791642942626187960e+02
7.640000000000000568e+01,2.946787389711552006e-16,-1.372859167963525684e-16,2.666456443501016338e+02,1.000000000000000000e+00,2.791642942626187960e+02
7.642000000000000171e+01,2.919457793228049310e-16,-1.360120134739280412e-16,2.666456443501016338e+02,1.000000000000000000e+00,2.791642942626187960e+02
7.643999999999999773e+01,2.892381795711854421e-16,-1.347499375462194412e-16,2.666456443501016338e+02,1.000000000000000000e+00,2.791642942626187960e+02
7.646000000000000796e+01,2.865557037329535546e-16,-1.334995788909491817e-16,2.666456443501016338e+02,1.000000000000000000e+00,2.791642942626187960e+02
7.648000000000000398e+01,2.838981189756185890e-16,-1.322608288570923813e-16,2.666456443501016338e+02,1.000000000000000000e+00,2.791642942626187960e+02
7.650000000000000000e+01,2.812651939579380258e-16,-1.310335794899404878e-16,2.666456443501016338e+02,1.000000000000000000e+00,2.791642942626187960e+02
7.651999999999999602e+01,2.786566997875346907e-16,-1.298177239782388310e-16,2.666456443501016338e+02,1.000000000000000000e+00,2.791642942626187960e+02
7.654000000000000625e+01,2.760724097973371244e-16,-1.286131565497939476e-16,2.666456443501016338e+02,1.000000000000000000e+00,2.791642942626187960e+02
7.656000000000000227e+01,2.735120989448851264e-16,-1.274197721909862961e-16,2.666456443501016338e+02,1.000000000000000000e+00,2.791642942626187960e+02
7.657999999999999829e+01,2.709755450706806363e-16,-1.262374672343202691e-16,2.666456443501016338e+02,1.000000000000000000e+00,2.791642942626187960e+02
7.660000000000000853e+01,2.684625270857286271e-16,-1.250661385121404008e-16,2.666456443501016338e+02,1.000000000000000000e+00,2.791642942626187960e+02
7.662000000000000455e+01,2.659728270060433497e-16,-1.239056843065763388e-16,2.666456443501016338e+02,1.000000000000000000e+00,2.791642942626187960e+02
7.664000000000000057e+01,2.635062279256704342e-16,-1.227560034031070467e-16,2.666456443501016338e+02,1.000000000000000000e+00,2.791642942626187960e+02
7.665999999999999659e+01,2.610625156653930178e-16,-1.216169958603592057e-16,2.666456443501016338e+02,1.000000000000000000e+00,2.791642942626187960e+02
7.668000000000000682e+01,2.586414776467757838e-16,-1.204885624843800600e-16,2.666456443501016338e+02,1.000000000000000000e+00,2.791642942626187960e+02
7.670000000000000284e+01,2.562429032864076154e-16,-1.193706050127068429e-16,2.666456443501016338e+02,1.000000000000000000e+00,2.791642942626187960e+02
7.671999999999999886e+01,2.538665842977650891e-16,-1.182630262553031867e-16,2.666456443501016338e+02,1.000000000000000000e+00,2.791642942626187960e+02
7.673999999999999488e+01,2.515123136737594493e-16,-1.171657296195020818e-16,2.666456443501016338e+02,1.000000000000000000e+00,2.791642942626187960e+02
7.676000000000000512e+01,2.491798872060440578e-16,-1.160786198193646398e-16,2.666456443501016338e+02,1.000000000000000000e+00,2.791642942626187960e+02
7.678000000000000114e+01,2.468691016159970166e-16,-1.150016020030364416e-16,2.666456443501016338e+02,1.000000000000000000e+00,2.791642942626187960e+02
7.679999999999999716e+01,2.445797564334788573e-16,-1.139345826299229483e-16,2.666456443501016338e+02,1.000000000000000000e+00,2.791642942626187960e+02
7.682000000000000739e+01,2.423116523131986599e-16,-1.128774686846101454e-16,2.666456443501016338e+02,1.000000000000000000e+00,2.791642942626187960e+02
7.684000000000000341e+01,2.400645922179245522e-16,-1.118301682292867748e-16,2.666456443501016338e+02,1.000000000000000000e+00,2.791642942626187960e+02
7.685999999999999943e+01,2.378383808151597835e-16,-1.107925901220558244e-16,2.666456443501016338e+02,1.000000000000000000e+00,2.791642942626187960e+02
7.687999999999999545e+01,2.356328243697472999e-16,-1.097646439667885637e-16,2.666456443501016338e+02,1.000000000000000000e+00,2.791642942626187960e+02
7.690000000000000568e+01,2.334477314699333763e-16,-1.087462404521035469e-16,2.666456443501016338e+02,1.000000000000000000e+00,2.791642942626187960e+02
7.692000000000000171e+01,2.312829117221137784e-16,-1.077372907419690371e-16,2.666456443501016338e+02,1.000000000000000000e+00,2.791642942626187960e+02
7.693999999999999773e+01,2.291381773877299024e-16,-1.067377072399222882e-16,2.666456443501016338e+02,1.000000000000000000e+00,2.791642942626187960e+02
7.696000000000000796e+01,2.270133415949125243e-16,-1.057474027541322229e-16,2.666456443501016338e+02,1.000000000000000000e+00,2.791642942626187960e+02
7.698000000000000398e+01,2.249082199515734218e-16,-1.047662912504967005e-16,2.666456443501016338e+02,1.000000000000000000e+00,2.791642942626187960e+02
7.700000000000000000e+01,2.228226292685389903e-16,-1.037942872565118555e-16,2.666456443501016338e+02,1.000000000000000000e+00,2.791642942626187960e+02
7.701999999999999602e+01,2.207563882697184276e-16,-1.028313061928192674e-16,2.666456443501016338e+02,1.000000000000000000e+00,2.791642942626187960e+02
7.704000000000000625e+01,2.187093174673795491e-16,-1.018772643149718911e-16,2.666456443501016338e+02,1.000000000000000000e+00,2.791642942626187960e+02
7.706000000000000227e+01,2.166812386366036868e-16,-1.009320784680751548e-16,2.666456443501016338e+02,1.000000000000000000e+00,2.791642942626187960e+02
7.707999999999999829e+01,2.146719758528345515e-16,-9.999566657116651376e-17,2.666456443501016338e+02,1.000000000000000000e+00,2.791642942626187960e+02
7.710000000000000853e+01,2.126813540304682679e-16,-9.906794693494902885e-17,2.666456443501016338e+02,1.000000000000000000e+00,2.791642942626187960e+02
7.712000000000000455e+01,2.107092005409668112e-16,-9.814883901720174744e-17,2.666456443501016338e+02,1.000000000000000000e+00,2.791642942626187960e+02
7.714000000000000057e+01,2.087553436204788156e-16,-9.723826267937833738e-17,2.666456443501016338e+02,1.000000000000000000e+00,2.791642942626187960e+02
7.715999999999999659e+01,2.068196136454111909e-16,-9.633613878209572650e-17,2.666456443501016338e+02,1.000000000000000000e+00,2.791642942626187960e+02
7.718000000000000682e+01,2.049018422829401396e-16,-9.544238878855278377e-17,2.666456443501016338e+02,1.000000000000000000e+00,2.791642942626187960e+02
7.720000000000000284e+01,2.030018627553266700e-16,-9.455693488791930755e-17,2.666456443501016338e+02,1.000000000000000000e+00,2.791642942626187960e+02
7.721999999999999886e+01,2.011195101264356102e-16,-9.367970012908799602e-17,2.666456443501016338e+02,1.000000000000000000e+00,2.791642942626187960e+02
7.723999999999999488e+01,1.992546204549162539e-16,-9.281060802534829233e-17,2.666456443501016338e+02,1.000000000000000000e+00,2.791642942626187960e+02
7.726000000000000512e+01,1.974070320265682624e-16,-9.194958312968649577e-17,2.666456443501016338e+02,1.000000000000000000e+00,2.791642942626187960e+02
7.728000000000000114e+01,1.955765838617759092e-16,-9.109655033801177013e-17,2.666456443501016338e+02,1.000000000000000000e+00,2.791642942626187960e+02
7.729999999999999716e+01,1.937631171967155942e-16,-9.025143558061589990e-17,2.666456443501016338e+02,1.000000000000000000e+00,2.791642942626187960e+02
7.732000000000000739e+01,1.919664741737711580e-16,-8.941416521082613071e-17,2.666456443501016338e+02,1.000000000000000000e+00,2.791642942626187960e+02
7.734000000000000341e+01,1.901864987423167703e-16,-8.858466642550443038e-17,2.666456443501016338e+02,1.000000000000000000e+00,2.791642942626187960e+02
7.735999999999999943e+01,1.884230362242495177e-16,-8.776286706222601303e-17,2.666456443501016338e+02,1.000000000000000000e+00,2.791642942626187960e+02
7.737999999999999545e+01,1.866759331843060460e-16,-8.694869553873857868e-17,2.666456443501016338e+02,1.000000000000000000e+00,2.791642942626187960e+02
7.740000000000000568e+01,1.849450380454511763e-16,-8.614208114022712124e-17,2.666456443501016338e+02,1.000000000000000000e+00,2.791642942626187960e+02
7.742000000000000171e+01,1.832302000244336451e-16,-8.534295352242019413e-17,2.666456443501016338e+02,1.000000000000000000e+00,2.791642942626187960e+02
7.743999999999999773e+01,1.815312704448191219e-16,-8.455124332451562981e-17,2.666456443501016338e+02,1.000000000000000000e+00,2.791642942626187960e+02
7.746000000000000796e+01,1.798481013208504086e-16,-8.376688150811973575e-17,2.666456443501016338e+02,1.000000000000000000e+00,2.791642942626187960e+02
7.748000000000000398e+01,1.781805466178394735e-16,-8.298979994559417891e-17,2.666456443501016338e+02,1.000000000000000000e+00,2.791642942626187960e+02
7.750000000000000000e+01,1.765284612714998241e-16,-8.221993096227894243e-17,2.666456443501016338e+02,1.000000000000000000e+00,2.791642942626187960e+02
7.751999999999999602e+01,1.748917017117011899e-16,-8.145720758097528384e-17,2.666456443501016338e+02,1.000000000000000000e+00,2.791642942626187960e+02
7.754000000000000625e+01,1.732701258051877182e-16,-8.070156349520206847e-17,2.666456443501016338e+02,1.000000000000000000e+00,2.791642942626187960e+02
7.756000000000000227e+01,1.716635924002660974e-16,-7.995293285665916341e-17,2.666456443501016338e+02,1.000000000000000000e+00,2.791642942626187960e+02
7.757999999999999829e+01,1.700719621802148324e-16,-7.921125067358190610e-17,2.666456443501016338e+02,1.000000000000000000e+00,2.791642942626187960e+02
7.760000000000000853e+01,1.684950964864104677e-16,-7.847645226139364182e-17,2.666456443501016338e+02,1.000000000000000000e+00,2.791642942626187960e+02
7.762000000000000455e+01,1.669328586038984844e-16,-7.774847384278100998e-17,2.666456443501016338e+02,1.000000000000000000e+00,2.791642942626187960e+02
7.764000000000000057e+01,1.653851125118104841e-16,-7.702725196441300111e-17,2.666456443501016338e+02,1.000000000000000000e+00,2.791642942626187960e+02
7.765999999999999659e+01,1.638517238687272397e-16,-7.631272395688081030e-17,2.666456443501016338e+02,1.000000000000000000e+00,2.791642942626187960e+02
7.768000000000000682e+01,1.623325593739180770e-16,-7.560482763653775077e-17,2.666456443501016338e+02,1.000000000000000000e+00,2.791642942626187960e+02
7.770000000000000284e+01,1.608274869385575628e-16,-7.490350138541579396e-17,2.666456443501016338e+02,1.000000000000000000e+00,2.791642942626187960e+02
7.771999999999999886e+01,1.593363759500055688e-16,-7.420868427457798665e-17,2.666456443501016338e+02,1.000000000000000000e+00,2.791642942626187960e+02
7.773999999999999488e+01,1.578590965692460232e-16,-7.352031573618622402e-17,2.666456443501016338e+02,1.000000000000000000e+00,2.791642942626187960e+02
7.776000000000000512e+01,1.563955207290340938e-16,-7.283833602939315714e-17,2.666456443501016338e+02,1.000000000000000000e+00,2.791642942626187960e+02
7.778000000000000114e+01,1.549455209431498230e-16,-7.216268568454860289e-17,2.666456443501016338e+02,1.000000000000000000e+00,2.791642942626187960e+02
7.779999999999999716e+01,1.535089714730200168e-16,-7.149330604772368904e-17,2.666456443501016338e+02,1.000000000000000000e+00,2.791642942626187960e+02
7.782000000000000739e+01,1.520857473103777065e-16,-7.083013880586049436e-17,2.666456443501016338e+02,1.000000000000000000e+00,2.791642942626187960e+02
7.784000000000000341e+01,1.506757248612842782e-16,-7.017312630603724570e-17,2.666456443501016338e+02,1.000000000000000000e+00,2.791642942626187960e+02
7.785999999999999943e+01,1.492787816366391490e-16,-6.952221141101002599e-17,2.666456443501016338e+02,1.000000000000000000e+00,2.791642942626187960e+02
7.787999999999999545e+01,1.478947961142200258e-16,-6.887733743481919249e-17,2.666456443501016338e+02,1.000000000000000000e+00,2.791642942626187960e+02
7.790000000000000568e+01,1.465236482575841939e-16,-6.823844838497787148e-17,2.666456443501016338e+02,1.000000000000000000e+00,2.791642942626187960e+02
7.792000000000000171e+01,1.451652186495058735e-16,-6.760548855801137341e-17,2.666456443501016338e+02,1.000000000000000000e+00,2.791642942626187960e+02
7.793999999999999773e+01,1.438193895440096027e-16,-6.697840303047557755e-17,2.666456443501016338e+02,1.000000000000000000e+00,2.791642942626187960e+02
7.796000000000000796e+01,1.424860437460820202e-16,-6.635713713607794682e-17,2.666456443501016338e+02,1.000000000000000000e+00,2.791642942626187960e+02
7.798000000000000398e+01,1.411650655953500074e-16,-6.574163692478814050e-17,2.666456443501016338e+02,1.000000000000000000e+00,2.791642942626187960e+02
7.800000000000000000e+01,1.398563402143070190e-16,-6.513184881195985728e-17,2.666456443501016338e+02,1.000000000000000000e+00,2.791642942626187960e+02
7.801999999999999602e+01,1.385597538921297322e-16,-6.452771975746655290e-17,2.666456443501016338e+02,1.000000000000000000e+00,2.791642942626187960e+02
7.804000000000000625e+01,1.372751940721922524e-16,-6.392919725986947779e-17,2.666456443501016338e+02,1.000000000000000000e+00,2.791642942626187960e+02
7.806000000000000227e+01,1.360025489608170380e-16,-6.333622917381262309e-17,2.666456443501016338e+02,1.000000000000000000e+00,2.791642942626187960e+02
7.807999999999999829e+01,1.347417082276418325e-16,-6.274876403689185895e-17,2.666456443501016338e+02,1.000000000000000000e+00,2.791642942626187960e+02
7.810000000000000853e+01,1.334925620590286353e-16,-6.216675062786529148e-17,2.666456443501016338e+02,1.000000000000000000e+00,2.791642942626187960e+02
7.812000000000000455e+01,1.322550021783669787e-16,-6.159013844283790685e-17,2.666456443501016338e+02,1.000000000000000000e+00,2.791642942626187960e+02
7.814000000000000057e+01,1.310289208665797808e-16,-6.101887723811932684e-17,2.666456443501016338e+02,1.000000000000000000e+00,2.791642942626187960e+02
7.815999999999999659e+01,1.298142117220760241e-16,-6.045291738489712630e-17,2.666456443501016338e+02,1.000000000000000000e+00,2.791642942626187960e+02
7.818000000000000682e+01,1.286107691822266205e-16,-5.989220964590355622e-17,2.666456443501016338e+02,1.000000000000000000e+00,2.791642942626187960e+02
7.820000000000000284e+01,1.274184886286679258e-16,-5.933670522455998810e-17,2.666456443501016338e+02,1.000000000000000000e+00,2.791642942626187960e+02
7.821999999999999886e+01,1.262372666260039738e-16,-5.878635587637420570e-17,2.666456443501016338e+02,1.000000000000000000e+00,2.791642942626187960e+02
7.823999999999999488e+01,1.250670003406169025e-16,-5.824111363770102285e-17,2.666456443501016338e+02,1.000000000000000000e+00,2.791642942626187960e+02
7.826000000000000512e+01,1.239075883479702690e-16,-5.770093120250122875e-17,2.666456443501016338e+02,1.000000000000000000e+00,2.791642942626187960e+02
7.828000000000000114e+01,1.227589296835875135e-16,-5.716576147944025495e-17,2.666456443501016338e+02,1.000000000000000000e+00,2.791642942626187960e+02
7.829999999999999716e+01,1.216209247609837722e-16,-5.663555802027349393e-17,2.666456443501016338e+02,1.000000000000000000e+00,2.791642942626187960e+02
7.832000000000000739e+01,1.204934745823932598e-16,-5.611027465150111008e-17,2.666456443501016338e+02,1.000000000000000000e+00,2.791642942626187960e+02
7.834000000000000341e+01,1.193764812567523749e-16,-5.558986571610051113e-17,2.666456443501016338e+02,1.000000000000000000e+00,2.791642942626187960e+02
7.835999999999999943e+01,1.182698477821798843e-16,-5.507428597201012466e-17,2.666456443501016338e+02,1.000000000000000000e+00,2.791642942626187960e+02
7.837999999999999545e+01,1.171734779088887484e-16,-5.456349052815293901e-17,2.666456443501016338e+02,1.000000000000000000e+00,2.791642942626187960e+02
7.840000000000000568e+01,1.160872765747453905e-16,-5.405743504769658573e-17,2.666456443501016338e+02,1.000000000000000000e+00,2.791642942626187960e+02
7.842000000000000171e+01,1.150111492009592977e-16,-5.355607541937087511e-17,2.666456443501016338e+02,1.000000000000000000e+00,2.791642942626187960e+02
7.843999999999999773e+01,1.139450025340388503e-16,-5.305936815037898281e-17,2.666456443501016338e+02,1.000000000000000000e+00,2.791642942626187960e+02
7.846000000000000796e+01,1.128887437604330066e-16,-5.256726995322849387e-17,2.666456443501016338e+02,1.000000000000000000e+00,2.791642942626187960e+02
7.848000000000000398e+01,1.118422812733349172e-16,-5.207973810356905082e-17,2.666456443501016338e+02,1.000000000000000000e+00,2.791642942626187960e+02
7.850000000000000000e+01,1.108055240975238216e-16,-5.159673017178502531e-17,2.666456443501016338e+02,1.000000000000000000e+00,2.791642942626187960e+02
7.851999999999999602e+01,1.097783821685428603e-16,-5.111820415327542201e-17,2.666456443501016338e+02,1.000000000000000000e+00,2.791642942626187960e+02
7.854000000000000625e+01,1.087607663488437427e-16,-5.064411847598385797e-17,2.666456443501016338e+02,1.000000000000000000e+00,2.791642942626187960e+02
7.856000000000000227e+01,1.077525880939129792e-16,-5.017443184459507026e-17,2.666456443501016338e+02,1.000000000000000000e+00,2.791642942626187960e+02
7.857999999999999829e+01,1.067537600258355744e-16,-4.970910350818462353e-17,2.666456443501016338e+02,1.000000000000000000e+00,2.791642942626187960e+02
7.860000000000000853e+01,1.057641951728145021e-16,-4.924809290534155497e-17,2.666456443501016338e+02,1.000000000000000000e+00,2.791642942626187960e+02
7.862000000000000455e+01,1.047838077781106229e-16,-4.879136004165343518e-17,2.666456443501016338e+02,1.000000000000000000e+00,2.791642942626187960e+02
7.864000000000000057e+01,1.038125125331179422e-16,-4.833886513182438988e-17,2.666456443501016338e+02,1.000000000000000000e+00,2.791642942626187960e+02
7.865999999999999659e+01,1.028502251624783711e-16,-4.789056887271175369e-17,2.666456443501016338e+02,1.000000000000000000e+00,2.791642942626187960e+02
7.868000000000000682e+01,1.018968620670833776e-16,-4.744643227673377706e-17,2.666456443501016338e+02,1.000000000000000000e+00,2.791642942626187960e+02
7.870000000000000284e+01,1.009523403834100695e-16,-4.700641669955769498e-17,2.666456443501016338e+02,1.000000000000000000e+00,2.791642942626187960e+02
7.871999999999999886e+01,1.000165781956788393e-16,-4.657048393909519464e-17,2.666456443501016338e+02,1.000000000000000000e+00,2.791642942626187960e+02
7.873999999999999488e+01,9.908949405634655585e-17,-4.613859601175040753e-17,2.666456443501016338e+02,1.000000000000000000e+00,2.791642942626187960e+02
7.876000000000000512e+01,9.817100763816836314e-17,-4.571071545668564362e-17,2.666456443501016338e+02,1.000000000000000000e+00,2.791642942626187960e+02
7.878000000000000114e+01,9.726103897856948864e-17,-4.528680498322622321e-17,2.666456443501016338e+02,1.000000000000000000e+00,2.791642942626187960e+02
7.879999999999999716e+01,9.635950920117319691e-17,-4.486682780753858293e-17,2.666456443501016338e+02,1.000000000000000000e+00,2.791642942626187960e+02
7.882000000000000739e+01,9.546633990430231673e-17,-4.445074736729118815e-17,2.666456443501016338e+02,1.000000000000000000e+00,2.791642942626187960e+02
7.884000000000000341e+01,9.458145355204130694e-17,-4.403852750412955429e-17,2.666456443501016338e+02,1.000000000000000000e+00,2.791642942626187960e+02
7.885999999999999943e+01,9.370477332394743180e-17,-4.363013239354599470e-17,2.666456443501016338e+02,1.000000000000000000e+00,2.791642942626187960e+02
7.887999999999999545e+01,9.283622298453249166e-17,-4.322552648397833231e-17,2.666456443501016338e+02,1.000000000000000000e+00,2.791642942626187960e+02
7.890000000000000568e+01,9.197572724739016991e-17,-4.282467466671089722e-17,2.666456443501016338e+02,1.000000000000000000e+00,2.791642942626187960e+02
7.892000000000000171e+01,9.112321120365520154e-17,-4.242754200919030472e-17,2.666456443501016338e+02,1.000000000000000000e+00,2.791642942626187960e+02
7.893999999999999773e+01,9.027860099507172475e-17,-4.203409406907797666e-17,2.666456443501016338e+02,1.000000000000000000e+00,2.791642942626187960e+02
7.896000000000000796e+01,8.944182311501009672e-17,-4.164429656810308815e-17,2.666456443501016338e+02,1.000000000000000000e+00,2.791642942626187960e+02
7.898000000000000398e+01,8.861280500547475586e-17,-4.125811567062361438e-17,2.666456443501016338e+02,1.000000000000000000e+00,2.791642942626187960e+02
7.900000000000000000e+01,8.779147461800713356e-17,-4.087551777874286474e-17,2.666456443501016338e+02,1.000000000000000000e+00,2.791642942626187960e+02
7.901999999999999602e+01,8.697776061496228160e-17,-4.049646962622355233e-17,2.666456443501016338e+02,1.000000000000000000e+00,2.791642942626187960e+02
7.904000000000000625e+01,8.617159240289172765e-17,-4.012093829406014245e-17,2.666456443501016338e+02,1.000000000000000000e+00,2.791642942626187960e+02
7.906000000000000227e+01,8.537289984932877781e-17,-3.974889107833488261e-17,2.666456443501016338e+02,1.000000000000000000e+00,2.791642942626187960e+02
7.907999999999999829e+01,8.458161375158465258e-17,-3.938029570894720092e-17,2.666456443501016338e+02,1.000000000000000000e+00,2.791642942626187960e+02
7.910000000000000853e+01,8.379766522647749379e-17,-3.901512006487200194e-17,2.666456443501016338e+02,1.000000000000000000e+00,2.791642942626187960e+02
7.912000000000000455e+01,8.302098635104393462e-17,-3.865333247310007210e-17,2.666456443501016338e+02,1.000000000000000000e+00,2.791642942626187960e+02
7.914000000000000057e+01,8.225150956273218618e-17,-3.829490142878036129e-17,2.666456443501016338e+02,1.000000000000000000e+00,2.791642942626187960e+02
7.915999999999999659e+01,8.148916810909865537e-17,-3.793979580503593714e-17,2.666456443501016338e+02,1.000000000000000000e+00,2.791642942626187960e+02
7.918000000000000682e+01,8.073389578271606942e-17,-3.758798472927667174e-17,2.666456443501016338e+02,1.000000000000000000e+00,2.791642942626187960e+02
7.920000000000000284e+01,7.998562694907038322e-17,-3.723943759621529866e-17,2.666456443501016338e+02,1.000000000000000000e+00,2.791642942626187960e+02
7.921999999999999886e+01,7.924429673273809121e-17,-3.689412415472771011e-17,2.666456443501016338e+02,1.000000000000000000e+00,2.791642942626187960e+02
7.923999999999999488e+01,7.850984062274227698e-17,-3.655201432372700383e-17,2.666456443501016338e+02,1.000000000000000000e+00,2.791642942626187960e+02
7.926000000000000512e+01,7.778219499853404050e-17,-3.621307843756261694e-17,2.666456443501016338e+02,1.000000000000000000e+00,2.791642942626187960e+02
7.928000000000000114e+01,7.706129652893297218e-17,-3.587728696559038145e-17,2.666456443501016338e+02,1.000000000000000000e+00,2.791642942626187960e+02
7.929999999999999716e+01,7.634708273869494362e-17,-3.554461077650635362e-17,2.666456443501016338e+02,1.000000000000000000e+00,2.791642942626187960e+02
7.932000000000000739e+01,7.563949153541941614e-17,-3.521502091762169001e-17,2.666456443501016338e+02,1.000000000000000000e+00,2.791642942626187960e+02
7.934000000000000341e+01,7.493846150380685964e-17,-3.488848875214846822e-17,2.666456443501016338e+02,1.000000000000000000e+00,2.791642942626187960e+02
7.935999999999999943e+01,7.424393180413411679e-17,-3.456498591183024739e-17,2.666456443501016338e+02,1.000000000000000000e+00,2.791642942626187960e+02
7.937999999999999545e+01,7.355584205158961029e-17,-3.424448424064711743e-17,2.666456443501016338e+02,1.000000000000000000e+00,2.791642942626187960e+02
7.940000000000000568e+01,7.287413261958207792e-17,-3.392695593631855450e-17,2.666456443501016338e+02,1.000000000000000000e+00,2.791642942626187960e+02
7.942000000000000171e+01,7.219874417663548868e-17,-3.361237333424676969e-17,2.666456443501016338e+02,1.000000000000000000e+00,2.791642942626187960e+02
7.943999999999999773e+01,7.152961822384512976e-17,-3.330070915825739267e-17,2.666456443501016338e+02,1.000000000000000000e+00,2.791642942626187960e+02
7.946000000000000796e+01,7.086669654360772697e-17,-3.299193626341187154e-17,2.666456443501016338e+02,1.000000000000000000e+00,2.791642942626187960e+02
7.948000000000000398e+01,7.020992166383622169e-17,-3.268602785257769120e-17,2.666456443501016338e+02,1.000000000000000000e+00,2.791642942626187960e+02
7.950000000000000000e+01,6.955923652350571025e-17,-3.238295732039304208e-17,2.666456443501016338e+02,1.000000000000000000e+00,2.791642942626187960e+02
7.951999999999999602e+01,6.891458461622265283e-17,-3.208269832024605372e-17,2.666456443501016338e+02,1.000000000000000000e+00,2.791642942626187960e+02
7.954000000000000625e+01,6.827591003294584528e-17,-3.178522478420186499e-17,2.666456443501016338e+02,1.000000000000000000e+00,2.791642942626187960e+02
7.956000000000000227e+01,6.764315722299208391e-17,-3.149051081150720539e-17,2.666456443501016338e+02,1.000000000000000000e+00,2.791642942626187960e+02
7.957999999999999829e+01,6.701627137649500057e-17,-3.119853084701160816e-17,2.666456443501016338e+02,1.000000000000000000e+00,2.791642942626187960e+02
7.960000000000000853e+01,6.639519793521149821e-17,-3.090925945295052351e-17,2.666456443501016338e+02,1.000000000000000000e+00,2.791642942626187960e+02
7.962000000000000455e+01,6.577988309948091899e-17,-3.062267154544691505e-17,2.666456443501016338e+02,1.000000000000000000e+00,2.791642942626187960e+02
7.964000000000000057e+01,6.517027335965928034e-17,-3.033874217591855001e-17,2.666456443501016338e+02,1.000000000000000000e+00,2.791642942626187960e+02
7.965999999999999659e+01,6.456631584108575758e-17,-3.005744669200749135e-17,2.666456443501016338e+02,1.000000000000000000e+00,2.791642942626187960e+02
7.968000000000000682e+01,6.396795810828177434e-17,-2.977876064623496611e-17,2.666456443501016338e+02,1.000000000000000000e+00,2.791642942626187960e+02
7.970000000000000284e+01,6.337514817190150798e-17,-2.950265979924448349e-17,2.666456443501016338e+02,1.000000000000000000e+00,2.791642942626187960e+02
7.971999999999999886e+01,6.278783465042653370e-17,-2.922912019522922026e-17,2.666456443501016338e+02,1.000000000000000000e+00,2.791642942626187960e+02
7.973999999999999488e+01,6.220596644610475977e-17,-2.895811801075875358e-17,2.666456443501016338e+02,1.000000000000000000e+00,2.791642942626187960e+02
7.976000000000000512e+01,6.162949316869015664e-17,-2.868962975244912728e-17,2.666456443501016338e+02,1.000000000000000000e+00,2.791642942626187960e+02
7.978000000000000114e+01,6.105836465779705611e-17,-2.842363203414397388e-17,2.666456443501016338e+02,1.000000000000000000e+00,2.791642942626187960e+02
7.979999999999999716e+01,6.049253142732687008e-17,-2.816010178423421713e-17,2.666456443501016338e+02,1.000000000000000000e+00,2.791642942626187960e+02
7.982000000000000739e+01,5.993194429999677117e-17,-2.789901607516814660e-17,2.666456443501016338e+02,1.000000000000000000e+00,2.791642942626187960e+02
7.984000000000000341e+01,5.937655462794030605e-17,-2.764035222635850455e-17,2.666456443501016338e+02,1.000000000000000000e+00,2.791642942626187960e+02
7.985999999999999943e+01,5.882631422622318446e-17,-2.738408777316590192e-17,2.666456443501016338e+02,1.000000000000000000e+00,2.791642942626187960e+02
7.987999999999999545e+01,5.828117526365896417e-17,-2.713020041596721881e-17,2.666456443501016338e+02,1.000000000000000000e+00,2.791642942626187960e+02
7.990000000000000568e+01,5.774109051463003033e-17,-2.687866813762149222e-17,2.666456443501016338e+02,1.000000000000000000e+00,2.791642942626187960e+02
7.992000000000000171e+01,5.720601298438588847e-17,-2.662946902868126887e-17,2.666456443501016338e+02,1.000000000000000000e+00,2.791642942626187960e+02
7.993999999999999773e+01,5.667589633773193574e-17,-2.638258148736209306e-17,2.666456443501016338e+02,1.000000000000000000e+00,2.791642942626187960e+02
7.996000000000000796e+01,5.615069446471778776e-17,-2.613798401694821356e-17,2.666456443501016338e+02,1.000000000000000000e+00,2.791642942626187960e+02
7.998000000000000398e+01,5.563036184111340760e-17,-2.589565539394245167e-17,2.666456443501016338e+02,1.000000000000000000e+00,2.791642942626187960e+02
8.000000000000000000e+01,5.511485327429205430e-17,-2.565557454952725623e-17,2.666456443501016338e+02,1.000000000000000000e+00,2.791642942626187960e+02
8.001999999999999602e+01,5.460412400429370632e-17,-2.541772061670745959e-17,2.666456443501016338e+02,1.000000000000000000e+00,2.791642942626187960e+02
8.004000000000000625e+01,5.409812975052133153e-17,-2.518207295208935599e-17,2.666456443501016338e+02,1.000000000000000000e+00,2.791642942626187960e+02
8.006000000000000227e+01,5.359682651098493883e-17,-2.494861104223744549e-17,2.666456443501016338e+02,1.000000000000000000e+00,2.791642942626187960e+02
8.007999999999999829e+01,5.310017087378073666e-17,-2.471731464896262317e-17,2.666456443501016338e+02,1.000000000000000000e+00,2.791642942626187960e+02
8.010000000000000853e+01,5.260811962537272867e-17,-2.448816362660441660e-17,2.666456443501016338e+02,1.000000000000000000e+00,2.791642942626187960e+02
8.012000000000000455e+01,5.212063015132129623e-17,-2.426113810894924472e-17,2.666456443501016338e+02,1.000000000000000000e+00,2.791642942626187960e+02
8.014000000000000057e+01,5.163766007067112894e-17,-2.403621833869034426e-17,2.666456443501016338e+02,1.000000000000000000e+00,2.791642942626187960e+02
8.015999999999999659e+01,5.115916750004676866e-17,-2.381338479061371569e-17,2.666456443501016338e+02,1.000000000000000000e+00,2.791642942626187960e+02
8.018000000000000682e+01,5.068511090991374637e-17,-2.359261810454979344e-17,2.666456443501016338e+02,1.000000000000000000e+00,2.791642942626187960e+02
8.020000000000000284e+01,5.021544911808368689e-17,-2.337389908234477163e-17,2.666456443501016338e+02,1.000000000000000000e+00,2.791642942626187960e+02
8.021999999999999886e+01,4.975014142894325435e-17,-2.315720875279925780e-17,2.666456443501016338e+02,1.000000000000000000e+00,2.791642942626187960e+02
8.023999999999999488e+01,4.928914736791628068e-17,-2.294252824781309875e-17,2.666456443501016338e+02,1.000000000000000000e+00,2.791642942626187960e+02
8.026000000000000512e+01,4.883242702241342397e-17,-2.272983896141279026e-17,2.666456443501016338e+02,1.000000000000000000e+00,2.791642942626187960e+02
8.028000000000000114e+01,4.837994066262777286e-17,-2.251912237287924788e-17,2.666456443501016338e+02,1.000000000000000000e+00,2.791642942626187960e+02
8.029999999999999716e+01,4.793164908978316929e-17,-2.231036020917923776e-17,2.666456443501016338e+02,1.000000000000000000e+00,2.791642942626187960e+02
8.032000000000000739e+01,4.748751335424093925e-17,-2.210353431348187126e-17,2.666456443501016338e+02,1.000000000000000000e+00,2.791642942626187960e+02
8.034000000000000341e+01,4.704749492020060226e-17,-2.189862672197890605e-17,2.666456443501016338e+02,1.000000000000000000e+00,2.791642942626187960e+02
8.035999999999999943e+01,4.661155562411129080e-17,-2.169561964448453020e-17,2.666456443501016338e+02,1.000000000000000000e+00,2.791642942626187960e+02
8.037999999999999545e+01,4.617965757748327941e-17,-2.149449541910595089e-17,2.666456443501016338e+02,1.000000000000000000e+00,2.791642942626187960e+02
8.040000000000000568e+01,4.575176337533851322e-17,-2.129523660946498816e-17,2.666456443501016338e+02,1.000000000000000000e+00,2.791642942626187960e+02
8.042000000000000171e+01,4.532783579345774245e-17,-2.109782586349121794e-17,2.666456443501016338e+02,1.000000000000000000e+00,2.791642942626187960e+02
8.043999999999999773e+01,4.490783812993221726e-17,-2.090224607272299324e-17,2.666456443501016338e+02,1.000000000000000000e+00,2.791642942626187960e+02
8.046000000000000796e+01,4.449173386336826574e-17,-2.070848021289115682e-17,2.666456443501016338e+02,1.000000000000000000e+00,2.791642942626187960e+02
8.048000000000000398e+01,4.407948693241504655e-17,-2.051651147429156540e-17,2.666456443501016338e+02,1.000000000000000000e+00,2.791642942626187960e+02
8.050000000000000000e+01,4.367106154320808245e-17,-2.032632317197450824e-17,2.666456443501016338e+02,1.000000000000000000e+00,2.791642942626187960e+02
8.051999999999999602e+01,4.326642223932902605e-17,-2.013789877837458564e-17,2.666456443501016338e+02,1.000000000000000000e+00,2.791642942626187960e+02
8.054000000000000625e+01,4.286553394894082000e-17,-1.995122194529173572e-17,2.666456443501016338e+02,1.000000000000000000e+00,2.791642942626187960e+02
8.056000000000000227e+01,4.246836181683790984e-17,-1.976627642556147572e-17,2.666456443501016338e+02,1.000000000000000000e+00,2.791642942626187960e+02
8.057999999999999829e+01,4.207487145770047269e-17,-1.958304619116811789e-17,2.666456443501016338e+02,1.000000000000000000e+00,2.791642942626187960e+02
8.060000000000000853e+01,4.168502864275651764e-17,-1.940151528710770442e-17,2.666456443501016338e+02,1.000000000000000000e+00,2.791642942626187960e+02
8.062000000000000455e+01,4.129879961622551839e-17,-1.922166797897181573e-17,2.666456443501016338e+02,1.000000000000000000e+00,2.791642942626187960e+02
8.064000000000000057e+01,4.091615081038050465e-17,-1.904348862005602534e-17,2.666456443501016338e+02,1.000000000000000000e+00,2.791642942626187960e+02
8.065999999999999659e+01,4.053704904729780267e-17,-1.886696174545235980e-17,2.666456443501016338e+02,1.000000000000000000e+00,2.791642942626187960e+02
8.068000000000000682e+01,4.016146143408680368e-17,-1.869207202318452098e-17,2.666456443501016338e+02,1.000000000000000000e+00,2.791642942626187960e+02
8.070000000000000284e+01,3.978935534824500156e-17,-1.851880424737872949e-17,2.666456443501016338e+02,1.000000000000000000e+00,2.791642942626187960e+02
8.071999999999999886e+01,3.942069855667456548e-17,-1.834714339376740173e-17,2.666456443501016338e+02,1.000000000000000000e+00,2.791642942626187960e+02
8.073999999999999488e+01,3.905545899853100839e-17,-1.817707451841688177e-17,2.666456443501016338e+02,1.000000000000000000e+00,2.791642942626187960e+02
8.076000000000000512e+01,3.869360505922662078e-17,-1.800858288551210111e-17,2.666456443501016338e+02,1.000000000000000000e+00,2.791642942626187960e+02
8.078000000000000114e+01,3.833510526967166687e-17,-1.784165382709270946e-17,2.666456443501016338e+02,1.000000000000000000e+00,2.791642942626187960e+02
8.079999999999999716e+01,3.797992857886331061e-17,-1.767627287017804345e-17,2.666456443501016338e+02,1.000000000000000000e+00,2.791642942626187960e+02
8.082000000000000739e+01,3.762804413681257251e-17,-1.751242563553116456e-17,2.666456443501016338e+02,1.000000000000000000e+00,2.791642942626187960e+02
8.084000000000000341e+01,3.727942141694104183e-17,-1.735009789474019944e-17,2.666456443501016338e+02,1.000000000000000000e+00,2.791642942626187960e+02
8.085999999999999943e+01,3.693403019193214939e-17,-1.718927555895413646e-17,2.666456443501016338e+02,1.000000000000000000e+00,2.791642942626187960e+02
8.087999999999999545e+01,3.659184044833496551e-17,-1.702994463905900719e-17,2.666456443501016338e+02,1.000000000000000000e+00,2.791642942626187960e+02
8.090000000000000568e+01,3.625282255864314391e-17,-1.687209132592475270e-17,2.666456443501016338e+02,1.000000000000000000e+00,2.791642942626187960e+02
8.092000000000000171e+01,3.591694703700225770e-17,-1.671570187648031984e-17,2.666456443501016338e+02,1.000000000000000000e+00,2.791642942626187960e+02
8.093999999999999773e+01,3.558418481103606323e-17,-1.656076274047733473e-17,2.666456443501016338e+02,1.000000000000000000e+00,2.791642942626187960e+02
8.096000000000000796e+01,3.525450695315637126e-17,-1.640726043518754756e-17,2.666456443501016338e+02,1.000000000000000000e+00,2.791642942626187960e+02
8.098000000000000398e+01,3.492788489700275187e-17,-1.625518164633753915e-17,2.666456443501016338e+02,1.000000000000000000e+00,2.791642942626187960e+02
8.100000000000000000e+01,3.460429029196349341e-17,-1.610451316026441519e-17,2.666456443501016338e+02,1.000000000000000000e+00,2.791642942626187960e+02
8.101999999999999602e+01,3.428369505055031749e-17,-1.595524188600915927e-17,2.666456443501016338e+02,1.000000000000000000e+00,2.791642942626187960e+02
8.104000000000000625e+01,3.396607139373579294e-17,-1.580735487645670314e-17,2.666456443501016338e+02,1.000000000000000000e+00,2.791642942626187960e+02
8.106000000000000227e+01,3.365139171096127840e-17,-1.566083926305426323e-17,2.666456443501016338e+02,1.000000000000000000e+00,2.791642942626187960e+02
8.107999999999999829e+01,3.333962876572734305e-17,-1.551568235168202557e-17,2.666456443501016338e+02,1.000000000000000000e+00,2.791642942626187960e+02
8.110000000000000853e+01,3.303075544520984540e-17,-1.537187150589282012e-17,2.666456443501016338e+02,1.000000000000000000e+00,2.791642942626187960e+02
8.112000000000000455e+01,3.272474500989838094e-17,-1.522939426332359735e-17,2.666456443501016338e+02,1.000000000000000000e+00,2.791642942626187960e+02
8.114000000000000057e+01,3.242157087180398347e-17,-1.508823823226791501e-17,2.666456443501016338e+02,1.000000000000000000e+00,2.791642942626187960e+02
8.115999999999999659e+01,3.212120674822660441e-17,-1.494839116338097852e-17,2.666456443501016338e+02,1.000000000000000000e+00,2.791642942626187960e+02
8.118000000000000682e+01,3.182362658602935935e-17,-1.480984091436548752e-17,2.666456443501016338e+02,1.000000000000000000e+00,2.791642942626187960e+02
8.120000000000000284e+01,3.152880454252285054e-17,-1.467257544105875259e-17,2.666456443501016338e+02,1.000000000000000000e+00,2.791642942626187960e+02
8.121999999999999886e+01,3.123671508657158942e-17,-1.453658284457752817e-17,2.666456443501016338e+02,1.000000000000000000e+00,2.791642942626187960e+02
8.123999999999999488e+01,3.094733282134398321e-17,-1.440185128866564124e-17,2.666456443501016338e+02,1.000000000000000000e+00,2.791642942626187960e+02
8.126000000000000512e+01,3.066063270425414465e-17,-1.426836910225258657e-17,2.666456443501016338e+02,1.000000000000000000e+00,2.791642942626187960e+02
8.128000000000000114e+01,3.037658980865372403e-17,-1.413612466832945513e-17,2.666456443501016338e+02,1.000000000000000000e+00,2.791642942626187960e+02
8.129999999999999716e+01,3.009517953696266927e-17,-1.400510652333165233e-17,2.666456443501016338e+02,1.000000000000000000e+00,2.791642942626187960e+02
8.132000000000000739e+01,2.981637745379953728e-17,-1.387530327932646112e-17,2.666456443501016338e+02,1.000000000000000000e+00,2.791642942626187960e+02
8.134000000000000341e+01,2.954015937646204639e-17,-1.374670366620442006e-17,2.666456443501016338e+02,1.000000000000000000e+00,2.791642942626187960e+02
8.135999999999999943e+01,2.926650136277642438e-17,-1.361929652601152412e-17,2.666456443501016338e+02,1.000000000000000000e+00,2.791642942626187960e+02
8.137999999999999545e+01,2.899537963684783561e-17,-1.349307077832831201e-17,2.666456443501016338e+02,1.000000000000000000e+00,2.791642942626187960e+02
8.140000000000000568e+01,2.872677073075772767e-17,-1.336801548633975272e-17,2.666456443501016338e+02,1.000000000000000000e+00,2.791642942626187960e+02
8.142000000000000171e+01,2.846065128769506910e-17,-1.324411976503860959e-17,2.666456443501016338e+02,1.000000000000000000e+00,2.791642942626187960e+02
8.143999999999999773e+01,2.819699827805805827e-17,-1.312137288198907661e-17,2.666456443501016338e+02,1.000000000000000000e+00,2.791642942626187960e+02
8.146000000000000796e+01,2.793578878846640250e-17,-1.299976415894654053e-17,2.666456443501016338e+02,1.000000000000000000e+00,2.791642942626187960e+02
8.148000000000000398e+01,2.767700018909652712e-17,-1.287928304988258812e-17,2.666456443501016338e+02,1.000000000000000000e+00,2.791642942626187960e+02
8.150000000000000000e+01,2.742061002412564528e-17,-1.275991908990002257e-17,2.666456443501016338e+02,1.000000000000000000e+00,2.791642942626187960e+02
8.151999999999999602e+01,2.716659604285698910e-17,-1.264166190974665300e-17,2.666456443501016338e+02,1.000000000000000000e+00,2.791642942626187960e+02
8.154000000000000625e+01,2.691493624193648684e-17,-1.252450125549769764e-17,2.666456443501016338e+02,1.000000000000000000e+00,2.791642942626187960e+02
8.156000000000000227e+01,2.666560874904895041e-17,-1.240842693432785357e-17,2.666456443501016338e+02,1.000000000000000000e+00,2.791642942626187960e+02
8.157999999999999829e+01,2.641859198956542540e-17,-1.229342889221172003e-17,2.666456443501016338e+02,1.000000000000000000e+00,2.791642942626187960e+02
8.160000000000000853e+01,2.617386448666661003e-17,-1.217949712072873866e-17,2.666456443501016338e+02,1.000000000000000000e+00,2.791642942626187960e+02
8.162000000000000455e+01,2.593140505808388973e-17,-1.206662174879537855e-17,2.666456443501016338e+02,1.000000000000000000e+00,2.791642942626187960e+02
8.164000000000000057e+01,2.569119264367670874e-17,-1.195479296227056485e-17,2.666456443501016338e+02,1.000000000000000000e+00,2.791642942626187960e+02
8.165999999999999659e+01,2.545320642233882575e-17,-1.184400105846446829e-17,2.666456443501016338e+02,1.000000000000000000e+00,2.791642942626187960e+02
8.168000000000000682e+01,2.521742575781645341e-17,-1.173423642087421770e-17,2.666456443501016338e+02,1.000000000000000000e+00,2.791642942626187960e+02
8.170000000000000284e+01,2.498383017762618790e-17,-1.162548950935534492e-17,2.666456443501016338e+02,1.000000000000000000e+00,2.791642942626187960e+02
8.171999999999999886e+01,2.475239945848289803e-17,-1.151775089995057224e-17,2.666456443501016338e+02,1.000000000000000000e+00,2.791642942626187960e+02
8.173999999999999488e+01,2.452311348187459612e-17,-1.141101121755281349e-17,2.666456443501016338e+02,1.000000000000000000e+00,2.791642942626187960e+02
8.176000000000000512e+01,2.429595241040376690e-17,-1.130526121812205406e-17,2.666456443501016338e+02,1.000000000000000000e+00,2.791642942626187960e+02
8.178000000000000114e+01,2.407089649914881880e-17,-1.120049170073398057e-17,2.666456443501016338e+02,1.000000000000000000e+00,2.791642942626187960e+02
8.179999999999999716e+01,2.384792626211565467e-17,-1.109669358518612144e-17,2.666456443501016338e+02,1.000000000000000000e+00,2.791642942626187960e+02
8.182000000000000739e+01,2.362702234419547043e-17,-1.099385785229859003e-17,2.666456443501016338e+02,1.000000000000000000e+00,2.791642942626187960e+02
8.184000000000000341e+01,2.340816558764763490e-17,-1.089197557491143249e-17,2.666456443501016338e+02,1.000000000000000000e+00,2.791642942626187960e+02
8.185999999999999943e+01,2.319133702800760939e-17,-1.079103791597496192e-17,2.666456443501016338e+02,1.000000000000000000e+00,2.791642942626187960e+02
8.187999999999999545e+01,2.297651783008949128e-17,-1.069103609871322086e-17,2.666456443501016338e+02,1.000000000000000000e+00,2.791642942626187960e+02
8.190000000000000568e+01,2.276368940439514562e-17,-1.059196146089540830e-17,2.666456443501016338e+02,1.000000000000000000e+00,2.791642942626187960e+02
8.192000000000000171e+01,2.255283324865805384e-17,-1.049380538096018988e-17,2.666456443501016338e+02,1.000000000000000000e+00,2.791642942626187960e+02
8.193999999999999773e+01,2.234393111946279869e-17,-1.039655935802769943e-17,2.666456443501016338e+02,1.000000000000000000e+00,2.791642942626187960e+02
8.196000000000000796e+01,2.213696486675170366e-17,-1.030021493474268387e-17,2.666456443501016338e+02,1.000000000000000000e+00,2.791642942626187960e+02
8.198000000000000398e+01,2.193191656299034147e-17,-1.020476375749397231e-17,2.666456443501016338e+02,1.000000000000000000e+00,2.791642942626187960e+02
8.200000000000000000e+01,2.172876842095929761e-17,-1.011019753808630697e-17,2.666456443501016338e+02,1.000000000000000000e+00,2.791642942626187960e+02
8.201999999999999602e+01,2.152750281331782527e-17,-1.001650806286204654e-17,2.666456443501016338e+02,1.000000000000000000e+00,2.791642942626187960e+02
8.204000000000000625e+01,2.132810231100757252e-17,-9.923687210603614125e-18,2.666456443501016338e+02,1.000000000000000000e+00,2.791642942626187960e+02
8.206000000000000227e+01,2.113054958691828445e-17,-9.831726907622590483e-18,2.666456443501016338e+02,1.000000000000000000e+00,2.791642942626187960e+02
8.207999999999999829e+01,2.093482755077493834e-17,-9.740619190643417510e-18,2.666456443501016338e+02,1.000000000000000000e+00,2.791642942626187960e+02
8.210000000000000853e+01,2.074091918973898071e-17,-9.650356132491400575e-18,2.666456443501016338e+02,1.000000000000000000e+00,2.791642942626187960e+02
8.212000000000000455e+01,2.054880772330568968e-17,-9.560929914305551928e-18,2.666456443501016338e+02,1.000000000000000000e+00,2.791642942626187960e+02
8.214000000000000057e+01,2.035847646943662101e-17,-9.472332763128892491e-18,2.666456443501016338e+02,1.000000000000000000e+00,2.791642942626187960e+02
8.215999999999999659e+01,2.016990893320191737e-17,-9.384556993233663767e-18,2.666456443501016338e+02,1.000000000000000000e+00,2.791642942626187960e+02
8.218000000000000682e+01,1.998308876849159152e-17,-9.297594988269847749e-18,2.666456443501016338e+02,1.000000000000000000e+00,2.791642942626187960e+02
8.220000000000000284e+01,1.979799975662442888e-17,-9.211439191293743210e-18,2.666456443501016338e+02,1.000000000000000000e+00,2.791642942626187960e+02
8.221999999999999886e+01,1.961462587818628689e-17,-9.126082138256533238e-18,2.666456443501016338e+02,1.000000000000000000e+00,2.791642942626187960e+02
8.223999999999999488e+01,1.943295119554806333e-17,-9.041516403236512180e-18,2.666456443501016338e+02,1.000000000000000000e+00,2.791642942626187960e+02
8.226000000000000512e+01,1.925295999408779125e-17,-8.957734664273452451e-18,2.666456443501016338e+02,1.000000000000000000e+00,2.791642942626187960e+02
8.228000000000000114e+01,1.907463663301821587e-17,-8.874729633827075262e-18,2.666456443501016338e+02,1.000000000000000000e+00,2.791642942626187960e+02
8.229999999999999716e+01,1.889796567522978360e-17,-8.792494119307085893e-18,2.666456443501016338e+02,1.000000000000000000e+00,2.791642942626187960e+02
8.232000000000000739e+01,1.872293178923274783e-17,-8.711020977359767381e-18,2.666456443501016338e+02,1.000000000000000000e+00,2.791642942626187960e+02
8.234000000000000341e+01,1.854951979766436465e-17,-8.630303136481528853e-18,2.666456443501016338e+02,1.000000000000000000e+00,2.791642942626187960e+02
8.235999999999999943e+01,1.837771467843069508e-17,-8.550333597549571646e-18,2.666456443501016338e+02,1.000000000000000000e+00,2.791642942626187960e+02
8.237999999999999545e+01,1.820750150995007789e-17,-8.471105408297034388e-18,2.666456443501016338e+02,1.000000000000000000e+00,2.791642942626187960e+02
8.240000000000000568e+01,1.803886556658097693e-17,-8.392611707796836331e-18,2.666456443501016338e+02,1.000000000000000000e+00,2.791642942626187960e+02
8.242000000000000171e+01,1.787179219123454358e-17,-8.314845667078635050e-18,2.666456443501016338e+02,1.000000000000000000e+00,2.791642942626187960e+02
8.243999999999999773e+01,1.770626693152677351e-17,-8.237800552597151345e-18,2.666456443501016338e+02,1.000000000000000000e+00,2.791642942626187960e+02
8.246000000000000796e+01,1.754227541011489109e-17,-8.161469665787729992e-18,2.666456443501016338e+02,1.000000000000000000e+00,2.791642942626187960e+02
8.248000000000000398e+01,1.737980342423365520e-17,-8.085846389466206046e-18,2.666456443501016338e+02,1.000000000000000000e+00,2.791642942626187960e+02
8.250000000000000000e+01,1.721883688425384293e-17,-8.010924159186371472e-18,2.666456443501016338e+02,1.000000000000000000e+00,2.791642942626187960e+02
8.251999999999999602e+01,1.705936182513284605e-17,-7.936696468578548182e-18,2.666456443501016338e+02,1.000000000000000000e+00,2.791642942626187960e+02
8.254000000000000625e+01,1.690136444073909985e-17,-7.863156885348383609e-18,2.666456443501016338e+02,1.000000000000000000e+00,2.791642942626187960e+02
8.256000000000000227e+01,1.674483100427746802e-17,-7.790299014184184161e-18,2.666456443501016338e+02,1.000000000000000000e+00,2.791642942626187960e+02
8.257999999999999829e+01,1.658974797731857119e-17,-7.718116547579191211e-18,2.666456443501016338e+02,1.000000000000000000e+00,2.791642942626187960e+02
8.260000000000000853e+01,1.643610188280559490e-17,-7.646603206634814742e-18,2.666456443501016338e+02,1.000000000000000000e+00,2.791642942626187960e+02
8.262000000000000455e+01,1.628387942688463969e-17,-7.575752797850414064e-18,2.666456443501016338e+02,1.000000000000000000e+00,2.791642942626187960e+02
8.264000000000000057e+01,1.613306739511122263e-17,-7.505559164740392351e-18,2.666456443501016338e+02,1.000000000000000000e+00,2.791642942626187960e+02
8.265999999999999659e+01,1.598365271946487404e-17,-7.436016219072680201e-18,2.666456443501016338e+02,1.000000000000000000e+00,2.791642942626187960e+02
8.268000000000000682e+01,1.583562245171126454e-17,-7.367117928450521153e-18,2.666456443501016338e+02,1.000000000000000000e+00,2.791642942626187960e+02
8.270000000000000284e+01,1.568896374275518527e-17,-7.298858306689200651e-18,2.666456443501016338e+02,1.000000000000000000e+00,2.791642942626187960e+02
8.271999999999999886e+01,1.554366390279698817e-17,-7.231231441855228694e-18,2.666456443501016338e+02,1.000000000000000000e+00,2.791642942626187960e+02
8.273999999999999488e+01,1.539971030591978250e-17,-7.164231451792597619e-18,2.666456443501016338e+02,1.000000000000000000e+00,2.791642942626187960e+02
8.276000000000000512e+01,1.525709050305820524e-17,-7.097852536779352295e-18,2.666456443501016338e+02,1.000000000000000000e+00,2.791642942626187960e+02
8.278000000000000114e+01,1.511579210415473991e-17,-7.032088924597991188e-18,2.666456443501016338e+02,1.000000000000000000e+00,2.791642942626187960e+02
8.279999999999999716e+01,1.497580287932224057e-17,-6.966934917689289544e-18,2.666456443501016338e+02,1.000000000000000000e+00,2.791642942626187960e+02
8.282000000000000739e+01,1.483711068390506098e-17,-6.902384858221070124e-18,2.666456443501016338e+02,1.000000000000000000e+00,2.791642942626187960e+02
8.284000000000000341e+01,1.469970349357800306e-17,-6.838433144449035086e-18,2.666456443501016338e+02,1.000000000000000000e+00,2.791642942626187960e+02
8.285999999999999943e+01,1.456356940872067695e-17,-6.775074232754319748e-18,2.666456443501016338e+02,1.000000000000000000e+00,2.791642942626187960e+02
8.287999999999999545e+01,1.442869660786189479e-17,-6.712302615944342663e-18,2.666456443501016338e+02,1.000000000000000000e+00,2.791642942626187960e+02
8.290000000000000568e+01,1.429507342575035023e-17,-6.650112859640880708e-18,2.666456443501016338e+02,1.000000000000000000e+00,2.791642942626187960e+02
8.292000000000000171e+01,1.416268825106156421e-17,-6.588499554601185788e-18,2.666456443501016338e+02,1.000000000000000000e+00,2.791642942626187960e+02
8.293999999999999773e+01,1.403152963430207601e-17,-6.527457367011907364e-18,2.666456443501016338e+02,1.000000000000000000e+00,2.791642942626187960e+02
8.296000000000000796e+01,1.390158618633326986e-17,-6.466980991190571849e-18,2.666456443501016338e+02,1.000000000000000000e+00,2.791642942626187960e+02
8.298000000000000398e+01,1.377284665494049167e-17,-6.407065185274623703e-18,2.666456443501016338e+02,1.000000000000000000e+00,2.791642942626187960e+02
8.300000000000000000e+01,1.364529987911770445e-17,-6.347704749912592174e-18,2.666456443501016338e+02,1.000000000000000000e+00,2.791642942626187960e+02
8.301999999999999602e+01,1.351893479492465108e-17,-6.288894530994865828e-18,2.666456443501016338e+02,1.000000000000000000e+00,2.791642942626187960e+02
8.304000000000000625e+01,1.339374046574433852e-17,-6.230629433755110470e-18,2.666456443501016338e+02,1.000000000000000000e+00,2.791642942626187960e+02
8.306000000000000227e+01,1.326970601671851379e-17,-6.172904392212142695e-18,2.666456443501016338e+02,1.000000000000000000e+00,2.791642942626187960e+02
8.307999999999999829e+01,1.314682072275866109e-17,-6.115714410189650017e-18,2.666456443501016338e+02,1.000000000000000000e+00,2.791642942626187960e+02
8.310000000000000853e+01,1.302507390746937732e-17,-6.059054514206162564e-18,2.666456443501016338e+02,1.000000000000000000e+00,2.791642942626187960e+02
8.312000000000000455e+01,1.290445503887301601e-17,-6.002919798090360388e-18,2.666456443501016338e+02,1.000000000000000000e+00,2.791642942626187960e+02
8.314000000000000057e+01,1.278495364904684607e-17,-5.947305385524933860e-18,2.666456443501016338e+02,1.000000000000000000e+00,2.791642942626187960e+02
8.315999999999999659e+01,1.266655938462387161e-17,-5.892206453584393498e-18,2.666456443501016338e+02,1.000000000000000000e+00,2.791642942626187960e+02
8.318000000000000682e+01,1.254926198863305207e-17,-5.837618224270057035e-18,2.666456443501016338e+02,1.000000000000000000e+00,2.791642942626187960e+02
8.320000000000000284e+01,1.243305128122466465e-17,-5.783535955527520646e-18,2.666456443501016338e+02,1.000000000000000000e+00,2.791642942626187960e+02
8.321999999999999886e+01,1.231791720985481712e-17,-5.729954964634902578e-18,2.666456443501016338e+02,1.000000000000000000e+00,2.791642942626187960e+02
8.323999999999999488e+01,1.220384977191431376e-17,-5.676870592143282414e-18,2.666456443501016338e+02,1.000000000000000000e+00,2.791642942626187960e+02
8.326000000000000512e+01,1.209083910499492115e-17,-5.624278243945945165e-18,2.666456443501016338e+02,1.000000000000000000e+00,2.791642942626187960e+02
8.328000000000000114e+01,1.197887539389094122e-17,-5.572173347935152236e-18,2.666456443501016338e+02,1.000000000000000000e+00,2.791642942626187960e+02
8.329999999999999716e+01,1.186794894931650247e-17,-5.520551390689261818e-18,2.666456443501016338e+02,1.000000000000000000e+00,2.791642942626187960e+02
8.332000000000000739e+01,1.175805015076309528e-17,-5.469407890840159191e-18,2.666456443501016338e+02,1.000000000000000000e+00,2.791642942626187960e+02
8.334000000000000341e+01,1.164916947164458414e-17,-5.418738410792904050e-18,2.666456443501016338e+02,1.000000000000000000e+00,2.791642942626187960e+02
8.335999999999999943e+01,1.154129748550696506e-17,-5.368538559618609783e-18,2.666456443501016338e+02,1.000000000000000000e+00,2.791642942626187960e+02
8.337999999999999545e+01,1.143442482666133603e-17,-5.318803974708183506e-18,2.666456443501016338e+02,1.000000000000000000e+00,2.791642942626187960e+02
8.340000000000000568e+01,1.132854225393379128e-17,-5.269530351481826153e-18,2.666456443501016338e+02,1.000000000000000000e+00,2.791642942626187960e+02
8.342000000000000171e+01,1.122364056861467664e-17,-5.220713405149956900e-18,2.666456443501016338e+02,1.000000000000000000e+00,2.791642942626187960e+02
8.343999999999999773e+01,1.111971069988918563e-17,-5.172348910527237982e-18,2.666456443501016338e+02,1.000000000000000000e+00,2.791642942626187960e+02
8.346000000000000796e+01,1.101674362551196743e-17,-5.124432665063236997e-18,2.666456443501016338e+02,1.000000000000000000e+00,2.791642942626187960e+02
8.348000000000000398e+01,1.091473043059940480e-17,-5.076960516242297109e-18,2.666456443501016338e+02,1.000000000000000000e+00,2.791642942626187960e+02
8.350000000000000000e+01,1.081366227378762762e-17,-5.029928345810923461e-18,2.666456443501016338e+02,1.000000000000000000e+00,2.791642942626187960e+02
8.351999999999999602e+01,1.071353038932251357e-17,-4.983332070752549473e-18,2.666456443501016338e+02,1.000000000000000000e+00,2.791642942626187960e+02
8.354000000000000625e+01,1.061432611343682252e-17,-4.937167655578974281e-18,2.666456443501016338e+02,1.000000000000000000e+00,2.791642942626187960e+02
8.356000000000000227e+01,1.051604083045543364e-17,-4.891431087214481355e-18,2.666456443501016338e+02,1.000000000000000000e+00,2.791642942626187960e+02
8.357999999999999829e+01,1.041866604374834101e-17,-4.846118408061048882e-18,2.666456443501016338e+02,1.000000000000000000e+00,2.791642942626187960e+02
8.360000000000000853e+01,1.032219329535981585e-17,-4.801225678543639204e-18,2.666456443501016338e+02,1.000000000000000000e+00,2.791642942626187960e+02
8.362000000000000455e+01,1.022661424114349283e-17,-4.756749012124783873e-18,2.666456443501016338e+02,1.000000000000000000e+00,2.791642942626187960e+02
8.364000000000000057e+01,1.013192058863185148e-17,-4.712684546349847030e-18,2.666456443501016338e+02,1.000000000000000000e+00,2.791642942626187960e+02
8.365999999999999659e+01,1.003810413495739780e-17,-4.669028460519531139e-18,2.666456443501016338e+02,1.000000000000000000e+00,2.791642942626187960e+02
8.368000000000000682e+01,9.945156754808613332e-18,-4.625776970076099349e-18,2.666456443501016338e+02,1.000000000000000000e+00,2.791642942626187960e+02
8.370000000000000284e+01,9.853070382861611364e-18,-4.582926318417051567e-18,2.666456443501016338e+02,1.000000000000000000e+00,2.791642942626187960e+02
8.371999999999999886e+01,9.761837055503600376e-18,-4.540472796337678446e-18,2.666456443501016338e+02,1.000000000000000000e+00,2.791642942626187960e+02
8.373999999999999488e+01,9.671448848183740335e-18,-4.498412712836520295e-18,2.666456443501016338e+02,1.000000000000000000e+00,2.791642942626187960e+02
8.376000000000000512e+01,9.581897947458521110e-18,-4.456742428688428241e-18,2.666456443501016338e+02,1.000000000000000000e+00,2.791642942626187960e+02
8.378000000000000114e+01,9.493176577677733942e-18,-4.415458322279774185e-18,2.666456443501016338e+02,1.000000000000000000e+00,2.791642942626187960e+02
8.379999999999999716e+01,9.405277062155684237e-18,-4.374556818114522787e-18,2.666456443501016338e+02,1.000000000000000000e+00,2.791642942626187960e+02
8.382000000000000739e+01,9.318191779704034324e-18,-4.334034366557761763e-18,2.666456443501016338e+02,1.000000000000000000e+00,2.791642942626187960e+02
8.384000000000000341e+01,9.231913182427146535e-18,-4.293887452128938032e-18,2.666456443501016338e+02,1.000000000000000000e+00,2.791642942626187960e+02
8.385999999999999943e+01,9.146433802810456046e-18,-4.254112596803940875e-18,2.666456443501016338e+02,1.000000000000000000e+00,2.791642942626187960e+02
8.387999999999999545e+01,9.061746220591326552e-18,-4.214706344577882107e-18,2.666456443501016338e+02,1.000000000000000000e+00,2.791642942626187960e+02
8.390000000000000568e+01,8.977843114722490595e-18,-4.175665285678663875e-18,2.666456443501016338e+02,1.000000000000000000e+00,2.791642942626187960e+02
8.392000000000000171e+01,8.894717197629165966e-18,-4.136986025931895124e-18,2.666456443501016338e+02,1.000000000000000000e+00,2.791642942626187960e+02
8.393999999999999773e+01,8.812361282778911890e-18,-4.098665218247203808e-18,2.666456443501016338e+02,1.000000000000000000e+00,2.791642942626187960e+02
8.396000000000000796e+01,8.730768222744204264e-18,-4.060699533756042748e-18,2.666456443501016338e+02,1.000000000000000000e+00,2.791642942626187960e+02
8.398000000000000398e+01,8.649930954256275680e-18,-4.023085682806296632e-18,2.666456443501016338e+02,1.000000000000000000e+00,2.791642942626187960e+02
8.400000000000000000e+01,8.569842473297994063e-18,-3.985820403355206839e-18,2.666456443501016338e+02,1.000000000000000000e+00,2.791642942626187960e+02
8.401999999999999602e+01,8.490495834737919033e-18,-3.948900460799554487e-18,2.666456443501016338e+02,1.000000000000000000e+00,2.791642942626187960e+02
8.404000000000000625e+01,8.411884175114613976e-18,-3.912322658591551922e-18,2.666456443501016338e+02,1.000000000000000000e+00,2.791642942626187960e+02
8.406000000000000227e+01,8.334000668431033337e-18,-3.876083817640880209e-18,2.666456443501016338e+02,1.000000000000000000e+00,2.791642942626187960e+02
8.407999999999999829e+01,8.256838583283940312e-18,-3.840180802934574664e-18,2.666456443501016338e+02,1.000000000000000000e+00,2.791642942626187960e+02
8.410000000000000853e+01,8.180391219019367703e-18,-3.804610493787647222e-18,2.666456443501016338e+02,1.000000000000000000e+00,2.791642942626187960e+02
8.412000000000000455e+01,8.104651964644697942e-18,-3.769369811294030000e-18,2.666456443501016338e+02,1.000000000000000000e+00,2.791642942626187960e+02
8.414000000000000057e+01,8.029614250867497771e-18,-3.734455695977890083e-18,2.666456443501016338e+02,1.000000000000000000e+00,2.791642942626187960e+02
8.415999999999999659e+01,7.955271578458078401e-18,-3.699865121009978646e-18,2.666456443501016338e+02,1.000000000000000000e+00,2.791642942626187960e+02
8.418000000000000682e+01,7.881617510570802036e-18,-3.665595088628754684e-18,2.666456443501016338e+02,1.000000000000000000e+00,2.791642942626187960e+02
8.420000000000000284e+01,7.808645657016671399e-18,-3.631642622812793958e-18,2.666456443501016338e+02,1.000000000000000000e+00,2.791642942626187960e+02
8.421999999999999886e+01,7.736349708845350928e-18,-3.598004785393510263e-18,2.666456443501016338e+02,1.000000000000000000e+00,2.791642942626187960e+02
8.423999999999999488e+01,7.664723387688249578e-18,-3.564678652451950267e-18,2.666456443501016338e+02,1.000000000000000000e+00,2.791642942626187960e+02
8.426000000000000512e+01,7.593760503196715930e-18,-3.531661341081620018e-18,2.666456443501016338e+02,1.000000000000000000e+00,2.791642942626187960e+02
8.428000000000000114e+01,7.523454895308365372e-18,-3.498949982487529198e-18,2.666456443501016338e+02,1.000000000000000000e+00,2.791642942626187960e+02
8.429999999999999716e+01,7.453800481717589338e-18,-3.466541744105002345e-18,2.666456443501016338e+02,1.000000000000000000e+00,2.791642942626187960e+02
8.432000000000000739e+01,7.384791224897514830e-18,-3.434433814233120241e-18,2.666456443501016338e+02,1.000000000000000000e+00,2.791642942626187960e+02
8.434000000000000341e+01,7.316421144502360005e-18,-3.402623407814072057e-18,2.666456443501016338e+02,1.000000000000000000e+00,2.791642942626187960e+02
8.435999999999999943e+01,7.248684324695703936e-18,-3.371107769846756406e-18,2.666456443501016338e+02,1.000000000000000000e+00,2.791642942626187960e+02
8.437999999999999545e+01,7.181574886389097003e-18,-3.339884162452404541e-18,2.666456443501016338e+02,1.000000000000000000e+00,2.791642942626187960e+02
8.440000000000000568e+01,7.115087029526863558e-18,-3.308949884575717027e-18,2.666456443501016338e+02,1.000000000000000000e+00,2.791642942626187960e+02
8.442000000000000171e+01,7.049214980465534290e-18,-3.278302247467584871e-18,2.666456443501016338e+02,1.000000000000000000e+00,2.791642942626187960e+02
8.443999999999999773e+01,6.983953045363784351e-18,-3.247938599560786265e-18,2.666456443501016338e+02,1.000000000000000000e+00,2.791642942626187960e+02
8.446000000000000796e+01,6.919295561879129670e-18,-3.217856303963862758e-18,2.666456443501016338e+02,1.000000000000000000e+00,2.791642942626187960e+02
8.448000000000000398e+01,6.855236933621336080e-18,-3.188052754514149797e-18,2.666456443501016338e+02,1.000000000000000000e+00,2.791642942626187960e+02
8.450000000000000000e+01,6.791771611944348675e-18,-3.158525367293463668e-18,2.666456443501016338e+02,1.000000000000000000e+00,2.791642942626187960e+02
8.451999999999999602e+01,6.728894094054911513e-18,-3.129271579747509325e-18,2.666456443501016338e+02,1.000000000000000000e+00,2.791642942626187960e+02
8.454000000000000625e+01,6.666598942542280717e-18,-3.100288859784239605e-18,2.666456443501016338e+02,1.000000000000000000e+00,2.791642942626187960e+02
8.456000000000000227e+01,6.604880749193657003e-18,-3.071574688915464739e-18,2.666456443501016338e+02,1.000000000000000000e+00,2.791642942626187960e+02
8.457999999999999829e+01,6.543734180937063473e-18,-3.043126583661650847e-18,2.666456443501016338e+02,1.000000000000000000e+00,2.791642942626187960e+02
8.460000000000000853e+01,6.483153929174243326e-18,-3.014942071945659868e-18,2.666456443501016338e+02,1.000000000000000000e+00,2.791642942626187960e+02
8.462000000000000455e+01,6.423134755922916854e-18,-2.987018714590818541e-18,2.666456443501016338e+02,1.000000000000000000e+00,2.791642942626187960e+02
8.464000000000000057e+01,6.363671456853051272e-18,-2.959354088098793305e-18,2.666456443501016338e+02,1.000000000000000000e+00,2.791642942626187960e+02
8.465999999999999659e+01,6.304758882406135485e-18,-2.931945794489617447e-18,2.666456443501016338e+02,1.000000000000000000e+00,2.791642942626187960e+02
8.468000000000000682e+01,6.246391933192187490e-18,-2.904791459156343035e-18,2.666456443501016338e+02,1.000000000000000000e+00,2.791642942626187960e+02
8.470000000000000284e+01,6.188565546107088195e-18,-2.877888724397738893e-18,2.666456443501016338e+02,1.000000000000000000e+00,2.791642942626187960e+02
8.471999999999999886e+01,6.131274722914703749e-18,-2.851235262733846295e-18,2.666456443501016338e+02,1.000000000000000000e+00,2.791642942626187960e+02
8.473999999999999488e+01,6.074514489342352972e-18,-2.824828757849166785e-18,2.666456443501016338e+02,1.000000000000000000e+00,2.791642942626187960e+02
8.476000000000000512e+01,6.018279940822395408e-18,-2.798666925902971475e-18,2.666456443501016338e+02,1.000000000000000000e+00,2.791642942626187960e+02
8.478000000000000114e+01,5.962566197078043657e-18,-2.772747494371138291e-18,2.666456443501016338e+02,1.000000000000000000e+00,2.791642942626187960e+02
8.479999999999999716e+01,5.907368438908469695e-18,-2.747068219184091192e-18,2.666456443501016338e+02,1.000000000000000000e+00,2.791642942626187960e+02
8.482000000000000739e+01,5.852681883240219011e-18,-2.721626873102998679e-18,2.666456443501016338e+02,1.000000000000000000e+00,2.791642942626187960e+02
8.484000000000000341e+01,5.798501791600982657e-18,-2.696421249668108521e-18,2.666456443501016338e+02,1.000000000000000000e+00,2.791642942626187960e+02
8.485999999999999943e+01,5.744823477276640272e-18,-2.671449166532285581e-18,2.666456443501016338e+02,1.000000000000000000e+00,2.791642942626187960e+02
8.487999999999999545e+01,5.691642282136153714e-18,-2.646708454664784729e-18,2.666456443501016338e+02,1.000000000000000000e+00,2.791642942626187960e+02
8.490000000000000568e+01,5.638953610985444895e-18,-2.622196974355282637e-18,2.666456443501016338e+02,1.000000000000000000e+00,2.791642942626187960e+02
8.492000000000000171e+01,5.586752889493512507e-18,-2.597912595612962268e-18,2.666456443501016338e+02,1.000000000000000000e+00,2.791642942626187960e+02
8.493999999999999773e+01,5.535035606336224244e-18,-2.573853217799991625e-18,2.666456443501016338e+02,1.000000000000000000e+00,2.791642942626187960e+02
8.496000000000000796e+01,5.483797275571835517e-18,-2.550016752103089902e-18,2.666456443501016338e+02,1.000000000000000000e+00,2.791642942626187960e+02
8.498000000000000398e+01,5.433033462928906288e-18,-2.526401133780570308e-18,2.666456443501016338e+02,1.000000000000000000e+00,2.791642942626187960e+02
8.500000000000000000e+01,5.382739772600522998e-18,-2.503004316009539711e-18,2.666456443501016338e+02,1.000000000000000000e+00,2.791642942626187960e+02
8.501999999999999602e+01,5.332911844478271817e-18,-2.479824268597884059e-18,2.666456443501016338e+02,1.000000000000000000e+00,2.791642942626187960e+02
8.504000000000000625e+01,5.283545370782485018e-18,-2.456858985730901739e-18,2.666456443501016338e+02,1.000000000000000000e+00,2.791642942626187960e+02
8.506000000000000227e+01,5.234636066499961279e-18,-2.434106472199932643e-18,2.666456443501016338e+02,1.000000000000000000e+00,2.791642942626187960e+02
8.507999999999999829e+01,5.186179706286586091e-18,-2.411564760593211548e-18,2.666456443501016338e+02,1.000000000000000000e+00,2.791642942626187960e+02
8.510000000000000853e+01,5.138172084297209420e-18,-2.389231892582497403e-18,2.666456443501016338e+02,1.000000000000000000e+00,2.791642942626187960e+02
8.512000000000000455e+01,5.090609050286272679e-18,-2.367105935740666457e-18,2.666456443501016338e+02,1.000000000000000000e+00,2.791642942626187960e+02
8.514000000000000057e+01,5.043486481168092737e-18,-2.345184970292624260e-18,2.666456443501016338e+02,1.000000000000000000e+00,2.791642942626187960e+02
8.515999999999999659e+01,4.996800296663724605e-18,-2.323467096404810683e-18,2.666456443501016338e+02,1.000000000000000000e+00,2.791642942626187960e+02
8.518000000000000682e+01,4.950546456829656672e-18,-2.301950433033241126e-18,2.666456443501016338e+02,1.000000000000000000e+00,2.791642942626187960e+02
8.520000000000000284e+01,4.904720949941362487e-18,-2.280633112279700553e-18,2.666456443501016338e+02,1.000000000000000000e+00,2.791642942626187960e+02
8.521999999999999886e+01,4.859319816055395788e-18,-2.259513290367278123e-18,2.666456443501016338e+02,1.000000000000000000e+00,2.791642942626187960e+02
8.523999999999999488e+01,4.814339114022727248e-18,-2.238589132274236136e-18,2.666456443501016338e+02,1.000000000000000000e+00,2.791642942626187960e+02
8.526000000000000512e+01,4.769774957875911295e-18,-2.217858828684208067e-18,2.666456443501016338e+02,1.000000000000000000e+00,2.791642942626187960e+02
8.528000000000000114e+01,4.725623481145131783e-18,-2.197320579363253395e-18,2.666456443501016338e+02,1.000000000000000000e+00,2.791642942626187960e+02
8.529999999999999716e+01,4.681880865320286500e-18,-2.176972606418616465e-18,2.666456443501016338e+02,1.000000000000000000e+00,2.791642942626187960e+02
8.532000000000000739e+01,4.638543321035905008e-18,-2.156813145533556999e-18,2.666456443501016338e+02,1.000000000000000000e+00,2.791642942626187960e+02
8.534000000000000341e+01,4.595607093707636844e-18,-2.136840448593479223e-18,2.666456443501016338e+02,1.000000000000000000e+00,2.791642942626187960e+02
8.535999999999999943e+01,4.553068470267715419e-18,-2.117052786822791802e-18,2.666456443501016338e+02,1.000000000000000000e+00,2.791642942626187960e+02
8.537999999999999545e+01,4.510923759884591202e-18,-2.097448441804164777e-18,2.666456443501016338e+02,1.000000000000000000e+00,2.791642942626187960e+02
8.540000000000000568e+01,4.469169321830842201e-18,-2.078025718459456085e-18,2.666456443501016338e+02,1.000000000000000000e+00,2.791642942626187960e+02
8.542000000000000171e+01,4.427801531876350473e-18,-2.058782929395207551e-18,2.666456443501016338e+02,1.000000000000000000e+00,2.791642942626187960e+02
8.543999999999999773e+01,4.386816815521719380e-18,-2.039718410383229333e-18,2.666456443501016338e+02,1.000000000000000000e+00,2.791642942626187960e+02
8.546000000000000796e+01,4.346211618728457907e-18,-2.020830506726012778e-18,2.666456443501016338e+02,1.000000000000000000e+00,2.791642942626187960e+02
8.548000000000000398e+01,4.305982427928191780e-18,-2.002117582577590790e-18,2.666456443501016338e+02,1.000000000000000000e+00,2.791642942626187960e+02
8.550000000000000000e+01,4.266125760535033353e-18,-1.983578016523509734e-18,2.666456443501016338e+02,1.000000000000000000e+00,2.791642942626187960e+02
8.551999999999999602e+01,4.226638161751694886e-18,-1.965210200093603602e-18,2.666456443501016338e+02,1.000000000000000000e+00,2.791642942626187960e+02
8.554000000000000625e+01,4.187516218650382996e-18,-1.947012544320313571e-18,2.666456443501016338e+02,1.000000000000000000e+00,2.791642942626187960e+02
8.556000000000000227e+01,4.148756536064414363e-18,-1.928983468509332358e-18,2.666456443501016338e+02,1.000000000000000000e+00,2.791642942626187960e+02
8.557999999999999829e+01,4.110355766194684736e-18,-1.911121414029943252e-18,2.666456443501016338e+02,1.000000000000000000e+00,2.791642942626187960e+02
8.560000000000000853e+01,4.072310576793212271e-18,-1.893424829494982640e-18,2.666456443501016338e+02,1.000000000000000000e+00,2.791642942626187960e+02
8.562000000000000455e+01,4.034617679375467441e-18,-1.875892183902119071e-18,2.666456443501016338e+02,1.000000000000000000e+00,2.791642942626187960e+02
8.564000000000000057e+01,3.997273807378235909e-18,-1.858521956459498547e-18,2.666456443501016338e+02,1.000000000000000000e+00,2.791642942626187960e+02
8.565999999999999659e+01,3.960275727685548892e-18,-1.841312641954847014e-18,2.666456443501016338e+02,1.000000000000000000e+00,2.791642942626187960e+02
8.568000000000000682e+01,3.923620239603273371e-18,-1.824262750277229215e-18,2.666456443501016338e+02,1.000000000000000000e+00,2.791642942626187960e+02
8.570000000000000284e+01,3.887304164382201880e-18,-1.807370801537522599e-18,2.666456443501016338e+02,1.000000000000000000e+00,2.791642942626187960e+02
8.571999999999999886e+01,3.851324364595433022e-18,-1.790635335093565012e-18,2.666456443501016338e+02,1.000000000000000000e+00,2.791642942626187960e+02
8.573999999999999488e+01,3.815677717570149402e-18,-1.774054897175407691e-18,2.666456443501016338e+02,1.000000000000000000e+00,2.791642942626187960e+02
8.576000000000000512e+01,3.780361144302552205e-18,-1.757628054353134205e-18,2.666456443501016338e+02,1.000000000000000000e+00,2.791642942626187960e+02
8.578000000000000114e+01,3.745371581450531117e-18,-1.741353380491498104e-18,2.666456443501016338e+02,1.000000000000000000e+00,2.791642942626187960e+02
8.579999999999999716e+01,3.710706003321353224e-18,-1.725229466991493154e-18,2.666456443501016338e+02,1.000000000000000000e+00,2.791642942626187960e+02
8.582000000000000739e+01,3.676361407731152560e-18,-1.709254916203576634e-18,2.666456443501016338e+02,1.000000000000000000e+00,2.791642942626187960e+02
8.584000000000000341e+01,3.642334819613427947e-18,-1.693428343108856727e-18,2.666456443501016338e+02,1.000000000000000000e+00,2.791642942626187960e+02
8.585999999999999943e+01,3.608623297194385599e-18,-1.677748378194791923e-18,2.666456443501016338e+02,1.000000000000000000e+00,2.791642942626187960e+02
8.587999999999999545e+01,3.575223916002539058e-18,-1.662213660007803855e-18,2.666456443501016338e+02,1.000000000000000000e+00,2.791642942626187960e+02
8.590000000000000568e+01,3.542133791442218997e-18,-1.646822845666806950e-18,2.666456443501016338e+02,1.000000000000000000e+00,2.791642942626187960e+02
8.592000000000000171e+01,3.509350051976765970e-18,-1.631574598373065292e-18,2.666456443501016338e+02,1.000000000000000000e+00,2.791642942626187960e+02
8.593999999999999773e+01,3.476869865309283889e-18,-1.616467599604123302e-18,2.666456443501016338e+02,1.000000000000000000e+00,2.791642942626187960e+02
8.596000000000000796e+01,3.444690415641696424e-18,-1.601500538521738979e-18,2.666456443501016338e+02,1.000000000000000000e+00,2.791642942626187960e+02
8.598000000000000398e+01,3.412808918865076859e-18,-1.586672119047195070e-18,2.666456443501016338e+02,1.000000000000000000e+00,2.791642942626187960e+02
8.600000000000000000e+01,3.381222615821319577e-18,-1.571981056722364332e-18,2.666456443501016338e+02,1.000000000000000000e+00,2.791642942626187960e+02
8.601999999999999602e+01,3.349928768980523020e-18,-1.557426077162650839e-18,2.666456443501016338e+02,1.000000000000000000e+00,2.791642942626187960e+02
8.604000000000000625e+01,3.318924674304152697e-18,-1.543005921581714541e-18,2.666456443501016338e+02,1.000000000000000000e+00,2.791642942626187960e+02
8.606000000000000227e+01,3.288207641617971933e-18,-1.528719337650548612e-18,2.666456443501016338e+02,1.000000000000000000e+00,2.791642942626187960e+02
8.607999999999999829e+01,3.257775018337478869e-18,-1.514565090547200324e-18,2.666456443501016338e+02,1.000000000000000000e+00,2.791642942626187960e+02
8.610000000000000853e+01,3.227624164293025370e-18,-1.500541951231732272e-18,2.666456443501016338e+02,1.000000000000000000e+00,2.791642942626187960e+02
8.612000000000000455e+01,3.197752473751799425e-18,-1.486648706702865909e-18,2.666456443501016338e+02,1.000000000000000000e+00,2.791642942626187960e+02
8.614000000000000057e+01,3.168157358674704634e-18,-1.472884152199685895e-18,2.666456443501016338e+02,1.000000000000000000e+00,2.791642942626187960e+02
8.615999999999999659e+01,3.138836257150310578e-18,-1.459247095130020268e-18,2.666456443501016338e+02,1.000000000000000000e+00,2.791642942626187960e+02
8.618000000000000682e+01,3.109786633321661708e-18,-1.445736355035817032e-18,2.666456443501016338e+02,1.000000000000000000e+00,2.791642942626187960e+02
8.620000000000000284e+01,3.081005968397530110e-18,-1.432350759407219594e-18,2.666456443501016338e+02,1.000000000000000000e+00,2.791642942626187960e+02
8.621999999999999886e+01,3.052491776552999055e-18,-1.419089151087491985e-18,2.666456443501016338e+02,1.000000000000000000e+00,2.791642942626187960e+02
8.623999999999999488e+01,3.024241583556552121e-18,-1.405950378319276924e-18,2.666456443501016338e+02,1.000000000000000000e+00,2.791642942626187960e+02
8.626000000000000512e+01,2.996252949723188793e-18,-1.392933305434315709e-18,2.666456443501016338e+02,1.000000000000000000e+00,2.791642942626187960e+02
8.628000000000000114e+01,2.968523447956825516e-18,-1.380036802627125752e-18,2.666456443501016338e+02,1.000000000000000000e+00,2.791642942626187960e+02
8.629999999999999716e+01,2.941050680708480563e-18,-1.367259753853009902e-18,2.666456443501016338e+02,1.000000000000000000e+00,2.791642942626187960e+02
8.632000000000000739e+01,2.913832269389665932e-18,-1.354601051897231476e-18,2.666456443501016338e+02,1.000000000000000000e+00,2.791642942626187960e+02
8.634000000000000341e+01,2.886865856549700452e-18,-1.342059599389435651e-18,2.666456443501016338e+02,1.000000000000000000e+00,2.791642942626187960e+02
8.635999999999999943e+01,2.860149111428654612e-18,-1.329634311389225819e-18,2.666456443501016338e+02,1.000000000000000000e+00,2.791642942626187960e+02
8.637999999999999545e+01,2.833679716733083561e-18,-1.317324109227822904e-18,2.666456443501016338e+02,1.000000000000000000e+00,2.791642942626187960e+02
8.640000000000000568e+01,2.807455386895355607e-18,-1.305127929011273516e-18,2.666456443501016338e+02,1.000000000000000000e+00,2.791642942626187960e+02
8.642000000000000171e+01,2.781473846696203852e-18,-1.293044711664894943e-18,2.666456443501016338e+02,1.000000000000000000e+00,2.791642942626187960e+02
8.643999999999999773e+01,2.755732851868714155e-18,-1.281073412528675483e-18,2.666456443501016338e+02,1.000000000000000000e+00,2.791642942626187960e+02
8.646000000000000796e+01,2.730230171453540855e-18,-1.269212993139771252e-18,2.666456443501016338e+02,1.000000000000000000e+00,2.791642942626187960e+02
8.648000000000000398e+01,2.704963599298104834e-18,-1.257462426587998708e-18,2.666456443501016338e+02,1.000000000000000000e+00,2.791642942626187960e+02
8.650000000000000000e+01,2.679930949339037750e-18,-1.245820695318407712e-18,2.666456443501016338e+02,1.000000000000000000e+00,2.791642942626187960e+02
8.651999999999999602e+01,2.655130052344234262e-18,-1.234286789614466863e-18,2.666456443501016338e+02,1.000000000000000000e+00,2.791642942626187960e+02
8.654000000000000625e+01,2.630558765863695248e-18,-1.222859712231664324e-18,2.666456443501016338e+02,1.000000000000000000e+00,2.791642942626187960e+02
8.656000000000000227e+01,2.606214958276753104e-18,-1.211538470968693168e-18,2.666456443501016338e+02,1.000000000000000000e+00,2.791642942626187960e+02
8.657999999999999829e+01,2.582096527782999775e-18,-1.200322087511128699e-18,2.666456443501016338e+02,1.000000000000000000e+00,2.791642942626187960e+02
8.660000000000000853e+01,2.558201382502702664e-18,-1.189209588164389166e-18,2.666456443501016338e+02,1.000000000000000000e+00,2.791642942626187960e+02
8.662000000000000455e+01,2.534527457645996305e-18,-1.178200011849310192e-18,2.666456443501016338e+02,1.000000000000000000e+00,2.791642942626187960e+02
8.664000000000000057e+01,2.511072702704528791e-18,-1.167292404137160713e-18,2.666456443501016338e+02,1.000000000000000000e+00,2.791642942626187960e+02
8.665999999999999659e+01,2.487835087574838938e-18,-1.156485820101533076e-18,2.666456443501016338e+02,1.000000000000000000e+00,2.791642942626187960e+02
8.668000000000000682e+01,2.464812603085871197e-18,-1.145779324563535108e-18,2.666456443501016338e+02,1.000000000000000000e+00,2.791642942626187960e+02
8.670000000000000284e+01,2.442003253338180610e-18,-1.135171988524693604e-18,2.666456443501016338e+02,1.000000000000000000e+00,2.791642942626187960e+02
8.671999999999999886e+01,2.419405068724592427e-18,-1.124662895229982671e-18,2.666456443501016338e+02,1.000000000000000000e+00,2.791642942626187960e+02
8.673999999999999488e+01,2.397016088756663606e-18,-1.114251132170735703e-18,2.666456443501016338e+02,1.000000000000000000e+00,2.791642942626187960e+02
8.676000000000000512e+01,2.374834380266457592e-18,-1.103935799560600091e-18,2.666456443501016338e+02,1.000000000000000000e+00,2.791642942626187960e+02
8.678000000000000114e+01,2.352858020211328319e-18,-1.093716002328103495e-18,2.666456443501016338e+02,1.000000000000000000e+00,2.791642942626187960e+02
8.679999999999999716e+01,2.331085108730509969e-18,-1.083590856196891906e-18,2.666456443501016338e+02,1.000000000000000000e+00,2.791642942626187960e+02
8.682000000000000739e+01,2.309513761253195326e-18,-1.073559484010352154e-18,2.666456443501016338e+02,1.000000000000000000e+00,2.791642942626187960e+02
8.684000000000000341e+01,2.288142109682010863e-18,-1.063621016283072676e-18,2.666456443501016338e+02,1.000000000000000000e+00,2.791642942626187960e+02
8.685999999999999943e+01,2.266968307311772488e-18,-1.053774593490878798e-18,2.666456443501016338e+02,1.000000000000000000e+00,2.791642942626187960e+02
8.687999999999999545e+01,2.245990517921342281e-18,-1.044019360991675334e-18,2.666456443501016338e+02,1.000000000000000000e+00,2.791642942626187960e+02
8.690000000000000568e+01,2.225206930523329461e-18,-1.034354475893454713e-18,2.666456443501016338e+02,1.000000000000000000e+00,2.791642942626187960e+02
8.692000000000000171e+01,2.204615742339463633e-18,-1.024779099126776242e-18,2.666456443501016338e+02,1.000000000000000000e+00,2.791642942626187960e+02
8.693999999999999773e+01,2.184215174999222161e-18,-1.015292402987714454e-18,2.666456443501016338e+02,1.000000000000000000e+00,2.791642942626187960e+02
8.696000000000000796e+01,2.164003460868144600e-18,-1.005893564771398194e-18,2.666456443501016338e+02,1.000000000000000000e+00,2.791642942626187960e+02
8.698000000000000398e+01,2.143978851725725978e-18,-9.965817708131318356e-19,2.666456443501016338e+02,1.000000000000000000e+00,2.791642942626187960e+02
8.700000000000000000e+01,2.124139615522856811e-18,-9.873562149781010493e-19,2.666456443501016338e+02,1.000000000000000000e+00,2.791642942626187960e+02
8.701999999999999602e+01,2.104484033307100985e-18,-9.782160972300039484e-19,2.666456443501016338e+02,1.000000000000000000e+00,2.791642942626187960e+02
8.704000000000000625e+01,2.085010407536791270e-18,-9.691606275020499069e-19,2.666456443501016338e+02,1.000000000000000000e+00,2.791642942626187960e+02
8.706000000000000227e+01,2.065717049134822686e-18,-9.601890196689338412e-19,2.666456443501016338e+02,1.000000000000000000e+00,2.791642942626187960e+02
8.707999999999999829e+01,2.046602292672686117e-18,-9.513004986169088582e-19,2.666456443501016338e+02,1.000000000000000000e+00,2.791642942626187960e+02
8.710000000000000853e+01,2.027664480656927612e-18,-9.424942929269752112e-19,2.666456443501016338e+02,1.000000000000000000e+00,2.791642942626187960e+02
8.712000000000000455e+01,2.008901976898160571e-18,-9.337696411000501769e-19,2.666456443501016338e+02,1.000000000000000000e+00,2.791642942626187960e+02
8.714000000000000057e+01,1.990313156734153649e-18,-9.251257870042360681e-19,2.666456443501016338e+02,1.000000000000000000e+00,2.791642942626187960e+02
8.715999999999999659e+01,1.971896411434397482e-18,-9.165619819260234463e-19,2.666456443501016338e+02,1.000000000000000000e+00,2.791642942626187960e+02
8.718000000000000682e+01,1.953650149081439504e-18,-9.080774849802628662e-19,2.666456443501016338e+02,1.000000000000000000e+00,2.791642942626187960e+02
8.720000000000000284e+01,1.935572788079285161e-18,-8.996715600878374880e-19,2.666456443501016338e+02,1.000000000000000000e+00,2.791642942626187960e+02
8.721999999999999886e+01,1.917662767795127281e-18,-8.913434809303730453e-19,2.666456443501016338e+02,1.000000000000000000e+00,2.791642942626187960e+02
8.723999999999999488e+01,1.899918534775623778e-18,-8.830925245324033280e-19,2.666456443501016338e+02,1.000000000000000000e+00,2.791642942626187960e+02
8.726000000000000512e+01,1.882338557166191081e-18,-8.749179779751889318e-19,2.666456443501016338e+02,1.000000000000000000e+00,2.791642942626187960e+02
8.728000000000000114e+01,1.864921311260652223e-18,-8.668191321338825460e-19,2.666456443501016338e+02,1.000000000000000000e+00,2.791642942626187960e+02
8.729999999999999716e+01,1.847665291535593775e-18,-8.587952863498596508e-19,2.666456443501016338e+02,1.000000000000000000e+00,2.791642942626187960e+02
8.732000000000000739e+01,1.830569004795715230e-18,-8.508457457043866284e-19,2.666456443501016338e+02,1.000000000000000000e+00,2.791642942626187960e+02
8.734000000000000341e+01,1.813630970681511841e-18,-8.429698212553235240e-19,2.666456443501016338e+02,1.000000000000000000e+00,2.791642942626187960e+02
8.735999999999999943e+01,1.796849725974297351e-18,-8.351668320412002344e-19,2.666456443501016338e+02,1.000000000000000000e+00,2.791642942626187960e+02
8.737999999999999545e+01,1.780223815620189857e-18,-8.274361009022039072e-19,2.666456443501016338e+02,1.000000000000000000e+00,2.791642942626187960e+02
8.740000000000000568e+01,1.763751804629203426e-18,-8.197769600202012626e-19,2.666456443501016338e+02,1.000000000000000000e+00,2.791642942626187960e+02
8.742000000000000171e+01,1.747432264530377309e-18,-8.121887446122830136e-19,2.666456443501016338e+02,1.000000000000000000e+00,2.791642942626187960e+02
8.743999999999999773e+01,1.731263786093829941e-18,-8.046707988541741280e-19,2.666456443501016338e+02,1.000000000000000000e+00,2.791642942626187960e+02
8.746000000000000796e+01,1.715244968752823878e-18,-7.972224709549644930e-19,2.666456443501016338e+02,1.000000000000000000e+00,2.791642942626187960e+02
8.748000000000000398e+01,1.699374427130109903e-18,-7.898431161959918855e-19,2.666456443501016338e+02,1.000000000000000000e+00,2.791642942626187960e+02
8.750000000000000000e+01,1.683650788863190041e-18,-7.825320959179454363e-19,2.666456443501016338e+02,1.000000000000000000e+00,2.791642942626187960e+02
8.751999999999999602e+01,1.668072691779226009e-18,-7.752887762058392198e-19,2.666456443501016338e+02,1.000000000000000000e+00,2.791642942626187960e+02
8.754000000000000625e+01,1.652638790817124177e-18,-7.681125311115270591e-19,2.666456443501016338e+02,1.000000000000000000e+00,2.791642942626187960e+02
8.756000000000000227e+01,1.637347747536896163e-18,-7.610027377696017723e-19,2.666456443501016338e+02,1.000000000000000000e+00,2.791642942626187960e+02
8.757999999999999829e+01,1.622198242246272307e-18,-7.539587820432189381e-19,2.666456443501016338e+02,1.000000000000000000e+00,2.791642942626187960e+02
8.760000000000000853e+01,1.607188961605649771e-18,-7.469800527531365060e-19,2.666456443501016338e+02,1.000000000000000000e+00,2.791642942626187960e+02
8.762000000000000455e+01,1.592318609024479627e-18,-7.400659465181850519e-19,2.666456443501016338e+02,1.000000000000000000e+00,2.791642942626187960e+02
8.764000000000000057e+01,1.577585897215864170e-18,-7.332158642885848262e-19,2.666456443501016338e+02,1.000000000000000000e+00,2.791642942626187960e+02
8.765999999999999659e+01,1.562989551329101031e-18,-7.264292128046591528e-19,2.666456443501016338e+02,1.000000000000000000e+00,2.791642942626187960e+02
8.768000000000000682e+01,1.548528310014410057e-18,-7.197054050921983446e-19,2.666456443501016338e+02,1.000000000000000000e+00,2.791642942626187960e+02
8.770000000000000284e+01,1.534200919949666899e-18,-7.130438579145367201e-19,2.666456443501016338e+02,1.000000000000000000e+00,2.791642942626187960e+02
8.771999999999999886e+01,1.520006144522011595e-18,-7.064439958141830366e-19,2.666456443501016338e+02,1.000000000000000000e+00,2.791642942626187960e+02
8.773999999999999488e+01,1.505942752776960968e-18,-6.999052459680015925e-19,2.666456443501016338e+02,1.000000000000000000e+00,2.791642942626187960e+02
8.776000000000000512e+01,1.492009530829741723e-18,-6.934270434998954674e-19,2.666456443501016338e+02,1.000000000000000000e+00,2.791642942626187960e+02
8.778000000000000114e+01,1.478205271356453514e-18,-6.870088265881477069e-19,2.666456443501016338e+02,1.000000000000000000e+00,2.791642942626187960e+02
8.779999999999999716e+01,1.464528781290888693e-18,-6.806500400489446656e-19,2.666456443501016338e+02,1.000000000000000000e+00,2.791642942626187960e+02
8.782000000000000739e+01,1.450978877505217250e-18,-6.743501333251836999e-19,2.666456443501016338e+02,1.000000000000000000e+00,2.791642942626187960e+02
8.784000000000000341e+01,1.437554386871136442e-18,-6.681085605152222949e-19,2.666456443501016338e+02,1.000000000000000000e+00,2.791642942626187960e+02
8.785999999999999943e+01,1.424254149990916897e-18,-6.619247821095664208e-19,2.666456443501016338e+02,1.000000000000000000e+00,2.791642942626187960e+02
8.787999999999999545e+01,1.411077013827802221e-18,-6.557982615601596196e-19,2.666456443501016338e+02,1.000000000000000000e+00,2.791642942626187960e+02
8.790000000000000568e+01,1.398021841293239342e-18,-6.497284697435365248e-19,2.666456443501016338e+02,1.000000000000000000e+00,2.791642942626187960e+02
8.792000000000000171e+01,1.385087500481030843e-18,-6.437148799488297665e-19,2.666456443501016338e+02,1.000000000000000000e+00,2.791642942626187960e+02
8.793999999999999773e+01,1.372272874648478458e-18,-6.377569725245027488e-19,2.666456443501016338e+02,1.000000000000000000e+00,2.791642942626187960e+02
8.796000000000000796e+01,1.359576854044457205e-18,-6.318542310737609410e-19,2.666456443501016338e+02,1.000000000000000000e+00,2.791642942626187960e+02
8.798000000000000398e+01,1.346998340798991365e-18,-6.260061447310811901e-19,2.666456443501016338e+02,1.000000000000000000e+00,2.791642942626187960e+02
8.800000000000000000e+01,1.334536247514009174e-18,-6.202122075058448778e-19,2.666456443501016338e+02,1.000000000000000000e+00,2.791642942626187960e+02
8.801999999999999602e+01,1.322189494718626415e-18,-6.144719170979446418e-19,2.666456443501016338e+02,1.000000000000000000e+00,2.791642942626187960e+02
8.804000000000000625e+01,1.309957016613890568e-18,-6.087847775718914955e-19,2.666456443501016338e+02,1.000000000000000000e+00,2.791642942626187960e+02
8.806000000000000227e+01,1.297837752584111498e-18,-6.031502954052168059e-19,2.666456443501016338e+02,1.000000000000000000e+00,2.791642942626187960e+02
8.807999999999999829e+01,1.285830656870836263e-18,-5.975679839919117414e-19,2.666456443501016338e+02,1.000000000000000000e+00,2.791642942626187960e+02
8.810000000000000853e+01,1.273934688805951651e-18,-5.920373590955957556e-19,2.666456443501016338e+02,1.000000000000000000e+00,2.791642942626187960e+02
8.812000000000000455e+01,1.262148820885415358e-18,-5.865579426081778367e-19,2.666456443501016338e+02,1.000000000000000000e+00,2.791642942626187960e+02
8.814000000000000057e+01,1.250472033113789853e-18,-5.811292599168563401e-19,2.666456443501016338e+02,1.000000000000000000e+00,2.791642942626187960e+02
8.815999999999999659e+01,1.238903315200971562e-18,-5.757508409269917446e-19,2.666456443501016338e+02,1.000000000000000000e+00,2.791642942626187960e+02
8.818000000000000682e+01,1.227441667695328502e-18,-5.704222205893116785e-19,2.666456443501016338e+02,1.000000000000000000e+00,2.791642942626187960e+02
8.820000000000000284e+01,1.216086097389460847e-18,-5.651429367614379461e-19,2.666456443501016338e+02,1.000000000000000000e+00,2.791642942626187960e+02
8.821999999999999886e+01,1.204835624390548400e-18,-5.599125334990396475e-19,2.666456443501016338e+02,1.000000000000000000e+00,2.791642942626187960e+02
8.823999999999999488e+01,1.193689273269937140e-18,-5.547305569359202404e-19,2.666456443501016338e+02,1.000000000000000000e+00,2.791642942626187960e+02
8.826000000000000512e+01,1.182646082084952740e-18,-5.495965594837723116e-19,2.666456443501016338e+02,1.000000000000000000e+00,2.791642942626187960e+02
8.828000000000000114e+01,1.171705094178008715e-18,-5.445100960144484398e-19,2.666456443501016338e+02,1.000000000000000000e+00,2.791642942626187960e+02
8.829999999999999716e+01,1.160865364068320596e-18,-5.394707266027776008e-19,2.666456443501016338e+02,1.000000000000000000e+00,2.791642942626187960e+02
8.832000000000000739e+01,1.150125954285584852e-18,-5.344780150523599725e-19,2.666456443501016338e+02,1.000000000000000000e+00,2.791642942626187960e+02
8.834000000000000341e+01,1.139485935148064379e-18,-5.295315287925108091e-19,2.666456443501016338e+02,1.000000000000000000e+00,2.791642942626187960e+02
8.835999999999999943e+01,1.128944387969793223e-18,-5.246308403709530222e-19,2.666456443501016338e+02,1.000000000000000000e+00,2.791642942626187960e+02
8.837999999999999545e+01,1.118500399022523316e-18,-5.197755246432896054e-19,2.666456443501016338e+02,1.000000000000000000e+00,2.791642942626187960e+02
8.840000000000000568e+01,1.108153067250722498e-18,-5.149651623641747495e-19,2.666456443501016338e+02,1.000000000000000000e+00,2.791642942626187960e+02
8.842000000000000171e+01,1.097901495722919806e-18,-5.101993362079617249e-19,2.666456443501016338e+02,1.000000000000000000e+00,2.791642942626187960e+02
8.843999999999999773e+01,1.087744799454083337e-18,-5.054776344100298349e-19,2.666456443501016338e+02,1.000000000000000000e+00,2.791642942626187960e+02
8.846000000000000796e+01,1.077682099102426905e-18,-5.007996478325208485e-19,2.666456443501016338e+02,1.000000000000000000e+00,2.791642942626187960e+02
8.848000000000000398e+01,1.067712524617128669e-18,-4.961649716625180996e-19,2.666456443501016338e+02,1.000000000000000000e+00,2.791642942626187960e+02
8.850000000000000000e+01,1.057835214371292501e-18,-4.915732050081857181e-19,2.666456443501016338e+02,1.000000000000000000e+00,2.791642942626187960e+02
8.851999999999999602e+01,1.048049312904637332e-18,-4.870239498482526162e-19,2.666456443501016338e+02,1.000000000000000000e+00,2.791642942626187960e+02
8.854000000000000625e+01,1.038353975677261750e-18,-4.825168132445832081e-19,2.666456443501016338e+02,1.000000000000000000e+00,2.791642942626187960e+02
8.856000000000000227e+01,1.028748362210393278e-18,-4.780514041494535637e-19,2.666456443501016338e+02,1.000000000000000000e+00,2.791642942626187960e+02
8.857999999999999829e+01,1.019231643795119997e-18,-4.736273369937364653e-19,2.666456443501016338e+02,1.000000000000000000e+00,2.791642942626187960e+02
8.860000000000000853e+01,1.009802995804869572e-18,-4.692442281084742675e-19,2.666456443501016338e+02,1.000000000000000000e+00,2.791642942626187960e+02
8.862000000000000455e+01,1.000461603956441870e-18,-4.649016986393528594e-19,2.666456443501016338e+02,1.000000000000000000e+00,2.791642942626187960e+02
8.864000000000000057e+01,9.912066600260639976e-19,-4.605993725524270149e-19,2.666456443501016338e+02,1.000000000000000000e+00,2.791642942626187960e+02
8.865999999999999659e+01,9.820373633623606052e-19,-4.563368773385810773e-19,2.666456443501016338e+02,1.000000000000000000e+00,2.791642942626187960e+02
8.868000000000000682e+01,9.729529220127559771e-19,-4.521138445375810454e-19,2.666456443501016338e+02,1.000000000000000000e+00,2.791642942626187960e+02
8.870000000000000284e+01,9.639525488823092141e-19,-4.479299079503393466e-19,2.666456443501016338e+02,1.000000000000000000e+00,2.791642942626187960e+02
8.871999999999999886e+01,9.550354674824544952e-19,-4.437847063145746429e-19,2.666456443501016338e+02,1.000000000000000000e+00,2.791642942626187960e+02
8.873999999999999488e+01,9.462009048503078893e-19,-4.396778800090782718e-19,2.666456443501016338e+02,1.000000000000000000e+00,2.791642942626187960e+02
8.876000000000000512e+01,9.374480986742033185e-19,-4.356090743703741894e-19,2.666456443501016338e+02,1.000000000000000000e+00,2.791642942626187960e+02
8.878000000000000114e+01,9.287762909016319920e-19,-4.315779367173571176e-19,2.666456443501016338e+02,1.000000000000000000e+00,2.791642942626187960e+02
8.879999999999999716e+01,9.201847322393073354e-19,-4.275841184460379037e-19,2.666456443501016338e+02,1.000000000000000000e+00,2.791642942626187960e+02
8.882000000000000739e+01,9.116726798493209848e-19,-4.236272739569797493e-19,2.666456443501016338e+02,1.000000000000000000e+00,2.791642942626187960e+02
8.884000000000000341e+01,9.032393969591851128e-19,-4.197070604740052727e-19,2.666456443501016338e+02,1.000000000000000000e+00,2.791642942626187960e+02
8.885999999999999943e+01,8.948841555996333269e-19,-4.158231393182801523e-19,2.666456443501016338e+02,1.000000000000000000e+00,2.791642942626187960e+02
8.887999999999999545e+01,8.866062316672128710e-19,-4.119751736103608283e-19,2.666456443501016338e+02,1.000000000000000000e+00,2.791642942626187960e+02
8.890000000000000568e+01,8.784049111251777709e-19,-4.081628311562624914e-19,2.666456443501016338e+02,1.000000000000000000e+00,2.791642942626187960e+02
8.892000000000000171e+01,8.702794832220460627e-19,-4.043857812910770522e-19,2.666456443501016338e+02,1.000000000000000000e+00,2.791642942626187960e+02
8.893999999999999773e+01,8.622292466154147184e-19,-4.006436977293165739e-19,2.666456443501016338e+02,1.000000000000000000e+00,2.791642942626187960e+02
8.896000000000000796e+01,8.542535045182555554e-19,-3.969362563056426989e-19,2.666456443501016338e+02,1.000000000000000000e+00,2.791642942626187960e+02
8.898000000000000398e+01,8.463515674071291319e-19,-3.932631362355553534e-19,2.666456443501016338e+02,1.000000000000000000e+00,2.791642942626187960e+02
8.900000000000000000e+01,8.385227525334567195e-19,-3.896240198876921685e-19,2.666456443501016338e+02,1.000000000000000000e+00,2.791642942626187960e+02
8.901999999999999602e+01,8.307663819454478283e-19,-3.860185918633628116e-19,2.666456443501016338e+02,1.000000000000000000e+00,2.791642942626187960e+02
8.904000000000000625e+01,8.230817864113318808e-19,-3.824465408223577292e-19,2.666456443501016338e+02,1.000000000000000000e+00,2.791642942626187960e+02
8.906000000000000227e+01,8.154682998840999670e-19,-3.789075569067762978e-19,2.666456443501016338e+02,1.000000000000000000e+00,2.791642942626187960e+02
8.907999999999999829e+01,8.079252656374627581e-19,-3.754013345968247786e-19,2.666456443501016338e+02,1.000000000000000000e+00,2.791642942626187960e+02
8.910000000000000853e+01,8.004520302217123617e-19,-3.719275698976573923e-19,2.666456443501016338e+02,1.000000000000000000e+00,2.791642942626187960e+02
8.912000000000000455e+01,7.930479483118309116e-19,-3.684859625959119760e-19,2.666456443501016338e+02,1.000000000000000000e+00,2.791642942626187960e+02
8.914000000000000057e+01,7.857123794722851363e-19,-3.650762147537867439e-19,2.666456443501016338e+02,1.000000000000000000e+00,2.791642942626187960e+02
8.915999999999999659e+01,7.784446891744230224e-19,-3.616980311827480839e-19,2.666456443501016338e+02,1.000000000000000000e+00,2.791642942626187960e+02
8.918000000000000682e+01,7.712442498692804453e-19,-3.583511199426172948e-19,2.666456443501016338e+02,1.000000000000000000e+00,2.791642942626187960e+02
8.920000000000000284e+01,7.641104377874477890e-19,-3.550351908523468461e-19,2.666456443501016338e+02,1.000000000000000000e+00,2.791642942626187960e+02
8.921999999999999886e+01,7.570426376059776090e-19,-3.517499576619204164e-19,2.666456443501016338e+02,1.000000000000000000e+00,2.791642942626187960e+02
8.923999999999999488e+01,7.500402367893551511e-19,-3.484951354186224137e-19,2.666456443501016338e+02,1.000000000000000000e+00,2.791642942626187960e+02
8.926000000000000512e+01,7.431026312117167631e-19,-3.452704430836846863e-19,2.666456443501016338e+02,1.000000000000000000e+00,2.791642942626187960e+02
8.928000000000000114e+01,7.362292201808428982e-19,-3.420756012163050650e-19,2.666456443501016338e+02,1.000000000000000000e+00,2.791642942626187960e+02
8.929999999999999716e+01,7.294194098672002098e-19,-3.389103335696860671e-19,2.666456443501016338e+02,1.000000000000000000e+00,2.791642942626187960e+02
8.932000000000000739e+01,7.226726116424243594e-19,-3.357743663175602935e-19,2.666456443501016338e+02,1.000000000000000000e+00,2.791642942626187960e+02
8.934000000000000341e+01,7.159882416008896475e-19,-3.326674278317134537e-19,2.666456443501016338e+02,1.000000000000000000e+00,2.791642942626187960e+02
8.935999999999999943e+01,7.093657228828542092e-19,-3.295892497629834213e-19,2.666456443501016338e+02,1.000000000000000000e+00,2.791642942626187960e+02
8.937999999999999545e+01,7.028044816445125615e-19,-3.265395651658628392e-19,2.666456443501016338e+02,1.000000000000000000e+00,2.791642942626187960e+02
8.940000000000000568e+01,6.963039520360367671e-19,-3.235181108151668831e-19,2.666456443501016338e+02,1.000000000000000000e+00,2.791642942626187960e+02
8.942000000000000171e+01,6.898635708273257404e-19,-3.205246247048856765e-19,2.666456443501016338e+02,1.000000000000000000e+00,2.791642942626187960e+02
8.943999999999999773e+01,6.834827821967015940e-19,-3.175588482768647401e-19,2.666456443501016338e+02,1.000000000000000000e+00,2.791642942626187960e+02
8.946000000000000796e+01,6.771610339999433580e-19,-3.146205246843080252e-19,2.666456443501016338e+02,1.000000000000000000e+00,2.791642942626187960e+02
8.948000000000000398e+01,6.708977797699873599e-19,-3.117093997225760028e-19,2.666456443501016338e+02,1.000000000000000000e+00,2.791642942626187960e+02
8.950000000000000000e+01,6.646924784870715298e-19,-3.088252217220161854e-19,2.666456443501016338e+02,1.000000000000000000e+00,2.791642942626187960e+02
8.951999999999999602e+01,6.585445928625467387e-19,-3.059677407494467642e-19,2.666456443501016338e+02,1.000000000000000000e+00,2.791642942626187960e+02
8.954000000000000625e+01,6.524535925687206331e-19,-3.031367101111081855e-19,2.666456443501016338e+02,1.000000000000000000e+00,2.791642942626187960e+02
8.956000000000000227e+01,6.464189497777044831e-19,-3.003318842766178009e-19,2.666456443501016338e+02,1.000000000000000000e+00,2.791642942626187960e+02
8.957999999999999829e+01,6.404401440402233097e-19,-2.975530211494247010e-19,2.666456443501016338e+02,1.000000000000000000e+00,2.791642942626187960e+02
8.960000000000000853e+01,6.345166575388339364e-19,-2.947998798577164055e-19,2.666456443501016338e+02,1.000000000000000000e+00,2.791642942626187960e+02
8.962000000000000455e+01,6.286479788361572320e-19,-2.920722224988468592e-19,2.666456443501016338e+02,1.000000000000000000e+00,2.791642942626187960e+02
8.964000000000000057e+01,6.228336004398093262e-19,-2.893698130059618077e-19,2.666456443501016338e+02,1.000000000000000000e+00,2.791642942626187960e+02
8.965999999999999659e+01,6.170730194640808421e-19,-2.866924174560900990e-19,2.666456443501016338e+02,1.000000000000000000e+00,2.791642942626187960e+02
8.968000000000000682e+01,6.113657386220872181e-19,-2.840398045316741624e-19,2.666456443501016338e+02,1.000000000000000000e+00,2.791642942626187960e+02
8.970000000000000284e+01,6.057112635682546295e-19,-2.814117442839974124e-19,2.666456443501016338e+02,1.000000000000000000e+00,2.791642942626187960e+02
8.971999999999999886e+01,6.001091066813578303e-19,-2.788080098935547559e-19,2.666456443501016338e+02,1.000000000000000000e+00,2.791642942626187960e+02
8.973999999999999488e+01,5.945587825462795479e-19,-2.762283755674739453e-19,2.666456443501016338e+02,1.000000000000000000e+00,2.791642942626187960e+02
8.976000000000000512e+01,5.890598123856354704e-19,-2.736726186018314561e-19,2.666456443501016338e+02,1.000000000000000000e+00,2.791642942626187960e+02
8.978000000000000114e+01,5.836117201910756636e-19,-2.711405175812256707e-19,2.666456443501016338e+02,1.000000000000000000e+00,2.791642942626187960e+02
8.979999999999999716e+01,5.782140353295649643e-19,-2.686318535917518726e-19,2.666456443501016338e+02,1.000000000000000000e+00,2.791642942626187960e+02
8.982000000000000739e+01,5.728662913578642849e-19,-2.661464096691449314e-19,2.666456443501016338e+02,1.000000000000000000e+00,2.791642942626187960e+02
8.984000000000000341e+01,5.675680255094611424e-19,-2.636839705601816685e-19,2.666456443501016338e+02,1.000000000000000000e+00,2.791642942626187960e+02
8.985999999999999943e+01,5.623187806555975579e-19,-2.612443236350828013e-19,2.666456443501016338e+02,1.000000000000000000e+00,2.791642942626187960e+02
8.987999999999999545e+01,5.571181020217383239e-19,-2.588272573596380035e-19,2.666456443501016338e+02,1.000000000000000000e+00,2.791642942626187960e+02
8.990000000000000568e+01,5.519655411792650586e-19,-2.564325631526514177e-19,2.666456443501016338e+02,1.000000000000000000e+00,2.791642942626187960e+02
8.992000000000000171e+01,5.468606517906533214e-19,-2.540600334059771462e-19,2.666456443501016338e+02,1.000000000000000000e+00,2.791642942626187960e+02
8.993999999999999773e+01,5.418029933498052684e-19,-2.517094632251108426e-19,2.666456443501016338e+02,1.000000000000000000e+00,2.791642942626187960e+02
8.996000000000000796e+01,5.367921283194693910e-19,-2.493806490969902647e-19,2.666456443501016338e+02,1.000000000000000000e+00,2.791642942626187960e+02
8.998000000000000398e+01,5.318276235984913699e-19,-2.470733895729051409e-19,2.666456443501016338e+02,1.000000000000000000e+00,2.791642942626187960e+02
9.000000000000000000e+01,5.269090504645223777e-19,-2.447874852416674247e-19,2.666456443501016338e+02,1.000000000000000000e+00,2.791642942626187960e+02
9.001999999999999602e+01,5.220359830973636202e-19,-2.425227380426188913e-19,2.666456443501016338e+02,1.000000000000000000e+00,2.791642942626187960e+02
9.004000000000000625e+01,5.172080012319145161e-19,-2.402789525000000352e-19,2.666456443501016338e+02,1.000000000000000000e+00,2.791642942626187960e+02
9.006000000000000227e+01,5.124246865670895969e-19,-2.380559340519805579e-19,2.666456443501016338e+02,1.000000000000000000e+00,2.791642942626187960e+02
9.007999999999999829e+01,5.076856266409546070e-19,-2.358534908538458004e-19,2.666456443501016338e+02,1.000000000000000000e+00,2.791642942626187960e+02
9.010000000000000853e+01,5.029904111069933420e-19,-2.336714320451926021e-19,2.666456443501016338e+02,1.000000000000000000e+00,2.791642942626187960e+02
9.012000000000000455e+01,4.983386346273033586e-19,-2.315095690962943949e-19,2.666456443501016338e+02,1.000000000000000000e+00,2.791642942626187960e+02
9.014000000000000057e+01,4.937298950465368618e-19,-2.293677149582527893e-19,2.666456443501016338e+02,1.000000000000000000e+00,2.791642942626187960e+02
9.015999999999999659e+01,4.891637938012386248e-19,-2.272456842536159129e-19,2.666456443501016338e+02,1.000000000000000000e+00,2.791642942626187960e+02
9.018000000000000682e+01,4.846399368178987450e-19,-2.251432936941010598e-19,2.666456443501016338e+02,1.000000000000000000e+00,2.791642942626187960e+02
9.020000000000000284e+01,4.801579323125116225e-19,-2.230603610568160731e-19,2.666456443501016338e+02,1.000000000000000000e+00,2.791642942626187960e+02
9.021999999999999886e+01,4.757173938527744313e-19,-2.209967066090460434e-19,2.666456443501016338e+02,1.000000000000000000e+00,2.791642942626187960e+02
9.023999999999999488e+01,4.713179367542642812e-19,-2.189521514313796174e-19,2.666456443501016338e+02,1.000000000000000000e+00,2.791642942626187960e+02
9.026000000000000512e+01,4.669591815700806620e-19,-2.169265190414943826e-19,2.666456443501016338e+02,1.000000000000000000e+00,2.791642942626187960e+02
9.028000000000000114e+01,4.626407510870199834e-19,-2.149196339963635688e-19,2.666456443501016338e+02,1.000000000000000000e+00,2.791642942626187960e+02
9.029999999999999716e+01,4.583622723010414966e-19,-2.129313228115674594e-19,2.666456443501016338e+02,1.000000000000000000e+00,2.791642942626187960e+02
9.032000000000000739e+01,4.541233755824862493e-19,-2.109614135727164172e-19,2.666456443501016338e+02,1.000000000000000000e+00,2.791642942626187960e+02
9.034000000000000341e+01,4.499236941636853494e-19,-2.090097356971726651e-19,2.666456443501016338e+02,1.000000000000000000e+00,2.791642942626187960e+02
9.035999999999999943e+01,4.457628657867233221e-19,-2.070761207006182637e-19,2.666456443501016338e+02,1.000000000000000000e+00,2.791642942626187960e+02
9.037999999999999545e+01,4.416405300325066550e-19,-2.051604009543657383e-19,2.666456443501016338e+02,1.000000000000000000e+00,2.791642942626187960e+02
9.040000000000000568e+01,4.375563315178694247e-19,-2.032624111729037569e-19,2.666456443501016338e+02,1.000000000000000000e+00,2.791642942626187960e+02
9.042000000000000171e+01,4.335099165304034643e-19,-2.013819868480896522e-19,2.666456443501016338e+02,1.000000000000000000e+00,2.791642942626187960e+02
9.043999999999999773e+01,4.295009359464536962e-19,-1.995189656069255786e-19,2.666456443501016338e+02,1.000000000000000000e+00,2.791642942626187960e+02
9.046000000000000796e+01,4.255290430391720509e-19,-1.976731861915556319e-19,2.666456443501016338e+02,1.000000000000000000e+00,2.791642942626187960e+02
9.048000000000000398e+01,4.215938945471871530e-19,-1.958444889566304207e-19,2.666456443501016338e+02,1.000000000000000000e+00,2.791642942626187960e+02
9.050000000000000000e+01,4.176951507281460877e-19,-1.940327158940734659e-19,2.666456443501016338e+02,1.000000000000000000e+00,2.791642942626187960e+02
9.051999999999999602e+01,4.138324740970743837e-19,-1.922377100461842635e-19,2.666456443501016338e+02,1.000000000000000000e+00,2.791642942626187960e+02
9.054000000000000625e+01,4.100055316008530427e-19,-1.904593165172738175e-19,2.666456443501016338e+02,1.000000000000000000e+00,2.791642942626187960e+02
9.056000000000000227e+01,4.062139917309207967e-19,-1.886973811303165386e-19,2.666456443501016338e+02,1.000000000000000000e+00,2.791642942626187960e+02
9.057999999999999829e+01,4.024575275980194823e-19,-1.869517518575500018e-19,2.666456443501016338e+02,1.000000000000000000e+00,2.791642942626187960e+02
9.060000000000000853e+01,3.987358140143086307e-19,-1.852222774627993946e-19,2.666456443501016338e+02,1.000000000000000000e+00,2.791642942626187960e+02
9.062000000000000455e+01,3.950485297227878822e-19,-1.835088085388551505e-19,2.666456443501016338e+02,1.000000000000000000e+00,2.791642942626187960e+02
9.064000000000000057e+01,3.913953560335689593e-19,-1.818111968728423191e-19,2.666456443501016338e+02,1.000000000000000000e+00,2.791642942626187960e+02
9.065999999999999659e+01,3.877759770568323010e-19,-1.801292955547353069e-19,2.666456443501016338e+02,1.000000000000000000e+00,2.791642942626187960e+02
9.068000000000000682e+01,3.841900805024671088e-19,-1.784629593492706708e-19,2.666456443501016338e+02,1.000000000000000000e+00,2.791642942626187960e+02
9.070000000000000284e+01,3.806373558629832631e-19,-1.768120438506194630e-19,2.666456443501016338e+02,1.000000000000000000e+00,2.791642942626187960e+02
9.071999999999999886e+01,3.771174968888243395e-19,-1.751764066339848115e-19,2.666456443501016338e+02,1.000000000000000000e+00,2.791642942626187960e+02
9.073999999999999488e+01,3.736301987167409173e-19,-1.735559059195597867e-19,2.666456443501016338e+02,1.000000000000000000e+00,2.791642942626187960e+02
9.076000000000000512e+01,3.701751606148830959e-19,-1.719504018497346862e-19,2.666456443501016338e+02,1.000000000000000000e+00,2.791642942626187960e+02
9.078000000000000114e+01,3.667520836536946426e-19,-1.703597554053796015e-19,2.666456443501016338e+02,1.000000000000000000e+00,2.791642942626187960e+02
9.079999999999999716e+01,3.633606721987338890e-19,-1.687838291004914063e-19,2.666456443501016338e+02,1.000000000000000000e+00,2.791642942626187960e+02
9.082000000000000739e+01,3.600006333326368654e-19,-1.672224867131300044e-19,2.666456443501016338e+02,1.000000000000000000e+00,2.791642942626187960e+02
9.084000000000000341e+01,3.566716763655491350e-19,-1.656755930577649361e-19,2.666456443501016338e+02,1.000000000000000000e+00,2.791642942626187960e+02
9.085999999999999943e+01,3.533735142140210007e-19,-1.641430146266922872e-19,2.666456443501016338e+02,1.000000000000000000e+00,2.791642942626187960e+02
9.087999999999999545e+01,3.501058612318161418e-19,-1.626246185808953050e-19,2.666456443501016338e+02,1.000000000000000000e+00,2.791642942626187960e+02
9.090000000000000568e+01,3.468684357676923732e-19,-1.611202739400021225e-19,2.666456443501016338e+02,1.000000000000000000e+00,2.791642942626187960e+02
9.092000000000000171e+01,3.436609575065889126e-19,-1.596298503452694289e-19,2.666456443501016338e+02,1.000000000000000000e+00,2.791642942626187960e+02
9.093999999999999773e+01,3.404831497432633318e-19,-1.581532191174300418e-19,2.666456443501016338e+02,1.000000000000000000e+00,2.791642942626187960e+02
9.096000000000000796e+01,3.373347377074408141e-19,-1.566902524773838680e-19,2.666456443501016338e+02,1.000000000000000000e+00,2.791642942626187960e+02
9.098000000000000398e+01,3.342154493354090010e-19,-1.552408239052842437e-19,2.666456443501016338e+02,1.000000000000000000e+00,2.791642942626187960e+02
9.100000000000000000e+01,3.311250153907920962e-19,-1.538048081966013217e-19,2.666456443501016338e+02,1.000000000000000000e+00,2.791642942626187960e+02
9.101999999999999602e+01,3.280631683931258970e-19,-1.523820809637630946e-19,2.666456443501016338e+02,1.000000000000000000e+00,2.791642942626187960e+02
9.104000000000000625e+01,3.250296443966244459e-19,-1.509725194636061582e-19,2.666456443501016338e+02,1.000000000000000000e+00,2.791642942626187960e+02
9.106000000000000227e+01,3.220241806713895558e-19,-1.495760015186444867e-19,2.666456443501016338e+02,1.000000000000000000e+00,2.791642942626187960e+02
9.107999999999999829e+01,3.190465181405844433e-19,-1.481924066509088080e-19,2.666456443501016338e+02,1.000000000000000000e+00,2.791642942626187960e+02
9.110000000000000853e+01,3.160963990966103411e-19,-1.468216150194002436e-19,2.666456443501016338e+02,1.000000000000000000e+00,2.791642942626187960e+02
9.112000000000000455e+01,3.131735689159742131e-19,-1.454635082179667571e-19,2.666456443501016338e+02,1.000000000000000000e+00,2.791642942626187960e+02
9.114000000000000057e+01,3.102777750455540062e-19,-1.441179688035806308e-19,2.666456443501016338e+02,1.000000000000000000e+00,2.791642942626187960e+02
9.115999999999999659e+01,3.074087671145873837e-19,-1.427848803485477305e-19,2.666456443501016338e+02,1.000000000000000000e+00,2.791642942626187960e+02
9.118000000000000682e+01,3.045662976375047101e-19,-1.414641277673652853e-19,2.666456443501016338e+02,1.000000000000000000e+00,2.791642942626187960e+02
9.120000000000000284e+01,3.017501205171244657e-19,-1.401555966204678796e-19,2.666456443501016338e+02,1.000000000000000000e+00,2.791642942626187960e+02
9.121999999999999886e+01,2.989599930429108154e-19,-1.388591740437857978e-19,2.666456443501016338e+02,1.000000000000000000e+00,2.791642942626187960e+02
9.123999999999999488e+01,2.961956736050259206e-19,-1.375747476853021447e-19,2.666456443501016338e+02,1.000000000000000000e+00,2.791642942626187960e+02
9.126000000000000512e+01,2.934569238515096625e-19,-1.363022067086237876e-19,2.666456443501016338e+02,1.000000000000000000e+00,2.791642942626187960e+02
9.128000000000000114e+01,2.907435068849083686e-19,-1.350414409539626146e-19,2.666456443501016338e+02,1.000000000000000000e+00,2.791642942626187960e+02
9.129999999999999716e+01,2.880551883866366134e-19,-1.337923414612879467e-19,2.666456443501016338e+02,1.000000000000000000e+00,2.791642942626187960e+02
9.132000000000000739e+01,2.853917362254346503e-19,-1.325548002880669281e-19,2.666456443501016338e+02,1.000000000000000000e+00,2.791642942626187960e+02
9.134000000000000341e+01,2.827529200035358757e-19,-1.313287102982423799e-19,2.666456443501016338e+02,1.000000000000000000e+00,2.791642942626187960e+02
9.135999999999999943e+01,2.801385122063415127e-19,-1.301139656969673702e-19,2.666456443501016338e+02,1.000000000000000000e+00,2.791642942626187960e+02
9.137999999999999545e+01,2.775482864433816446e-19,-1.289104612123608041e-19,2.666456443501016338e+02,1.000000000000000000e+00,2.791642942626187960e+02
9.140000000000000568e+01,2.749820194923081801e-19,-1.277180930463382676e-19,2.666456443501016338e+02,1.000000000000000000e+00,2.791642942626187960e+02
9.142000000000000171e+01,2.724394892003641260e-19,-1.265367578983643496e-19,2.666456443501016338e+02,1.000000000000000000e+00,2.791642942626187960e+02
9.143999999999999773e+01,2.699204762536726423e-19,-1.253663537885662835e-19,2.666456443501016338e+02,1.000000000000000000e+00,2.791642942626187960e+02
9.146000000000000796e+01,2.674247629004245000e-19,-1.242067794636829743e-19,2.666456443501016338e+02,1.000000000000000000e+00,2.791642942626187960e+02
9.148000000000000398e+01,2.649521335021432684e-19,-1.230579346536039950e-19,2.666456443501016338e+02,1.000000000000000000e+00,2.791642942626187960e+02
9.150000000000000000e+01,2.625023746913783406e-19,-1.219197201446199728e-19,2.666456443501016338e+02,1.000000000000000000e+00,2.791642942626187960e+02
9.151999999999999602e+01,2.600752744666004337e-19,-1.207920373584698181e-19,2.666456443501016338e+02,1.000000000000000000e+00,2.791642942626187960e+02
9.154000000000000625e+01,2.576706236445612970e-19,-1.196747890278808749e-19,2.666456443501016338e+02,1.000000000000000000e+00,2.791642942626187960e+02
9.156000000000000227e+01,2.552882140001345162e-19,-1.185678783312887044e-19,2.666456443501016338e+02,1.000000000000000000e+00,2.791642942626187960e+02
9.157999999999999829e+01,2.529278401961668912e-19,-1.174712097905668131e-19,2.666456443501016338e+02,1.000000000000000000e+00,2.791642942626187960e+02
9.160000000000000853e+01,2.505892979980020857e-19,-1.163846884404149814e-19,2.666456443501016338e+02,1.000000000000000000e+00,2.791642942626187960e+02
9.162000000000000455e+01,2.482723855900625624e-19,-1.153082204408715508e-19,2.666456443501016338e+02,1.000000000000000000e+00,2.791642942626187960e+02
9.164000000000000057e+01,2.459769028262491452e-19,-1.142417127285229125e-19,2.666456443501016338e+02,1.000000000000000000e+00,2.791642942626187960e+02
9.165999999999999659e+01,2.437026512610524914e-19,-1.131850730310705919e-19,2.666456443501016338e+02,1.000000000000000000e+00,2.791642942626187960e+02
9.168000000000000682e+01,2.414494347608276082e-19,-1.121382101515821858e-19,2.666456443501016338e+02,1.000000000000000000e+00,2.791642942626187960e+02
9.170000000000000284e+01,2.392170582736522743e-19,-1.111010333963388391e-19,2.666456443501016338e+02,1.000000000000000000e+00,2.791642942626187960e+02
9.171999999999999886e+01,2.370053294403978205e-19,-1.100734533242031269e-19,2.666456443501016338e+02,1.000000000000000000e+00,2.791642942626187960e+02
9.173999999999999488e+01,2.348140567767892066e-19,-1.090553809009822160e-19,2.666456443501016338e+02,1.000000000000000000e+00,2.791642942626187960e+02
9.176000000000000512e+01,2.326430513668136400e-19,-1.080467282871658808e-19,2.666456443501016338e+02,1.000000000000000000e+00,2.791642942626187960e+02
9.178000000000000114e+01,2.304921254684883222e-19,-1.070474081893180516e-19,2.666456443501016338e+02,1.000000000000000000e+00,2.791642942626187960e+02
9.179999999999999716e+01,2.283610933576039535e-19,-1.060573342526320497e-19,2.666456443501016338e+02,1.000000000000000000e+00,2.791642942626187960e+02
9.182000000000000739e+01,2.262497710704107668e-19,-1.050764209411429326e-19,2.666456443501016338e+02,1.000000000000000000e+00,2.791642942626187960e+02
9.184000000000000341e+01,2.241579759920662208e-19,-1.041045833463791681e-19,2.666456443501016338e+02,1.000000000000000000e+00,2.791642942626187960e+02
9.185999999999999943e+01,2.220855278120229300e-19,-1.031417376316845185e-19,2.666456443501016338e+02,1.000000000000000000e+00,2.791642942626187960e+02
9.187999999999999545e+01,2.200322470996642745e-19,-1.021878003697212031e-19,2.666456443501016338e+02,1.000000000000000000e+00,2.791642942626187960e+02
9.190000000000000568e+01,2.179979569358777636e-19,-1.012426893013744675e-19,2.666456443501016338e+02,1.000000000000000000e+00,2.791642942626187960e+02
9.192000000000000171e+01,2.159824812585067968e-19,-1.003063225661221010e-19,2.666456443501016338e+02,1.000000000000000000e+00,2.791642942626187960e+02
9.193999999999999773e+01,2.139856462373211856e-19,-9.937861934164382405e-20,2.666456443501016338e+02,1.000000000000000000e+00,2.791642942626187960e+02
9.196000000000000796e+01,2.120072793030544931e-19,-9.845949939210621583e-20,2.666456443501016338e+02,1.000000000000000000e+00,2.791642942626187960e+02
9.198000000000000398e+01,2.100472095361744914e-19,-9.754888324908026418e-20,2.666456443501016338e+02,1.000000000000000000e+00,2.791642942626187960e+02
9.200000000000000000e+01,2.081052678408514019e-19,-9.664669229236978052e-20,2.666456443501016338e+02,1.000000000000000000e+00,2.791642942626187960e+02
9.201999999999999602e+01,2.061812861838948763e-19,-9.575284839608712982e-20,2.666456443501016338e+02,1.000000000000000000e+00,2.791642942626187960e+02
9.204000000000000625e+01,2.042750987785184351e-19,-9.486727447920434330e-20,2.666456443501016338e+02,1.000000000000000000e+00,2.791642942626187960e+02
9.206000000000000227e+01,2.023865405937127828e-19,-9.398989381223616529e-20,2.666456443501016338e+02,1.000000000000000000e+00,2.791642942626187960e+02
9.207999999999999829e+01,2.005154488808414973e-19,-9.312063072731398111e-20,2.666456443501016338e+02,1.000000000000000000e+00,2.791642942626187960e+02
9.210000000000000853e+01,1.986616617794144099e-19,-9.225940996964526668e-20,2.666456443501016338e+02,1.000000000000000000e+00,2.791642942626187960e+02
9.212000000000000455e+01,1.968250193258580761e-19,-9.140615716678406578e-20,2.666456443501016338e+02,1.000000000000000000e+00,2.791642942626187960e+02
9.214000000000000057e+01,1.950053629025777804e-19,-9.056079857229179689e-20,2.666456443501016338e+02,1.000000000000000000e+00,2.791642942626187960e+02
9.215999999999999659e+01,1.932025352169053402e-19,-8.972326105602723198e-20,2.666456443501016338e+02,1.000000000000000000e+00,2.791642942626187960e+02
9.218000000000000682e+01,1.914163808281216981e-19,-8.889347234919576800e-20,2.666456443501016338e+02,1.000000000000000000e+00,2.791642942626187960e+02
9.220000000000000284e+01,1.896467451386353893e-19,-8.807136057518416555e-20,2.666456443501016338e+02,1.000000000000000000e+00,2.791642942626187960e+02
9.221999999999999886e+01,1.878934756912669000e-19,-8.725685485291353468e-20,2.666456443501016338e+02,1.000000000000000000e+00,2.791642942626187960e+02
9.223999999999999488e+01,1.861564207249129135e-19,-8.644988462505555441e-20,2.666456443501016338e+02,1.000000000000000000e+00,2.791642942626187960e+02
9.226000000000000512e+01,1.844354305024756562e-19,-8.565038027569884954e-20,2.666456443501016338e+02,1.000000000000000000e+00,2.791642942626187960e+02
9.228000000000000114e+01,1.827303562346236102e-19,-8.485827262971711551e-20,2.666456443501016338e+02,1.000000000000000000e+00,2.791642942626187960e+02
9.229999999999999716e+01,1.810410507103680115e-19,-8.407349324612816378e-20,2.666456443501016338e+02,1.000000000000000000e+00,2.791642942626187960e+02
9.232000000000000739e+01,1.793673681352888281e-19,-8.329597434276832214e-20,2.666456443501016338e+02,1.000000000000000000e+00,2.791642942626187960e+02
9.234000000000000341e+01,1.777091637645235305e-19,-8.252564862566748790e-20,2.666456443501016338e+02,1.000000000000000000e+00,2.791642942626187960e+02
9.235999999999999943e+01,1.760662946943124792e-19,-8.176244965713449592e-20,2.666456443501016338e+02,1.000000000000000000e+00,2.791642942626187960e+02
9.237999999999999545e+01,1.744386187102495079e-19,-8.100631132011332972e-20,2.666456443501016338e+02,1.000000000000000000e+00,2.791642942626187960e+02
9.240000000000000568e+01,1.728259955881872717e-19,-8.025716842322198201e-20,2.666456443501016338e+02,1.000000000000000000e+00,2.791642942626187960e+02
9.242000000000000171e+01,1.712282857911648427e-19,-7.951495609467219567e-20,2.666456443501016338e+02,1.000000000000000000e+00,2.791642942626187960e+02
9.243999999999999773e+01,1.696453515364398497e-19,-7.877961027858801411e-20,2.666456443501016338e+02,1.000000000000000000e+00,2.791642942626187960e+02
9.246000000000000796e+01,1.680770560590959949e-19,-7.805106739244406473e-20,2.666456443501016338e+02,1.000000000000000000e+00,2.791642942626187960e+02
9.248000000000000398e+01,1.665232638817501876e-19,-7.732926445257794385e-20,2.666456443501016338e+02,1.000000000000000000e+00,2.791642942626187960e+02
9.250000000000000000e+01,1.649838409911229807e-19,-7.661413915623419449e-20,2.666456443501016338e+02,1.000000000000000000e+00,2.791642942626187960e+02
9.251999999999999602e+01,1.634586542007263966e-19,-7.590562958521956385e-20,2.666456443501016338e+02,1.000000000000000000e+00,2.791642942626187960e+02
9.254000000000000625e+01,1.619475721141011058e-19,-7.520367465384446862e-20,2.666456443501016338e+02,1.000000000000000000e+00,2.791642942626187960e+02
9.256000000000000227e+01,1.604504639315731385e-19,-7.450821355397954624e-20,2.666456443501016338e+02,1.000000000000000000e+00,2.791642942626187960e+02
9.257999999999999829e+01,1.589672006566480726e-19,-7.381918631613893216e-20,2.666456443501016338e+02,1.000000000000000000e+00,2.791642942626187960e+02
9.260000000000000853e+01,1.574976540086098980e-19,-7.313653330370882395e-20,2.666456443501016338e+02,1.000000000000000000e+00,2.791642942626187960e+02
9.262000000000000455e+01,1.560416971937904776e-19,-7.246019557170604005e-20,2.666456443501016338e+02,1.000000000000000000e+00,2.791642942626187960e+02
9.264000000000000057e+01,1.545992045034872309e-19,-7.179011467970583592e-20,2.666456443501016338e+02,1.000000000000000000e+00,2.791642942626187960e+02
9.265999999999999659e+01,1.531700512610623157e-19,-7.112623266730920379e-20,2.666456443501016338e+02,1.000000000000000000e+00,2.791642942626187960e+02
9.268000000000000682e+01,1.517541142729900290e-19,-7.046849226384575649e-20,2.666456443501016338e+02,1.000000000000000000e+00,2.791642942626187960e+02
9.270000000000000284e+01,1.503512710031949672e-19,-6.981683650442897633e-20,2.666456443501016338e+02,1.000000000000000000e+00,2.791642942626187960e+02
9.271999999999999886e+01,1.489614006163928200e-19,-6.917120921515401272e-20,2.666456443501016338e+02,1.000000000000000000e+00,2.791642942626187960e+02
9.273999999999999488e+01,1.475843828317041632e-19,-6.853155447994667242e-20,2.666456443501016338e+02,1.000000000000000000e+00,2.791642942626187960e+02
9.276000000000000512e+01,1.462200989628516780e-19,-6.789781712435130408e-20,2.666456443501016338e+02,1.000000000000000000e+00,2.791642942626187960e+02
9.278000000000000114e+01,1.448684310887460213e-19,-6.726994232974615803e-20,2.666456443501016338e+02,1.000000000000000000e+00,2.791642942626187960e+02
9.279999999999999716e+01,1.435292625225873276e-19,-6.664787585156755922e-20,2.666456443501016338e+02,1.000000000000000000e+00,2.791642942626187960e+02
9.282000000000000739e+01,1.422024777171580366e-19,-6.603156397519437538e-20,2.666456443501016338e+02,1.000000000000000000e+00,2.791642942626187960e+02
9.284000000000000341e+01,1.408879619418282402e-19,-6.542095336579910001e-20,2.666456443501016338e+02,1.000000000000000000e+00,2.791642942626187960e+02
9.285999999999999943e+01,1.395856019365485042e-19,-6.481599137243762576e-20,2.666456443501016338e+02,1.000000000000000000e+00,2.791642942626187960e+02
9.287999999999999545e+01,1.382952849817953553e-19,-6.421662559555242535e-20,2.666456443501016338e+02,1.000000000000000000e+00,2.791642942626187960e+02
9.290000000000000568e+01,1.370168999346690139e-19,-6.362280436880518377e-20,2.666456443501016338e+02,1.000000000000000000e+00,2.791642942626187960e+02
9.292000000000000171e+01,1.357503362037732454e-19,-6.303447628232103780e-20,2.666456443501016338e+02,1.000000000000000000e+00,2.791642942626187960e+02
9.293999999999999773e+01,1.344954845760596242e-19,-6.245159056725307932e-20,2.666456443501016338e+02,1.000000000000000000e+00,2.791642942626187960e+02
9.296000000000000796e+01,1.332522366599752245e-19,-6.187409683675919816e-20,2.666456443501016338e+02,1.000000000000000000e+00,2.791642942626187960e+02
9.298000000000000398e+01,1.320204850685902216e-19,-6.130194517122814149e-20,2.666456443501016338e+02,1.000000000000000000e+00,2.791642942626187960e+02
9.300000000000000000e+01,1.308001235900738931e-19,-6.073508619749266325e-20,2.666456443501016338e+02,1.000000000000000000e+00,2.791642942626187960e+02
9.301999999999999602e+01,1.295910466559782699e-19,-6.017347084161160750e-20,2.666456443501016338e+02,1.000000000000000000e+00,2.791642942626187960e+02
9.304000000000000625e+01,1.283931501237911638e-19,-5.961705069274922593e-20,2.666456443501016338e+02,1.000000000000000000e+00,2.791642942626187960e+02
9.306000000000000227e+01,1.272063303227356931e-19,-5.906577755944756313e-20,2.666456443501016338e+02,1.000000000000000000e+00,2.791642942626187960e+02
9.307999999999999829e+01,1.260304850061717455e-19,-5.851960391253844004e-20,2.666456443501016338e+02,1.000000000000000000e+00,2.791642942626187960e+02
9.310000000000000853e+01,1.248655125045437019e-19,-5.797848249119743284e-20,2.666456443501016338e+02,1.000000000000000000e+00,2.791642942626187960e+02
9.312000000000000455e+01,1.237113123137115415e-19,-5.744236657658751063e-20,2.666456443501016338e+02,1.000000000000000000e+00,2.791642942626187960e+02
9.314000000000000057e+01,1.225677848039353160e-19,-5.691120985646504085e-20,2.666456443501016338e+02,1.000000000000000000e+00,2.791642942626187960e+02
9.315999999999999659e+01,1.214348311492770580e-19,-5.638496639240982649e-20,2.666456443501016338e+02,1.000000000000000000e+00,2.791642942626187960e+02
9.318000000000000682e+01,1.203123537111964091e-19,-5.586359079815065501e-20,2.666456443501016338e+02,1.000000000000000000e+00,2.791642942626187960e+02
9.320000000000000284e+01,1.192002553640687921e-19,-5.534703792595341435e-20,2.666456443501016338e+02,1.000000000000000000e+00,2.791642942626187960e+02
9.321999999999999886e+01,1.180984403332905155e-19,-5.483526325633725422e-20,2.666456443501016338e+02,1.000000000000000000e+00,2.791642942626187960e+02
9.323999999999999488e+01,1.170068132862752285e-19,-5.432822247536342916e-20,2.666456443501016338e+02,1.000000000000000000e+00,2.791642942626187960e+02
9.326000000000000512e+01,1.159252801463562732e-19,-5.382587185314124746e-20,2.666456443501016338e+02,1.000000000000000000e+00,2.791642942626187960e+02
9.328000000000000114e+01,1.148537474546939064e-19,-5.332816794705647657e-20,2.666456443501016338e+02,1.000000000000000000e+00,2.791642942626187960e+02
9.329999999999999716e+01,1.137921227174330801e-19,-5.283506776325985270e-20,2.666456443501016338e+02,1.000000000000000000e+00,2.791642942626187960e+02
9.332000000000000739e+01,1.127403143572531586e-19,-5.234652873407600681e-20,2.666456443501016338e+02,1.000000000000000000e+00,2.791642942626187960e+02
9.334000000000000341e+01,1.116982314321339983e-19,-5.186250858727977197e-20,2.666456443501016338e+02,1.000000000000000000e+00,2.791642942626187960e+02
9.335999999999999943e+01,1.106657841743321614e-19,-5.138296559668054742e-20,2.666456443501016338e+02,1.000000000000000000e+00,2.791642942626187960e+02
9.337999999999999545e+01,1.096428832403175323e-19,-5.090785823336021298e-20,2.666456443501016338e+02,1.000000000000000000e+00,2.791642942626187960e+02
9.340000000000000568e+01,1.086294405350698169e-19,-5.043714554897221817e-20,2.666456443501016338e+02,1.000000000000000000e+00,2.791642942626187960e+02
9.342000000000000171e+01,1.076253684065189945e-19,-4.997078680113117559e-20,2.666456443501016338e+02,1.000000000000000000e+00,2.791642942626187960e+02
9.343999999999999773e+01,1.066305802852901943e-19,-4.950874175093328722e-20,2.666456443501016338e+02,1.000000000000000000e+00,2.791642942626187960e+02
9.346000000000000796e+01,1.056449902649732518e-19,-4.905097046772852140e-20,2.666456443501016338e+02,1.000000000000000000e+00,2.791642942626187960e+02
9.348000000000000398e+01,1.046685132228585831e-19,-4.859743338531753926e-20,2.666456443501016338e+02,1.000000000000000000e+00,2.791642942626187960e+02
9.350000000000000000e+01,1.037010649791263808e-19,-4.814809137591841257e-20,2.666456443501016338e+02,1.000000000000000000e+00,2.791642942626187960e+02
9.351999999999999602e+01,1.027425618547067604e-19,-4.770290554461770590e-20,2.666456443501016338e+02,1.000000000000000000e+00,2.791642942626187960e+02
9.354000000000000625e+01,1.017929213060811350e-19,-4.726183752451718830e-20,2.666456443501016338e+02,1.000000000000000000e+00,2.791642942626187960e+02
9.356000000000000227e+01,1.008520611630137089e-19,-4.682484912229378127e-20,2.666456443501016338e+02,1.000000000000000000e+00,2.791642942626187960e+02
9.357999999999999829e+01,9.991990037968241571e-20,-4.639190266747913568e-20,2.666456443501016338e+02,1.000000000000000000e+00,2.791642942626187960e+02
9.360000000000000853e+01,9.899635837568741768e-20,-4.596296070600275807e-20,2.666456443501016338e+02,1.000000000000000000e+00,2.791642942626187960e+02
9.362000000000000455e+01,9.808135548372545618e-20,-4.553798620839894649e-20,2.666456443501016338e+02,1.000000000000000000e+00,2.791642942626187960e+02
9.364000000000000057e+01,9.717481274105210749e-20,-4.511694247278578248e-20,2.666456443501016338e+02,1.000000000000000000e+00,2.791642942626187960e+02
9.365999999999999659e+01,9.627665181084875947e-20,-4.469979308835364011e-20,2.666456443501016338e+02,1.000000000000000000e+00,2.791642942626187960e+02
9.368000000000000682e+01,9.538679530667088478e-20,-4.428650208617975245e-20,2.666456443501016338e+02,1.000000000000000000e+00,2.791642942626187960e+02
9.370000000000000284e+01,9.450516624244646829e-20,-4.387703368352117487e-20,2.666456443501016338e+02,1.000000000000000000e+00,2.791642942626187960e+02
9.371999999999999886e+01,9.363168870492821762e-20,-4.347135259647277391e-20,2.666456443501016338e+02,1.000000000000000000e+00,2.791642942626187960e+02
9.373999999999999488e+01,9.276628713363398937e-20,-4.306942370515100511e-20,2.666456443501016338e+02,1.000000000000000000e+00,2.791642942626187960e+02
9.376000000000000512e+01,9.190888695695492011e-20,-4.267121234949102927e-20,2.666456443501016338e+02,1.000000000000000000e+00,2.791642942626187960e+02
9.378000000000000114e+01,9.105941410214980952e-20,-4.227668410136641427e-20,2.666456443501016338e+02,1.000000000000000000e+00,2.791642942626187960e+02
9.379999999999999716e+01,9.021779525072313007e-20,-4.188580488337982597e-20,2.666456443501016338e+02,1.000000000000000000e+00,2.791642942626187960e+02
9.382000000000000739e+01,8.938395782114058824e-20,-4.149854096077410444e-20,2.666456443501016338e+02,1.000000000000000000e+00,2.791642942626187960e+02
9.384000000000000341e+01,8.855782972611569303e-20,-4.111485882862416744e-20,2.666456443501016338e+02,1.000000000000000000e+00,2.791642942626187960e+02
9.385999999999999943e+01,8.773933981575693153e-20,-4.073472541784704395e-20,2.666456443501016338e+02,1.000000000000000000e+00,2.791642942626187960e+02
9.387999999999999545e+01,8.692841727341272968e-20,-4.035810781431149182e-20,2.666456443501016338e+02,1.000000000000000000e+00,2.791642942626187960e+02
9.390000000000000568e+01,8.612499227076535242e-20,-3.998497356342910877e-20,2.666456443501016338e+02,1.000000000000000000e+00,2.791642942626187960e+02
9.392000000000000171e+01,8.532899533551362883e-20,-3.961529037613295361e-20,2.666456443501016338e+02,1.000000000000000000e+00,2.791642942626187960e+02
9.393999999999999773e+01,8.454035784556723787e-20,-3.924902635868981695e-20,2.666456443501016338e+02,1.000000000000000000e+00,2.791642942626187960e+02
9.396000000000000796e+01,8.375901171379737470e-20,-3.888614986607773013e-20,2.666456443501016338e+02,1.000000000000000000e+00,2.791642942626187960e+02
9.398000000000000398e+01,8.298488946430166260e-20,-3.852662953749270451e-20,2.666456443501016338e+02,1.000000000000000000e+00,2.791642942626187960e+02
9.400000000000000000e+01,8.221792437753992243e-20,-3.817043436378268891e-20,2.666456443501016338e+02,1.000000000000000000e+00,2.791642942626187960e+02
9.401999999999999602e+01,8.145805012379380972e-20,-3.781753351706149829e-20,2.666456443501016338e+02,1.000000000000000000e+00,2.791642942626187960e+02
9.404000000000000625e+01,8.070520127736752828e-20,-3.746789658975963205e-20,2.666456443501016338e+02,1.000000000000000000e+00,2.791642942626187960e+02
9.406000000000000227e+01,7.995931270825685722e-20,-3.712149331178899725e-20,2.666456443501016338e+02,1.000000000000000000e+00,2.791642942626187960e+02
9.407999999999999829e+01,7.922032017394747185e-20,-3.677829382570736287e-20,2.666456443501016338e+02,1.000000000000000000e+00,2.791642942626187960e+02
9.410000000000000853e+01,7.848815980740203830e-20,-3.643826844863189683e-20,2.666456443501016338e+02,1.000000000000000000e+00,2.791642942626187960e+02
9.412000000000000455e+01,7.776276845679279928e-20,-3.610138783023361742e-20,2.666456443501016338e+02,1.000000000000000000e+00,2.791642942626187960e+02
9.414000000000000057e+01,7.704408353788110212e-20,-3.576762288405632403e-20,2.666456443501016338e+02,1.000000000000000000e+00,2.791642942626187960e+02
9.415999999999999659e+01,7.633204295376939896e-20,-3.543694475025031020e-20,2.666456443501016338e+02,1.000000000000000000e+00,2.791642942626187960e+02
9.418000000000000682e+01,7.562658536800598511e-20,-3.510932492250838396e-20,2.666456443501016338e+02,1.000000000000000000e+00,2.791642942626187960e+02
9.420000000000000284e+01,7.492764975684786295e-20,-3.478473503992432339e-20,2.666456443501016338e+02,1.000000000000000000e+00,2.791642942626187960e+02
9.421999999999999886e+01,7.423517594817828680e-20,-3.446314713753980541e-20,2.666456443501016338e+02,1.000000000000000000e+00,2.791642942626187960e+02
9.423999999999999488e+01,7.354910405169086195e-20,-3.414453338141315161e-20,2.666456443501016338e+02,1.000000000000000000e+00,2.791642942626187960e+02
9.426000000000000512e+01,7.286937495545456590e-20,-3.382886629950798913e-20,2.666456443501016338e+02,1.000000000000000000e+00,2.791642942626187960e+02
9.428000000000000114e+01,7.219592995035935925e-20,-3.351611860705186736e-20,2.666456443501016338e+02,1.000000000000000000e+00,2.791642942626187960e+02
9.429999999999999716e+01,7.152871091667553047e-20,-3.320626329331337688e-20,2.666456443501016338e+02,1.000000000000000000e+00,2.791642942626187960e+02
9.432000000000000739e+01,7.086766032709601526e-20,-3.289927362297216583e-20,2.666456443501016338e+02,1.000000000000000000e+00,2.791642942626187960e+02
9.434000000000000341e+01,7.021272103882502473e-20,-3.259512303949500443e-20,2.666456443501016338e+02,1.000000000000000000e+00,2.791642942626187960e+02
9.435999999999999943e+01,6.956383665714119753e-20,-3.229378533413215939e-20,2.666456443501016338e+02,1.000000000000000000e+00,2.791642942626187960e+02
9.437999999999999545e+01,6.892095104935014218e-20,-3.199523441996052803e-20,2.666456443501016338e+02,1.000000000000000000e+00,2.791642942626187960e+02
9.440000000000000568e+01,6.828400886486296851e-20,-3.169944457367629456e-20,2.666456443501016338e+02,1.000000000000000000e+00,2.791642942626187960e+02
9.442000000000000171e+01,6.765295503942279950e-20,-3.140639020508479873e-20,2.666456443501016338e+02,1.000000000000000000e+00,2.791642942626187960e+02
9.443999999999999773e+01,6.702773517622627767e-20,-3.111604603431781435e-20,2.666456443501016338e+02,1.000000000000000000e+00,2.791642942626187960e+02
9.446000000000000796e+01,6.640829531008411459e-20,-3.082838698214996722e-20,2.666456443501016338e+02,1.000000000000000000e+00,2.791642942626187960e+02
9.448000000000000398e+01,6.579458195241515980e-20,-3.054338819095732467e-20,2.666456443501016338e+02,1.000000000000000000e+00,2.791642942626187960e+02
9.450000000000000000e+01,6.518654222120744328e-20,-3.026102508509710487e-20,2.666456443501016338e+02,1.000000000000000000e+00,2.791642942626187960e+02
9.451999999999999602e+01,6.458412353799267092e-20,-2.998127323006065243e-20,2.666456443501016338e+02,1.000000000000000000e+00,2.791642942626187960e+02
9.454000000000000625e+01,6.398727404377878224e-20,-2.970410852582073531e-20,2.666456443501016338e+02,1.000000000000000000e+00,2.791642942626187960e+02
9.456000000000000227e+01,6.339594211405148652e-20,-2.942950698135906236e-20,2.666456443501016338e+02,1.000000000000000000e+00,2.791642942626187960e+02
9.457999999999999829e+01,6.281007682456513844e-20,-2.915744493122302819e-20,2.666456443501016338e+02,1.000000000000000000e+00,2.791642942626187960e+02
9.460000000000000853e+01,6.222962755406536376e-20,-2.888789885080596249e-20,2.666456443501016338e+02,1.000000000000000000e+00,2.791642942626187960e+02
9.462000000000000455e+01,6.165454424135397900e-20,-2.862084547588952344e-20,2.666456443501016338e+02,1.000000000000000000e+00,2.791642942626187960e+02
9.464000000000000057e+01,6.108477728238121009e-20,-2.835626175476249735e-20,2.666456443501016338e+02,1.000000000000000000e+00,2.791642942626187960e+02
9.465999999999999659e+01,6.052027745248671624e-20,-2.809412481210881772e-20,2.666456443501016338e+02,1.000000000000000000e+00,2.791642942626187960e+02
9.468000000000000682e+01,5.996099613530806382e-20,-2.783441205539127707e-20,2.666456443501016338e+02,1.000000000000000000e+00,2.791642942626187960e+02
9.470000000000000284e+01,5.940688495887987451e-20,-2.757710100569995871e-20,2.666456443501016338e+02,1.000000000000000000e+00,2.791642942626187960e+02
9.471999999999999886e+01,5.885789622704066431e-20,-2.732216949829785332e-20,2.666456443501016338e+02,1.000000000000000000e+00,2.791642942626187960e+02
9.473999999999999488e+01,5.831398246897138331e-20,-2.706959547320101458e-20,2.666456443501016338e+02,1.000000000000000000e+00,2.791642942626187960e+02
9.476000000000000512e+01,5.777509682635482067e-20,-2.681935715518213478e-20,2.666456443501016338e+02,1.000000000000000000e+00,2.791642942626187960e+02
9.478000000000000114e+01,5.724119276613825999e-20,-2.657143292020752582e-20,2.666456443501016338e+02,1.000000000000000000e+00,2.791642942626187960e+02
9.479999999999999716e+01,5.671222421570589553e-20,-2.632580135831161203e-20,2.666456443501016338e+02,1.000000000000000000e+00,2.791642942626187960e+02
9.482000000000000739e+01,5.618814557855304926e-20,-2.608244128084569407e-20,2.666456443501016338e+02,1.000000000000000000e+00,2.791642942626187960e+02
9.484000000000000341e+01,5.566891155732031636e-20,-2.584133163824319591e-20,2.666456443501016338e+02,1.000000000000000000e+00,2.791642942626187960e+02
9.485999999999999943e+01,5.515447745145932710e-20,-2.560245165837106922e-20,2.666456443501016338e+02,1.000000000000000000e+00,2.791642942626187960e+02
9.487999999999999545e+01,5.464479876665575500e-20,-2.536578066497316597e-20,2.666456443501016338e+02,1.000000000000000000e+00,2.791642942626187960e+02
9.490000000000000568e+01,5.413983162729388257e-20,-2.513129826941431299e-20,2.666456443501016338e+02,1.000000000000000000e+00,2.791642942626187960e+02
9.492000000000000171e+01,5.363953238818341289e-20,-2.489898419016741826e-20,2.666456443501016338e+02,1.000000000000000000e+00,2.791642942626187960e+02
9.493999999999999773e+01,5.314385792796379854e-20,-2.466881838923360690e-20,2.666456443501016338e+02,1.000000000000000000e+00,2.791642942626187960e+02
9.496000000000000796e+01,5.265276547345468798e-20,-2.444078099045462479e-20,2.666456443501016338e+02,1.000000000000000000e+00,2.791642942626187960e+02
9.498000000000000398e+01,5.216621262303747348e-20,-2.421485229041685815e-20,2.666456443501016338e+02,1.000000000000000000e+00,2.791642942626187960e+02
9.500000000000000000e+01,5.168415746140155319e-20,-2.399101281175865788e-20,2.666456443501016338e+02,1.000000000000000000e+00,2.791642942626187960e+02
9.501999999999999602e+01,5.120655830966671717e-20,-2.376924318703802182e-20,2.666456443501016338e+02,1.000000000000000000e+00,2.791642942626187960e+02
9.504000000000000625e+01,5.073337406137579988e-20,-2.354952431490469215e-20,2.666456443501016338e+02,1.000000000000000000e+00,2.791642942626187960e+02
9.506000000000000227e+01,5.026456379620545837e-20,-2.333183718053336866e-20,2.666456443501016338e+02,1.000000000000000000e+00,2.791642942626187960e+02
9.507999999999999829e+01,4.980008714620332167e-20,-2.311616302588117603e-20,2.666456443501016338e+02,1.000000000000000000e+00,2.791642942626187960e+02
9.510000000000000853e+01,4.933990398796869621e-20,-2.290248320657353700e-20,2.666456443501016338e+02,1.000000000000000000e+00,2.791642942626187960e+02
9.512000000000000455e+01,4.888397463654322175e-20,-2.269077928206410607e-20,2.666456443501016338e+02,1.000000000000000000e+00,2.791642942626187960e+02
9.514000000000000057e+01,4.843225977508400471e-20,-2.248103298290912115e-20,2.666456443501016338e+02,1.000000000000000000e+00,2.791642942626187960e+02
9.515999999999999659e+01,4.798472038206285846e-20,-2.227322617695806146e-20,2.666456443501016338e+02,1.000000000000000000e+00,2.791642942626187960e+02
9.518000000000000682e+01,4.754131792240101966e-20,-2.206734095817370579e-20,2.666456443501016338e+02,1.000000000000000000e+00,2.791642942626187960e+02
9.520000000000000284e+01,4.710201405216154323e-20,-2.186335950937793940e-20,2.666456443501016338e+02,1.000000000000000000e+00,2.791642942626187960e+02
9.521999999999999886e+01,4.666677096350194064e-20,-2.166126426259317978e-20,2.666456443501016338e+02,1.000000000000000000e+00,2.791642942626187960e+02
9.523999999999999488e+01,4.623555102893662280e-20,-2.146103773367407209e-20,2.666456443501016338e+02,1.000000000000000000e+00,2.791642942626187960e+02
9.526000000000000512e+01,4.580831710281216940e-20,-2.126266266246259023e-20,2.666456443501016338e+02,1.000000000000000000e+00,2.791642942626187960e+02
9.528000000000000114e+01,4.538503230210814192e-20,-2.106612191086854331e-20,2.666456443501016338e+02,1.000000000000000000e+00,2.791642942626187960e+02
9.529999999999999716e+01,4.496566010341898919e-20,-2.087139850798091265e-20,2.666456443501016338e+02,1.000000000000000000e+00,2.791642942626187960e+02
9.532000000000000739e+01,4.455016436587604435e-20,-2.067847566069053806e-20,2.666456443501016338e+02,1.000000000000000000e+00,2.791642942626187960e+02
9.534000000000000341e+01,4.413850918135284650e-20,-2.048733668408816521e-20,2.666456443501016338e+02,1.000000000000000000e+00,2.791642942626187960e+02
9.535999999999999943e+01,4.373065911771312605e-20,-2.029796511451219096e-20,2.666456443501016338e+02,1.000000000000000000e+00,2.791642942626187960e+02
9.537999999999999545e+01,4.332657890530410661e-20,-2.011034456383115174e-20,2.666456443501016338e+02,1.000000000000000000e+00,2.791642942626187960e+02
9.540000000000000568e+01,4.292623376374124422e-20,-1.992445887134413233e-20,2.666456443501016338e+02,1.000000000000000000e+00,2.791642942626187960e+02
9.542000000000000171e+01,4.252958909817607509e-20,-1.974029196258344792e-20,2.666456443501016338e+02,1.000000000000000000e+00,2.791642942626187960e+02
9.543999999999999773e+01,4.213661072475368186e-20,-1.955782795413537645e-20,2.666456443501016338e+02,1.000000000000000000e+00,2.791642942626187960e+02
9.546000000000000796e+01,4.174726474044850767e-20,-1.937705109310763879e-20,2.666456443501016338e+02,1.000000000000000000e+00,2.791642942626187960e+02
9.548000000000000398e+01,4.136151753184534483e-20,-1.919794576124073556e-20,2.666456443501016338e+02,1.000000000000000000e+00,2.791642942626187960e+02
9.550000000000000000e+01,4.097933587531116421e-20,-1.902049652144103568e-20,2.666456443501016338e+02,1.000000000000000000e+00,2.791642942626187960e+02
9.551999999999999602e+01,4.060068673143042893e-20,-1.884468802225250850e-20,2.666456443501016338e+02,1.000000000000000000e+00,2.791642942626187960e+02
9.554000000000000625e+01,4.022553751606886455e-20,-1.867050512383753110e-20,2.666456443501016338e+02,1.000000000000000000e+00,2.791642942626187960e+02
9.556000000000000227e+01,3.985385579300562654e-20,-1.849793275510948817e-20,2.666456443501016338e+02,1.000000000000000000e+00,2.791642942626187960e+02
9.557999999999999829e+01,3.948560956159476486e-20,-1.832695604745073797e-20,2.666456443501016338e+02,1.000000000000000000e+00,2.791642942626187960e+02
9.560000000000000853e+01,3.912076701860939139e-20,-1.815756022399502259e-20,2.666456443501016338e+02,1.000000000000000000e+00,2.791642942626187960e+02
9.562000000000000455e+01,3.875929670396687424e-20,-1.798973066738730164e-20,2.666456443501016338e+02,1.000000000000000000e+00,2.791642942626187960e+02
9.564000000000000057e+01,3.840116745393944711e-20,-1.782345289800651310e-20,2.666456443501016338e+02,1.000000000000000000e+00,2.791642942626187960e+02
9.565999999999999659e+01,3.804634833464644964e-20,-1.765871254307964845e-20,2.666456443501016338e+02,1.000000000000000000e+00,2.791642942626187960e+02
9.568000000000000682e+01,3.769480880110122135e-20,-1.749549541058352743e-20,2.666456443501016338e+02,1.000000000000000000e+00,2.791642942626187960e+02
9.570000000000000284e+01,3.734651845792111899e-20,-1.733378737803729085e-20,2.666456443501016338e+02,1.000000000000000000e+00,2.791642942626187960e+02
9.571999999999999886e+01,3.700144733484039558e-20,-1.717357452055522556e-20,2.666456443501016338e+02,1.000000000000000000e+00,2.791642942626187960e+02
9.574000000000000909e+01,3.665956560607528663e-20,-1.701484298040165161e-20,2.666456443501016338e+02,1.000000000000000000e+00,2.791642942626187960e+02
9.576000000000000512e+01,3.632084382476893075e-20,-1.685757907597563848e-20,2.666456443501016338e+02,1.000000000000000000e+00,2.791642942626187960e+02
9.578000000000000114e+01,3.598525275611414423e-20,-1.670176922422362029e-20,2.666456443501016338e+02,1.000000000000000000e+00,2.791642942626187960e+02
9.579999999999999716e+01,3.565276344610665837e-20,-1.654739997262178571e-20,2.666456443501016338e+02,1.000000000000000000e+00,2.791642942626187960e+02
9.582000000000000739e+01,3.532334724801546785e-20,-1.639445801145182597e-20,2.666456443501016338e+02,1.000000000000000000e+00,2.791642942626187960e+02
9.584000000000000341e+01,3.499697569620172066e-20,-1.624293011517653924e-20,2.666456443501016338e+02,1.000000000000000000e+00,2.791642942626187960e+02
9.585999999999999943e+01,3.467362070454064183e-20,-1.609280323464610697e-20,2.666456443501016338e+02,1.000000000000000000e+00,2.791642942626187960e+02
9.587999999999999545e+01,3.435325431505198580e-20,-1.594406438027264600e-20,2.666456443501016338e+02,1.000000000000000000e+00,2.791642942626187960e+02
9.590000000000000568e+01,3.403584895654149829e-20,-1.579670074224499827e-20,2.666456443501016338e+02,1.000000000000000000e+00,2.791642942626187960e+02
9.592000000000000171e+01,3.372137720728066051e-20,-1.565069958021323308e-20,2.666456443501016338e+02,1.000000000000000000e+00,2.791642942626187960e+02
9.593999999999999773e+01,3.340981196791218370e-20,-1.550604830367166060e-20,2.666456443501016338e+02,1.000000000000000000e+00,2.791642942626187960e+02
9.596000000000000796e+01,3.310112636554653403e-20,-1.536273442735965390e-20,2.666456443501016338e+02,1.000000000000000000e+00,2.791642942626187960e+02
9.598000000000000398e+01,3.279529375298503052e-20,-1.522074557092606164e-20,2.666456443501016338e+02,1.000000000000000000e+00,2.791642942626187960e+02
9.600000000000000000e+01,3.249228779535714756e-20,-1.508006949917187238e-20,2.666456443501016338e+02,1.000000000000000000e+00,2.791642942626187960e+02
9.601999999999999602e+01,3.219208230138190824e-20,-1.494069404364303965e-20,2.666456443501016338e+02,1.000000000000000000e+00,2.791642942626187960e+02
9.604000000000000625e+01,3.189465144177370250e-20,-1.480260720412835019e-20,2.666456443501016338e+02,1.000000000000000000e+00,2.791642942626187960e+02
9.606000000000000227e+01,3.159996950491128525e-20,-1.466579703510205946e-20,2.666456443501016338e+02,1.000000000000000000e+00,2.791642942626187960e+02
9.607999999999999829e+01,3.130801112254264636e-20,-1.453025175063325593e-20,2.666456443501016338e+02,1.000000000000000000e+00,2.791642942626187960e+02
9.610000000000000853e+01,3.101875108580924668e-20,-1.439595963886214928e-20,2.666456443501016338e+02,1.000000000000000000e+00,2.791642942626187960e+02
9.612000000000000455e+01,3.073216445434081932e-20,-1.426290911272571884e-20,2.666456443501016338e+02,1.000000000000000000e+00,2.791642942626187960e+02
9.614000000000000057e+01,3.044822652629483304e-20,-1.413108869600816087e-20,2.666456443501016338e+02,1.000000000000000000e+00,2.791642942626187960e+02
9.615999999999999659e+01,3.016691277870545250e-20,-1.400048699564044280e-20,2.666456443501016338e+02,1.000000000000000000e+00,2.791642942626187960e+02
9.618000000000000682e+01,2.988819899941761774e-20,-1.387109276299817558e-20,2.666456443501016338e+02,1.000000000000000000e+00,2.791642942626187960e+02
9.620000000000000284e+01,2.961206109346407440e-20,-1.374289480392580486e-20,2.666456443501016338e+02,1.000000000000000000e+00,2.791642942626187960e+02
9.621999999999999886e+01,2.933847530286917035e-20,-1.361588208088801653e-20,2.666456443501016338e+02,1.000000000000000000e+00,2.791642942626187960e+02
9.624000000000000909e+01,2.906741798550158450e-20,-1.349004361018411491e-20,2.666456443501016338e+02,1.000000000000000000e+00,2.791642942626187960e+02
9.626000000000000512e+01,2.879886579713930349e-20,-1.336536854657721235e-20,2.666456443501016338e+02,1.000000000000000000e+00,2.791642942626187960e+02
9.628000000000000114e+01,2.853279556475856790e-20,-1.324184612438449943e-20,2.666456443501016338e+02,1.000000000000000000e+00,2.791642942626187960e+02
9.629999999999999716e+01,2.826918433454583125e-20,-1.311946567981346883e-20,2.666456443501016338e+02,1.000000000000000000e+00,2.791642942626187960e+02
9.632000000000000739e+01,2.800800939944034571e-20,-1.299821666373895881e-20,2.666456443501016338e+02,1.000000000000000000e+00,2.791642942626187960e+02
9.634000000000000341e+01,2.774924819329998435e-20,-1.287808859253671516e-20,2.666456443501016338e+02,1.000000000000000000e+00,2.791642942626187960e+02
9.635999999999999943e+01,2.749287845248285138e-20,-1.275907112316289769e-20,2.666456443501016338e+02,1.000000000000000000e+00,2.791642942626187960e+02
9.637999999999999545e+01,2.723887801451416488e-20,-1.264115395959180773e-20,2.666456443501016338e+02,1.000000000000000000e+00,2.791642942626187960e+02
9.640000000000000568e+01,2.698722502258849184e-20,-1.252432694785922936e-20,2.666456443501016338e+02,1.000000000000000000e+00,2.791642942626187960e+02
9.642000000000000171e+01,2.673789774036207209e-20,-1.240857998997722028e-20,2.666456443501016338e+02,1.000000000000000000e+00,2.791642942626187960e+02
9.643999999999999773e+01,2.649087468427812941e-20,-1.229390310544812165e-20,2.666456443501016338e+02,1.000000000000000000e+00,2.791642942626187960e+02
9.646000000000000796e+01,2.624613455337587017e-20,-1.218028639862255976e-20,2.666456443501016338e+02,1.000000000000000000e+00,2.791642942626187960e+02
9.648000000000000398e+01,2.600365622254128155e-20,-1.206772005558459742e-20,2.666456443501016338e+02,1.000000000000000000e+00,2.791642942626187960e+02
9.650000000000000000e+01,2.576341881685500886e-20,-1.195619437868320946e-20,2.666456443501016338e+02,1.000000000000000000e+00,2.791642942626187960e+02
9.651999999999999602e+01,2.552540157336691298e-20,-1.184569972230971427e-20,2.666456443501016338e+02,1.000000000000000000e+00,2.791642942626187960e+02
9.654000000000000625e+01,2.528958401685701187e-20,-1.173622657457018386e-20,2.666456443501016338e+02,1.000000000000000000e+00,2.791642942626187960e+02
9.656000000000000227e+01,2.505594576580372313e-20,-1.162776546711330761e-20,2.666456443501016338e+02,1.000000000000000000e+00,2.791642942626187960e+02
9.657999999999999829e+01,2.482446670928509450e-20,-1.152030705734910897e-20,2.666456443501016338e+02,1.000000000000000000e+00,2.791642942626187960e+02
9.660000000000000853e+01,2.459512686508570452e-20,-1.141384206249214921e-20,2.666456443501016338e+02,1.000000000000000000e+00,2.791642942626187960e+02
9.662000000000000455e+01,2.436790646100954218e-20,-1.130836129736863970e-20,2.666456443501016338e+02,1.000000000000000000e+00,2.791642942626187960e+02
9.664000000000000057e+01,2.414278591679914785e-20,-1.120385566599254017e-20,2.666456443501016338e+02,1.000000000000000000e+00,2.791642942626187960e+02
9.665999999999999659e+01,2.391974579139633292e-20,-1.110031613707621744e-20,2.666456443501016338e+02,1.000000000000000000e+00,2.791642942626187960e+02
9.668000000000000682e+01,2.369876689207394981e-20,-1.099773379472928584e-20,2.666456443501016338e+02,1.000000000000000000e+00,2.791642942626187960e+02
9.670000000000000284e+01,2.347983011797952137e-20,-1.089609976576073418e-20,2.666456443501016338e+02,1.000000000000000000e+00,2.791642942626187960e+02
9.671999999999999886e+01,2.326291663529760632e-20,-1.079540530107666821e-20,2.666456443501016338e+02,1.000000000000000000e+00,2.791642942626187960e+02
9.674000000000000909e+01,2.304800770317361915e-20,-1.069564169477896609e-20,2.666456443501016338e+02,1.000000000000000000e+00,2.791642942626187960e+02
9.676000000000000512e+01,2.283508481489691426e-20,-1.059680034978694472e-20,2.666456443501016338e+02,1.000000000000000000e+00,2.791642942626187960e+02
9.678000000000000114e+01,2.262412960196177448e-20,-1.049887273323581042e-20,2.666456443501016338e+02,1.000000000000000000e+00,2.791642942626187960e+02
9.679999999999999716e+01,2.241512386695008894e-20,-1.040185039177694758e-20,2.666456443501016338e+02,1.000000000000000000e+00,2.791642942626187960e+02
9.682000000000000739e+01,2.220804961054340821e-20,-1.030572496411079643e-20,2.666456443501016338e+02,1.000000000000000000e+00,2.791642942626187960e+02
9.684000000000000341e+01,2.200288894309505362e-20,-1.021048813991054995e-20,2.666456443501016338e+02,1.000000000000000000e+00,2.791642942626187960e+02
9.685999999999999943e+01,2.179962421599920406e-20,-1.011613172085759121e-20,2.666456443501016338e+02,1.000000000000000000e+00,2.791642942626187960e+02
9.687999999999999545e+01,2.159823786060262768e-20,-1.002264754578817372e-20,2.666456443501016338e+02,1.000000000000000000e+00,2.791642942626187960e+02
9.690000000000000568e+01,2.139871254973808076e-20,-9.930027565760737491e-21,2.666456443501016338e+02,1.000000000000000000e+00,2.791642942626187960e+02
9.692000000000000171e+01,2.120103105336292455e-20,-9.838263776960982980e-21,2.666456443501016338e+02,1.000000000000000000e+00,2.791642942626187960e+02
9.693999999999999773e+01,2.100517633960142983e-20,-9.747348267670976660e-21,2.666456443501016338e+02,1.000000000000000000e+00,2.791642942626187960e+02
9.696000000000000796e+01,2.081113152377290740e-20,-9.657273194564201893e-21,2.666456443501016338e+02,1.000000000000000000e+00,2.791642942626187960e+02
9.698000000000000398e+01,2.061887985818367444e-20,-9.568030777980541081e-21,2.666456443501016338e+02,1.000000000000000000e+00,2.791642942626187960e+02
9.700000000000000000e+01,2.042840479550495535e-20,-9.479613331360139633e-21,2.666456443501016338e+02,1.000000000000000000e+00,2.791642942626187960e+02
9.701999999999999602e+01,2.023968987576128966e-20,-9.392013208740753127e-21,2.666456443501016338e+02,1.000000000000000000e+00,2.791642942626187960e+02
9.704000000000000625e+01,2.005271886760293419e-20,-9.305222870398138784e-21,2.666456443501016338e+02,1.000000000000000000e+00,2.791642942626187960e+02
9.706000000000000227e+01,1.986747561437024281e-20,-9.219234811313758300e-21,2.666456443501016338e+02,1.000000000000000000e+00,2.791642942626187960e+02
9.707999999999999829e+01,1.968394417259062602e-20,-9.134041625539458898e-21,2.666456443501016338e+02,1.000000000000000000e+00,2.791642942626187960e+02
9.710000000000000853e+01,1.950210870272753872e-20,-9.049635955416848631e-21,2.666456443501016338e+02,1.000000000000000000e+00,2.791642942626187960e+02
9.712000000000000455e+01,1.932195352948488267e-20,-8.966010519616131036e-21,2.666456443501016338e+02,1.000000000000000000e+00,2.791642942626187960e+02
9.714000000000000057e+01,1.914346313197823668e-20,-8.883158108550669066e-21,2.666456443501016338e+02,1.000000000000000000e+00,2.791642942626187960e+02
9.715999999999999659e+01,1.896662209764011874e-20,-8.801071562974450618e-21,2.666456443501016338e+02,1.000000000000000000e+00,2.791642942626187960e+02
9.718000000000000682e+01,1.879141521225475839e-20,-8.719743815805178457e-21,2.666456443501016338e+02,1.000000000000000000e+00,2.791642942626187960e+02
9.720000000000000284e+01,1.861782733370012103e-20,-8.639167833463490993e-21,2.666456443501016338e+02,1.000000000000000000e+00,2.791642942626187960e+02
9.721999999999999886e+01,1.844584353138197080e-20,-8.559336680662377095e-21,2.666456443501016338e+02,1.000000000000000000e+00,2.791642942626187960e+02
9.724000000000000909e+01,1.827544894936238086e-20,-8.480243456801431800e-21,2.666456443501016338e+02,1.000000000000000000e+00,2.791642942626187960e+02
9.726000000000000512e+01,1.810662891567589318e-20,-8.401881346773624015e-21,2.666456443501016338e+02,1.000000000000000000e+00,2.791642942626187960e+02
9.728000000000000114e+01,1.793936886991562093e-20,-8.324243587301520142e-21,2.666456443501016338e+02,1.000000000000000000e+00,2.791642942626187960e+02
9.729999999999999716e+01,1.777365438517336114e-20,-8.247323477148824942e-21,2.666456443501016338e+02,1.000000000000000000e+00,2.791642942626187960e+02
9.732000000000000739e+01,1.760947119353783889e-20,-8.171114388951676132e-21,2.666456443501016338e+02,1.000000000000000000e+00,2.791642942626187960e+02
9.734000000000000341e+01,1.744680511246537336e-20,-8.095609735019778468e-21,2.666456443501016338e+02,1.000000000000000000e+00,2.791642942626187960e+02
9.735999999999999943e+01,1.728564215142145656e-20,-8.020803016878580261e-21,2.666456443501016338e+02,1.000000000000000000e+00,2.791642942626187960e+02
9.737999999999999545e+01,1.712596838312484351e-20,-7.946687765445148209e-21,2.666456443501016338e+02,1.000000000000000000e+00,2.791642942626187960e+02
9.740000000000000568e+01,1.696777007101263764e-20,-7.873257600258654753e-21,2.666456443501016338e+02,1.000000000000000000e+00,2.791642942626187960e+02
9.742000000000000171e+01,1.681103355685816181e-20,-7.800506177252028825e-21,2.666456443501016338e+02,1.000000000000000000e+00,2.791642942626187960e+02
9.743999999999999773e+01,1.665574533774010162e-20,-7.728427224529202606e-21,2.666456443501016338e+02,1.000000000000000000e+00,2.791642942626187960e+02
9.746000000000000796e+01,1.650189202937090940e-20,-7.657014525309586005e-21,2.666456443501016338e+02,1.000000000000000000e+00,2.791642942626187960e+02
9.748000000000000398e+01,1.634946035416036889e-20,-7.586261912397618897e-21,2.666456443501016338e+02,1.000000000000000000e+00,2.791642942626187960e+02
9.750000000000000000e+01,1.619843719493179462e-20,-7.516163293127429300e-21,2.666456443501016338e+02,1.000000000000000000e+00,2.791642942626187960e+02
9.751999999999999602e+01,1.604880950269315587e-20,-7.446712606519372227e-21,2.666456443501016338e+02,1.000000000000000000e+00,2.791642942626187960e+02
9.754000000000000625e+01,1.590056441005423649e-20,-7.377903875973212661e-21,2.666456443501016338e+02,1.000000000000000000e+00,2.791642942626187960e+02
9.756000000000000227e+01,1.575368910922261712e-20,-7.309731152578717688e-21,2.666456443501016338e+02,1.000000000000000000e+00,2.791642942626187960e+02
9.757999999999999829e+01,1.560817096031056348e-20,-7.242188565446310240e-21,2.666456443501016338e+02,1.000000000000000000e+00,2.791642942626187960e+02
9.760000000000000853e+01,1.546399740736762242e-20,-7.175270282680537783e-21,2.666456443501016338e+02,1.000000000000000000e+00,2.791642942626187960e+02
9.762000000000000455e+01,1.532115602285029924e-20,-7.108970532056669623e-21,2.666456443501016338e+02,1.000000000000000000e+00,2.791642942626187960e+02
9.764000000000000057e+01,1.517963450340625720e-20,-7.043283599046391515e-21,2.666456443501016338e+02,1.000000000000000000e+00,2.791642942626187960e+02
9.765999999999999659e+01,1.503942062996635278e-20,-6.978203808289184480e-21,2.666456443501016338e+02,1.000000000000000000e+00,2.791642942626187960e+02
9.768000000000000682e+01,1.490050234184520557e-20,-6.913725558010436779e-21,2.666456443501016338e+02,1.000000000000000000e+00,2.791642942626187960e+02
9.770000000000000284e+01,1.476286763498127111e-20,-6.849843272746967151e-21,2.666456443501016338e+02,1.000000000000000000e+00,2.791642942626187960e+02
9.771999999999999886e+01,1.462650467281097275e-20,-6.786551454861519104e-21,2.666456443501016338e+02,1.000000000000000000e+00,2.791642942626187960e+02
9.774000000000000909e+01,1.449140167877048723e-20,-6.723844634590819477e-21,2.666456443501016338e+02,1.000000000000000000e+00,2.791642942626187960e+02
9.776000000000000512e+01,1.435754702080492478e-20,-6.661717409320505069e-21,2.666456443501016338e+02,1.000000000000000000e+00,2.791642942626187960e+02
9.778000000000000114e+01,1.422492915689843210e-20,-6.600164418263707412e-21,2.666456443501016338e+02,1.000000000000000000e+00,2.791642942626187960e+02
9.779999999999999716e+01,1.409353664918017874e-20,-6.539180349029361625e-21,2.666456443501016338e+02,1.000000000000000000e+00,2.791642942626187960e+02
9.782000000000000739e+01,1.396335818735735439e-20,-6.478759948495463699e-21,2.666456443501016338e+02,1.000000000000000000e+00,2.791642942626187960e+02
9.784000000000000341e+01,1.383438252759991980e-20,-6.418897994425301792e-21,2.666456443501016338e+02,1.000000000000000000e+00,2.791642942626187960e+02
9.785999999999999943e+01,1.370659857898174738e-20,-6.359589335621526227e-21,2.666456443501016338e+02,1.000000000000000000e+00,2.791642942626187960e+02
9.787999999999999545e+01,1.357999530067160084e-20,-6.300828844161841045e-21,2.666456443501016338e+02,1.000000000000000000e+00,2.791642942626187960e+02
9.790000000000000568e+01,1.345456180241385367e-20,-6.242611462086823694e-21,2.666456443501016338e+02,1.000000000000000000e+00,2.791642942626187960e+02
9.792000000000000171e+01,1.333028725715477121e-20,-6.184932160796583715e-21,2.666456443501016338e+02,1.000000000000000000e+00,2.791642942626187960e+02
9.793999999999999773e+01,1.320716095952126537e-20,-6.127785968232199720e-21,2.666456443501016338e+02,1.000000000000000000e+00,2.791642942626187960e+02
9.796000000000000796e+01,1.308517229973487322e-20,-6.071167956742190721e-21,2.666456443501016338e+02,1.000000000000000000e+00,2.791642942626187960e+02
9.798000000000000398e+01,1.296431075110956019e-20,-6.015073237287347036e-21,2.666456443501016338e+02,1.000000000000000000e+00,2.791642942626187960e+02
9.800000000000000000e+01,1.284456591535049661e-20,-5.959496980474670356e-21,2.666456443501016338e+02,1.000000000000000000e+00,2.791642942626187960e+02
9.801999999999999602e+01,1.272592744741563734e-20,-5.904434381656264871e-21,2.666456443501016338e+02,1.000000000000000000e+00,2.791642942626187960e+02
9.804000000000000625e+01,1.260838514646411910e-20,-5.849880703179948284e-21,2.666456443501016338e+02,1.000000000000000000e+00,2.791642942626187960e+02
9.806000000000000227e+01,1.249192885925705225e-20,-5.795831229507805447e-21,2.666456443501016338e+02,1.000000000000000000e+00,2.791642942626187960e+02
9.807999999999999829e+01,1.237654856475617080e-20,-5.742281306526842489e-21,2.666456443501016338e+02,1.000000000000000000e+00,2.791642942626187960e+02
9.810000000000000853e+01,1.226223430971160343e-20,-5.689226311612775627e-21,2.666456443501016338e+02,1.000000000000000000e+00,2.791642942626187960e+02
9.812000000000000455e+01,1.214897624123929297e-20,-5.636661668777727470e-21,2.666456443501016338e+02,1.000000000000000000e+00,2.791642942626187960e+02
9.814000000000000057e+01,1.203676460631540069e-20,-5.584582848422107058e-21,2.666456443501016338e+02,1.000000000000000000e+00,2.791642942626187960e+02
9.815999999999999659e+01,1.192558971749733072e-20,-5.532985351420686842e-21,2.666456443501016338e+02,1.000000000000000000e+00,2.791642942626187960e+02
9.818000000000000682e+01,1.181544201377387784e-20,-5.481864737383527161e-21,2.666456443501016338e+02,1.000000000000000000e+00,2.791642942626187960e+02
9.820000000000000284e+01,1.170631197864944750e-20,-5.431216586603854136e-21,2.666456443501016338e+02,1.000000000000000000e+00,2.791642942626187960e+02
9.821999999999999886e+01,1.159819022821519373e-20,-5.381036540974500019e-21,2.666456443501016338e+02,1.000000000000000000e+00,2.791642942626187960e+02
9.824000000000000909e+01,1.149106742681529272e-20,-5.331320264802742212e-21,2.666456443501016338e+02,1.000000000000000000e+00,2.791642942626187960e+02
9.826000000000000512e+01,1.138493435227136810e-20,-5.282063475121153717e-21,2.666456443501016338e+02,1.000000000000000000e+00,2.791642942626187960e+02
9.828000000000000114e+01,1.127978185506592808e-20,-5.233261922713427090e-21,2.666456443501016338e+02,1.000000000000000000e+00,2.791642942626187960e+02
9.829999999999999716e+01,1.117560086690953382e-20,-5.184911396106742204e-21,2.666456443501016338e+02,1.000000000000000000e+00,2.791642942626187960e+02
9.832000000000000739e+01,1.107238242185242065e-20,-5.137007731367821585e-21,2.666456443501016338e+02,1.000000000000000000e+00,2.791642942626187960e+02
9.834000000000000341e+01,1.097011760570155804e-20,-5.089546788612866177e-21,2.666456443501016338e+02,1.000000000000000000e+00,2.791642942626187960e+02
9.835999999999999943e+01,1.086879762598888554e-20,-5.042524484506600760e-21,2.666456443501016338e+02,1.000000000000000000e+00,2.791642942626187960e+02
9.837999999999999545e+01,1.076841372996226215e-20,-4.995936754164696886e-21,2.666456443501016338e+02,1.000000000000000000e+00,2.791642942626187960e+02
9.840000000000000568e+01,1.066895728371419237e-20,-4.949779587917747274e-21,2.666456443501016338e+02,1.000000000000000000e+00,2.791642942626187960e+02
9.842000000000000171e+01,1.057041970434231472e-20,-4.904048999787571506e-21,2.666456443501016338e+02,1.000000000000000000e+00,2.791642942626187960e+02
9.843999999999999773e+01,1.047279250425395752e-20,-4.858741048079793887e-21,2.666456443501016338e+02,1.000000000000000000e+00,2.791642942626187960e+02
9.846000000000000796e+01,1.037606727286969614e-20,-4.813851826872168978e-21,2.666456443501016338e+02,1.000000000000000000e+00,2.791642942626187960e+02
9.848000000000000398e+01,1.028023566431076096e-20,-4.769377460305976273e-21,2.666456443501016338e+02,1.000000000000000000e+00,2.791642942626187960e+02
9.850000000000000000e+01,1.018528943542981628e-20,-4.725314120243610234e-21,2.666456443501016338e+02,1.000000000000000000e+00,2.791642942626187960e+02
9.851999999999999602e+01,1.009122038469640789e-20,-4.681657997884013364e-21,2.666456443501016338e+02,1.000000000000000000e+00,2.791642942626187960e+02
9.854000000000000625e+01,9.998020425044062566e-21,-4.638405337601373665e-21,2.666456443501016338e+02,1.000000000000000000e+00,2.791642942626187960e+02
9.856000000000000227e+01,9.905681507463579529e-21,-4.595552401448134543e-21,2.666456443501016338e+02,1.000000000000000000e+00,2.791642942626187960e+02
9.857999999999999829e+01,9.814195687003226279e-21,-4.553095499821468229e-21,2.666456443501016338e+02,1.000000000000000000e+00,2.791642942626187960e+02
9.860000000000000853e+01,9.723555073457781998e-21,-4.511030968546508975e-21,2.666456443501016338e+02,1.000000000000000000e+00,2.791642942626187960e+02
9.862000000000000455e+01,9.633751855050483836e-21,-4.469355179888509027e-21,2.666456443501016338e+02,1.000000000000000000e+00,2.791642942626187960e+02
9.864000000000000057e+01,9.544778300280192345e-21,-4.428064543399722674e-21,2.666456443501016338e+02,1.000000000000000000e+00,2.791642942626187960e+02
9.865999999999999659e+01,9.456626728675441098e-21,-4.387155492343127348e-21,2.666456443501016338e+02,1.000000000000000000e+00,2.791642942626187960e+02
9.868000000000000682e+01,9.369289560659456248e-21,-4.346624506849339591e-21,2.666456443501016338e+02,1.000000000000000000e+00,2.791642942626187960e+02
9.870000000000000284e+01,9.282759251686012616e-21,-4.306468083323584262e-21,2.666456443501016338e+02,1.000000000000000000e+00,2.791642942626187960e+02
9.871999999999999886e+01,9.197028362124795946e-21,-4.266682766910759333e-21,2.666456443501016338e+02,1.000000000000000000e+00,2.791642942626187960e+02
9.874000000000000909e+01,9.112089491175566403e-21,-4.227265120791143515e-21,2.666456443501016338e+02,1.000000000000000000e+00,2.791642942626187960e+02
9.876000000000000512e+01,9.027935327121745026e-21,-4.188211749532910732e-21,2.666456443501016338e+02,1.000000000000000000e+00,2.791642942626187960e+02
9.878000000000000114e+01,8.944558616875074141e-21,-4.149519284934448321e-21,2.666456443501016338e+02,1.000000000000000000e+00,2.791642942626187960e+02
9.879999999999999716e+01,8.861952170687835292e-21,-4.111184388223816425e-21,2.666456443501016338e+02,1.000000000000000000e+00,2.791642942626187960e+02
9.882000000000000739e+01,8.780108880883840528e-21,-4.073203758749898069e-21,2.666456443501016338e+02,1.000000000000000000e+00,2.791642942626187960e+02
9.884000000000000341e+01,8.699021680102725947e-21,-4.035574114593388338e-21,2.666456443501016338e+02,1.000000000000000000e+00,2.791642942626187960e+02
9.885999999999999943e+01,8.618683597857368660e-21,-3.998292218834409196e-21,2.666456443501016338e+02,1.000000000000000000e+00,2.791642942626187960e+02
9.887999999999999545e+01,8.539087695181417337e-21,-3.961354849195290008e-21,2.666456443501016338e+02,1.000000000000000000e+00,2.791642942626187960e+02
9.890000000000000568e+01,8.460227126879502293e-21,-3.924758826960549758e-21,2.666456443501016338e+02,1.000000000000000000e+00,2.791642942626187960e+02
9.892000000000000171e+01,8.382095088927759542e-21,-3.888500992536321693e-21,2.666456443501016338e+02,1.000000000000000000e+00,2.791642942626187960e+02
9.893999999999999773e+01,8.304684851935894594e-21,-3.852578221003121592e-21,2.666456443501016338e+02,1.000000000000000000e+00,2.791642942626187960e+02
9.896000000000000796e+01,8.227989748543547824e-21,-3.816987416251101445e-21,2.666456443501016338e+02,1.000000000000000000e+00,2.791642942626187960e+02
9.898000000000000398e+01,8.152003161763702789e-21,-3.781725505574934587e-21,2.666456443501016338e+02,1.000000000000000000e+00,2.791642942626187960e+02
9.900000000000000000e+01,8.076718556785245411e-21,-3.746789454438350499e-21,2.666456443501016338e+02,1.000000000000000000e+00,2.791642942626187960e+02
9.901999999999999602e+01,8.002129431342588893e-21,-3.712176243425474908e-21,2.666456443501016338e+02,1.000000000000000000e+00,2.791642942626187960e+02
9.904000000000000625e+01,7.928229373997803078e-21,-3.677882895311587488e-21,2.666456443501016338e+02,1.000000000000000000e+00,2.791642942626187960e+02
9.906000000000000227e+01,7.855012003767877607e-21,-3.643906447017286143e-21,2.666456443501016338e+02,1.000000000000000000e+00,2.791642942626187960e+02
9.907999999999999829e+01,7.782471021550656526e-21,-3.610243973501684487e-21,2.666456443501016338e+02,1.000000000000000000e+00,2.791642942626187960e+02
9.910000000000000853e+01,7.710600172456817339e-21,-3.576892570257182438e-21,2.666456443501016338e+02,1.000000000000000000e+00,2.791642942626187960e+02
9.912000000000000455e+01,7.639393262867835528e-21,-3.543849361242221193e-21,2.666456443501016338e+02,1.000000000000000000e+00,2.791642942626187960e+02
9.914000000000000057e+01,7.568844163680515980e-21,-3.511111500378885604e-21,2.666456443501016338e+02,1.000000000000000000e+00,2.791642942626187960e+02
9.915999999999999659e+01,7.498946785499951525e-21,-3.478676160038159492e-21,2.666456443501016338e+02,1.000000000000000000e+00,2.791642942626187960e+02
9.918000000000000682e+01,7.429695119422821342e-21,-3.446540549977609835e-21,2.666456443501016338e+02,1.000000000000000000e+00,2.791642942626187960e+02
9.920000000000000284e+01,7.361083184139656167e-21,-3.414701892773228330e-21,2.666456443501016338e+02,1.000000000000000000e+00,2.791642942626187960e+02
9.921999999999999886e+01,7.293105081332825870e-21,-3.383157449552414458e-21,2.666456443501016338e+02,1.000000000000000000e+00,2.791642942626187960e+02
9.924000000000000909e+01,7.225754943949592523e-21,-3.351904495962598919e-21,2.666456443501016338e+02,1.000000000000000000e+00,2.791642942626187960e+02
9.926000000000000512e+01,7.159026974850777269e-21,-3.320940340130214241e-21,2.666456443501016338e+02,1.000000000000000000e+00,2.791642942626187960e+02
9.928000000000000114e+01,7.092915424195478292e-21,-3.290262312147396042e-21,2.666456443501016338e+02,1.000000000000000000e+00,2.791642942626187960e+02
9.929999999999999716e+01,7.027414591524868344e-21,-3.259867765048786869e-21,2.666456443501016338e+02,1.000000000000000000e+00,2.791642942626187960e+02
9.932000000000000739e+01,6.962518842179278992e-21,-3.229754082428707616e-21,2.666456443501016338e+02,1.000000000000000000e+00,2.791642942626187960e+02
9.934000000000000341e+01,6.898222572912955845e-21,-3.199918662476070969e-21,2.666456443501016338e+02,1.000000000000000000e+00,2.791642942626187960e+02
9.935999999999999943e+01,6.834520257550978353e-21,-3.170358939177456119e-21,2.666456443501016338e+02,1.000000000000000000e+00,2.791642942626187960e+02
9.937999999999999545e+01,6.771406394961508194e-21,-3.141072358151401971e-21,2.666456443501016338e+02,1.000000000000000000e+00,2.791642942626187960e+02
9.940000000000000568e+01,6.708875557977042219e-21,-3.112056399374457228e-21,2.666456443501016338e+02,1.000000000000000000e+00,2.791642942626187960e+02
9.942000000000000171e+01,6.646922352670184425e-21,-3.083308558259513765e-21,2.666456443501016338e+02,1.000000000000000000e+00,2.791642942626187960e+02
9.943999999999999773e+01,6.585541443540574083e-21,-3.054826357362295325e-21,2.666456443501016338e+02,1.000000000000000000e+00,2.791642942626187960e+02
9.946000000000000796e+01,6.524727545038226330e-21,-3.026607342435546850e-21,2.666456443501016338e+02,1.000000000000000000e+00,2.791642942626187960e+02
9.948000000000000398e+01,6.464475410827417640e-21,-2.998649077450441632e-21,2.666456443501016338e+02,1.000000000000000000e+00,2.791642942626187960e+02
9.950000000000000000e+01,6.404779860286389488e-21,-2.970949156898137967e-21,2.666456443501016338e+02,1.000000000000000000e+00,2.791642942626187960e+02
9.951999999999999602e+01,6.345635738263536035e-21,-2.943505187101977608e-21,2.666456443501016338e+02,1.000000000000000000e+00,2.791642942626187960e+02
9.954000000000000625e+01,6.287037961653976533e-21,-2.916314807849494034e-21,2.666456443501016338e+02,1.000000000000000000e+00,2.791642942626187960e+02
9.956000000000000227e+01,6.228981471746261687e-21,-2.889375670256948413e-21,2.666456443501016338e+02,1.000000000000000000e+00,2.791642942626187960e+02
9.957999999999999829e+01,6.171461274240089329e-21,-2.862685455361011447e-21,2.666456443501016338e+02,1.000000000000000000e+00,2.791642942626187960e+02
9.960000000000000853e+01,6.114472410539568534e-21,-2.836241860778446999e-21,2.666456443501016338e+02,1.000000000000000000e+00,2.791642942626187960e+02
9.962000000000000455e+01,6.058009969903779236e-21,-2.810042606357483808e-21,2.666456443501016338e+02,1.000000000000000000e+00,2.791642942626187960e+02
9.964000000000000057e+01,6.002069093427501652e-21,-2.784085436018696439e-21,2.666456443501016338e+02,1.000000000000000000e+00,2.791642942626187960e+02
9.965999999999999659e+01,5.946644953106071909e-21,-2.758368108038303909e-21,2.666456443501016338e+02,1.000000000000000000e+00,2.791642942626187960e+02
9.968000000000000682e+01,5.891732785129802670e-21,-2.732888410506980789e-21,2.666456443501016338e+02,1.000000000000000000e+00,2.791642942626187960e+02
9.970000000000000284e+01,5.837327847446890943e-21,-2.707644141621801033e-21,2.666456443501016338e+02,1.000000000000000000e+00,2.791642942626187960e+02
9.971999999999999886e+01,5.783425463632762680e-21,-2.682633130062477863e-21,2.666456443501016338e+02,1.000000000000000000e+00,2.791642942626187960e+02
9.974000000000000909e+01,5.730020982449399570e-21,-2.657853216204584845e-21,2.666456443501016338e+02,1.000000000000000000e+00,2.791642942626187960e+02
9.976000000000000512e+01,5.677109807511773328e-21,-2.633302265904180158e-21,2.666456443501016338e+02,1.000000000000000000e+00,2.791642942626187960e+02
9.978000000000000114e+01,5.624687380586200786e-21,-2.608978162733314331e-21,2.666456443501016338e+02,1.000000000000000000e+00,2.791642942626187960e+02
9.979999999999999716e+01,5.572749181931141701e-21,-2.584878808145841522e-21,2.666456443501016338e+02,1.000000000000000000e+00,2.791642942626187960e+02
9.982000000000000739e+01,5.521290744543394345e-21,-2.561002128087015485e-21,2.666456443501016338e+02,1.000000000000000000e+00,2.791642942626187960e+02
9.984000000000000341e+01,5.470307625906219132e-21,-2.537346059877323606e-21,2.666456443501016338e+02,1.000000000000000000e+00,2.791642942626187960e+02
9.985999999999999943e+01,5.419795444799535333e-21,-2.513908569305653438e-21,2.666456443501016338e+02,1.000000000000000000e+00,2.791642942626187960e+02
9.987999999999999545e+01,5.369749839920783580e-21,-2.490687631411157379e-21,2.666456443501016338e+02,1.000000000000000000e+00,2.791642942626187960e+02
9.990000000000000568e+01,5.320166508290691591e-21,-2.467681248323180117e-21,2.666456443501016338e+02,1.000000000000000000e+00,2.791642942626187960e+02
9.992000000000000171e+01,5.271041173770821849e-21,-2.444887434634318731e-21,2.666456443501016338e+02,1.000000000000000000e+00,2.791642942626187960e+02
9.993999999999999773e+01,5.222369605950197582e-21,-2.422304226178675212e-21,2.666456443501016338e+02,1.000000000000000000e+00,2.791642942626187960e+02
9.996000000000000796e+01,5.174147614631670776e-21,-2.399929677463835391e-21,2.666456443501016338e+02,1.000000000000000000e+00,2.791642942626187960e+02
9.998000000000000398e+01,5.126371040142360980e-21,-2.377761857177501348e-21,2.666456443501016338e+02,1.000000000000000000e+00,2.791642942626187960e+02
1.000000000000000000e+02,5.079035775343579941e-21,-2.355798858403907663e-21,2.666456443501016338e+02,1.000000000000000000e+00,2.791642942626187960e+02
